ID,Description,GeneRatio,BgRatio,RichFactor,FoldEnrichment,zScore,pvalue,p.adjust,qvalue,geneID,Count
GO:0140014,mitotic nuclear division,83/1920,267/14198,0.310861423220974,2.2987554619226,8.47182473597464,5.5782084118176e-14,1.42395900101186e-10,1.42395900101186e-10,KIF4A/KIF14/AURKB/RAN/CDC14A/BMP7/BORA/CENPI/IL1A/MZT1/CENPA/CCDC86/MAD2L1/BUB1B/TPX2/KIF18A/NCAPG/KIF15/KAT2B/BUB1/CDC20/NUSAP1/ESPL1/TRIP13/KIF11/NCAPD2/CHEK1/ANLN/DYNC1I1/SPAG5/CDCA8/CHMP4C/HASPIN/KIF2C/CENPF/UBE2C/KIF18B/UBE2S/RACGAP1/CDK1/CENPE/KIF23/CCNB1/CDCA2/RB1/KNTC1/IL1B/TTK/PSRC1/PIBF1/NEK2/EDN3/DUSP1/PDXP/MKI67/SPC24/BTC/CENPK/KIFC1/CDT1/SKA3/EREG/SPDL1/FBXO5/PLK1/APC/NCAPG2/KNL1/ZWINT/SMC4/NUF2/SMC2/SKA1/KNSTRN/PRC1/TOM1L2/UHRF1/SPC25/AURKA/PKMYT1/BIRC5/NCAPH/DLGAP5,83
GO:0003013,circulatory system process,117/1920,436/14198,0.268348623853211,1.98438216743119,8.25565045338257,5.61498028790167e-14,1.42395900101186e-10,1.42395900101186e-10,SLC9A1/OR51E2/GNA13/ZEB2/GPR37L1/KLF2/TEK/HSD11B2/GJA5/JPH4/FLVCR2/SCN4A/EDNRA/RASL10B/HTR1D/CXCL12/SLC22A5/BDKRB2/CEACAM1/DMPK/P2RX4/CMA1/ANPEP/KAT2B/CAMK2D/HBB/PTGS1/C2CD4A/TNNT2/SLC16A7/TACR2/CORIN/SLC6A20/SPTBN4/ADRB1/TNNI2/SLC7A1/ATP1A2/CHGA/CARTPT/SLC38A5/KCNN2/CACNA1C/SCNN1G/NOS1/HSPB7/CASQ2/RYR2/NMU/DMD/FFAR3/GPER1/CYB5R3/ACVRL1/CAV1/TACR1/AGT/PLN/PRKG1/ATP2A3/SRI/SLC22A3/SLC38A3/ABL1/EDN3/GSN/PDE3A/VEGFA/PCSK5/CLDN5/GNA11/KCND3/SVEP1/P2RY1/SLC4A4/DRD5/TNNI3/ABCC2/SLC6A6/KCNMA1/CALM1/P2RX1/SLC6A4/SLC5A6/FXYD1/DES/PDE2A/SGK1/SCN4B/ECE1/CXCL10/SCN9A/KCNQ1/ANK2/GAB1/SLC28A2/SCNN1B/TPM1/ABCC8/SLC13A3/SMAD7/SCN7A/SLC7A5/GPD1L/PDE4D/AGTRAP/KCNA5/SLC2A4/SLC8A1/JPH2/ADAMTS16/CACNB2/ADCY6/CTSG/NOX1/OLR1/SLC1A1,117
GO:0008015,blood circulation,101/1920,364/14198,0.277472527472527,2.05185153388278,8.03926494656927,3.38014425026021e-13,4.13566684833691e-10,4.13566684833691e-10,SLC9A1/OR51E2/GNA13/ZEB2/GPR37L1/KLF2/TEK/HSD11B2/GJA5/JPH4/SCN4A/EDNRA/RASL10B/HTR1D/CXCL12/BDKRB2/CEACAM1/DMPK/P2RX4/CMA1/ANPEP/KAT2B/CAMK2D/HBB/PTGS1/C2CD4A/TNNT2/TACR2/CORIN/SPTBN4/ADRB1/TNNI2/ATP1A2/CHGA/CARTPT/KCNN2/CACNA1C/SCNN1G/NOS1/HSPB7/CASQ2/RYR2/NMU/DMD/FFAR3/GPER1/CYB5R3/ACVRL1/CAV1/TACR1/AGT/PLN/PRKG1/ATP2A3/SRI/ABL1/EDN3/GSN/PDE3A/VEGFA/PCSK5/CLDN5/GNA11/KCND3/SVEP1/P2RY1/DRD5/TNNI3/KCNMA1/CALM1/P2RX1/SLC6A4/FXYD1/DES/PDE2A/SGK1/SCN4B/ECE1/CXCL10/SCN9A/KCNQ1/ANK2/GAB1/SCNN1B/TPM1/ABCC8/SMAD7/SCN7A/GPD1L/PDE4D/AGTRAP/KCNA5/SLC8A1/JPH2/ADAMTS16/CACNB2/ADCY6/CTSG/NOX1/OLR1/SLC1A1,101
GO:0000280,nuclear division,99/1920,355/14198,0.27887323943662,2.06220950704225,8.01483050040429,4.16872436815319e-13,4.13566684833691e-10,4.13566684833691e-10,KIF4A/KIF14/AURKB/MAPK15/DCAF13/SYCP2/RAN/CDC14A/SGO1/RAD54B/BMP7/BORA/CENPI/IL1A/MZT1/CENPA/CCDC86/MAD2L1/BUB1B/TOP2A/TPX2/KIF18A/NCAPG/RAD51AP1/KIF15/KAT2B/BUB1/CDC20/NUSAP1/ESPL1/TRIP13/KIF11/CYP26B1/NCAPD2/CHEK1/ANLN/DYNC1I1/SPAG5/CDCA8/MND1/CHMP4C/HASPIN/KIF2C/CENPF/UBE2C/KIF18B/UBE2S/RACGAP1/BRCA2/CDK1/BRIP1/CENPE/KIF23/HSPA2/CCNB1/CDCA2/RB1/KNTC1/IL1B/TTK/RAD54L/PSRC1/PIBF1/NEK2/SGO2/EDN3/FIGNL1/DUSP1/PDXP/MKI67/SPC24/BTC/CENPK/KIFC1/CDT1/SKA3/EREG/SPDL1/FBXO5/PLK1/APC/NCAPG2/KNL1/ZWINT/SMC4/NUF2/SMC2/SKA1/KNSTRN/PRC1/TOM1L2/UHRF1/SPC25/AURKA/PKMYT1/BIRC5/NCAPH/FANCD2/DLGAP5,99
GO:0007088,regulation of mitotic nuclear division,46/1920,112/14198,0.410714285714286,3.03714657738095,8.55899039319018,4.64241541857119e-13,4.13566684833691e-10,4.13566684833691e-10,AURKB/BMP7/BORA/IL1A/MAD2L1/BUB1B/BUB1/CDC20/NUSAP1/ESPL1/TRIP13/CHEK1/DYNC1I1/CDCA8/HASPIN/CENPF/UBE2C/CCNB1/CDCA2/RB1/KNTC1/IL1B/TTK/NEK2/EDN3/DUSP1/PDXP/MKI67/SPC24/BTC/SKA3/EREG/SPDL1/FBXO5/PLK1/APC/KNL1/ZWINT/NUF2/SKA1/TOM1L2/SPC25/AURKA/PKMYT1/BIRC5/DLGAP5,46
GO:0003012,muscle system process,101/1920,366/14198,0.275956284153005,2.04063923041894,7.97596680139517,4.89235037263831e-13,4.13566684833691e-10,4.13566684833691e-10,SLC9A1/RYR1/FBXO32/LMOD1/TMOD1/MYLK/PDE9A/RPL36A/MYOM2/GJA5/GNAO1/JPH4/SCN4A/EDNRA/HTR1D/KLF4/BDKRB2/CAMK2G/DMPK/P2RX4/CAMK2D/CAMK2B/SNTB1/TNNT2/TACR2/TNNI2/SYNM/MYH2/ATP1A2/CHGA/CARTPT/CLCN1/KCNN2/CACNA1C/NOS1/SGCA/MYOCD/CASQ2/RYR2/NMU/DMD/MYH1/GPER1/MB/ITGA2/CRYAB/MYH11/MYH3/CAV1/CKMT2/TACR1/RYR3/TNNT3/AGT/PLN/PRKG1/SRI/KIT/IL1B/DTNA/ARRB1/EDN3/GSN/MYOT/SMTN/KCND3/CAMTA2/P2RY1/SMPX/SORBS2/TNNI3/CHRNA1/KCNMA1/CALM1/FXYD1/DES/SCN4B/SCN9A/RCSD1/GNAI1/STAC/KCNQ1/ANK2/TPM1/ABCC8/SMAD7/SCN7A/GPD1L/PDE4D/CACNB1/SLC6A8/IL6ST/ACTA1/KCNA5/CNN1/SLMAP/SLC8A1/JPH2/ASB2/CACNB2/JUND,101
GO:0051783,regulation of nuclear division,47/1920,117/14198,0.401709401709402,2.97055733618234,8.46350681860273,6.85543542309712e-13,4.96725263799265e-10,4.96725263799265e-10,AURKB/BMP7/BORA/IL1A/MAD2L1/BUB1B/RAD51AP1/BUB1/CDC20/NUSAP1/ESPL1/TRIP13/CHEK1/DYNC1I1/CDCA8/HASPIN/CENPF/UBE2C/CCNB1/CDCA2/RB1/KNTC1/IL1B/TTK/NEK2/EDN3/DUSP1/PDXP/MKI67/SPC24/BTC/SKA3/EREG/SPDL1/FBXO5/PLK1/APC/KNL1/ZWINT/NUF2/SKA1/TOM1L2/SPC25/AURKA/PKMYT1/BIRC5/DLGAP5,47
GO:1905818,regulation of chromosome separation,36/1920,78/14198,0.461538461538462,3.41298076923077,8.45023729420927,2.54044128933224e-12,1.61063977743664e-09,1.61063977743664e-09,AURKB/MAPK15/MAD2L1/BUB1B/NCAPG/BUB1/CDC20/ESPL1/TRIP13/DYNC1I1/CDCA8/HASPIN/CENPF/UBE2C/CCNB1/RB1/KNTC1/TTK/DUSP1/SPC24/SKA3/SPDL1/FBXO5/PLK1/APC/NCAPG2/KNL1/ZWINT/SMC4/NUF2/SMC2/SKA1/SPC25/BIRC5/NCAPH/DLGAP5,36
GO:0048285,organelle fission,105/1920,401/14198,0.261845386533666,1.93629208229426,7.52101224874055,5.92015635779918e-12,3.28749289131763e-09,3.28749289131763e-09,KIF4A/KIF14/AURKB/MAPK15/DCAF13/SYCP2/PRKN/RAN/CDC14A/SGO1/RAD54B/BMP7/BORA/CENPI/IL1A/MZT1/CENPA/CCDC86/MAD2L1/BUB1B/TOP2A/MAPT/TPX2/KIF18A/NCAPG/RAD51AP1/KIF15/KAT2B/BUB1/CDC20/NUSAP1/ESPL1/TRIP13/KIF11/PINK1/CYP26B1/NCAPD2/CHEK1/ANLN/DYNC1I1/SPAG5/CDCA8/MND1/CHMP4C/HASPIN/KIF2C/CENPF/UBE2C/KIF18B/UBE2S/RACGAP1/MTFR2/BRCA2/CDK1/BRIP1/CENPE/KIF23/HSPA2/CCNB1/CDCA2/RB1/KNTC1/IL1B/TTK/RAD54L/LRRK2/PSRC1/PIBF1/NEK2/SGO2/EDN3/FIGNL1/DUSP1/PDXP/MKI67/SPC24/BTC/CENPK/KIFC1/CDT1/SKA3/EREG/SPDL1/ACOX1/FBXO5/PLK1/APC/NCAPG2/KNL1/ZWINT/SMC4/NUF2/SMC2/SKA1/KNSTRN/PRC1/TOM1L2/UHRF1/SPC25/AURKA/PKMYT1/BIRC5/NCAPH/FANCD2/DLGAP5,105
GO:0000070,mitotic sister chromatid segregation,64/1920,198/14198,0.323232323232323,2.39023569023569,7.79008330362242,6.48165002231395e-12,3.28749289131763e-09,3.28749289131763e-09,KIF4A/KIF14/AURKB/RAN/CENPI/MZT1/CENPA/MAD2L1/BUB1B/TPX2/KIF18A/NCAPG/KIF15/KAT2B/BUB1/CDC20/NUSAP1/ESPL1/TRIP13/KIF11/NCAPD2/DYNC1I1/SPAG5/CDCA8/CHMP4C/HASPIN/KIF2C/CENPF/UBE2C/KIF18B/RACGAP1/CDK1/CENPE/KIF23/CCNB1/RB1/KNTC1/TTK/PSRC1/PIBF1/DUSP1/SPC24/CENPK/KIFC1/CDT1/SKA3/SPDL1/FBXO5/PLK1/APC/NCAPG2/KNL1/ZWINT/SMC4/NUF2/SMC2/SKA1/KNSTRN/PRC1/UHRF1/SPC25/BIRC5/NCAPH/DLGAP5,64
GO:0006936,muscle contraction,84/1920,297/14198,0.282828282828283,2.09145622895623,7.51703578502828,1.15144959547927e-11,5.30922940751896e-09,5.30922940751896e-09,SLC9A1/RYR1/LMOD1/TMOD1/MYLK/RPL36A/MYOM2/GJA5/GNAO1/JPH4/SCN4A/EDNRA/HTR1D/BDKRB2/DMPK/P2RX4/CAMK2D/SNTB1/TNNT2/TACR2/TNNI2/SYNM/MYH2/ATP1A2/CHGA/CLCN1/KCNN2/CACNA1C/NOS1/SGCA/MYOCD/CASQ2/RYR2/NMU/DMD/MYH1/GPER1/MB/ITGA2/CRYAB/MYH11/MYH3/CAV1/CKMT2/TACR1/RYR3/TNNT3/PLN/PRKG1/SRI/KIT/DTNA/EDN3/GSN/MYOT/SMTN/KCND3/SMPX/TNNI3/CHRNA1/KCNMA1/CALM1/FXYD1/DES/SCN4B/SCN9A/RCSD1/STAC/KCNQ1/ANK2/TPM1/SMAD7/SCN7A/GPD1L/PDE4D/CACNB1/SLC6A8/ACTA1/KCNA5/CNN1/SLMAP/SLC8A1/JPH2/CACNB2,84
GO:0051304,chromosome separation,36/1920,83/14198,0.433734939759036,3.20737951807229,7.97555114568918,2.40928946358334e-11,1.01832634660789e-08,1.01832634660789e-08,AURKB/MAPK15/MAD2L1/BUB1B/NCAPG/BUB1/CDC20/ESPL1/TRIP13/DYNC1I1/CDCA8/HASPIN/CENPF/UBE2C/CCNB1/RB1/KNTC1/TTK/DUSP1/SPC24/SKA3/SPDL1/FBXO5/PLK1/APC/NCAPG2/KNL1/ZWINT/SMC4/NUF2/SMC2/SKA1/SPC25/BIRC5/NCAPH/DLGAP5,36
GO:0010948,negative regulation of cell cycle process,77/1920,272/14198,0.283088235294118,2.09337852328431,7.19990699726286,7.95676521799769e-11,3.10436255274495e-08,3.10436255274495e-08,RPA4/KAT2A/BLM/AURKB/STK33/TTI1/BMP7/PRKDC/INHBA/CLSPN/KLF4/MAD2L1/BUB1B/TIMELESS/CDC6/FAM107A/KAT2B/CCNF/BUB1/CDK2/CDC20/ESPL1/TRIP13/RBL1/CDKN2B/CDC7/CHEK1/DYNC1I1/CDCA8/CHMP4C/HASPIN/RFC4/CENPF/DBF4/GPER1/ATR/DTL/E2F1/BRCA2/CDK1/FOXN3/CDKN1A/RFC3/BRIP1/CCNB1/RB1/KNTC1/TTK/NEK2/DUSP1/H2AX/SPC24/RFWD3/ORC1/NPM1/CDT1/SKA3/TICRR/SPDL1/CDC45/FBXO5/PLK1/APC/NABP1/E2F7/KNL1/ZWINT/DAB2IP/NUF2/SKA1/TOM1L2/FHL1/SPC25/KANK2/PKMYT1/BIRC5/FANCD2,77
GO:0045839,negative regulation of mitotic nuclear division,29/1920,61/14198,0.475409836065574,3.51555669398907,7.78584025915756,1.39346084899447e-10,5.0483095900714e-08,5.0483095900714e-08,AURKB/BMP7/MAD2L1/BUB1B/BUB1/CDC20/TRIP13/CHEK1/DYNC1I1/CDCA8/HASPIN/CENPF/CCNB1/KNTC1/TTK/DUSP1/SPC24/SKA3/SPDL1/FBXO5/PLK1/APC/KNL1/ZWINT/NUF2/SKA1/TOM1L2/SPC25/BIRC5,29
GO:0010817,regulation of hormone levels,97/1920,379/14198,0.255936675461741,1.89259839489886,6.96502194491726,1.52049832721956e-10,5.0598859655015e-08,5.0598859655015e-08,KLK6/CPT1A/PRKN/PDX1/BMP2/GNAO1/MEP1A/EGR1/IL11/GPLD1/RASL10B/DHRS9/INHBA/BMP5/RETSAT/CAMK2G/PLA2G7/ADH1B/NR1H4/CMA1/UGT2B15/NEUROD1/SULT1B1/ANPEP/BCHE/TACR2/CORIN/TFR2/ADH1A/MYB/UGT1A5/CYP26B1/CES2/CHGA/CARTPT/ADCY5/CPQ/NMU/RETN/FFAR3/GPER1/TG/UGT1A8/IL6R/TACR1/KCNB1/AKR1B10/UGT1A1/AGT/CYP21A2/NR5A2/SRI/FOXA2/IL1B/PRKACB/AKR1B15/DIO2/PAPSS2/EFNA5/CLCN2/NR0B2/EDN3/CYP19A1/PCSK5/UGT1A3/P2RY1/DHRS11/UGT2B17/ECRG4/SOX4/SLCO4A1/ECE1/HSD17B2/CYP2S1/KCNQ1/TPO/UGT1A4/ABCC8/ADH1C/LIF/SLC7A5/SHH/GNAZ/GNAQ/IL6ST/KCNA5/PRMT3/SLC16A10/CEL/RDH5/UGT1A10/CTSG/RAB3A/GCG/VIP/TNFSF11/FFAR4,97
GO:0000819,sister chromatid segregation,69/1920,236/14198,0.292372881355932,2.16203654661017,7.11847661528062,1.63296928125336e-10,5.0598859655015e-08,5.0598859655015e-08,KIF4A/KIF14/AURKB/MAPK15/RAN/CENPI/MZT1/CENPA/MAD2L1/BUB1B/TOP2A/CDC6/TPX2/KIF18A/NCAPG/KIF15/KAT2B/BUB1/CDC20/NUSAP1/ESPL1/TRIP13/ACTL6A/KIF11/NCAPD2/DYNC1I1/SPAG5/CDCA8/CHMP4C/DPF3/HASPIN/KIF2C/CENPF/UBE2C/KIF18B/RACGAP1/CDK1/CENPE/KIF23/CCNB1/RB1/KNTC1/TTK/PSRC1/PIBF1/DUSP1/SPC24/CENPK/KIFC1/CDT1/SKA3/SPDL1/FBXO5/PLK1/APC/NCAPG2/KNL1/ZWINT/SMC4/NUF2/SMC2/SKA1/KNSTRN/PRC1/UHRF1/SPC25/BIRC5/NCAPH/DLGAP5,69
GO:1901991,negative regulation of mitotic cell cycle phase transition,54/1920,165/14198,0.327272727272727,2.42011363636364,7.2556261633164,1.69593969663891e-10,5.0598859655015e-08,5.0598859655015e-08,BLM/AURKB/PRKDC/INHBA/CLSPN/KLF4/MAD2L1/BUB1B/CDC6/FAM107A/BUB1/CDK2/CDC20/TRIP13/RBL1/CDKN2B/CDC7/CHEK1/DYNC1I1/CDCA8/CHMP4C/HASPIN/CENPF/DBF4/ATR/DTL/CDK1/FOXN3/CDKN1A/CCNB1/RB1/KNTC1/TTK/DUSP1/SPC24/RFWD3/ORC1/SKA3/TICRR/SPDL1/FBXO5/PLK1/APC/NABP1/E2F7/KNL1/ZWINT/NUF2/SKA1/FHL1/SPC25/KANK2/PKMYT1/BIRC5,54
GO:0098813,nuclear chromosome segregation,77/1920,277/14198,0.277978339350181,2.05559190734055,7.01593910411296,2.05402625698539e-10,5.78778954190551e-08,5.78778954190551e-08,KIF4A/KIF14/AURKB/MAPK15/DCAF13/SYCP2/RAN/SGO1/CENPI/MZT1/CENPA/MAD2L1/BUB1B/TOP2A/CDC6/TPX2/KIF18A/NCAPG/KIF15/KAT2B/BUB1/CDC20/NUSAP1/ESPL1/TRIP13/ACTL6A/KIF11/NCAPD2/DYNC1I1/SPAG5/CDCA8/MND1/CHMP4C/DPF3/HASPIN/KIF2C/CENPF/UBE2C/KIF18B/RACGAP1/CDK1/CENPE/KIF23/CCNB1/RB1/KNTC1/TTK/PSRC1/PIBF1/NEK2/SGO2/DUSP1/SPC24/CENPK/KIFC1/CDT1/SKA3/SPDL1/FBXO5/PLK1/ECT2/APC/NCAPG2/KNL1/ZWINT/SMC4/NUF2/SMC2/SKA1/KNSTRN/PRC1/UHRF1/SPC25/BIRC5/NCAPH/FANCD2/DLGAP5,77
GO:0051784,negative regulation of nuclear division,29/1920,62/14198,0.467741935483871,3.45885416666667,7.67273924673862,2.28160109998644e-10,6.09067409427959e-08,6.09067409427959e-08,AURKB/BMP7/MAD2L1/BUB1B/BUB1/CDC20/TRIP13/CHEK1/DYNC1I1/CDCA8/HASPIN/CENPF/CCNB1/KNTC1/TTK/DUSP1/SPC24/SKA3/SPDL1/FBXO5/PLK1/APC/KNL1/ZWINT/NUF2/SKA1/TOM1L2/SPC25/BIRC5,29
GO:0010965,regulation of mitotic sister chromatid separation,30/1920,66/14198,0.454545454545455,3.36126893939394,7.60327500241435,2.70058131295727e-10,6.84867420965963e-08,6.84867420965963e-08,AURKB/MAD2L1/BUB1B/BUB1/CDC20/ESPL1/TRIP13/DYNC1I1/CDCA8/HASPIN/CENPF/UBE2C/CCNB1/RB1/KNTC1/TTK/DUSP1/SPC24/SKA3/SPDL1/FBXO5/PLK1/APC/KNL1/ZWINT/NUF2/SKA1/SPC25/BIRC5/DLGAP5,30
GO:0044057,regulation of system process,99/1920,395/14198,0.250632911392405,1.85337816455696,6.80202809120452,3.42546851876327e-10,8.27332206055585e-08,8.27332206055585e-08,SLC9A1/FBXO32/OR51E2/NLGN1/TMEM25/PDE9A/RELN/ELOVL4/PRKN/CHRNA7/GJA5/JPH4/SCN4A/EDNRA/INHBA/SLC22A5/KLF4/BDKRB2/GRIN1/CAMK2G/RIMS1/DMPK/P2RX4/SOX10/NEUROD1/TPPP/PTPRO/CAMK2D/CAMK2B/TNNT2/TMEM100/TACR2/CORIN/SPTBN4/ADRB1/MGLL/ATP1A2/CHGA/CARTPT/CLDN2/KCNN2/CACNA1C/NOS1/MYOCD/HSPB7/CASQ2/RYR2/NMU/RETN/DMD/GPER1/ITGA2/CCL3/NLGN4X/CAV1/TACR1/TNNT3/AGT/PLN/PRKG1/ATP2A3/SRI/KIT/ARRB1/LRRK2/ABL1/EDN3/CYP19A1/KCND3/SVEP1/NRXN1/TNNI3/ECRG4/CALM1/GRIN2D/FXYD1/DES/SCN4B/ECE1/GNAI1/KCNQ1/ANK2/TPM1/ABCC8/SMAD7/GPD1L/PDE4D/CACNB1/GNAQ/IL6ST/KCNA5/CNN1/SLC8A1/JPH2/CACNB2/UNC79/JUND/WNK3/SLC1A1,99
GO:0051306,mitotic sister chromatid separation,30/1920,68/14198,0.441176470588235,3.26240808823529,7.3950209923446,6.64564184813694e-10,1.53212252062502e-07,1.53212252062503e-07,AURKB/MAD2L1/BUB1B/BUB1/CDC20/ESPL1/TRIP13/DYNC1I1/CDCA8/HASPIN/CENPF/UBE2C/CCNB1/RB1/KNTC1/TTK/DUSP1/SPC24/SKA3/SPDL1/FBXO5/PLK1/APC/KNL1/ZWINT/NUF2/SKA1/SPC25/BIRC5/DLGAP5,30
GO:0007093,mitotic cell cycle checkpoint signaling,46/1920,136/14198,0.338235294117647,2.50117953431373,6.95606502949023,1.13278204273817e-09,2.49803066120349e-07,2.49803066120349e-07,BLM/AURKB/STK33/PRKDC/CLSPN/MAD2L1/BUB1B/TIMELESS/CDC6/BUB1/CDK2/CDC20/TRIP13/CDC7/CHEK1/DYNC1I1/CDCA8/CHMP4C/HASPIN/CENPF/DBF4/ATR/DTL/CDK1/FOXN3/CDKN1A/CCNB1/KNTC1/TTK/DUSP1/SPC24/RFWD3/ORC1/SKA3/TICRR/SPDL1/PLK1/APC/NABP1/KNL1/ZWINT/NUF2/SKA1/SPC25/BIRC5/FANCD2,46
GO:0033047,regulation of mitotic sister chromatid segregation,28/1920,62/14198,0.451612903225806,3.33958333333333,7.30056019833719,1.27633073111326e-09,2.64590731664952e-07,2.64590731664952e-07,AURKB/MAD2L1/BUB1B/KAT2B/BUB1/CDC20/TRIP13/DYNC1I1/CDCA8/HASPIN/CENPF/CDK1/CCNB1/KNTC1/TTK/DUSP1/SPC24/SKA3/SPDL1/FBXO5/PLK1/APC/KNL1/ZWINT/NUF2/SKA1/SPC25/BIRC5,28
GO:0033046,negative regulation of sister chromatid segregation,26/1920,55/14198,0.472727272727273,3.4957196969697,7.3331652484556,1.46067438616298e-09,2.64590731664952e-07,2.64590731664952e-07,AURKB/MAD2L1/BUB1B/BUB1/CDC20/TRIP13/DYNC1I1/CDCA8/HASPIN/CENPF/CCNB1/KNTC1/TTK/DUSP1/SPC24/SKA3/SPDL1/FBXO5/PLK1/APC/KNL1/ZWINT/NUF2/SKA1/SPC25/BIRC5,26
GO:0033048,negative regulation of mitotic sister chromatid segregation,26/1920,55/14198,0.472727272727273,3.4957196969697,7.3331652484556,1.46067438616298e-09,2.64590731664952e-07,2.64590731664952e-07,AURKB/MAD2L1/BUB1B/BUB1/CDC20/TRIP13/DYNC1I1/CDCA8/HASPIN/CENPF/CCNB1/KNTC1/TTK/DUSP1/SPC24/SKA3/SPDL1/FBXO5/PLK1/APC/KNL1/ZWINT/NUF2/SKA1/SPC25/BIRC5,26
GO:0045841,negative regulation of mitotic metaphase/anaphase transition,26/1920,55/14198,0.472727272727273,3.4957196969697,7.3331652484556,1.46067438616298e-09,2.64590731664952e-07,2.64590731664952e-07,AURKB/MAD2L1/BUB1B/BUB1/CDC20/TRIP13/DYNC1I1/CDCA8/HASPIN/CENPF/CCNB1/KNTC1/TTK/DUSP1/SPC24/SKA3/SPDL1/FBXO5/PLK1/APC/KNL1/ZWINT/NUF2/SKA1/SPC25/BIRC5,26
GO:2000816,negative regulation of mitotic sister chromatid separation,26/1920,55/14198,0.472727272727273,3.4957196969697,7.3331652484556,1.46067438616298e-09,2.64590731664952e-07,2.64590731664952e-07,AURKB/MAD2L1/BUB1B/BUB1/CDC20/TRIP13/DYNC1I1/CDCA8/HASPIN/CENPF/CCNB1/KNTC1/TTK/DUSP1/SPC24/SKA3/SPDL1/FBXO5/PLK1/APC/KNL1/ZWINT/NUF2/SKA1/SPC25/BIRC5,26
GO:1901988,negative regulation of cell cycle phase transition,67/1920,238/14198,0.281512605042017,2.08172706582633,6.65500761389032,1.73646718432933e-09,3.03702122721323e-07,3.03702122721323e-07,RPA4/BLM/AURKB/STK33/TTI1/PRKDC/INHBA/CLSPN/KLF4/MAD2L1/BUB1B/TIMELESS/CDC6/FAM107A/BUB1/CDK2/CDC20/TRIP13/RBL1/CDKN2B/CDC7/CHEK1/DYNC1I1/CDCA8/CHMP4C/HASPIN/RFC4/CENPF/DBF4/ATR/DTL/E2F1/BRCA2/CDK1/FOXN3/CDKN1A/RFC3/BRIP1/CCNB1/RB1/KNTC1/TTK/DUSP1/H2AX/SPC24/RFWD3/ORC1/CDT1/SKA3/TICRR/SPDL1/CDC45/FBXO5/PLK1/APC/NABP1/E2F7/KNL1/ZWINT/NUF2/SKA1/FHL1/SPC25/KANK2/PKMYT1/BIRC5/FANCD2,67
GO:0006814,sodium ion transport,54/1920,175/14198,0.308571428571429,2.28182142857143,6.74700723489788,1.91307331471438e-09,3.23436928407711e-07,3.23436928407711e-07,CLCNKB/SLC9A1/HCN2/SCN4A/EDNRA/NKAIN4/PCSK9/SLC22A5/SLC4A11/CHP1/GRIN1/SLC6A14/SLC38A4/P2RX4/SLC9A9/FXYD5/CAMK2D/SLC6A20/SPTBN4/ATP1A2/SLC38A5/TESC/SCNN1G/CNNM4/NOS1/DMD/SLC9A3/AGT/SLC9A2/TRPV3/SLC38A3/SLC28A3/SLC20A2/CNGA3/SLC4A4/SLC6A6/SLC6A4/SLC5A6/FXYD1/SGK1/SCN4B/SLC6A19/SCN9A/KCNQ1/SCNN1B/SLC13A3/SCN7A/GPD1L/SLC6A8/SLMAP/SLC8A1/UNC79/WNK3/PER1,54
GO:0000075,cell cycle checkpoint signaling,56/1920,185/14198,0.302702702702703,2.23842342342342,6.70462592176954,2.12425281456604e-09,3.4755517017674e-07,3.4755517017674e-07,RPA4/BLM/AURKB/STK33/TTI1/PRKDC/CLSPN/MAD2L1/BUB1B/TIMELESS/CDC6/BUB1/CDK2/CDC20/TRIP13/CDC7/CHEK1/DYNC1I1/CDCA8/CHMP4C/HASPIN/RFC4/CENPF/DBF4/ATR/DTL/E2F1/BRCA2/CDK1/FOXN3/CDKN1A/RFC3/BRIP1/CCNB1/KNTC1/TTK/DUSP1/H2AX/SPC24/RFWD3/ORC1/CDT1/SKA3/TICRR/SPDL1/CDC45/PLK1/APC/NABP1/KNL1/ZWINT/NUF2/SKA1/SPC25/BIRC5/FANCD2,56
GO:0042391,regulation of membrane potential,79/1920,301/14198,0.262458471760797,1.94082571982281,6.52404565352601,2.27474722596894e-09,3.54652894499353e-07,3.54652894499353e-07,SLC9A1/NLGN1/TMEM25/KCNA6/BCL2/PYCR1/RELN/ELOVL4/PRKN/CHRNA7/KCNN4/GJA5/HCN2/SCN4A/GLRB/SLC4A11/GRIN1/RIMS1/MAPT/P2RX4/CAMK2D/MPP2/MEF2C/KCNH8/PINK1/CHRFAM7A/MET/ATP1A2/KCNN2/CACNA1C/NOS1/SLC26A3/CASQ2/RYR2/DMD/GPER1/ABCB5/KCNA2/NLGN4X/CAV1/TACR1/KCNB1/TRPC4/GRIK3/GNA14/AGT/PLN/SPART/LRRK2/ABL1/CLCN2/GNA11/KCND3/TREM2/NRXN1/SLC4A4/CHRNA1/KCNMA1/CALM1/P2RX1/SLC6A4/GRIN2D/FXYD1/SCN4B/SCN9A/KCNQ1/ANK2/SMAD7/SCN7A/GPD1L/FHL1/GNAQ/KCNA5/SLMAP/SLC8A1/PID1/CACNB2/UNC79/KCNV2,79
GO:1902100,negative regulation of metaphase/anaphase transition of cell cycle,26/1920,56/14198,0.464285714285714,3.43329613095238,7.21470625539535,2.37740504987737e-09,3.54652894499353e-07,3.54652894499353e-07,AURKB/MAD2L1/BUB1B/BUB1/CDC20/TRIP13/DYNC1I1/CDCA8/HASPIN/CENPF/CCNB1/KNTC1/TTK/DUSP1/SPC24/SKA3/SPDL1/FBXO5/PLK1/APC/KNL1/ZWINT/NUF2/SKA1/SPC25/BIRC5,26
GO:1905819,negative regulation of chromosome separation,26/1920,56/14198,0.464285714285714,3.43329613095238,7.21470625539535,2.37740504987737e-09,3.54652894499353e-07,3.54652894499353e-07,AURKB/MAD2L1/BUB1B/BUB1/CDC20/TRIP13/DYNC1I1/CDCA8/HASPIN/CENPF/CCNB1/KNTC1/TTK/DUSP1/SPC24/SKA3/SPDL1/FBXO5/PLK1/APC/KNL1/ZWINT/NUF2/SKA1/SPC25/BIRC5,26
GO:0045930,negative regulation of mitotic cell cycle,60/1920,206/14198,0.29126213592233,2.15382281553398,6.59656620248795,2.97677626836413e-09,4.24554719876894e-07,4.24554719876894e-07,BLM/AURKB/STK33/BRINP3/BMP7/PRKDC/INHBA/CLSPN/KLF4/MAD2L1/BUB1B/TIMELESS/CDC6/FAM107A/BUB1/CDK2/CDC20/TRIP13/RBL1/CDKN2B/CDC7/CHEK1/DYNC1I1/CDCA8/CHMP4C/HASPIN/CENPF/DBF4/ATR/DTL/CDK1/FOXN3/CDKN1A/CCNB1/RB1/KNTC1/TTK/DUSP1/SPC24/RFWD3/ORC1/SKA3/TICRR/SPDL1/FBXO5/PLK1/APC/NABP1/E2F7/KNL1/ZWINT/NUF2/SKA1/TOM1L2/FHL1/SPC25/KANK2/PKMYT1/BIRC5/FANCD2,60
GO:0007094,mitotic spindle assembly checkpoint signaling,25/1920,53/14198,0.471698113207547,3.48810927672956,7.17614161206618,3.19756221184362e-09,4.24554719876894e-07,4.24554719876894e-07,AURKB/MAD2L1/BUB1B/BUB1/CDC20/TRIP13/DYNC1I1/CDCA8/HASPIN/CENPF/CCNB1/KNTC1/TTK/DUSP1/SPC24/SKA3/SPDL1/PLK1/APC/KNL1/ZWINT/NUF2/SKA1/SPC25/BIRC5,25
GO:0071173,spindle assembly checkpoint signaling,25/1920,53/14198,0.471698113207547,3.48810927672956,7.17614161206618,3.19756221184362e-09,4.24554719876894e-07,4.24554719876894e-07,AURKB/MAD2L1/BUB1B/BUB1/CDC20/TRIP13/DYNC1I1/CDCA8/HASPIN/CENPF/CCNB1/KNTC1/TTK/DUSP1/SPC24/SKA3/SPDL1/PLK1/APC/KNL1/ZWINT/NUF2/SKA1/SPC25/BIRC5,25
GO:0071174,mitotic spindle checkpoint signaling,25/1920,53/14198,0.471698113207547,3.48810927672956,7.17614161206618,3.19756221184362e-09,4.24554719876894e-07,4.24554719876894e-07,AURKB/MAD2L1/BUB1B/BUB1/CDC20/TRIP13/DYNC1I1/CDCA8/HASPIN/CENPF/CCNB1/KNTC1/TTK/DUSP1/SPC24/SKA3/SPDL1/PLK1/APC/KNL1/ZWINT/NUF2/SKA1/SPC25/BIRC5,25
GO:0007059,chromosome segregation,93/1920,378/14198,0.246031746031746,1.81935350529101,6.38481451940645,3.26451775930577e-09,4.24554719876894e-07,4.24554719876894e-07,CENPH/KIF4A/CENPN/KIF14/AURKB/MAPK15/CCDC69/DCAF13/SYCP2/RAN/RIOK3/SGO1/CENPI/MZT1/CENPA/CCDC86/MAD2L1/BUB1B/TOP2A/CDC6/TPX2/KIF18A/STARD9/NCAPG/KIF15/KAT2B/BUB1/CDC20/NUSAP1/ESPL1/TRIP13/ACTL6A/KIF11/GPSM2/NCAPD2/NR3C1/DYNC1I1/CENPW/SPAG5/CDCA8/MND1/CHMP4C/DPF3/HASPIN/KIF2C/CENPF/UBE2C/KIF18B/RACGAP1/CDK1/HJURP/CENPE/KIF23/FIRRM/CCNB1/CDCA2/RB1/KNTC1/STIL/TTK/PSRC1/PIBF1/NEK2/SGO2/DUSP1/MKI67/SPC24/MTCL1/CENPK/KIFC1/CDT1/SKA3/SPDL1/FBXO5/PLK1/ECT2/APC/NCAPG2/KNL1/ZWINT/SMC4/NUF2/SRPK1/SMC2/SKA1/KNSTRN/PRC1/UHRF1/SPC25/BIRC5/NCAPH/FANCD2/DLGAP5,93
GO:0007610,behavior,76/1920,288/14198,0.263888888888889,1.95140335648148,6.45033765408064,3.53233647941019e-09,4.47900265589212e-07,4.47900265589212e-07,AIM2/NLGN1/KAT2A/CNTN1/FOXP2/CPT1A/RELN/PRKN/CHRNA7/EGR1/HTR1D/SLC30A4/EPHB2/HPGDS/CXCL12/GRIN1/MUSK/MAPT/P2RX4/GDF15/CNTN2/FOS/KAT2B/FGF2/MEF2C/CCL11/BCHE/TACR2/PMCH/ADRB1/USP2/GUCA2B/ATP1A2/CARTPT/NR3C1/NPY1R/RASD2/SRPX2/NMU/RETN/CCL3/KCNA2/PYY/NLGN4X/TACR1/PTPRZ1/PLN/PTN/KIT/FOXA2/PJA2/LRRK2/ABL1/CLDN5/P2RY1/GPR52/TREM2/NRXN1/NTRK2/FOSB/SLC6A4/MC1R/CPEB3/GNAI1/KCNQ1/ABCC8/STRA6/YTHDF1/NRXN3/PER3/SLC2A4/C3orf70/C1QL1/CAPN2/GCG/SLC1A1,76
GO:0051985,negative regulation of chromosome segregation,26/1920,57/14198,0.456140350877193,3.37306286549708,7.09891050453501,3.81164705031011e-09,4.71528630223729e-07,4.71528630223729e-07,AURKB/MAD2L1/BUB1B/BUB1/CDC20/TRIP13/DYNC1I1/CDCA8/HASPIN/CENPF/CCNB1/KNTC1/TTK/DUSP1/SPC24/SKA3/SPDL1/FBXO5/PLK1/APC/KNL1/ZWINT/NUF2/SKA1/SPC25/BIRC5,26
GO:0031577,spindle checkpoint signaling,25/1920,54/14198,0.462962962962963,3.42351466049383,7.05572260642769,5.19259718114857e-09,6.27067926256799e-07,6.27067926256799e-07,AURKB/MAD2L1/BUB1B/BUB1/CDC20/TRIP13/DYNC1I1/CDCA8/HASPIN/CENPF/CCNB1/KNTC1/TTK/DUSP1/SPC24/SKA3/SPDL1/PLK1/APC/KNL1/ZWINT/NUF2/SKA1/SPC25/BIRC5,25
GO:0045786,negative regulation of cell cycle,84/1920,333/14198,0.252252252252252,1.86535285285285,6.31888571350297,5.47215468916061e-09,6.454597344982e-07,6.454597344982e-07,RPA4/HPGD/KAT2A/BLM/AURKB/STK33/BRINP3/BMP2/TTI1/BMP7/PRKDC/INHBA/CLSPN/TENT5B/KLF4/MAD2L1/BUB1B/TIMELESS/CDC6/FAM107A/KAT2B/CCNF/BUB1/CDK2/TFAP4/CDC20/ESPL1/TRIP13/RBL1/CDKN2B/CDC7/CHEK1/DYNC1I1/CDCA8/CHMP4C/HASPIN/RFC4/CENPF/DBF4/GPER1/ATR/DTL/E2F1/BRCA2/CDK1/FOXN3/CDKN1A/RFC3/BRIP1/CCNB1/RB1/KNTC1/TTK/NEK2/DUSP1/H2AX/SPC24/RFWD3/ORC1/NPM1/CDT1/SKA3/TICRR/SPDL1/CDC45/FBXO5/PLK1/APC/NABP1/E2F7/KNL1/ZWINT/DAB2IP/NUF2/SKA1/NUDT6/TOM1L2/FHL1/SPC25/KANK2/IPO5/PKMYT1/BIRC5/FANCD2,84
GO:0051983,regulation of chromosome segregation,43/1920,129/14198,0.333333333333333,2.46493055555556,6.60945072172291,6.48222367923596e-09,7.47223602297381e-07,7.47223602297381e-07,AURKB/MAPK15/MAD2L1/BUB1B/CDC6/NCAPG/KAT2B/BUB1/CDC20/ESPL1/TRIP13/ACTL6A/DYNC1I1/CDCA8/DPF3/HASPIN/KIF2C/CENPF/UBE2C/CDK1/CENPE/CCNB1/RB1/KNTC1/TTK/DUSP1/SPC24/SKA3/SPDL1/FBXO5/PLK1/APC/NCAPG2/KNL1/ZWINT/SMC4/NUF2/SMC2/SKA1/SPC25/BIRC5/NCAPH/DLGAP5,43
GO:0090068,positive regulation of cell cycle process,60/1920,213/14198,0.28169014084507,2.08303990610329,6.29778915144998,1.18844277511446e-08,1.33950705675123e-06,1.33950705675123e-06,MTBP/KIF14/AURKB/MAPK15/CDC14A/IL1A/ATAD5/MAD2L1/PLK4/CDC6/NCAPG/RAD51AP1/CDK4/SVIL/KAT2B/BUB1/CDC20/NUSAP1/ESPL1/CDC7/GPSM2/DYNC1I1/SPAG5/CDCA8/GIPC1/DBF4/UBE2C/DTL/RACGAP1/CDK1/KIF23/CCNB1/RB1/IL1B/STIL/EZH2/EDN3/CDC25B/BTC/NPM1/SOX15/SKA3/EREG/FBXO5/PLK1/ECT2/NCAPG2/E2F7/LEF1/KNL1/SMC4/RRM2/SMC2/SKA1/ADAMTS1/KCNA5/AURKA/BIRC5/NCAPH/DLGAP5,60
GO:1901990,regulation of mitotic cell cycle phase transition,77/1920,301/14198,0.255813953488372,1.89169089147287,6.18332594680543,1.23257604371049e-08,1.35904906384774e-06,1.35904906384774e-06,MTBP/KIF14/BLM/AURKB/UBD/CDC14A/PRKDC/INHBA/CLSPN/KLF4/MAD2L1/BUB1B/CDC6/CDK4/FAM107A/BUB1/CDK2/TFAP4/CDC20/ESPL1/TRIP13/RBL1/ACTL6A/CDKN2B/CDC7/PKD1/CHEK1/APPL2/ANLN/DYNC1I1/CDCA8/CHMP4C/DPF3/HASPIN/CENPF/DBF4/UBE2C/ATR/DTL/E2F1/CDK1/FOXN3/CDKN1A/CENPE/CCNB1/RB1/KNTC1/STIL/TTK/CDC25B/DUSP1/SPC24/RFWD3/ORC1/SKA3/TICRR/SPDL1/FBXO5/PLK1/PSMA7/APC/NABP1/E2F7/KNL1/ZWINT/RRM2/NUF2/SKA1/ADAMTS1/FHL1/SPC25/KCNA5/KANK2/AURKA/PKMYT1/BIRC5/DLGAP5,77
GO:1902099,regulation of metaphase/anaphase transition of cell cycle,35/1920,97/14198,0.360824742268041,2.66822379725086,6.519290204241,1.65424092550861e-08,1.78517233493185e-06,1.78517233493185e-06,AURKB/MAPK15/MAD2L1/BUB1B/CDC6/BUB1/CDC20/ESPL1/TRIP13/ACTL6A/DYNC1I1/CDCA8/DPF3/HASPIN/CENPF/UBE2C/CENPE/CCNB1/RB1/KNTC1/TTK/DUSP1/SPC24/SKA3/SPDL1/FBXO5/PLK1/APC/KNL1/ZWINT/NUF2/SKA1/SPC25/BIRC5/DLGAP5,35
GO:0006959,humoral immune response,54/1920,186/14198,0.290322580645161,2.146875,6.22597804273151,2.05478535839115e-08,2.17122319536665e-06,2.17122319536665e-06,RPS19/BCL2/IGHG4/H2BC15/H2BC10/H2BC9/REG3A/CCL13/IGHG2/CCL20/CXCL12/CXCL5/H2BC17/H2BC26/H2BC13/C2/CXCL9/MEF2C/CCL11/ZP3/MASP1/CXCL8/H2BC14/CCL14/CCL3/FCN3/DAO/CCL23/A2M/SPRR2A/C6/CCL3L3/CXCL6/IL1B/H2BC11/CCL22/CFB/TF/H2BC8/IGHG1/C8G/TREM2/H2BC6/CD46/CXCL10/IGHG3/CFD/CXCL11/CLU/C4BPA/CXCL1/CTSG/VIP/H2BC7,54
GO:0098771,inorganic ion homeostasis,80/1920,321/14198,0.249221183800623,1.84293873312565,6.04067990650295,2.24882965450351e-08,2.32776816482486e-06,2.32776816482486e-06,SLC9A1/RYR1/SLC25A23/BCL2/CHRNA7/BMP2/EDNRA/CCL13/MT1F/CXCL12/SCARA5/CHP1/GRIN1/MT1M/CYBRD1/DMPK/FXYD5/MT1X/FGFR1/CAMK2D/MT1H/CCL11/CA12/SV2B/SLC11A2/CORIN/TFR2/SLC39A4/ITPR1/MT1E/ATP1A2/CARTPT/NPTN/SLC30A10/TESC/SCNN1G/CNNM4/CASQ2/RYR2/GPER1/CYP4F12/CCL14/CCL3/CYP27B1/CCL23/CAV1/RYR3/TRPC4/SLC9A3/AGT/PLN/ATP2A3/MT2A/EDN3/CDH23/TF/CHP2/P2RY1/MT1G/DRD5/TNNI3/KCNMA1/P2RX1/FXYD1/STIM1/HEPHL1/KCNQ1/CNR1/ANK2/SCNN1B/SCN7A/LETM1/AFG3L2/KCNA5/MYC/SLC8A1/TMPRSS3/JPH2/CACNB2/SLC1A1,80
GO:0019730,antimicrobial humoral response,38/1920,112/14198,0.339285714285714,2.50894717261905,6.33978158355306,2.82684675923134e-08,2.82365746375827e-06,2.82365746375827e-06,RPS19/IGHG4/H2BC15/H2BC10/H2BC9/REG3A/CCL13/IGHG2/CCL20/CXCL12/CXCL5/H2BC17/H2BC26/H2BC13/CXCL9/CCL11/CXCL8/H2BC14/CCL14/CCL3/DAO/CCL23/SPRR2A/CCL3L3/CXCL6/H2BC11/CCL22/TF/H2BC8/IGHG1/H2BC6/CXCL10/IGHG3/CXCL11/CXCL1/CTSG/VIP/H2BC7,38
GO:0008608,attachment of spindle microtubules to kinetochore,24/1920,54/14198,0.444444444444444,3.28657407407407,6.65703931926225,2.8392454781481e-08,2.82365746375827e-06,2.82365746375827e-06,AURKB/SGO1/KAT2B/SPAG5/CDCA8/KIF2C/RACGAP1/CDK1/CENPE/CCNB1/RB1/KNTC1/NEK2/SPC24/CDT1/SKA3/ECT2/APC/KNL1/NUF2/SKA1/KNSTRN/SPC25/BIRC5,24
GO:0007346,regulation of mitotic cell cycle,100/1920,434/14198,0.230414746543779,1.70386904761905,5.88910762803448,3.2120848456059e-08,3.13301814171406e-06,3.13301814171406e-06,MTBP/KIF14/BLM/AURKB/STK33/UBD/BRINP3/CDC14A/BMP7/PRKDC/INHBA/BORA/CLSPN/IL1A/KLF4/MAD2L1/BUB1B/TIMELESS/TTC28/CDC6/CDK4/FAM107A/BUB1/CDK2/TFAP4/CDC20/FOXM1/NUSAP1/ESPL1/TRIP13/RBL1/ACTL6A/CDKN2B/CDC7/USP2/PKD1/CHEK1/APPL2/ANLN/DYNC1I1/CDCA8/CHMP4C/DPF3/HASPIN/CENPF/DBF4/UBE2C/ATR/DTL/E2F1/CDK1/FOXN3/CDKN1A/CENPE/CCNB1/CDCA2/RB1/KNTC1/IL1B/STIL/TTK/NEK2/EDN3/CDC25B/DUSP1/PDXP/MKI67/SPC24/RFWD3/ORC1/BTC/TP73/SKA3/EREG/TICRR/SPDL1/FBXO5/PLK1/PSMA7/APC/NABP1/E2F7/KNL1/ZWINT/RRM2/NUF2/SKA1/DUSP3/ADAMTS1/TOM1L2/FHL1/SPC25/KCNA5/KANK2/AURKA/PKMYT1/BIRC5/CKS2/FANCD2/DLGAP5,100
GO:0050801,monoatomic ion homeostasis,93/1920,395/14198,0.235443037974684,1.74105221518987,5.90671075746092,3.29868114639731e-08,3.13846367095942e-06,3.13846367095942e-06,SLC9A1/RYR1/SLC25A23/BCL2/CHRNA7/BMP2/EDNRA/CCL13/MT1F/WDR7/CXCL12/SLC4A11/SCARA5/CHP1/GRIN1/MT1M/CYBRD1/DMPK/SLC9A9/FXYD5/MT1X/FGFR1/CAMK2D/MT1H/CCL11/CA12/SV2B/SLC11A2/CORIN/TFR2/SLC39A4/ITPR1/CA2/MT1E/ATP1A2/CARTPT/NPTN/SLC7A11/SLC30A10/TESC/SCNN1G/CNNM4/SLC26A3/CASQ2/RYR2/ROGDI/GPER1/CYP4F12/CCL14/CCL3/CYP27B1/CCL23/CAV1/RYR3/TRPC4/SLC9A3/AGT/SLC9A2/PLN/ATP2A3/MT2A/LRRK2/EDN3/CDH23/TF/CHP2/P2RY1/SLC4A4/MT1G/DRD5/TNNI3/KCNMA1/P2RX1/PDK4/FXYD1/STIM1/HEPHL1/KCNQ1/CNR1/ANK2/SCNN1B/SLC39A10/SCN7A/LETM1/AFG3L2/KCNA5/MYC/SLC8A1/TMPRSS3/JPH2/CACNB2/WNK3/SLC1A1,93
GO:0030071,regulation of mitotic metaphase/anaphase transition,34/1920,95/14198,0.357894736842105,2.64655701754386,6.36748477029631,3.34142425535901e-08,3.13846367095942e-06,3.13846367095942e-06,AURKB/MAD2L1/BUB1B/CDC6/BUB1/CDC20/ESPL1/TRIP13/ACTL6A/DYNC1I1/CDCA8/DPF3/HASPIN/CENPF/UBE2C/CENPE/CCNB1/RB1/KNTC1/TTK/DUSP1/SPC24/SKA3/SPDL1/FBXO5/PLK1/APC/KNL1/ZWINT/NUF2/SKA1/SPC25/BIRC5/DLGAP5,34
GO:0050000,chromosome localization,38/1920,113/14198,0.336283185840708,2.48674410029499,6.27454315860252,3.71016860928769e-08,3.42145003387403e-06,3.42145003387403e-06,KIF14/AURKB/SGO1/CENPA/KIF18A/KAT2B/SPAG5/CDCA8/CHMP4C/KIF2C/CENPF/XRCC4/RACGAP1/CDK1/CENPE/CCNB1/RB1/KNTC1/TTK/PSRC1/PIBF1/NEK2/SPC24/KIFC1/CDT1/SKA3/SPDL1/ECT2/APC/KNL1/ZWINT/NUF2/SKA1/KNSTRN/SPC25/BIRC5/IFFO1/DLGAP5,38
GO:0044772,mitotic cell cycle phase transition,91/1920,385/14198,0.236363636363636,1.74785984848485,5.88290272164305,3.81412570645494e-08,3.45450813984633e-06,3.45450813984633e-06,MTBP/KIF14/BLM/AURKB/MELK/UBD/CDC14A/SKP2/PRKDC/INHBA/CCNB2/CLSPN/KLF4/MAD2L1/BUB1B/CDC6/CDK4/FAM107A/CCNF/BUB1/CDK2/TFAP4/CDC20/FOXM1/ESPL1/TRIP13/CAMK2A/RBL1/ACTL6A/CDKN2B/CDC7/PKD1/CHEK1/APPL2/ANLN/DYNC1I1/CDCA8/CHMP4C/DPF3/HASPIN/CENPF/DBF4/UBE2C/ATR/DTL/UBE2S/CCNJL/E2F1/CDK1/FOXN3/CDKN1A/CENPE/CCNO/CCNB1/RB1/CDKN3/KNTC1/STIL/TTK/NEK2/CDC25B/DUSP1/SPC24/RFWD3/ORC1/SKA3/TICRR/SPDL1/FBXO5/PLK1/PSMA7/APC/NABP1/E2F7/KNL1/ZWINT/RRM2/NUF2/SKA1/ADAMTS1/FHL1/SPC25/E2F3/KCNA5/KANK2/MYC/AURKA/PKMYT1/BIRC5/CCNA2/DLGAP5,91
GO:0033045,regulation of sister chromatid segregation,37/1920,109/14198,0.339449541284404,2.51015863914373,6.25865232745441,4.22713579066873e-08,3.76140925092488e-06,3.76140925092488e-06,AURKB/MAPK15/MAD2L1/BUB1B/CDC6/KAT2B/BUB1/CDC20/ESPL1/TRIP13/ACTL6A/DYNC1I1/CDCA8/DPF3/HASPIN/CENPF/UBE2C/CDK1/CENPE/CCNB1/RB1/KNTC1/TTK/DUSP1/SPC24/SKA3/SPDL1/FBXO5/PLK1/APC/KNL1/ZWINT/NUF2/SKA1/SPC25/BIRC5/DLGAP5,37
GO:0055080,monoatomic cation homeostasis,91/1920,386/14198,0.235751295336788,1.74333171416235,5.8550838753575,4.34361203332008e-08,3.79841383327576e-06,3.79841383327576e-06,SLC9A1/RYR1/SLC25A23/BCL2/CHRNA7/BMP2/EDNRA/CCL13/MT1F/WDR7/CXCL12/SLC4A11/SCARA5/CHP1/GRIN1/MT1M/CYBRD1/DMPK/SLC9A9/FXYD5/MT1X/FGFR1/CAMK2D/MT1H/CCL11/SV2B/SLC11A2/CORIN/TFR2/SLC39A4/ITPR1/CA2/MT1E/ATP1A2/CARTPT/NPTN/SLC7A11/SLC30A10/TESC/SCNN1G/CNNM4/SLC26A3/CASQ2/RYR2/ROGDI/GPER1/CYP4F12/CCL14/CCL3/CYP27B1/CCL23/CAV1/RYR3/TRPC4/SLC9A3/AGT/SLC9A2/PLN/ATP2A3/MT2A/LRRK2/EDN3/CDH23/TF/CHP2/P2RY1/SLC4A4/MT1G/DRD5/TNNI3/KCNMA1/P2RX1/PDK4/FXYD1/STIM1/HEPHL1/KCNQ1/CNR1/ANK2/SCNN1B/SLC39A10/SCN7A/LETM1/AFG3L2/KCNA5/MYC/SLC8A1/TMPRSS3/JPH2/CACNB2/SLC1A1,91
GO:0043269,regulation of monoatomic ion transport,72/1920,283/14198,0.254416961130742,1.88136042402827,5.92229789396737,4.6447374244326e-08,3.99289969774951e-06,3.99289969774951e-06,BCL2/MYLK/KCNN4/KCNIP3/JPH4/EDNRA/NKAIN4/PCSK9/CXCL12/CHP1/GRIN1/CAMK2G/P2RX4/FXYD5/CXCL9/CAMK2D/ADCYAP1R1/CAMK2B/TACR2/DPP6/SPTBN4/CAMK2A/CA2/ATP1A2/KCNN2/CACNA1C/TESC/NOS1/CASQ2/RYR2/DMD/GPER1/PLPP4/GRAMD2A/CCL3/CAV1/AGT/PLN/SRI/TRPV3/HOMER2/TREM2/ATP8B1/CALM1/P2RX1/SLC6A4/RGS9/GRIN2D/FXYD1/SCN4B/CXCL10/STIM1/CEMIP/STAC/KCNQ1/ANK2/ABCC8/CXCL11/GPD1L/PDE4D/FHL1/CACNB1/AFG3L2/MMP9/SLMAP/SLC8A1/JPH2/CACNB2/GABRE/GCG/WNK3/PER1,72
GO:0044784,metaphase/anaphase transition of cell cycle,35/1920,101/14198,0.346534653465347,2.56255156765677,6.231847066726,5.40061589021856e-08,4.56532063253143e-06,4.56532063253143e-06,AURKB/MAPK15/MAD2L1/BUB1B/CDC6/BUB1/CDC20/ESPL1/TRIP13/ACTL6A/DYNC1I1/CDCA8/DPF3/HASPIN/CENPF/UBE2C/CENPE/CCNB1/RB1/KNTC1/TTK/DUSP1/SPC24/SKA3/SPDL1/FBXO5/PLK1/APC/KNL1/ZWINT/NUF2/SKA1/SPC25/BIRC5/DLGAP5,35
GO:0035725,sodium ion transmembrane transport,43/1920,138/14198,0.311594202898551,2.30417421497585,6.08790102641196,6.0912897836463e-08,5.04059933544055e-06,5.04059933544055e-06,SLC9A1/HCN2/SCN4A/PCSK9/SLC4A11/CHP1/GRIN1/SLC6A14/SLC38A4/SLC9A9/FXYD5/CAMK2D/SLC6A20/ATP1A2/SLC38A5/TESC/SCNN1G/CNNM4/NOS1/DMD/SLC9A3/AGT/SLC9A2/TRPV3/SLC28A3/SLC20A2/CNGA3/SLC4A4/SLC6A6/SLC6A4/SLC5A6/FXYD1/SCN4B/SLC6A19/SCN9A/SCNN1B/SLC13A3/SCN7A/SLC6A8/SLMAP/SLC8A1/UNC79/WNK3,43
GO:0060048,cardiac muscle contraction,36/1920,106/14198,0.339622641509434,2.51143867924528,6.17649705148533,6.32167843685451e-08,5.04059933544055e-06,5.04059933544055e-06,SLC9A1/GJA5/JPH4/SCN4A/P2RX4/CAMK2D/TNNT2/TNNI2/ATP1A2/CHGA/KCNN2/CACNA1C/NOS1/CASQ2/RYR2/DMD/CAV1/PLN/SRI/GSN/KCND3/TNNI3/CALM1/SCN4B/SCN9A/KCNQ1/ANK2/TPM1/SMAD7/SCN7A/GPD1L/PDE4D/KCNA5/SLC8A1/JPH2/CACNB2,36
GO:0055078,sodium ion homeostasis,17/1920,31/14198,0.548387096774194,4.05520833333333,6.73391795801322,6.36037771033508e-08,5.04059933544055e-06,5.04059933544055e-06,SLC9A1/EDNRA/CHP1/FXYD5/CORIN/ATP1A2/TESC/SCNN1G/CYP4F12/SLC9A3/AGT/CHP2/FXYD1/SCNN1B/SCN7A/SLC8A1/TMPRSS3,17
GO:1905820,positive regulation of chromosome separation,17/1920,31/14198,0.548387096774194,4.05520833333333,6.73391795801322,6.36037771033508e-08,5.04059933544055e-06,5.04059933544055e-06,AURKB/MAPK15/NCAPG/CDC20/ESPL1/CDCA8/UBE2C/RB1/SKA3/PLK1/NCAPG2/SMC4/SMC2/SKA1/BIRC5/NCAPH/DLGAP5,17
GO:0060047,heart contraction,50/1920,172/14198,0.290697674418605,2.14964874031008,5.99856770391407,6.49975666427021e-08,5.07181012325823e-06,5.07181012325823e-06,SLC9A1/GJA5/JPH4/SCN4A/EDNRA/DMPK/P2RX4/CAMK2D/TNNT2/CORIN/SPTBN4/ADRB1/TNNI2/ATP1A2/CHGA/CARTPT/KCNN2/CACNA1C/NOS1/HSPB7/CASQ2/RYR2/NMU/DMD/CAV1/AGT/PLN/ATP2A3/SRI/EDN3/GSN/KCND3/TNNI3/CALM1/FXYD1/DES/SCN4B/SCN9A/KCNQ1/ANK2/TPM1/SMAD7/SCN7A/GPD1L/PDE4D/KCNA5/SLC8A1/JPH2/CACNB2/SLC1A1,50
GO:0090257,regulation of muscle system process,52/1920,182/14198,0.285714285714286,2.11279761904762,5.97482140694108,6.66248443305456e-08,5.1200183400686e-06,5.1200183400686e-06,SLC9A1/FBXO32/PDE9A/GJA5/JPH4/SCN4A/KLF4/CAMK2G/DMPK/P2RX4/CAMK2D/CAMK2B/TNNT2/TACR2/ATP1A2/CHGA/CARTPT/CACNA1C/NOS1/MYOCD/CASQ2/RYR2/NMU/DMD/GPER1/ITGA2/CAV1/TACR1/TNNT3/AGT/PLN/PRKG1/SRI/KIT/ARRB1/EDN3/TNNI3/CALM1/GNAI1/KCNQ1/ANK2/TPM1/ABCC8/SMAD7/PDE4D/CACNB1/IL6ST/CNN1/SLC8A1/JPH2/CACNB2/JUND,52
GO:0051310,metaphase chromosome alignment,35/1920,103/14198,0.339805825242718,2.51279328478964,6.09327461067622,9.45514537951021e-08,7.15768617386206e-06,7.15768617386206e-06,KIF14/AURKB/SGO1/CENPA/KIF18A/KAT2B/SPAG5/CDCA8/CHMP4C/KIF2C/CENPF/RACGAP1/CDK1/CENPE/CCNB1/RB1/KNTC1/TTK/PSRC1/PIBF1/NEK2/SPC24/KIFC1/CDT1/SKA3/SPDL1/ECT2/APC/KNL1/ZWINT/NUF2/SKA1/KNSTRN/SPC25/BIRC5,35
GO:0007188,adenylate cyclase-modulating G protein-coupled receptor signaling pathway,51/1920,179/14198,0.284916201117318,2.10689594972067,5.89331814815995,9.80397117799866e-08,7.31260909041312e-06,7.31260909041312e-06,OR51E2/GNA13/GPR37L1/RAP1A/GNAO1/LPAR1/CHRM4/GNG2/HTR1D/ADCY9/ADGRF4/PRKAR2B/CXCL9/ADCYAP1R1/MAPK7/TACR2/ADRB1/CHGA/ADCY5/NPY1R/NOS1/FFAR3/GPER1/GNAL/TACR1/GRIK3/GNA14/PRKACB/ADGRL3/PDE3A/GNA11/P2RY1/NRXN1/GRM8/DRD5/MC1R/PDE2A/CXCL10/GNAI1/CNR1/CXCL11/PDE4D/GNAZ/GNAQ/PTGER4/ADCY6/VIPR1/GCG/VIP/GLP2R/FFAR4,51
GO:0007091,metaphase/anaphase transition of mitotic cell cycle,34/1920,99/14198,0.343434343434343,2.53962542087542,6.07888050237352,1.07119314873099e-07,7.87404587009212e-06,7.87404587009212e-06,AURKB/MAD2L1/BUB1B/CDC6/BUB1/CDC20/ESPL1/TRIP13/ACTL6A/DYNC1I1/CDCA8/DPF3/HASPIN/CENPF/UBE2C/CENPE/CCNB1/RB1/KNTC1/TTK/DUSP1/SPC24/SKA3/SPDL1/FBXO5/PLK1/APC/KNL1/ZWINT/NUF2/SKA1/SPC25/BIRC5/DLGAP5,34
GO:1901987,regulation of cell cycle phase transition,93/1920,405/14198,0.22962962962963,1.69806327160494,5.63609134056615,1.1558291348944e-07,8.37480767454915e-06,8.37480767454915e-06,RPA4/MTBP/KIF14/BLM/AURKB/MAPK15/STK33/UBD/CDC14A/TTI1/PRKDC/INHBA/CLSPN/KLF4/ATAD5/MAD2L1/BUB1B/TIMELESS/CDC6/CDK4/FAM107A/BUB1/CDK2/TFAP4/CDC20/ESPL1/TRIP13/RBL1/ACTL6A/CDKN2B/CDC7/PKD1/CHEK1/APPL2/ANLN/DYNC1I1/CDCA8/CHMP4C/DPF3/HASPIN/RFC4/CENPF/DBF4/UBE2C/ATR/DTL/E2F1/BRCA2/CDK1/FOXN3/CDKN1A/RFC3/BRIP1/CENPE/CCNB1/RB1/KNTC1/STIL/TTK/EZH2/CDC25B/DUSP1/H2AX/SPC24/RFWD3/ORC1/NPM1/CDT1/SKA3/TICRR/SPDL1/CDC45/FBXO5/PLK1/PSMA7/APC/NABP1/E2F7/KNL1/ZWINT/RRM2/NUF2/SKA1/ADAMTS1/FHL1/SPC25/KCNA5/KANK2/AURKA/PKMYT1/BIRC5/FANCD2/DLGAP5,93
GO:0006937,regulation of muscle contraction,40/1920,127/14198,0.31496062992126,2.32906824146982,5.94938056598125,1.26086986391465e-07,9.00722809827479e-06,9.00722809827479e-06,SLC9A1/GJA5/JPH4/SCN4A/DMPK/P2RX4/CAMK2D/TNNT2/TACR2/ATP1A2/CHGA/CACNA1C/NOS1/MYOCD/CASQ2/RYR2/NMU/DMD/GPER1/ITGA2/CAV1/TACR1/TNNT3/PLN/PRKG1/SRI/KIT/EDN3/TNNI3/CALM1/KCNQ1/ANK2/TPM1/SMAD7/PDE4D/CACNB1/CNN1/SLC8A1/JPH2/CACNB2,40
GO:0044770,cell cycle phase transition,107/1920,488/14198,0.219262295081967,1.62139899248634,5.52391286546989,1.60971765305944e-07,1.13395665782187e-05,1.13395665782187e-05,RPA4/MTBP/KIF14/BLM/AURKB/MAPK15/MELK/STK33/UBD/CDC14A/TTI1/SKP2/PRKDC/INHBA/CCNB2/CLSPN/KLF4/ATAD5/MAD2L1/BUB1B/TIMELESS/CDC6/CDK4/FAM107A/CCNF/BUB1/CDK2/TFAP4/CDC20/FOXM1/ESPL1/TRIP13/CAMK2A/RBL1/ACTL6A/CDKN2B/CDC7/PKD1/CHEK1/APPL2/ANLN/DYNC1I1/CDCA8/CHMP4C/DPF3/HASPIN/RFC4/CENPF/DBF4/UBE2C/ATR/DTL/UBE2S/CCNJL/E2F1/BRCA2/CDK1/FOXN3/CDKN1A/RFC3/BRIP1/CENPE/CCNO/CCNB1/RB1/CDKN3/KNTC1/STIL/TTK/EZH2/NEK2/CDC25B/DUSP1/H2AX/SPC24/RFWD3/ORC1/NPM1/CDT1/SKA3/TICRR/SPDL1/CDC45/FBXO5/PLK1/PSMA7/APC/NABP1/E2F7/KNL1/ZWINT/RRM2/NUF2/SKA1/ADAMTS1/FHL1/SPC25/E2F3/KCNA5/KANK2/MYC/AURKA/PKMYT1/BIRC5/CCNA2/FANCD2/DLGAP5,107
GO:0031960,response to corticosteroid,38/1920,119/14198,0.319327731092437,2.36136204481793,5.8972060906338,1.73407550054222e-07,1.20482615599317e-05,1.20482615599317e-05,NEFL/CLDN1/PCK1/PRKN/PDX1/HSD11B2/RAN/HCN2/IL1RN/INHBA/CBX3/KLF9/ATP5F1A/NEUROD1/FOS/FAM107A/BCHE/TFAP4/UGT1A5/CARTPT/NR3C1/SCNN1G/GPER1/ZFP36/UGT1A8/UGT1A1/TDO2/NTRK3/DUSP1/UGT1A3/FOSB/PCNA/AXIN2/UGT1A4/SCNN1B/SSTR2/HMGCS2/UGT1A10,38
GO:0008016,regulation of heart contraction,45/1920,153/14198,0.294117647058824,2.1749387254902,5.77810131782559,2.01070747489645e-07,1.37083688207341e-05,1.37083688207341e-05,SLC9A1/GJA5/JPH4/EDNRA/DMPK/P2RX4/CAMK2D/TNNT2/CORIN/SPTBN4/ADRB1/ATP1A2/CHGA/CARTPT/KCNN2/CACNA1C/NOS1/HSPB7/CASQ2/RYR2/NMU/DMD/CAV1/AGT/PLN/ATP2A3/SRI/EDN3/KCND3/TNNI3/CALM1/FXYD1/DES/SCN4B/KCNQ1/ANK2/TPM1/SMAD7/GPD1L/PDE4D/KCNA5/SLC8A1/JPH2/CACNB2/SLC1A1,45
GO:0045787,positive regulation of cell cycle,67/1920,266/14198,0.25187969924812,1.86259790100251,5.6160061335956,2.02706557877574e-07,1.37083688207341e-05,1.37083688207341e-05,MTBP/KIF14/AURKB/MAPK15/FGFR2/CDC14A/IL1A/ATAD5/MAD2L1/PLK4/CDC6/NCAPG/RAD51AP1/CDK4/SVIL/FGFR1/KAT2B/CITED2/BUB1/CDC20/NUSAP1/ESPL1/CDC7/GPSM2/USP2/CHEK1/DYNC1I1/SPAG5/CDCA8/GIPC1/DBF4/UBE2C/DTL/RACGAP1/CDK1/KIF23/CCNB1/RB1/IL1B/STIL/EZH2/EDN3/CDC25B/BTC/NPM1/SOX15/SKA3/EREG/FBXO5/PLK1/SLC6A4/ECT2/NCAPG2/E2F7/LEF1/KNL1/SMC4/RRM2/SMC2/SKA1/DUSP3/ADAMTS1/KCNA5/AURKA/BIRC5/NCAPH/DLGAP5,67
GO:0007411,axon guidance,47/1920,163/14198,0.288343558282209,2.13224054192229,5.74925254638289,2.08858047188599e-07,1.39020463148285e-05,1.39020463148285e-05,KIF5C/CNTN1/SEMA6A/RELN/IGSF9/HMCN2/EDNRA/BSG/SEMA7A/TENM1/EPHB2/CXCL12/PTPRM/CNTN2/LGI1/PTPRO/UNC5C/ROBO3/PTPRH/EFNA3/CELSR3/NPTN/PLEKHG4/SEMA3B/DSCAML1/GAP43/ARHGEF25/NTN1/PTK7/EPHB3/EFNA5/EDN3/LGR6/VEGFA/MYOT/NRXN1/RET/ECE1/NCAM1/TENM2/SHH/YTHDF1/PALLD/NRXN3/GFRA3/EPHA7/NFIB,47
GO:0010959,regulation of metal ion transport,63/1920,245/14198,0.257142857142857,1.90151785714286,5.62870735541601,2.11052359274802e-07,1.39020463148285e-05,1.39020463148285e-05,BCL2/MYLK/KCNN4/KCNIP3/JPH4/NKAIN4/PCSK9/CXCL12/CHP1/GRIN1/CAMK2G/P2RX4/FXYD5/CXCL9/CAMK2D/ADCYAP1R1/CAMK2B/DPP6/SPTBN4/CAMK2A/ATP1A2/KCNN2/CACNA1C/TESC/NOS1/CASQ2/RYR2/DMD/GPER1/PLPP4/GRAMD2A/CCL3/CAV1/AGT/PLN/SRI/TRPV3/HOMER2/TREM2/CALM1/P2RX1/RGS9/FXYD1/SCN4B/CXCL10/STIM1/CEMIP/KCNQ1/ANK2/ABCC8/CXCL11/GPD1L/PDE4D/FHL1/CACNB1/AFG3L2/SLMAP/SLC8A1/JPH2/CACNB2/GCG/WNK3/PER1,63
GO:0007189,adenylate cyclase-activating G protein-coupled receptor signaling pathway,38/1920,120/14198,0.316666666666667,2.34168402777778,5.83654022893087,2.21086478154298e-07,1.4340847455501e-05,1.4340847455501e-05,OR51E2/GNA13/RAP1A/LPAR1/GNG2/ADCY9/ADGRF4/PRKAR2B/CXCL9/ADCYAP1R1/MAPK7/TACR2/ADRB1/CHGA/ADCY5/NOS1/GPER1/GNAL/TACR1/PRKACB/ADGRL3/PDE3A/NRXN1/DRD5/MC1R/PDE2A/CXCL10/GNAI1/CNR1/CXCL11/PDE4D/GNAQ/PTGER4/ADCY6/VIPR1/GCG/VIP/FFAR4,38
GO:0061844,antimicrobial humoral immune response mediated by antimicrobial peptide,30/1920,84/14198,0.357142857142857,2.64099702380952,5.96495910948219,2.23368877954373e-07,1.4340847455501e-05,1.4340847455501e-05,RPS19/H2BC15/H2BC10/H2BC9/REG3A/CCL13/CCL20/CXCL12/CXCL5/H2BC17/H2BC26/H2BC13/CXCL9/CCL11/CXCL8/H2BC14/CCL14/CCL3/CCL23/CCL3L3/CXCL6/H2BC11/CCL22/H2BC8/H2BC6/CXCL10/CXCL11/CXCL1/VIP/H2BC7,30
GO:0097485,neuron projection guidance,47/1920,164/14198,0.286585365853659,2.11923907520325,5.70084381513618,2.54945035524275e-07,1.6163515252239e-05,1.6163515252239e-05,KIF5C/CNTN1/SEMA6A/RELN/IGSF9/HMCN2/EDNRA/BSG/SEMA7A/TENM1/EPHB2/CXCL12/PTPRM/CNTN2/LGI1/PTPRO/UNC5C/ROBO3/PTPRH/EFNA3/CELSR3/NPTN/PLEKHG4/SEMA3B/DSCAML1/GAP43/ARHGEF25/NTN1/PTK7/EPHB3/EFNA5/EDN3/LGR6/VEGFA/MYOT/NRXN1/RET/ECE1/NCAM1/TENM2/SHH/YTHDF1/PALLD/NRXN3/GFRA3/EPHA7/NFIB,47
GO:0003015,heart process,50/1920,180/14198,0.277777777777778,2.0541087962963,5.62812524182018,3.08646436796207e-07,1.93266015732144e-05,1.93266015732144e-05,SLC9A1/GJA5/JPH4/SCN4A/EDNRA/DMPK/P2RX4/CAMK2D/TNNT2/CORIN/SPTBN4/ADRB1/TNNI2/ATP1A2/CHGA/CARTPT/KCNN2/CACNA1C/NOS1/HSPB7/CASQ2/RYR2/NMU/DMD/CAV1/AGT/PLN/ATP2A3/SRI/EDN3/GSN/KCND3/TNNI3/CALM1/FXYD1/DES/SCN4B/SCN9A/KCNQ1/ANK2/TPM1/SMAD7/SCN7A/GPD1L/PDE4D/KCNA5/SLC8A1/JPH2/CACNB2/SLC1A1,50
GO:0071384,cellular response to corticosteroid stimulus,23/1920,56/14198,0.410714285714286,3.03714657738095,6.04012555974232,3.20683336001923e-07,1.9835437563436e-05,1.9835437563436e-05,PCK1/RAN/HCN2/CBX3/KLF9/ATP5F1A/NEUROD1/FAM107A/TFAP4/UGT1A5/NR3C1/SCNN1G/GPER1/ZFP36/UGT1A8/UGT1A1/UGT1A3/AXIN2/UGT1A4/SCNN1B/SSTR2/HMGCS2/UGT1A10,23
GO:1903514,release of sequestered calcium ion into cytosol by endoplasmic reticulum,17/1920,34/14198,0.5,3.69739583333333,6.22696282213697,3.73783091857428e-07,2.27590253321284e-05,2.27590253321284e-05,RYR1/JPH4/CAMK2D/ITPR1/ATP1A2/CACNA1C/CASQ2/RYR2/DMD/CCL3/RYR3/SRI/CALM1/ANK2/PDE4D/SLC8A1/JPH2,17
GO:0042445,hormone metabolic process,48/1920,171/14198,0.280701754385965,2.07573099415205,5.59634435197857,3.76923921115691e-07,2.27590253321284e-05,2.27590253321284e-05,KLK6/BMP2/MEP1A/EGR1/DHRS9/BMP5/RETSAT/PLA2G7/ADH1B/CMA1/UGT2B15/SULT1B1/ANPEP/BCHE/CORIN/ADH1A/UGT1A5/CYP26B1/CES2/CPQ/FFAR3/TG/UGT1A8/AKR1B10/UGT1A1/CYP21A2/NR5A2/AKR1B15/DIO2/PAPSS2/CLCN2/CYP19A1/PCSK5/UGT1A3/DHRS11/UGT2B17/ECE1/HSD17B2/CYP2S1/TPO/UGT1A4/ADH1C/SHH/PRMT3/CEL/RDH5/UGT1A10/CTSG,48
GO:0001508,action potential,37/1920,118/14198,0.313559322033898,2.31870586158192,5.68817178597578,4.19056472322545e-07,2.50053462072935e-05,2.50053462072935e-05,SLC9A1/KCNA6/GJA5/HCN2/SCN4A/CAMK2D/ATP1A2/KCNN2/CACNA1C/NOS1/CASQ2/RYR2/DMD/GPER1/KCNA2/CAV1/TACR1/KCNB1/GNA14/CLCN2/GNA11/KCND3/CHRNA1/CALM1/P2RX1/SCN4B/SCN9A/KCNQ1/ANK2/SCN7A/GPD1L/KCNA5/SLMAP/SLC8A1/CACNB2/UNC79/KCNV2,37
GO:0008217,regulation of blood pressure,38/1920,123/14198,0.308943089430894,2.28456978319783,5.65810687991371,4.47986359316925e-07,2.64207769122726e-05,2.64207769122726e-05,OR51E2/GNA13/GPR37L1/HSD11B2/GJA5/EDNRA/RASL10B/P2RX4/CMA1/ANPEP/HBB/PTGS1/CORIN/ADRB1/CHGA/CARTPT/SCNN1G/NOS1/NMU/FFAR3/ACVRL1/TACR1/AGT/EDN3/PCSK5/GNA11/DRD5/TNNI3/P2RX1/SGK1/ECE1/KCNQ1/SCNN1B/TPM1/AGTRAP/ADAMTS16/CTSG/NOX1,38
GO:0071396,cellular response to lipid,107/1920,498/14198,0.214859437751004,1.58884077978581,5.28977692680171,4.62501825374545e-07,2.69633248080424e-05,2.69633248080424e-05,OR51E2/BTG2/CLDN1/RAP1A/WNT5B/PTGDR/CPT1A/PCK1/BRINP3/RAN/FGFR2/IRAK2/HCN2/GPLD1/LPAR1/GNG2/INHBA/PLSCR4/IL1A/CBX3/EPHB2/KLF9/KLF4/CXCL5/ATP5F1A/MMP3/NR1H4/SOX10/KIF18A/CD80/NEUROD1/FOS/CXCL9/FAM107A/MEF2C/TFAP4/WNT3/SOX9/CASP7/MYB/UGT1A5/CYP26B1/ATP1A2/CARTPT/ADCY5/NR3C1/CXCL8/TESC/SCNN1G/SFRP1/ADTRP/FFAR3/CYP24A1/GPER1/ITGA2/CYP27B1/ZFP36/UGT1A8/ZMIZ1/TCF21/E2F1/UGT1A1/NTRK3/CCNB1/RXRA/PTK7/CXCL6/PDCD4/IL1B/PAQR8/PPARGC1B/NR3C2/PDE3A/UGT1A3/AR/NFE2L1/PMEPA1/WNT9A/TREM2/PLPP1/RET/PGR/SLC6A4/PDK4/DAB2IP/CXCL10/AXIN2/GNAI1/UGT1A4/SCNN1B/SLC7A5/SSTR2/PADI2/MMP9/KANK2/FZD10/PTGER4/PTGDR2/HMGCS2/PID1/UGT1A10/CCNA2/ADCY6/JUND/CTSG/CAPN2/PER1,107
GO:0030003,intracellular monoatomic cation homeostasis,80/1920,344/14198,0.232558139534884,1.71971899224806,5.34367065842021,5.13847669734177e-07,2.96163111464971e-05,2.96163111464971e-05,SLC9A1/RYR1/SLC25A23/BCL2/CHRNA7/BMP2/EDNRA/CCL13/MT1F/WDR7/CXCL12/SLC4A11/SCARA5/CHP1/MT1M/CYBRD1/DMPK/SLC9A9/FXYD5/MT1X/CAMK2D/MT1H/CCL11/SV2B/SLC11A2/TFR2/SLC39A4/ITPR1/CA2/MT1E/ATP1A2/CARTPT/NPTN/SLC7A11/SLC30A10/TESC/SCNN1G/CNNM4/SLC26A3/CASQ2/RYR2/ROGDI/GPER1/CCL14/CCL3/CCL23/CAV1/RYR3/TRPC4/SLC9A3/SLC9A2/PLN/ATP2A3/MT2A/LRRK2/EDN3/CDH23/TF/CHP2/P2RY1/SLC4A4/MT1G/DRD5/TNNI3/KCNMA1/P2RX1/FXYD1/STIM1/HEPHL1/CNR1/ANK2/SCNN1B/SLC39A10/LETM1/AFG3L2/MYC/SLC8A1/TMPRSS3/CACNB2/SLC1A1,80
GO:0006873,intracellular monoatomic ion homeostasis,81/1920,350/14198,0.231428571428571,1.71136607142857,5.3286688692365,5.39669564434665e-07,3.07551014698047e-05,3.07551014698047e-05,SLC9A1/RYR1/SLC25A23/BCL2/CHRNA7/BMP2/EDNRA/CCL13/MT1F/WDR7/CXCL12/SLC4A11/SCARA5/CHP1/MT1M/CYBRD1/DMPK/SLC9A9/FXYD5/MT1X/CAMK2D/MT1H/CCL11/SV2B/SLC11A2/TFR2/SLC39A4/ITPR1/CA2/MT1E/ATP1A2/CARTPT/NPTN/SLC7A11/SLC30A10/TESC/SCNN1G/CNNM4/SLC26A3/CASQ2/RYR2/ROGDI/GPER1/CCL14/CCL3/CCL23/CAV1/RYR3/TRPC4/SLC9A3/SLC9A2/PLN/ATP2A3/MT2A/LRRK2/EDN3/CDH23/TF/CHP2/P2RY1/SLC4A4/MT1G/DRD5/TNNI3/KCNMA1/P2RX1/FXYD1/STIM1/HEPHL1/KCNQ1/CNR1/ANK2/SCNN1B/SLC39A10/LETM1/AFG3L2/MYC/SLC8A1/TMPRSS3/CACNB2/SLC1A1,81
GO:0003018,vascular process in circulatory system,53/1920,199/14198,0.266331658291457,1.96946712730318,5.44623290857291,5.92532775834247e-07,3.33925137670144e-05,3.33925137670144e-05,ZEB2/KLF2/TEK/GJA5/FLVCR2/EDNRA/HTR1D/SLC22A5/BDKRB2/CEACAM1/KAT2B/HBB/C2CD4A/SLC16A7/TACR2/SLC6A20/ADRB1/SLC7A1/ATP1A2/SLC38A5/NOS1/GPER1/CAV1/TACR1/AGT/PRKG1/ATP2A3/SLC22A3/SLC38A3/ABL1/EDN3/PDE3A/VEGFA/CLDN5/SVEP1/P2RY1/SLC4A4/ABCC2/SLC6A6/KCNMA1/SLC6A4/SLC5A6/PDE2A/ECE1/GAB1/SLC28A2/ABCC8/SLC13A3/SLC7A5/SLC2A4/SLC8A1/ADCY6/SLC1A1,53
GO:0070296,sarcoplasmic reticulum calcium ion transport,17/1920,35/14198,0.485714285714286,3.59175595238095,6.07065553043525,6.35372755495606e-07,3.54133034711397e-05,3.54133034711397e-05,RYR1/JPH4/CAMK2D/ATP1A2/CACNA1C/CASQ2/RYR2/DMD/CCL3/RYR3/PLN/SRI/CALM1/ANK2/PDE4D/SLC8A1/JPH2,17
GO:0014808,release of sequestered calcium ion into cytosol by sarcoplasmic reticulum,16/1920,32/14198,0.5,3.69739583333333,6.04061481901576,8.26938774417778e-07,4.55894941722497e-05,4.55894941722497e-05,RYR1/JPH4/CAMK2D/ATP1A2/CACNA1C/CASQ2/RYR2/DMD/CCL3/RYR3/SRI/CALM1/ANK2/PDE4D/SLC8A1/JPH2,16
GO:0016042,lipid catabolic process,68/1920,282/14198,0.24113475177305,1.78314125295508,5.25282021461361,9.26646314545396e-07,5.05370979287554e-05,5.05370979287554e-05,PLPP3/ETFDH/ACAA2/HPGD/ANGPTL3/ABCB11/APOC2/CPT1A/ACADVL/GPIHBP1/CPT2/PNPLA7/GPLD1/ACACB/FABP6/LIPG/FABP1/PLCD1/ALK/ACAA1/GBA3/PLAAT4/ECI2/PLA2G7/ABHD5/ACADS/MGLL/CRAT/CYP26B1/CARTPT/CYP39A1/NEU4/LIPC/ADTRP/CYP24A1/CYP4F12/ADHFE1/CYP27B1/ACAT1/APOC1/LIPH/PLCB4/AKR1B10/NAAA/GBA2/SPART/IL1B/PNPLA1/GDPD3/CYP19A1/PLA2G4E/PLAAT2/DPEP1/PLCD3/PLCD4/PLPP1/ACOX1/PRDX6/SMPD1/FAAH2/PAFAH1B3/LIPM/CYP4F3/CEL/FABP2/ABHD3/FUCA1/PLCE1,68
GO:0009612,response to mechanical stimulus,46/1920,166/14198,0.27710843373494,2.04915913654619,5.37676077397081,9.75691276429191e-07,5.26458101494559e-05,5.26458101494559e-05,SLC9A1/BTG2/PSPH/TEK/CXCL12/CNN2/FOS/FGF2/SOX9/TNFRSF8/PKD1/CHEK1/ATP1A2/TXNIP/RYR2/RETN/DMD/PDZD7/ATR/ITGA2/GAP43/TLR3/TACR1/PTN/CCNB1/KIT/IL1B/GSN/TNFRSF11A/P2RY1/NRXN1/FOSB/LRP11/PDE2A/COL11A1/CXCL10/SCN9A/KCNQ1/GAB1/STRA6/KCNA5/PTGER4/SLC8A1/JUND/CAPN2/ATP8A2,46
GO:1903522,regulation of blood circulation,50/1920,187/14198,0.267379679144385,1.97721702317291,5.31939635705865,1.07899084652543e-06,5.76067534060734e-05,5.76067534060734e-05,SLC9A1/GJA5/JPH4/EDNRA/BDKRB2/DMPK/P2RX4/CAMK2D/TNNT2/CORIN/SPTBN4/ADRB1/ATP1A2/CHGA/CARTPT/KCNN2/CACNA1C/NOS1/HSPB7/CASQ2/RYR2/NMU/DMD/CAV1/TACR1/AGT/PLN/ATP2A3/SRI/ABL1/EDN3/KCND3/SVEP1/TNNI3/CALM1/FXYD1/DES/SCN4B/ECE1/KCNQ1/ANK2/TPM1/SMAD7/GPD1L/PDE4D/KCNA5/SLC8A1/JPH2/CACNB2/SLC1A1,50
GO:0051781,positive regulation of cell division,27/1920,77/14198,0.350649350649351,2.5929788961039,5.54252613116674,1.34808780255121e-06,7.12239722347892e-05,7.12239722347891e-05,KIF14/AURKB/FGFR2/CDC14A/IL1A/CDC6/SVIL/FGF2/VEGFD/GAREM1/CDCA8/GIPC1/RACGAP1/KIF23/PTN/IL1B/FGF9/CDC25B/VEGFA/BTC/MACC1/EREG/PDGFA/ECT2/SHH/PGF/BIRC5,27
GO:1901654,response to ketone,46/1920,168/14198,0.273809523809524,2.02476438492064,5.2836606863582,1.40668763494626e-06,7.35538111798703e-05,7.35538111798703e-05,TGFBR3/NEFL/BTG2/CLDN1/PSPH/RAP1A/PTGDR/PCK1/PRKN/HCN2/GNG2/INHBA/CBX3/KLF9/ATP5F1A/SOX10/FOS/FGF2/TFAP4/CARTPT/ADCY5/NR3C1/TXNIP/SCNN1G/SFRP1/CAV1/TACR1/TDO2/PLN/NTRK3/LRRK2/DUSP1/AR/FOXP3/FOSB/PCNA/AXIN2/CA9/GNAI1/SCNN1B/GNAQ/PTGER4/PTGDR2/HMGCS2/ADCY6/JUND,46
GO:0051924,regulation of calcium ion transport,44/1920,158/14198,0.278481012658228,2.05930907172996,5.29483915884388,1.44062351839497e-06,7.45596171969315e-05,7.45596171969315e-05,BCL2/MYLK/KCNN4/JPH4/CXCL12/GRIN1/CAMK2G/P2RX4/CXCL9/CAMK2D/ADCYAP1R1/CAMK2B/CAMK2A/ATP1A2/CACNA1C/NOS1/CASQ2/RYR2/DMD/GPER1/PLPP4/GRAMD2A/CCL3/CAV1/PLN/SRI/TRPV3/HOMER2/CALM1/P2RX1/RGS9/CXCL10/STIM1/CEMIP/ANK2/CXCL11/PDE4D/CACNB1/AFG3L2/SLC8A1/JPH2/CACNB2/GCG/WNK3,44
GO:0051988,regulation of attachment of spindle microtubules to kinetochore,13/1920,23/14198,0.565217391304348,4.17966485507246,6.03488254325033,1.47900188504943e-06,7.57727026360677e-05,7.57727026360677e-05,AURKB/KAT2B/SPAG5/CDCA8/RACGAP1/CDK1/CCNB1/KNTC1/NEK2/ECT2/APC/KNSTRN/BIRC5,13
GO:0042755,eating behavior,11/1920,17/14198,0.647058823529412,4.78486519607843,6.17456745074795,1.51861372671034e-06,7.70240882187485e-05,7.70240882187485e-05,CPT1A/GDF15/CNTN2/GUCA2B/CARTPT/NPY1R/NMU/PYY/TACR1/P2RY1/GNAI1,11
GO:0071459,"protein localization to chromosome, centromeric region",17/1920,37/14198,0.45945945945946,3.39760698198198,5.77453457823606,1.702441512921e-06,8.54929044904488e-05,8.54929044904488e-05,MTBP/AURKB/H4C11/CENPA/HASPIN/H4C9/CDK1/H4C12/H4C14/H4C15/RB1/KNTC1/TTK/H2BC11/H2AC8/SPDL1/KNL1,17
GO:0051384,response to glucocorticoid,32/1920,101/14198,0.316831683168317,2.34290429042904,5.35583870409729,1.93121979320065e-06,9.60308508932718e-05,9.60308508932718e-05,NEFL/CLDN1/PCK1/PRKN/PDX1/HSD11B2/IL1RN/CBX3/KLF9/ATP5F1A/NEUROD1/FOS/FAM107A/BCHE/TFAP4/UGT1A5/CARTPT/NR3C1/ZFP36/UGT1A8/UGT1A1/TDO2/NTRK3/DUSP1/UGT1A3/FOSB/PCNA/AXIN2/UGT1A4/SSTR2/HMGCS2/UGT1A10,32
GO:0070252,actin-mediated cell contraction,30/1920,92/14198,0.326086956521739,2.41134510869565,5.37044517485528,2.05420807562758e-06,0.000101154789898865,0.000101154789898865,SLC9A1/ZEB2/GJA5/SCN4A/CAMK2D/TNNT2/MYH2/ATP1A2/KCNN2/CACNA1C/NOS1/CASQ2/RYR2/MYH3/CAV1/PLN/SRI/GSN/KCND3/TNNI3/SCN4B/SCN9A/KCNQ1/ANK2/TPM1/SCN7A/GPD1L/PDE4D/KCNA5/CACNB2,30
GO:0006941,striated muscle contraction,49/1920,186/14198,0.263440860215054,1.94809027777778,5.14684621425322,2.19016855243682e-06,0.000106812835557303,0.000106812835557303,SLC9A1/RYR1/RPL36A/GJA5/JPH4/SCN4A/DMPK/P2RX4/CAMK2D/TNNT2/TNNI2/SYNM/ATP1A2/CHGA/KCNN2/CACNA1C/NOS1/CASQ2/RYR2/DMD/MB/MYH3/CAV1/RYR3/TNNT3/PLN/SRI/DTNA/GSN/KCND3/SMPX/TNNI3/CHRNA1/CALM1/SCN4B/SCN9A/RCSD1/STAC/KCNQ1/ANK2/TPM1/SMAD7/SCN7A/GPD1L/PDE4D/KCNA5/SLC8A1/JPH2/CACNB2,49
GO:0010882,regulation of cardiac muscle contraction by calcium ion signaling,14/1920,27/14198,0.518518518518519,3.83433641975309,5.82932301745035,2.32203907885482e-06,0.000112165544837635,0.000112165544837635,SLC9A1/JPH4/CAMK2D/ATP1A2/CACNA1C/NOS1/CASQ2/RYR2/DMD/TNNI3/CALM1/ANK2/SLC8A1/JPH2,14
GO:0034762,regulation of transmembrane transport,66/1920,278/14198,0.237410071942446,1.75559802158273,5.03128227239112,2.37490071840858e-06,0.000113636758903475,0.000113636758903475,RAP1A/KCNN4/KCNIP3/JPH4/EDNRA/PCSK9/CHP1/GRIN1/DAPK1/P2RX4/PTPRM/FXYD5/CXCL9/CAMK2D/ADCYAP1R1/DPP6/VAMP2/CA2/ATP1A2/CARTPT/APPL2/KCNN2/CACNA1C/C1QTNF12/TESC/NOS1/CASQ2/RYR2/DMD/GPER1/CNIH3/CAV1/AGT/PLN/SRI/IL1B/ITLN1/CALM1/P2RX1/RGS9/GRIN2D/FXYD1/CXCL10/STIM1/CEMIP/STAC/KCNQ1/ANK2/CXCL11/SLC7A5/PDE4D/PRKCB/FHL1/CACNB1/AFG3L2/MMP9/SLMAP/SORBS1/SLC8A1/PID1/JPH2/CACNB2/TRIB3/WNK3/FFAR4/CLIP3,66
GO:0050804,modulation of chemical synaptic transmission,80/1920,357/14198,0.224089635854342,1.65709617180205,4.97238103958466,2.44126598245252e-06,0.000115720570682236,0.000115720570682236,NEFL/NLGN1/TMEM25/ACHE/KAT2A/CACNA1A/RAP1A/PDE9A/RELN/ELOVL4/PRKN/CHRNA7/GNAO1/JPH4/EPHB2/GRIN1/CAMK2G/RIMS1/MAPT/PRKAR2B/LGI1/FAM107A/CAMK2D/MPP2/MEF2C/CAMK2B/BCHE/SV2B/CDC20/TACR2/PRRT2/PMCH/VAMP2/NEURL1/CAMK2A/PLCL2/ATP1A2/NPTN/PLCL1/GIPC1/NMU/RETN/ARHGAP44/GPER1/NLGN4X/TACR1/KCNB1/GRIK3/PTN/SLITRK5/KIT/IL1B/LRRK2/ABL1/HOMER2/SYP/P2RY1/NRXN1/SYNGR1/GRM8/CHRNA1/SLC6A6/CALM1/NTRK2/P2RX1/SLC6A4/GRIN2D/CPEB3/LRP8/PRKCB/YTHDF1/PACSIN2/NRXN3/SYT8/APBA1/EPHA7/C1QL1/SYN1/RAB3A/SLC1A1,80
GO:0099177,regulation of trans-synaptic signaling,80/1920,359/14198,0.222841225626741,1.64786443825441,4.91659123388918,3.06457293405729e-06,0.000143921425199431,0.000143921425199431,NEFL/NLGN1/TMEM25/ACHE/KAT2A/CACNA1A/RAP1A/PDE9A/RELN/ELOVL4/PRKN/CHRNA7/GNAO1/JPH4/EPHB2/GRIN1/CAMK2G/RIMS1/MAPT/PRKAR2B/LGI1/FAM107A/CAMK2D/MPP2/MEF2C/CAMK2B/BCHE/SV2B/CDC20/TACR2/PRRT2/PMCH/VAMP2/NEURL1/CAMK2A/PLCL2/ATP1A2/NPTN/PLCL1/GIPC1/NMU/RETN/ARHGAP44/GPER1/NLGN4X/TACR1/KCNB1/GRIK3/PTN/SLITRK5/KIT/IL1B/LRRK2/ABL1/HOMER2/SYP/P2RY1/NRXN1/SYNGR1/GRM8/CHRNA1/SLC6A6/CALM1/NTRK2/P2RX1/SLC6A4/GRIN2D/CPEB3/LRP8/PRKCB/YTHDF1/PACSIN2/NRXN3/SYT8/APBA1/EPHA7/C1QL1/SYN1/RAB3A/SLC1A1,80
GO:0097553,calcium ion transmembrane import into cytosol,39/1920,137/14198,0.284671532846715,2.10508667883212,5.1396508145293,3.11996194120929e-06,0.000145178412530399,0.000145178412530399,RYR1/CACNA1A/KCNN4/JPH4/GRIN1/P2RX4/CXCL9/FGF2/CAMK2D/ADCYAP1R1/ERO1A/PLCL2/ITPR1/ATP1A2/CACNA1C/PLCL1/NOS1/CASQ2/RYR2/DMD/GPER1/CCL3/CAV1/PLCB4/RYR3/SRI/TRPV3/CALM1/P2RX1/GRIN2D/CXCL10/CEMIP/ANK2/CXCL11/LETM1/PDE4D/SLC8A1/JPH2/PLCE1,39
GO:0006942,regulation of striated muscle contraction,26/1920,76/14198,0.342105263157895,2.52979714912281,5.28783178212304,3.57263262545188e-06,0.000164730842511745,0.000164730842511745,SLC9A1/GJA5/JPH4/SCN4A/DMPK/P2RX4/CAMK2D/ATP1A2/CHGA/CACNA1C/NOS1/CASQ2/RYR2/DMD/CAV1/TNNT3/PLN/SRI/TNNI3/CALM1/KCNQ1/ANK2/SMAD7/PDE4D/SLC8A1/JPH2,26
GO:0051984,positive regulation of chromosome segregation,14/1920,28/14198,0.5,3.69739583333333,5.64968018141134,4.06647509360941e-06,0.000185812267340423,0.000185812267340423,AURKB/CDC6/NCAPG/KAT2B/CDCA8/CDK1/CCNB1/SKA3/NCAPG2/SMC4/SMC2/SKA1/BIRC5/NCAPH,14
GO:0044786,cell cycle DNA replication,17/1920,39/14198,0.435897435897436,3.22337072649573,5.49810446112346,4.17573829742567e-06,0.000189101291469134,0.000189101291469134,BLM/POLA1/DACH1/ATAD5/CDC7/LIG1/MCM4/DBF4/BRCA2/MCM2/CDT1/CDC45/FBXO5/E2F7/PCNA/GINS1/RTEL1,17
GO:0010880,regulation of release of sequestered calcium ion into cytosol by sarcoplasmic reticulum,13/1920,25/14198,0.52,3.84529166666667,5.63055225920751,5.16026838015276e-06,0.000231618417912697,0.000231618417912697,JPH4/CAMK2D/ATP1A2/CACNA1C/CASQ2/RYR2/DMD/SRI/CALM1/ANK2/PDE4D/SLC8A1/JPH2,13
GO:0055074,calcium ion homeostasis,42/1920,155/14198,0.270967741935484,2.00375,4.96874318627255,5.30532423764232e-06,0.000236040390643174,0.000236040390643174,RYR1/SLC25A23/BCL2/CHRNA7/EDNRA/CCL13/CXCL12/GRIN1/DMPK/FGFR1/CAMK2D/CCL11/SV2B/ITPR1/CARTPT/NPTN/CASQ2/RYR2/GPER1/CCL14/CCL3/CYP27B1/CCL23/CAV1/RYR3/TRPC4/PLN/ATP2A3/EDN3/CDH23/P2RY1/DRD5/TNNI3/P2RX1/STIM1/CNR1/ANK2/LETM1/AFG3L2/SLC8A1/JPH2/CACNB2,42
GO:0051899,membrane depolarization,25/1920,73/14198,0.342465753424658,2.53246289954338,5.19089521293019,5.35668057615445e-06,0.00023625290332396,0.00023625290332396,BCL2/CHRNA7/GJA5/HCN2/P2RX4/CAMK2D/ATP1A2/CACNA1C/CAV1/TRPC4/LRRK2/ABL1/CLCN2/CHRNA1/SLC6A4/SCN4B/SCN9A/ANK2/SMAD7/GPD1L/FHL1/GNAQ/SLMAP/SLC8A1/CACNB2,25
GO:0086003,cardiac muscle cell contraction,24/1920,69/14198,0.347826086956522,2.57210144927536,5.17647942152687,6.04862334404981e-06,0.000264470841388109,0.000264470841388109,SLC9A1/GJA5/SCN4A/CAMK2D/ATP1A2/KCNN2/CACNA1C/NOS1/CASQ2/RYR2/CAV1/PLN/SRI/GSN/KCND3/SCN4B/SCN9A/KCNQ1/ANK2/SCN7A/GPD1L/PDE4D/KCNA5/CACNB2,24
GO:0006883,intracellular sodium ion homeostasis,12/1920,22/14198,0.545454545454545,4.03352272727273,5.63075760644086,6.26859367303839e-06,0.000271746214612399,0.000271746214612399,SLC9A1/CHP1/FXYD5/ATP1A2/TESC/SCNN1G/SLC9A3/CHP2/FXYD1/SCNN1B/SLC8A1/TMPRSS3,12
GO:1900006,positive regulation of dendrite development,9/1920,13/14198,0.692307692307692,5.11947115384615,5.87602403025776,6.35238792113837e-06,0.000273045013017066,0.000273045013017066,BMP7/BMP5/ALK/PTN/EZH2/ABL1/DAB2IP/LRP8/ZDHHC15,9
GO:0055117,regulation of cardiac muscle contraction,23/1920,65/14198,0.353846153846154,2.61661858974359,5.16573541704274,6.76707046967757e-06,0.000288425053968106,0.000288425053968106,SLC9A1/GJA5/JPH4/P2RX4/CAMK2D/ATP1A2/CHGA/CACNA1C/NOS1/CASQ2/RYR2/DMD/CAV1/PLN/SRI/TNNI3/CALM1/KCNQ1/ANK2/SMAD7/PDE4D/SLC8A1/JPH2,23
GO:0090075,relaxation of muscle,14/1920,29/14198,0.482758620689655,3.56989942528736,5.47810834074359,6.88475489590818e-06,0.000290995640267053,0.000290995640267053,P2RX4/CAMK2D/ATP1A2/CHGA/CARTPT/PLN/PRKG1/SRI/GSN/P2RY1/GNAI1/ABCC8/PDE4D/SLC8A1,14
GO:0051302,regulation of cell division,42/1920,157/14198,0.267515923566879,1.97822452229299,4.87387563350468,7.52399404308493e-06,0.000315385932120056,0.000315385932120056,KAT2A/KIF14/BLM/AURKB/INSC/FGFR2/CDC14A/IL1A/CDC6/SVIL/FGF2/VEGFD/GAREM1/TXNIP/CDCA8/GIPC1/CHMP4C/KIF18B/RACGAP1/KIF23/PTN/IL1B/FGF9/CDC25B/PDXP/VEGFA/KIF20A/BTC/MACC1/EREG/PDGFA/CALM1/PLK1/ECT2/E2F7/SMYD5/PRC1/SHH/PGF/MYC/AURKA/BIRC5,42
GO:1904062,regulation of monoatomic cation transmembrane transport,48/1920,189/14198,0.253968253968254,1.87804232804233,4.80538156561529,8.2306350665944e-06,0.000342178533260384,0.000342178533260383,KCNN4/KCNIP3/JPH4/EDNRA/PCSK9/CHP1/GRIN1/P2RX4/FXYD5/CXCL9/CAMK2D/ADCYAP1R1/DPP6/ATP1A2/KCNN2/CACNA1C/TESC/NOS1/CASQ2/RYR2/DMD/GPER1/CAV1/AGT/PLN/SRI/CALM1/P2RX1/RGS9/GRIN2D/FXYD1/CXCL10/STIM1/CEMIP/STAC/KCNQ1/ANK2/CXCL11/PDE4D/FHL1/CACNB1/AFG3L2/MMP9/SLMAP/SLC8A1/JPH2/CACNB2/WNK3,48
GO:0006816,calcium ion transport,70/1920,311/14198,0.22508038585209,1.66442256162915,4.68495516466877,8.73452485165153e-06,0.000359513270212527,0.000359513270212527,RYR1/SLC25A23/CACNA1A/BCL2/MYLK/CHRNA7/ANO9/KCNN4/JPH4/EDNRA/CXCL12/GRIN1/CAMK2G/TMEM37/P2RX4/CXCL9/FGF2/CAMK2D/ADCYAP1R1/CAMK2B/ERO1A/CAMK2A/PLCL2/ITPR1/CHRFAM7A/PKD1/ATP1A2/CACNA1C/PLCL1/NOS1/CASQ2/RYR2/DMD/GPER1/PLPP4/GRAMD2A/CCL3/CYP27B1/CAV1/PLCB4/RYR3/TRPC4/PLN/ATP2A3/SRI/TRPM6/TRPV3/CDH23/CNGA3/HOMER2/CHRNA1/CALM1/P2RX1/RGS9/GRIN2D/CXCL10/STIM1/CEMIP/ANK2/CXCL11/LETM1/PDE4D/CACNB1/AFG3L2/SLC8A1/JPH2/CACNB2/GCG/WNK3/PLCE1,70
GO:0019731,antibacterial humoral response,20/1920,53/14198,0.377358490566038,2.79048742138365,5.16407836691204,8.78936228437566e-06,0.000359513270212527,0.000359513270212527,IGHG4/H2BC15/H2BC10/H2BC9/IGHG2/H2BC17/H2BC26/H2BC13/H2BC14/DAO/SPRR2A/H2BC11/TF/H2BC8/IGHG1/H2BC6/IGHG3/CTSG/VIP/H2BC7,20
GO:0002251,organ or tissue specific immune response,17/1920,41/14198,0.414634146341463,3.0661331300813,5.23901576033496,9.48919160194583e-06,0.000385033438440554,0.000385033438440554,H2BC15/H2BC10/H2BC9/H2BC17/H2BC26/H2BC13/CLDN2/H2BC14/FFAR3/IL6R/CD160/H2BC11/ZBTB16/H2BC8/OTUD7B/H2BC6/H2BC7,17
GO:0060537,muscle tissue development,53/1920,217/14198,0.244239631336406,1.80610119047619,4.73189830638989,9.68039641135209e-06,0.000389674369828395,0.000389674369828395,TGFBR3/RYR1/KAT2A/FOXP2/MYLK/BMP2/GJA5/FGFR2/EDNRA/MEGF10/BMP7/BMP5/RBM24/SVIL/FGF2/MEF2C/MYORG/TNNT2/NEURL1/HDAC9/CYP26B1/MYOCD/RYR2/DMD/MYH11/CAV1/TCF21/CDK1/CCNB1/ABL1/MSX2/FER1L6/VEGFA/EFEMP2/PGM5/SOX15/SORBS2/TNNI3/CHRNA1/TP73/ITGA8/TPM1/CSRP1/SMAD7/STRA6/SHH/ACTA1/SLC8A1/JPH2/NEBL/ASB2/NRAP/MYOM1,53
GO:0006874,intracellular calcium ion homeostasis,38/1920,138/14198,0.27536231884058,2.03624698067633,4.8372134526464,9.77060102845148e-06,0.000390208570207133,0.000390208570207133,RYR1/SLC25A23/BCL2/CHRNA7/EDNRA/CCL13/CXCL12/DMPK/CAMK2D/CCL11/SV2B/ITPR1/CARTPT/NPTN/CASQ2/RYR2/GPER1/CCL14/CCL3/CCL23/CAV1/RYR3/TRPC4/PLN/ATP2A3/EDN3/CDH23/P2RY1/DRD5/TNNI3/P2RX1/STIM1/CNR1/ANK2/LETM1/AFG3L2/SLC8A1/CACNB2,38
GO:0051209,release of sequestered calcium ion into cytosol,29/1920,94/14198,0.308510638297872,2.28137189716312,4.92893468305132,1.03242827721903e-05,0.000409099704848041,0.000409099704848041,RYR1/JPH4/CXCL9/FGF2/CAMK2D/ERO1A/PLCL2/ITPR1/ATP1A2/CACNA1C/PLCL1/CASQ2/RYR2/DMD/GPER1/CCL3/PLCB4/RYR3/SRI/CALM1/CXCL10/CEMIP/ANK2/CXCL11/LETM1/PDE4D/SLC8A1/JPH2/PLCE1,29
GO:0055082,intracellular chemical homeostasis,101/1920,496/14198,0.203629032258065,1.50579427083333,4.53427497092433,1.15478814725126e-05,0.000454037634330108,0.000454037634330108,SLC9A1/RYR1/SLC25A23/BCL2/PCK1/PRKN/CHRNA7/PDX1/BMP2/GPLD1/EDNRA/CCL13/MT1F/WDR7/CXCL12/SLC4A11/SCARA5/CHP1/MT1M/CYBRD1/DMPK/NR1H4/CMA1/SLC9A9/FXYD5/MT1X/CAMK2D/MT1H/CCL11/SV2B/SLC11A2/TFR2/SLC39A4/ITPR1/CA2/MT1E/ATP1A2/CARTPT/ADCY5/NPTN/SLC7A11/SLC30A10/TESC/SCNN1G/CNNM4/SLC26A3/CASQ2/RYR2/ROGDI/GPER1/CCL14/CCL3/CCL23/CAV1/RYR3/KCNB1/TRPC4/SLC9A3/SLC9A2/PLN/ATP2A3/SRI/FOXA2/MT2A/ARRB1/LRRK2/EFNA5/SLC38A3/EDN3/CDH23/TF/CHP2/P2RY1/TREM2/SLC4A4/MT1G/DRD5/TNNI3/KCNMA1/P2RX1/SOX4/HIF3A/FXYD1/STIM1/HEPHL1/KCNQ1/CNR1/ANK2/SCNN1B/SLC39A10/ABCC8/LETM1/AFG3L2/MYC/SLC8A1/TMPRSS3/CACNB2/PPARGC1A/EPAS1/GCG/SLC1A1,101
GO:0043270,positive regulation of monoatomic ion transport,37/1920,134/14198,0.276119402985075,2.04184546019901,4.79166408841137,1.18930896697993e-05,0.000464013467732478,0.000464013467732478,MYLK/KCNN4/EDNRA/CXCL12/CHP1/GRIN1/P2RX4/FXYD5/CXCL9/ADCYAP1R1/TACR2/CAMK2A/TESC/NOS1/GPER1/CCL3/CAV1/SRI/TRPV3/TREM2/P2RX1/SLC6A4/FXYD1/SCN4B/CXCL10/STIM1/CEMIP/STAC/KCNQ1/ANK2/ABCC8/CXCL11/GPD1L/FHL1/CACNB2/GCG/WNK3,37
GO:0002027,regulation of heart rate,26/1920,81/14198,0.320987654320988,2.37363683127572,4.90262098823101,1.33167772635952e-05,0.000515593086114158,0.000515593086114158,EDNRA/CAMK2D/SPTBN4/ADRB1/CARTPT/CACNA1C/CASQ2/RYR2/NMU/DMD/CAV1/PLN/SRI/EDN3/KCND3/CALM1/SCN4B/KCNQ1/ANK2/TPM1/GPD1L/PDE4D/KCNA5/SLC8A1/CACNB2/SLC1A1,26
GO:1903169,regulation of calcium ion transmembrane transport,30/1920,100/14198,0.3,2.2184375,4.83514602629145,1.35543676433996e-05,0.000520816308237296,0.000520816308237296,KCNN4/JPH4/GRIN1/P2RX4/CXCL9/CAMK2D/ADCYAP1R1/ATP1A2/CACNA1C/NOS1/CASQ2/RYR2/DMD/GPER1/CAV1/PLN/SRI/CALM1/P2RX1/RGS9/CXCL10/CEMIP/ANK2/CXCL11/PDE4D/CACNB1/AFG3L2/SLC8A1/JPH2/CACNB2,30
GO:0002385,mucosal immune response,16/1920,38/14198,0.421052631578947,3.11359649122807,5.15902154927907,1.37156636900691e-05,0.000523051475458875,0.000523051475458875,H2BC15/H2BC10/H2BC9/H2BC17/H2BC26/H2BC13/CLDN2/H2BC14/FFAR3/CD160/H2BC11/ZBTB16/H2BC8/OTUD7B/H2BC6/H2BC7,16
GO:0086001,cardiac muscle cell action potential,24/1920,72/14198,0.333333333333333,2.46493055555556,4.92786470674994,1.38772099044262e-05,0.000523880370051078,0.000523880370051078,GJA5/HCN2/SCN4A/CAMK2D/ATP1A2/KCNN2/CACNA1C/NOS1/CASQ2/RYR2/DMD/CAV1/KCND3/CALM1/SCN4B/SCN9A/KCNQ1/ANK2/SCN7A/GPD1L/KCNA5/SLMAP/SLC8A1/CACNB2,24
GO:0007631,feeding behavior,17/1920,42/14198,0.404761904761905,2.99312996031746,5.1153467312447,1.39439767265173e-05,0.000523880370051078,0.000523880370051078,CPT1A/GDF15/CNTN2/FOS/PMCH/GUCA2B/CARTPT/NPY1R/NMU/RETN/PYY/TACR1/P2RY1/MC1R/GNAI1/STRA6/GCG,17
GO:0048545,response to steroid hormone,62/1920,270/14198,0.22962962962963,1.69806327160494,4.57949281904634,1.46094153581638e-05,0.000544845255122108,0.000544845255122107,NEFL/OR51E2/CLDN1/PCK1/PRKN/PDX1/HSD11B2/RAN/HCN2/IL1RN/INHBA/CBX3/KLF9/ATP5F1A/SOX10/NEUROD1/FOS/FAM107A/BCHE/TFAP4/UGT1A5/ATP1A2/CARTPT/NR3C1/TXNIP/SCNN1G/SFRP1/ADTRP/GPER1/ZFP36/UGT1A8/CAV1/ZMIZ1/TCF21/TACR1/UGT1A1/TDO2/NTRK3/RXRA/SST/PAQR8/DUSP1/PPARGC1B/NR3C2/PDE3A/UGT1A3/AR/PMEPA1/PLPP1/PGR/FOSB/PCNA/AXIN2/UGT1A4/SCNN1B/SSTR2/PADI2/KANK2/HMGCS2/UGT1A10/JUND/PER1,62
GO:0033044,regulation of chromosome organization,56/1920,238/14198,0.235294117647059,1.73995098039216,4.5523307717679,1.77899885829693e-05,0.000658619139363651,0.000658619139363651,AURKB/MAPK15/KLF4/MAD2L1/BUB1B/CDC6/MAPT/NCAPG/KAT2B/BUB1/CDK2/GNL3/CDC20/ESPL1/TRIP13/ACTL6A/NCAPD2/DYNC1I1/CDCA8/DPF3/CCT6A/HASPIN/CENPF/UBE2C/ATR/DKC1/CDK1/CENPE/CCNB1/RB1/KNTC1/TTK/NEK2/DUSP1/PKIB/SPC24/SKA3/SPDL1/FBXO5/PLK1/APC/KNL1/ZWINT/SMC4/ACTR5/NUF2/AXIN2/SMC2/SKA1/SPC25/RTEL1/MYC/BIRC5/CCT2/NCAPH/DLGAP5,56
GO:0007517,muscle organ development,47/1920,189/14198,0.248677248677249,1.83891644620811,4.59125203529552,1.84180010950312e-05,0.000676928272130422,0.000676928272130422,TGFBR3/RYR1/FOXP2/MYLK/BMP2/FGFR2/EDNRA/MEGF10/RBM24/SVIL/KY/MEF2C/MYORG/TNNT2/NEURL1/HDAC9/USP2/CYP26B1/SGCA/MYOCD/RYR2/MUSTN1/DPF3/DMD/CENPF/POU6F1/MYH3/CAV1/TCF21/FER1L6/EFEMP2/SMTN/SOX15/TNNI3/CHRNA1/DES/CXCL10/TPM1/SMAD7/STRA6/SHH/FHL1/ACTA1/LARGE1/MEF2D/JPH2/MYOM1,47
GO:0071385,cellular response to glucocorticoid stimulus,18/1920,47/14198,0.382978723404255,2.83204787234043,4.97481886214462,1.93875459542496e-05,0.000707436209208304,0.000707436209208304,PCK1/CBX3/KLF9/ATP5F1A/NEUROD1/FAM107A/TFAP4/UGT1A5/NR3C1/ZFP36/UGT1A8/UGT1A1/UGT1A3/AXIN2/UGT1A4/SSTR2/HMGCS2/UGT1A10,18
GO:0033260,nuclear DNA replication,15/1920,35/14198,0.428571428571429,3.16919642857143,5.08089671159438,1.97120199914424e-05,0.0007141383242614,0.0007141383242614,BLM/POLA1/DACH1/ATAD5/CDC7/LIG1/MCM4/DBF4/BRCA2/MCM2/CDT1/CDC45/PCNA/GINS1/RTEL1,15
GO:0045132,meiotic chromosome segregation,17/1920,43/14198,0.395348837209302,2.92352228682171,4.99530033372122,2.01727795432562e-05,0.000725647786123371,0.000725647786123371,MAPK15/DCAF13/SYCP2/SGO1/ESPL1/TRIP13/MND1/TTK/SGO2/SKA3/KNL1/ZWINT/SMC4/NUF2/SKA1/NCAPH/FANCD2,17
GO:0030048,actin filament-based movement,32/1920,112/14198,0.285714285714286,2.11279761904762,4.67537497632522,2.14336405979501e-05,0.000765573416287344,0.000765573416287344,SLC9A1/ZEB2/GJA5/SCN4A/CAMK2D/TNNT2/MYH2/ATP1A2/KCNN2/CACNA1C/NOS1/CASQ2/RYR2/SUN2/MYH3/CAV1/PLN/SRI/GSN/KCND3/TNNI3/MYO1C/SCN4B/SCN9A/KCNQ1/ANK2/TPM1/SCN7A/GPD1L/PDE4D/KCNA5/CACNB2,32
GO:0007507,heart development,75/1920,350/14198,0.214285714285714,1.58459821428571,4.37908192503433,2.62175732027759e-05,0.000929898820171185,0.000929898820171185,TGFBR3/RYR1/RBM20/KAT2A/FOXF1/TEK/BMP2/GJA5/FGFR2/ACACB/EDNRA/BMP7/INHBA/BMP5/RBM24/SCUBE1/CPE/CRIPTO/KAT2B/FGF2/CITED2/MEF2C/TNNT2/SOX9/HDAC9/DCHS2/PKD1/NPY1R/CACNA1C/MYOCD/HSPB7/CRIPTO3/RYR2/GPER1/POU6F1/ACVRL1/MYH11/CDK1/CDKN1A/NTRK3/CCNB1/RB1/PDCD4/STIL/FOLR1/ABL1/MSX2/FER1L6/VEGFA/PCSK5/CLDN5/SORBS2/CDKL1/TNNI3/TP73/SOX4/APC/PDE2A/PCNA/PDLIM2/ECE1/AXIN2/KCNQ1/ANK2/TPM1/SMAD7/STRA6/SHH/LDB3/SLC8A1/MEF2D/JPH2/NEBL/ASB2/NRAP,75
GO:0009887,animal organ morphogenesis,98/1920,489/14198,0.20040899795501,1.48198278800273,4.28911965287418,3.03389527485631e-05,0.00106860533569939,0.00106860533569939,TGFBR3/RYR1/RBM20/NKD1/SEMA6A/FOXF1/MYLK/TEK/ETV7/PDX1/BMP2/GJA5/FGFR2/TSPEAR/EDNRA/BSG/BMP7/INHBA/BMP5/EPHB2/PBX1/TMT1A/ASXL3/PTPRM/NEUROD1/CPE/TMEM59L/RBPMS2/FGFR1/FGF2/CITED2/MEF2C/TNNT2/ONECUT2/SOX9/HOXB9/SAPCD2/SOX5/CYP26B1/DCHS2/PKD1/ATG9B/NPY1R/TREH/RYR2/ROGDI/DSCAML1/PBX4/PDZD7/ITGA2/ACVRL1/CAV1/TCF21/TACSTD2/FOXF2/AGT/COL28A1/PDCD4/STIL/LRRK2/EFNA5/FOLR1/MSX2/PPP2R3A/VEGFA/RPGRIP1L/ACTG2/CLDN5/EFEMP2/WLS/MMP13/SP6/WNT9A/TNNI3/EREG/PDGFA/SOX4/SLC6A4/APC/CTSH/COL11A1/STIM1/AXIN2/KCNQ1/TPM1/LIF/SMAD7/STRA6/SHH/FHL1/ACTA1/MYC/IRX2/CELSR1/NFIB/ASB2/LFNG/ATP8A2,98
GO:0034765,regulation of monoatomic ion transmembrane transport,48/1920,198/14198,0.242424242424242,1.79267676767677,4.4417058894534,3.07157963963662e-05,0.00107441737463703,0.00107441737463703,KCNN4/KCNIP3/JPH4/EDNRA/PCSK9/CHP1/GRIN1/P2RX4/FXYD5/CXCL9/CAMK2D/ADCYAP1R1/DPP6/ATP1A2/KCNN2/CACNA1C/TESC/NOS1/CASQ2/RYR2/DMD/GPER1/CAV1/AGT/PLN/SRI/CALM1/P2RX1/RGS9/GRIN2D/FXYD1/CXCL10/STIM1/CEMIP/STAC/KCNQ1/ANK2/CXCL11/PDE4D/FHL1/CACNB1/AFG3L2/MMP9/SLMAP/SLC8A1/JPH2/CACNB2/WNK3,48
GO:0002227,innate immune response in mucosa,12/1920,25/14198,0.48,3.5495,5.04520965390761,3.40063038395713e-05,0.00118136967859113,0.00118136967859113,H2BC15/H2BC10/H2BC9/H2BC17/H2BC26/H2BC13/CLDN2/H2BC14/H2BC11/H2BC8/H2BC6/H2BC7,12
GO:1902850,microtubule cytoskeleton organization involved in mitosis,40/1920,156/14198,0.256410256410256,1.89610042735043,4.45030309454968,3.57661768753939e-05,0.00123405475586393,0.00123405475586393,CENPH/KIF4A/AURKB/RAN/BORA/MZT1/CENPA/TPX2/KIF15/WDR62/NUSAP1/ESPL1/SAPCD2/KIF11/GPSM2/CDCA8/CHMP4C/SUN2/RACGAP1/CDK1/CENPE/KIF23/CCNB1/STIL/TTK/RAE1/PSRC1/PIBF1/KIFC1/SPDL1/PLK1/NUF2/GNAI1/PRC1/UHRF1/SPC25/EML1/AURKA/BIRC5/DLGAP5,40
GO:0055001,muscle cell development,31/1920,110/14198,0.281818181818182,2.08398674242424,4.51316002487694,3.8402559396319e-05,0.00131606608958196,0.00131606608958196,RYR1/LMOD1/TMOD1/MYOM2/EDNRA/MEGF10/FLII/MYORG/TNNT2/HDAC9/FLNC/DMD/MYH11/MYH3/CDK1/TNNT3/CCNB1/OBSCN/VEGFA/EFEMP2/PGM5/SORBS2/ANK2/TPM1/CSRP1/ACTA1/SLC8A1/NEBL/ASB2/NRAP/MYOM1,31
GO:0141161,regulation of cAMP/PKA signal transduction,16/1920,41/14198,0.390243902439024,2.88577235772358,4.78168176032736,4.26122971736666e-05,0.00145053403533448,0.00145053403533447,PDE9A/LPAR1/PDE6A/PRKAR2B/PDE5A/PDE8A/PDE7B/PJA2/LRRK2/PDE3A/NRXN1/MC1R/PDE2A/PDE4D/VIP/MYOM1,16
GO:0010639,negative regulation of organelle organization,69/1920,320/14198,0.215625,1.594501953125,4.25353415382558,4.42001121286079e-05,0.00149455312477533,0.00149455312477533,STMN2/LMOD1/ACAA2/KAT2A/TMOD1/AURKB/SPTB/VILL/PRKN/LPAR1/BMP7/FLII/MAD2L1/BUB1B/MAPT/TPX2/SVIL/CRACD/KAT2B/CCNF/BUB1/CDC20/ESPL1/PRRT2/TRIP13/SPTBN4/PINK1/SPTBN2/CHEK1/ARHGAP6/IQCJ-SCHIP1/DYNC1I1/CDCA8/MAP2/HASPIN/CENPF/KANK3/TACSTD2/CCNB1/KNTC1/TTK/PLEKHH2/LRRK2/DUSP1/GSN/SPC24/SPTBN5/NPM1/SKA3/SPDL1/SCIN/FBXO5/PLK1/APC/KNL1/ZWINT/NUF2/SKA1/CLU/TOM1L2/SPC25/RTEL1/KANK2/CKAP2/ASB2/BIRC5/RHPN1/LIMA1/CLIP3,69
GO:1901970,positive regulation of mitotic sister chromatid separation,11/1920,22/14198,0.5,3.69739583333333,5.00684632080491,4.50688716976291e-05,0.00151383653808195,0.00151383653808195,AURKB/CDC20/ESPL1/CDCA8/UBE2C/RB1/SKA3/PLK1/SKA1/BIRC5/DLGAP5,11
GO:0010565,regulation of ketone metabolic process,32/1920,116/14198,0.275862068965517,2.03994252873563,4.44724704051,4.60275642676623e-05,0.00152731910909505,0.00152731910909505,ABCB11/APOC2/CPT1A/ACADVL/BMP2/GPIHBP1/EGR1/ACACB/NME1/BMP5/CEACAM1/NR1H4/GDF15/KAT2B/SOX9/APPL2/APOC1/UGT1A8/CAV1/UGT1A1/IL1B/PIBF1/CLCN2/FANCD2OS/UGT1A3/PDK4/KIF12/UGT1A4/PRMT3/UGT1A10/TRIB3/PPARGC1A,32
GO:0050795,regulation of behavior,19/1920,54/14198,0.351851851851852,2.60187114197531,4.66362288343505,4.60725204439163e-05,0.00152731910909505,0.00152731910909505,AIM2/NLGN1/RELN/HTR1D/EPHB2/MEF2C/PMCH/ADRB1/CARTPT/NPY1R/NMU/RETN/CCL3/KCNA2/PYY/MC1R/GNAI1/STRA6/PER3,19
GO:0061061,muscle structure development,93/1920,464/14198,0.200431034482759,1.48214574353448,4.17564814979385,4.78643789459413e-05,0.00157641642866113,0.00157641642866113,TGFBR3/RYR1/LMOD1/KAT2A/TMOD1/NKD1/FOXP2/SOSTDC1/WNT5B/MYLK/RPL36A/MYOM2/BMP2/FGFR2/SYNE1/EDNRA/MEGF10/FLII/RBM24/ADGRB3/DMPK/SVIL/KY/RBPMS2/MEF2C/MYORG/ADAM12/TNNT2/SOX9/NEURL1/CASP7/ACTL6A/HDAC9/USP2/CYP26B1/NOS1/SGCA/MYOCD/RYR2/MUSTN1/FLNC/DPF3/ATP11A/DMD/CENPF/GPER1/POU6F1/MYH11/MYH3/CAV1/TCF21/CDK1/TNNT3/CCNB1/RB1/OBSCN/KIT/PDCD4/PPP2R3A/FER1L6/VEGFA/EFEMP2/SMTN/PGM5/SOX15/SORBS2/TNNI3/CHRNA1/EREG/SOX4/DES/PDLIM2/CXCL10/ANK2/ITGA8/TPM1/CSRP1/SMAD7/STRA6/SHH/FHL1/LDB3/ACTA1/SLC8A1/LARGE1/MEF2D/JPH2/NEBL/ASB2/CAPN2/EPAS1/NRAP/MYOM1,93
GO:0031032,actomyosin structure organization,42/1920,169/14198,0.248520710059172,1.83775887573965,4.33245562744737,5.09711089208177e-05,0.00166790622223476,0.00166790622223476,SLC9A1/LMOD1/FRMD3/TMOD1/ZEB2/ASAP3/EPHA1/MYOM2/LPAR1/FLII/CNN2/TNNT2/EPB41L3/ARHGAP6/ANLN/SFRP1/FLNC/RACGAP1/MYH11/MYH3/TACR1/TACSTD2/TNNT3/OBSCN/ARRB1/ABL1/SYNPO/PGM5/ECT2/RTKN/CDC42BPA/IQGAP3/TPM1/CSRP1/ACTA1/PTGER4/CNN1/SORBS1/NEBL/NRAP/RHPN1/MYOM1,42
GO:0009914,hormone transport,51/1920,219/14198,0.232876712328767,1.7220747716895,4.25844720714064,5.52023150664831e-05,0.00179478296164873,0.00179478296164873,CPT1A/PRKN/PDX1/GNAO1/IL11/GPLD1/RASL10B/INHBA/CAMK2G/NR1H4/NEUROD1/TACR2/TFR2/MYB/CHGA/CARTPT/ADCY5/NMU/RETN/FFAR3/GPER1/IL6R/TACR1/KCNB1/AGT/SRI/FOXA2/IL1B/PRKACB/EFNA5/NR0B2/EDN3/CYP19A1/P2RY1/ECRG4/SOX4/SLCO4A1/KCNQ1/ABCC8/LIF/SLC7A5/GNAZ/GNAQ/IL6ST/KCNA5/SLC16A10/RAB3A/GCG/VIP/TNFSF11/FFAR4,51
GO:0007218,neuropeptide signaling pathway,17/1920,46/14198,0.369565217391304,2.73285778985507,4.65498214911411,5.61231516868852e-05,0.00181309952455976,0.00181309952455976,SORCS1/TENM1/GLRB/CPE/GPR143/PMCH/CARTPT/NPY1R/NMU/NPY6RP/PYY/ECRG4/MC1R/GNAI1/SSTR2/GNAQ/PTGDR2,17
GO:0060402,calcium ion transport into cytosol,10/1920,19/14198,0.526315789473684,3.89199561403509,4.98811801725478,5.75108067465264e-05,0.00184616969505305,0.00184616969505305,JPH4/GRIN1/P2RX4/ADCYAP1R1/CACNA1C/NOS1/RYR2/CAV1/SLC8A1/JPH2,10
GO:0045922,negative regulation of fatty acid metabolic process,14/1920,34/14198,0.411764705882353,3.04491421568627,4.72070307152589,6.37399772710434e-05,0.00203326518691027,0.00203326518691027,ACADVL/ACACB/CEACAM1/SOX9/APPL2/APOC1/UGT1A8/UGT1A1/PIBF1/UGT1A3/KIF12/UGT1A4/UGT1A10/TRIB3,14
GO:0072001,renal system development,47/1920,198/14198,0.237373737373737,1.75532933501684,4.23243230106783,6.47191621720465e-05,0.00205159744085387,0.00205159744085387,HPGD/FOXF1/TEK/BMP2/FGFR2/EGR1/EDNRA/BMP7/PCSK9/TMEM59L/PTPRO/FGF2/MEF2C/SOX9/CYP26B1/PKD1/MYOCD/SFRP1/CENPF/ACAT1/IL6R/TCF21/MAGI2/TACSTD2/AGT/EZH2/ZBTB16/LRRK2/HELLS/VEGFA/PCSK5/RET/PDGFA/SOX4/CTSH/ITGA8/GFRA1/LIF/SMAD7/STRA6/SHH/MMP9/KANK2/HMGCS2/MYC/IRX2/PLCE1,47
GO:1902969,mitotic DNA replication,9/1920,16/14198,0.5625,4.1595703125,5.0003956226456,6.91760477132303e-05,0.00217926033541307,0.00217926033541307,POLA1/LIG1/MCM4/BRCA2/MCM2/CDT1/CDC45/PCNA/GINS1,9
GO:0030855,epithelial cell differentiation,83/1920,408/14198,0.20343137254902,1.50433261846405,4.08742782608484,7.07560213918626e-05,0.00221527494135511,0.00221527494135511,TMOD1/ZEB2/CLDN1/RAP1A/WNT5B/CPT1A/PCK1/KRT6B/PDX1/ACADVL/BMP2/FGFR2/EDNRA/REG3A/ZEB1/DHRS9/BMP5/FAT4/CEACAM1/PLK4/SCUBE1/NEUROD1/SULT1B1/PTPRO/FGF2/MEF2C/TMEM100/SPRR2D/SOX9/KRT17/CDH3/MET/DCHS2/TXNIP/KRT20/PDZD7/ITGA2/CYP27B1/ACVRL1/PYY/ZFP36/CAV1/TCF21/MAGI2/CDK1/SLC9A2/ATOH8/CCNO/NR5A2/IL1B/EFNA5/TST/JAG2/VEGFA/CLDN5/NFE2L1/CSTA/GRHL2/KRT80/TP73/EVPL/FOXP3/EREG/SOX4/PDE2A/E2F7/LEF1/PCNA/CDHR2/LIPM/SULT2B1/KCNQ1/VCL/LIF/PDE4D/PKP1/IL6ST/MMP9/RHBDF2/KRT23/NFIB/MAGI1/ETV4,83
GO:0010038,response to metal ion,58/1920,261/14198,0.222222222222222,1.64328703703704,4.14787341985292,7.30836190245894e-05,0.00225915355746723,0.00225915355746723,RYR1/NLGN1/CPNE7/CLDN1/BCL2/ITPKA/PRKN/PDX1/BSG/MT1F/SLC30A4/IL1A/MT1M/CPNE1/MAPT/P2RX4/MT1X/CAMK2D/MT1H/MEF2C/TNNT2/SLC11A2/TFR2/MT1E/TXNIP/SLC30A10/CASQ2/RYR2/CAV1/DLG2/CDK1/RYR3/KCNB1/PLN/CCNB1/KIT/MT2A/LRRK2/DUSP1/CNGA3/TF/DPEP1/CHP2/NRXN1/MT1G/KCNMA1/CALM1/ECT2/SMPD1/PCNA/STIM1/ABCC8/CPNE5/PPP2CB/ITPKB/HMGCS2/CPNE8/JUND,58
GO:0014706,striated muscle tissue development,47/1920,199/14198,0.236180904522613,1.74650858458962,4.19370549596024,7.38267112264627e-05,0.00225915355746723,0.00225915355746723,TGFBR3/RYR1/KAT2A/FOXP2/BMP2/GJA5/FGFR2/EDNRA/MEGF10/BMP7/BMP5/RBM24/SVIL/FGF2/MEF2C/MYORG/TNNT2/NEURL1/HDAC9/CYP26B1/MYOCD/RYR2/DMD/MYH11/CAV1/TCF21/CDK1/CCNB1/ABL1/MSX2/FER1L6/VEGFA/PGM5/SOX15/SORBS2/TNNI3/CHRNA1/TP73/TPM1/SMAD7/ACTA1/SLC8A1/JPH2/NEBL/ASB2/NRAP/MYOM1,47
GO:0007051,spindle organization,45/1920,188/14198,0.23936170212766,1.77002992021277,4.20293378900355,7.42573006673107e-05,0.00225915355746723,0.00225915355746723,CENPH/KIF4A/AURKB/MAPK15/CCDC69/DCAF13/RAN/BORA/MZT1/TPX2/STARD9/TPPP/KIF15/WDR62/KIF11/GPSM2/SPAG5/CDCA8/CHMP4C/SUN2/RACGAP1/CENPE/KIF23/CCNB1/STIL/TTK/RAE1/PSRC1/PIBF1/NEK2/ASPM/KIFC1/SKA3/PLK1/NUF2/GNAI1/SKA1/KNSTRN/PRC1/UHRF1/SPC25/EML1/AURKA/BIRC5/DLGAP5,45
GO:0023061,signal release,71/1920,337/14198,0.210682492581602,1.557953140455,4.09921300633885,7.50531531527661e-05,0.00225915355746723,0.00225915355746723,OR51E2/NLGN1/RAP1A/CPT1A/PRKN/PDX1/GNAO1/IL11/GPLD1/RASL10B/INHBA/CXCL12/CAMK2G/RIMS1/NR1H4/P2RX4/NEUROD1/MEF2C/SV2B/TACR2/PRRT2/TFR2/VAMP2/CAMK2A/MYB/CHGA/CARTPT/ADCY5/NMU/RETN/FFAR3/GPER1/KCNA2/IL6R/TACR1/KCNB1/AGT/SRI/FOXA2/IL1B/PRKACB/LRRK2/EFNA5/NR0B2/EDN3/CYP19A1/TNFRSF11A/PCSK5/SYP/WLS/P2RY1/NRXN1/ECRG4/P2RX1/SOX4/SLC6A4/KCNQ1/ABCC8/LIF/PRKCB/GNAZ/GNAQ/IL6ST/KCNA5/SYT8/SYN1/RAB3A/GCG/VIP/TNFSF11/FFAR4,71
GO:0010649,regulation of cell communication by electrical coupling,8/1920,13/14198,0.615384615384615,4.55064102564103,5.06464330257691,7.52754241348505e-05,0.00225915355746723,0.00225915355746723,GJA5/CAMK2D/CASQ2/CAV1/SRI/CALM1/PDE4D/SLC8A1,8
GO:0051231,spindle elongation,8/1920,13/14198,0.615384615384615,4.55064102564103,5.06464330257691,7.52754241348505e-05,0.00225915355746723,0.00225915355746723,KIF4A/AURKB/KIF11/CDCA8/RACGAP1/KIF23/PRC1/BIRC5,8
GO:0051255,spindle midzone assembly,8/1920,13/14198,0.615384615384615,4.55064102564103,5.06464330257691,7.52754241348505e-05,0.00225915355746723,0.00225915355746723,KIF4A/AURKB/CCDC69/CDCA8/RACGAP1/KIF23/PRC1/BIRC5,8
GO:0010927,cellular component assembly involved in morphogenesis,24/1920,79/14198,0.30379746835443,2.24651898734177,4.39334759877969,7.67495457735996e-05,0.00227645436353039,0.00227645436353039,LMOD1/TMOD1/CNTN1/MYOM2/FLII/TPPP/TNNT2/EPB41L3/FLNC/MYH11/MYH3/TNNT3/PLN/OBSCN/PGM5/KNL1/ANK2/TPM1/CSRP1/ACTA1/CCDC136/NEBL/NRAP/MYOM1,24
GO:0032989,cellular anatomical entity morphogenesis,24/1920,79/14198,0.30379746835443,2.24651898734177,4.39334759877969,7.67495457735996e-05,0.00227645436353039,0.00227645436353039,LMOD1/TMOD1/CNTN1/MYOM2/FLII/TPPP/TNNT2/EPB41L3/FLNC/MYH11/MYH3/TNNT3/PLN/OBSCN/PGM5/KNL1/ANK2/TPM1/CSRP1/ACTA1/CCDC136/NEBL/NRAP/MYOM1,24
GO:0046883,regulation of hormone secretion,44/1920,183/14198,0.240437158469945,1.77798269581056,4.18874596188371,7.94099288211386e-05,0.00234166952895823,0.00234166952895823,CPT1A/PRKN/PDX1/GNAO1/IL11/GPLD1/RASL10B/INHBA/NR1H4/NEUROD1/TACR2/TFR2/MYB/CHGA/CARTPT/ADCY5/NMU/RETN/FFAR3/GPER1/IL6R/TACR1/KCNB1/AGT/SRI/FOXA2/IL1B/PRKACB/EFNA5/NR0B2/EDN3/CYP19A1/P2RY1/ECRG4/SOX4/ABCC8/LIF/GNAZ/GNAQ/IL6ST/KCNA5/GCG/TNFSF11/FFAR4,44
GO:0070588,calcium ion transmembrane transport,54/1920,239/14198,0.225941422594142,1.67078974895398,4.13564550159528,8.04741980473625e-05,0.00235933602598973,0.00235933602598973,RYR1/SLC25A23/CACNA1A/CHRNA7/ANO9/KCNN4/JPH4/EDNRA/GRIN1/TMEM37/P2RX4/CXCL9/FGF2/CAMK2D/ADCYAP1R1/ERO1A/PLCL2/ITPR1/PKD1/ATP1A2/CACNA1C/PLCL1/NOS1/CASQ2/RYR2/DMD/GPER1/CCL3/CAV1/PLCB4/RYR3/TRPC4/PLN/ATP2A3/SRI/TRPM6/TRPV3/CNGA3/CALM1/P2RX1/RGS9/GRIN2D/CXCL10/CEMIP/ANK2/CXCL11/LETM1/PDE4D/CACNB1/AFG3L2/SLC8A1/JPH2/CACNB2/PLCE1,54
GO:0051785,positive regulation of nuclear division,16/1920,43/14198,0.372093023255814,2.7515503875969,4.54869709367882,8.40063766635378e-05,0.00244873760021531,0.00244873760021531,IL1A/RAD51AP1/CDC20/NUSAP1/ESPL1/UBE2C/RB1/IL1B/EDN3/BTC/SKA3/EREG/PLK1/SKA1/AURKA/DLGAP5,16
GO:0007052,mitotic spindle organization,34/1920,130/14198,0.261538461538462,1.93402243589744,4.23056035976233,8.77089418234547e-05,0.00254205573102036,0.00254205573102036,CENPH/KIF4A/AURKB/RAN/BORA/MZT1/TPX2/KIF15/WDR62/KIF11/GPSM2/CDCA8/CHMP4C/SUN2/RACGAP1/CENPE/KIF23/CCNB1/STIL/TTK/RAE1/PSRC1/PIBF1/KIFC1/PLK1/NUF2/GNAI1/PRC1/UHRF1/SPC25/EML1/AURKA/BIRC5/DLGAP5,34
GO:0045840,positive regulation of mitotic nuclear division,15/1920,39/14198,0.384615384615385,2.84415064102564,4.56034288190322,8.97280647816072e-05,0.00258579968506995,0.00258579968506995,IL1A/CDC20/NUSAP1/ESPL1/UBE2C/RB1/IL1B/EDN3/BTC/SKA3/EREG/PLK1/SKA1/AURKA/DLGAP5,15
GO:0061337,cardiac conduction,23/1920,75/14198,0.306666666666667,2.26773611111111,4.35292419796642,9.15561003696767e-05,0.00262357367838983,0.00262357367838983,SLC9A1/GJA5/CAMK2D/CORIN/SPTBN4/ATP1A2/KCNN2/CACNA1C/CASQ2/RYR2/CAV1/AGT/ATP2A3/SRI/KCND3/CALM1/SCN4B/KCNQ1/ANK2/PDE4D/KCNA5/SLC8A1/CACNB2,23
GO:0045833,negative regulation of lipid metabolic process,25/1920,85/14198,0.294117647058824,2.1749387254902,4.29635442773717,9.87165769905509e-05,0.00280453517216797,0.00280453517216797,APOC2/ACADVL/BMP2/GPLD1/ACACB/BMP5/ALK/CEACAM1/ASXL3/SOX9/APPL2/GPER1/APOC1/UGT1A8/UGT1A1/IL1B/PIBF1/FANCD2OS/UGT1A3/PDGFA/KIF12/UGT1A4/PRMT3/UGT1A10/TRIB3,25
GO:0007611,learning or memory,35/1920,136/14198,0.257352941176471,1.90307138480392,4.18459160638614,9.89770890808492e-05,0.00280453517216797,0.00280453517216797,KAT2A/RELN/CHRNA7/EGR1/EPHB2/GRIN1/MUSK/MAPT/FOS/KAT2B/MEF2C/CCL11/BCHE/TACR2/CARTPT/NLGN4X/TACR1/PTPRZ1/PLN/PTN/KIT/PJA2/ABL1/CLDN5/TREM2/NRXN1/NTRK2/SLC6A4/CPEB3/ABCC8/STRA6/YTHDF1/NRXN3/SLC2A4/SLC1A1,35
GO:0030239,myofibril assembly,17/1920,48/14198,0.354166666666667,2.61898871527778,4.44294882939361,0.000104256748378211,0.00292149297112864,0.00292149297112864,LMOD1/TMOD1/MYOM2/FLII/TNNT2/FLNC/MYH11/MYH3/TNNT3/OBSCN/PGM5/TPM1/CSRP1/ACTA1/NEBL/NRAP/MYOM1,17
GO:0086065,cell communication involved in cardiac conduction,17/1920,48/14198,0.354166666666667,2.61898871527778,4.44294882939361,0.000104256748378211,0.00292149297112864,0.00292149297112864,GJA5/CAMK2D/ATP1A2/KCNN2/CACNA1C/CASQ2/RYR2/CAV1/SRI/CALM1/SCN4B/KCNQ1/ANK2/PDE4D/KCNA5/SLC8A1/CACNB2,17
GO:0009410,response to xenobiotic stimulus,62/1920,288/14198,0.215277777777778,1.59193431712963,4.01320448210767,0.000110759855254873,0.003086670251938,0.003086670251938,ARNT2/AIM2/CES3/BCL2/MCM7/ABCB11/CPT1A/PRKN/PDX1/HSD11B2/HCN2/GPLD1/GRIN1/ACAA1/SOX10/PTPRM/UGT2B15/SULT1B1/FOS/CDK4/ADCYAP1R1/MEF2C/BCHE/C1orf115/CYP26B1/CES2/TXNIP/NOS1/SFRP1/CENPF/CYP4F12/ATR/ITGA2/SMOX/UGT1A8/UGT1A1/CCNB1/IL1B/SST/CMBL/ABL1/SLC28A3/CYP2B6/UGT1A3/GPR52/ABCC2/UGT2B17/FOSB/SLC6A4/SMPD1/PDE2A/CYP2S1/SULT1A2/CA9/KCNQ1/SLC28A2/ABCC8/DPYD/HMGCS2/MYC/UGT1A10/AOX1,62
GO:0048812,neuron projection morphogenesis,90/1920,456/14198,0.197368421052632,1.45949835526316,3.94390551066922,0.000112241346913776,0.00311086399752279,0.00311086399752279,PAK3/NLGN1/KIF5C/CNTN1/SEMA6A/RELN/IGSF9/PRKN/CHRNA7/FGFR2/HMCN2/EDNRA/BSG/BMP7/PLXNB3/SEMA7A/TENM1/EPHB2/CXCL12/FAT4/FLRT1/RIMS1/ADGRB3/CPNE1/MAPT/PTPRM/CNTN2/LGI1/PTPRO/UNC5C/CAMK2B/ROBO3/PTPRH/EFHC2/SPTBN4/EPB41L3/KIF1A/EFNA3/MNX1/DCHS2/CELSR3/NPTN/PLEKHG4/TRAK2/SEMA3B/DSCAML1/MAP2/ARHGAP44/GAP43/ARHGEF25/NTN1/PTN/PTK7/PRKG1/SLITRK5/CTNND2/LRRK2/EPHB3/EFNA5/ABL1/EDN3/PPP1R12C/LGR6/VEGFA/MYOT/NRXN1/DCLK1/RET/NTRK2/SGK1/GAS7/CDHR2/DAB2IP/ECE1/NCAM1/LRP8/TENM2/ZDHHC15/SHH/YTHDF1/PALLD/CPNE5/AFG3L2/NRXN3/GFRA3/CELSR1/EPHA7/NFIB/CPNE8/RAB3A,90
GO:1903046,meiotic cell cycle process,34/1920,132/14198,0.257575757575758,1.90471906565657,4.12952873636854,0.000121373996536003,0.00333221153591185,0.00333221153591185,MAPK15/DCAF13/SYCP2/SGO1/EDNRA/RAD54B/TOP2A/RAD51AP1/CDC20/ESPL1/TRIP13/CYP26B1/NCAPD2/MND1/BRCA2/BRIP1/HSPA2/TTK/RAD54L/SGO2/CDC25B/FIGNL1/SKA3/EREG/FBXO5/KNL1/ZWINT/SMC4/NUF2/SKA1/AURKA/PKMYT1/NCAPH/FANCD2,34
GO:0019217,regulation of fatty acid metabolic process,25/1920,86/14198,0.290697674418605,2.14964874031008,4.22868368842942,0.000121541627394261,0.00333221153591185,0.00333221153591185,ABCB11/APOC2/CPT1A/ACADVL/GPIHBP1/ACACB/NME1/CEACAM1/GDF15/KAT2B/SOX9/APPL2/APOC1/UGT1A8/CAV1/UGT1A1/IL1B/PIBF1/UGT1A3/PDK4/KIF12/UGT1A4/UGT1A10/TRIB3/PPARGC1A,25
GO:0051279,regulation of release of sequestered calcium ion into cytosol,18/1920,53/14198,0.339622641509434,2.51143867924528,4.35925306885038,0.000122792417646412,0.00333268769705383,0.00333268769705383,JPH4/CXCL9/CAMK2D/ATP1A2/CACNA1C/CASQ2/RYR2/DMD/GPER1/SRI/CALM1/CXCL10/CEMIP/ANK2/CXCL11/PDE4D/SLC8A1/JPH2,18
GO:0010389,regulation of G2/M transition of mitotic cell cycle,26/1920,91/14198,0.285714285714286,2.11279761904762,4.21118811340453,0.000122873146559358,0.00333268769705383,0.00333268769705383,KIF14/BLM/AURKB/CLSPN/CDC6/CDK4/CDC7/CHEK1/CHMP4C/CENPF/DBF4/ATR/DTL/CDK1/FOXN3/CDKN1A/CCNB1/CDC25B/ORC1/TICRR/FBXO5/PLK1/NABP1/FHL1/AURKA/PKMYT1,26
GO:0003044,regulation of systemic arterial blood pressure mediated by a chemical signal,15/1920,40/14198,0.375,2.773046875,4.44052531316601,0.000125753179333896,0.00337732928976183,0.00337732928976183,OR51E2/HSD11B2/RASL10B/CMA1/ANPEP/CORIN/ADRB1/CARTPT/TACR1/AGT/EDN3/PCSK5/ECE1/TPM1/CTSG,15
GO:0001822,kidney development,45/1920,192/14198,0.234375,1.733154296875,4.04458557461124,0.000125850795694989,0.00337732928976183,0.00337732928976183,HPGD/TEK/BMP2/FGFR2/EGR1/EDNRA/BMP7/PCSK9/TMEM59L/PTPRO/FGF2/MEF2C/SOX9/CYP26B1/PKD1/SFRP1/CENPF/ACAT1/IL6R/TCF21/MAGI2/TACSTD2/AGT/EZH2/ZBTB16/LRRK2/HELLS/VEGFA/PCSK5/RET/PDGFA/SOX4/CTSH/ITGA8/GFRA1/LIF/SMAD7/STRA6/SHH/MMP9/KANK2/HMGCS2/MYC/IRX2/PLCE1,45
GO:0007080,mitotic metaphase chromosome alignment,21/1920,67/14198,0.313432835820896,2.31777052238806,4.27539094014586,0.000129143971547075,0.0034474643351935,0.0034474643351935,KIF14/AURKB/CENPA/KIF18A/KAT2B/CDCA8/CHMP4C/KIF2C/CDK1/CENPE/CCNB1/TTK/PSRC1/PIBF1/KIFC1/CDT1/SKA3/SPDL1/NUF2/SKA1/BIRC5,21
GO:0042063,gliogenesis,46/1920,198/14198,0.232323232323232,1.7179819023569,4.02315871268227,0.000132758482749332,0.00352539803405557,0.00352539803405557,GDPD2/ZEB2/CNTN1/RELN/NEGR1/BMP2/LPAR1/MAPT/P2RX4/SOX10/CNTFR/TPPP/DUSP15/SOX9/MYB/NR3C1/SUN2/CCL3/CSF1/ZMIZ1/E2F1/CDK1/PTPRZ1/ATOH1/PTN/NTRK3/IL1B/CLCN2/P2RY1/TREM2/LGI4/PLP1/DAAM2/NTRK2/SOX4/DAB2IP/ADGRG1/LRP8/ABCC8/CLU/SLC7A5/PRX/SHH/VTN/NFIB/GPR17,46
GO:0019433,triglyceride catabolic process,12/1920,28/14198,0.428571428571429,3.16919642857143,4.54336954207559,0.000134364355547674,0.00354945839238438,0.00354945839238438,APOC2/GPIHBP1/GPLD1/FABP6/LIPG/FABP1/ABHD5/MGLL/LIPC/APOC1/PNPLA1/FABP2,12
GO:0086002,cardiac muscle cell action potential involved in contraction,17/1920,49/14198,0.346938775510204,2.56553996598639,4.34094633325423,0.000139721230294927,0.00367184497438273,0.00367184497438273,GJA5/SCN4A/KCNN2/CACNA1C/NOS1/CASQ2/RYR2/CAV1/KCND3/SCN4B/SCN9A/KCNQ1/ANK2/SCN7A/GPD1L/KCNA5/CACNB2,17
GO:0048729,tissue morphogenesis,67/1920,320/14198,0.209375,1.54828450520833,3.92285821208505,0.000143302294998828,0.00374654247543327,0.00374654247543327,TGFBR3/BCL2/ARHGAP24/NKD1/WNT5B/FOXF1/MYLK/CD44/BMP2/FGFR2/EDNRA/BSG/BMP7/BMP5/KLF4/CEACAM1/MMP12/TIMELESS/SOX10/TNC/TMEM59L/FGF2/MEF2C/TNNT2/GRHL3/SOX9/KRT17/SAPCD2/MET/DCHS2/PKD1/KRT20/RYR2/ITGA2/ACVRL1/TCF21/TACSTD2/AGT/STIL/FOLR1/ABL1/VEGFA/ACTG2/EFEMP2/WLS/FERMT1/TNNI3/GRHL2/RET/PDGFA/APC/CTSH/CXCL10/ITGA8/VCL/TPM1/LIF/SMAD7/SHH/ACTA1/RHBDF2/MYC/IRX2/KRT23/CELSR1/ASB2/EYA2,67
GO:0046879,hormone secretion,48/1920,210/14198,0.228571428571429,1.6902380952381,3.98488554058485,0.000145824180747332,0.00379292433205368,0.00379292433205368,CPT1A/PRKN/PDX1/GNAO1/IL11/GPLD1/RASL10B/INHBA/CAMK2G/NR1H4/NEUROD1/TACR2/TFR2/MYB/CHGA/CARTPT/ADCY5/NMU/RETN/FFAR3/GPER1/IL6R/TACR1/KCNB1/AGT/SRI/FOXA2/IL1B/PRKACB/EFNA5/NR0B2/EDN3/CYP19A1/P2RY1/ECRG4/SOX4/KCNQ1/ABCC8/LIF/GNAZ/GNAQ/IL6ST/KCNA5/RAB3A/GCG/VIP/TNFSF11/FFAR4,48
GO:2001251,negative regulation of chromosome organization,28/1920,102/14198,0.274509803921569,2.02994281045752,4.12810125941528,0.000146962990819815,0.00380304229305155,0.00380304229305155,AURKB/MAD2L1/BUB1B/BUB1/CDC20/ESPL1/TRIP13/DYNC1I1/CDCA8/HASPIN/CENPF/CCNB1/KNTC1/TTK/DUSP1/SPC24/SKA3/SPDL1/FBXO5/PLK1/APC/KNL1/ZWINT/NUF2/SKA1/SPC25/RTEL1/BIRC5,28
GO:1904064,positive regulation of cation transmembrane transport,25/1920,87/14198,0.28735632183908,2.12494013409962,4.16193441897844,0.000148950710841045,0.00383491373292274,0.00383491373292274,KCNN4/EDNRA/CHP1/GRIN1/P2RX4/FXYD5/CXCL9/ADCYAP1R1/TESC/NOS1/GPER1/CAV1/SRI/P2RX1/FXYD1/CXCL10/STIM1/CEMIP/STAC/KCNQ1/ANK2/CXCL11/FHL1/CACNB2/WNK3,25
GO:0002026,regulation of the force of heart contraction,8/1920,14/14198,0.571428571428571,4.22559523809524,4.77484872330883,0.000154785932742618,0.00394222704240327,0.00394222704240327,SLC9A1/CAMK2D/ATP1A2/CHGA/NOS1/RYR2/PLN/SLC8A1,8
GO:1901077,regulation of relaxation of muscle,8/1920,14/14198,0.571428571428571,4.22559523809524,4.77484872330883,0.000154785932742618,0.00394222704240327,0.00394222704240327,CAMK2D/CHGA/CARTPT/PLN/SRI/GNAI1/ABCC8/PDE4D,8
GO:0007409,axonogenesis,65/1920,309/14198,0.210355987055016,1.55553870010787,3.90429981380693,0.000155450593154703,0.00394222704240327,0.00394222704240327,PAK3/KIF5C/CNTN1/SEMA6A/RELN/IGSF9/FGFR2/HMCN2/EDNRA/BSG/PLXNB3/SEMA7A/TENM1/EPHB2/CXCL12/FAT4/MAPT/PTPRM/CNTN2/LGI1/PTPRO/UNC5C/ROBO3/PTPRH/SPTBN4/EFNA3/DCHS2/CELSR3/NPTN/PLEKHG4/TRAK2/SEMA3B/DSCAML1/MAP2/GAP43/ARHGEF25/NTN1/PTK7/PRKG1/SLITRK5/EPHB3/EFNA5/ABL1/EDN3/LGR6/VEGFA/MYOT/NRXN1/DCLK1/RET/NTRK2/CDHR2/ECE1/NCAM1/TENM2/SHH/YTHDF1/PALLD/AFG3L2/NRXN3/GFRA3/CELSR1/EPHA7/NFIB/RAB3A,65
GO:0051256,mitotic spindle midzone assembly,7/1920,11/14198,0.636363636363636,4.70577651515152,4.86200469534346,0.000163913587827711,0.0041156916706047,0.0041156916706047,KIF4A/AURKB/CDCA8/RACGAP1/KIF23/PRC1/BIRC5,7
GO:0051447,negative regulation of meiotic cell cycle,7/1920,11/14198,0.636363636363636,4.70577651515152,4.86200469534346,0.000163913587827711,0.0041156916706047,0.0041156916706047,TRIP13/TTK/DUSP1/FBXO5/KNL1/ZWINT/PKMYT1,7
GO:0097305,response to alcohol,46/1920,200/14198,0.23,1.70080208333333,3.94695775843017,0.000170307000750088,0.00425515816652436,0.00425515816652436,TGFBR3/NEFL/BTG2/HPGD/CLDN1/RAP1A/BLM/PTGDR/CPT1A/PRKN/FGFR2/HCN2/GPLD1/GNG2/INHBA/KLF9/GRIN1/ATP5F1A/FOS/FGF2/ADCYAP1R1/CARTPT/ADCY5/SCNN1G/SFRP1/CCL3/TACR1/CDK1/TDO2/NTRK3/NR0B2/TNFRSF11A/ACTG2/CLDN5/NFE2L1/FOXP3/FOSB/GNAI1/SCNN1B/GNAQ/PTGER4/PTGDR2/HMGCS2/SLC2A4/ADCY6/JUND,46
GO:0001666,response to hypoxia,53/1920,240/14198,0.220833333333333,1.63301649305556,3.91105695498062,0.000173362006127387,0.00429806408627951,0.00429806408627951,ARNT2/TGFBR3/SLC9A1/RYR1/ACAA2/MPL/CPT1A/CHRNA7/HSD11B2/BMP2/FGFR2/EGR1/BMP7/INHBA/FABP1/CXCL12/PLEKHN1/FOS/CITED2/SLC11A2/ERO1A/ITPR1/PINK1/MYB/VEGFD/COXFA4L2/TERC/NOS1/MYOCD/SFRP1/RYR2/AJUBA/ITGA2/CAV1/E2F1/CCNB1/HILPDA/VEGFA/TREM2/KCNMA1/SLC6A4/CBFA2T3/CA9/AGTRAP/KCNA5/PGF/SLC2A4/MYC/CCNA2/JUND/CAPN2/EPAS1/SUV39H2,53
GO:0030835,negative regulation of actin filament depolymerization,15/1920,41/14198,0.365853658536585,2.70541158536585,4.32434776031976,0.000173719072887874,0.00429806408627951,0.00429806408627951,LMOD1/TMOD1/SPTB/VILL/FLII/SVIL/CRACD/SPTBN4/SPTBN2/PLEKHH2/GSN/SPTBN5/SCIN/ASB2/LIMA1,15
GO:0061564,axon development,71/1920,346/14198,0.205202312138728,1.5174283477842,3.85316065671106,0.000175244633086997,0.00431476106319053,0.00431476106319053,PAK3/KIF5C/CNTN1/SEMA6A/RELN/IGSF9/FGFR2/HMCN2/EDNRA/BSG/PLXNB3/SEMA7A/TENM1/EPHB2/CXCL12/FAT4/MAPT/PTPRM/CNTN2/NEUROD1/LGI1/PTPRO/UNC5C/ROBO3/PTPRH/SPTBN4/CRTAC1/EFNA3/DCHS2/CELSR3/NPTN/PLEKHG4/TRAK2/SEMA3B/DSCAML1/MAP2/GAP43/ARHGEF25/ATOH1/NTN1/PTN/PTK7/PRKG1/SLITRK5/EPHB3/EFNA5/FOLR1/ABL1/EDN3/LGR6/VEGFA/MYOT/NRXN1/DCLK1/RET/PLP1/NTRK2/CDHR2/ECE1/NCAM1/TENM2/SHH/YTHDF1/PALLD/AFG3L2/NRXN3/GFRA3/CELSR1/EPHA7/NFIB/RAB3A,71
GO:1902749,regulation of cell cycle G2/M phase transition,28/1920,103/14198,0.271844660194175,2.01023462783172,4.06905363111053,0.000176186945623642,0.00431700574011167,0.00431700574011167,KIF14/BLM/AURKB/CLSPN/ATAD5/CDC6/CDK4/CDC7/CHEK1/CHMP4C/CENPF/DBF4/ATR/DTL/CDK1/FOXN3/CDKN1A/CCNB1/CDC25B/ORC1/NPM1/TICRR/FBXO5/PLK1/NABP1/FHL1/AURKA/PKMYT1,28
GO:0006270,DNA replication initiation,14/1920,37/14198,0.378378378378378,2.79802927927928,4.33047714821723,0.000188244769584864,0.00459027630449245,0.00459027630449246,RPA4/MCM7/POLA1/CDC6/MCM10/MCM4/DTL/ORC6/MCM2/ORC1/CDT1/TICRR/CDC45/GINS3,14
GO:0048858,cell projection morphogenesis,92/1920,475/14198,0.193684210526316,1.43225438596491,3.78919340515541,0.000189718343090862,0.00460407385720983,0.00460407385720983,PAK3/NLGN1/KIF5C/CNTN1/SEMA6A/RELN/IGSF9/PRKN/CHRNA7/CD44/FGFR2/HMCN2/EDNRA/BSG/BMP7/PLXNB3/SEMA7A/TENM1/EPHB2/CXCL12/FAT4/FLRT1/RIMS1/ADGRB3/CPNE1/MAPT/PTPRM/CNTN2/LGI1/PTPRO/UNC5C/CAMK2B/ROBO3/PTPRH/EFHC2/SPTBN4/EPB41L3/KIF1A/EFNA3/MNX1/DCHS2/CELSR3/NPTN/PLEKHG4/TRAK2/SEMA3B/DSCAML1/MAP2/ARHGAP44/GAP43/ARHGEF25/NTN1/PTN/PTK7/PRKG1/SLITRK5/CTNND2/LRRK2/EPHB3/EFNA5/ABL1/EDN3/PPP1R12C/LGR6/VEGFA/MYOT/NRXN1/DCLK1/RET/NTRK2/SGK1/GAS7/CDHR2/DAB2IP/ECE1/NCAM1/LRP8/TENM2/ZDHHC15/SHH/YTHDF1/PALLD/CPNE5/PACSIN2/AFG3L2/NRXN3/GFRA3/CELSR1/EPHA7/NFIB/CPNE8/RAB3A,92
GO:0000076,DNA replication checkpoint signaling,11/1920,25/14198,0.44,3.25370833333333,4.45986704860772,0.000192861332609953,0.00465806037617943,0.00465806037617943,CLSPN/TIMELESS/CDC6/CDC7/RFC4/DBF4/RFC3/ORC1/CDT1/TICRR/CDC45,11
GO:0120039,plasma membrane bounded cell projection morphogenesis,91/1920,470/14198,0.193617021276596,1.43175753546099,3.76417937507197,0.0002077168124316,0.00499307901731316,0.00499307901731316,PAK3/NLGN1/KIF5C/CNTN1/SEMA6A/RELN/IGSF9/PRKN/CHRNA7/CD44/FGFR2/HMCN2/EDNRA/BSG/BMP7/PLXNB3/SEMA7A/TENM1/EPHB2/CXCL12/FAT4/FLRT1/RIMS1/ADGRB3/CPNE1/MAPT/PTPRM/CNTN2/LGI1/PTPRO/UNC5C/CAMK2B/ROBO3/PTPRH/EFHC2/SPTBN4/EPB41L3/KIF1A/EFNA3/MNX1/DCHS2/CELSR3/NPTN/PLEKHG4/TRAK2/SEMA3B/DSCAML1/MAP2/ARHGAP44/GAP43/ARHGEF25/NTN1/PTN/PTK7/PRKG1/SLITRK5/CTNND2/LRRK2/EPHB3/EFNA5/ABL1/EDN3/PPP1R12C/LGR6/VEGFA/MYOT/NRXN1/DCLK1/RET/NTRK2/SGK1/GAS7/CDHR2/DAB2IP/ECE1/NCAM1/LRP8/TENM2/ZDHHC15/SHH/YTHDF1/PALLD/CPNE5/AFG3L2/NRXN3/GFRA3/CELSR1/EPHA7/NFIB/CPNE8/RAB3A,91
GO:0000086,G2/M transition of mitotic cell cycle,32/1920,125/14198,0.256,1.89306666666667,3.96579840237393,0.000214160319638729,0.00512368462833791,0.00512368462833791,KIF14/BLM/AURKB/MELK/CLSPN/CDC6/CDK4/CDK2/FOXM1/CDC7/CHEK1/CHMP4C/CENPF/DBF4/ATR/DTL/CDK1/FOXN3/CDKN1A/CCNB1/NEK2/CDC25B/ORC1/TICRR/FBXO5/PLK1/NABP1/FHL1/AURKA/PKMYT1/BIRC5/CCNA2,32
GO:0015850,organic hydroxy compound transport,46/1920,202/14198,0.227722772277228,1.68396245874587,3.8716052819219,0.000217201036194558,0.00517203594168451,0.00517203594168451,SLC51A/ABCB11/MAPK15/APOC2/PRKN/FLVCR2/SLC51B/VAPA/RILP/PCSK9/LIPG/CXCL12/CEACAM1/NR1H4/SLC16A7/MYB/OSBPL3/GRAMD1A/CHGA/CARTPT/LIPC/TMEM97/NOS1/FFAR3/APOC1/ABCA8/KCNA2/RAB3B/CAV1/KCNB1/AGT/RXRA/SLC22A3/CYP19A1/P2RY1/TREM2/ABCC2/ATP8B1/ECRG4/SLC6A4/KCNQ1/CLU/STRA6/SHH/OSBPL1A/VIP,46
GO:0055002,striated muscle cell development,26/1920,94/14198,0.276595744680851,2.04536790780142,4.02111997985803,0.000218843014993631,0.00518678398153129,0.00518678398153129,RYR1/LMOD1/TMOD1/MYOM2/FLII/MYORG/TNNT2/HDAC9/FLNC/MYH11/MYH3/CDK1/TNNT3/CCNB1/OBSCN/VEGFA/PGM5/SORBS2/TPM1/CSRP1/ACTA1/SLC8A1/NEBL/ASB2/NRAP/MYOM1,26
GO:0060322,head development,86/1920,440/14198,0.195454545454545,1.44534564393939,3.75258886354472,0.000222109162491434,0.00523971010305373,0.00523971010305373,ARNT2/AIM2/NEFL/KIF14/CNTN1/FOXP2/KIRREL3/MAOB/RELN/RAN/BMP2/FGFR2/LPAR1/EDNRA/BMP7/FUT1/INHBA/BMP5/EPHB2/CXCL12/UGP2/FAT4/GRIN1/PBX1/ATIC/CMA1/NEUROD1/FOS/FGFR1/UNC5C/ROBO3/MAST1/WNT3/WDR62/XRN2/CKB/ATP1A2/ARHGAP11B/SFRP1/ROGDI/DSCAML1/PBX4/CENPF/SUN2/TOX/POU6F1/KCNA2/NLGN4X/MYH3/ZMIZ1/CA10/IL11RA/STIL/EZH2/LRRK2/EPHB3/FGF9/PHLPP2/CLDN5/WLS/SHROOM4/NRXN1/SOX15/GRHL2/PLP1/CALM1/NTRK2/SOX4/SLC6A4/GRIN2D/NCAPG2/SMC4/DAB2IP/PCDH9/ADGRG1/SMC2/LRP8/STRA6/NDRG2/SHH/PADI2/EML1/CHD5/EPHA7/NFIB/SLC1A1,86
GO:0071383,cellular response to steroid hormone stimulus,42/1920,180/14198,0.233333333333333,1.72545138888889,3.87334902039031,0.000230475078781446,0.00541189629434952,0.00541189629434952,OR51E2/PCK1/RAN/HCN2/CBX3/KLF9/ATP5F1A/SOX10/NEUROD1/FAM107A/TFAP4/UGT1A5/ATP1A2/NR3C1/SCNN1G/SFRP1/ADTRP/GPER1/ZFP36/UGT1A8/ZMIZ1/TCF21/UGT1A1/RXRA/PAQR8/PPARGC1B/NR3C2/PDE3A/UGT1A3/AR/PMEPA1/PLPP1/PGR/AXIN2/UGT1A4/SCNN1B/SSTR2/PADI2/KANK2/HMGCS2/UGT1A10/PER1,42
GO:0006956,complement activation,17/1920,51/14198,0.333333333333333,2.46493055555556,4.14433677799411,0.000243307572606393,0.00568689404727938,0.00568689404727938,IGHG4/IGHG2/C2/MASP1/FCN3/A2M/C6/IL1B/CFB/IGHG1/C8G/TREM2/CD46/IGHG3/CFD/CLU/C4BPA,17
GO:0036293,response to decreased oxygen levels,54/1920,249/14198,0.216867469879518,1.60368975903614,3.80038010570784,0.000245748695490836,0.00571285117703159,0.00571285117703159,ARNT2/TGFBR3/SLC9A1/RYR1/ACAA2/MPL/ZEB2/CPT1A/CHRNA7/HSD11B2/BMP2/FGFR2/EGR1/BMP7/INHBA/FABP1/CXCL12/PLEKHN1/FOS/CITED2/SLC11A2/ERO1A/ITPR1/PINK1/MYB/VEGFD/COXFA4L2/TERC/NOS1/MYOCD/SFRP1/RYR2/AJUBA/ITGA2/CAV1/E2F1/CCNB1/HILPDA/VEGFA/TREM2/KCNMA1/SLC6A4/CBFA2T3/CA9/AGTRAP/KCNA5/PGF/SLC2A4/MYC/CCNA2/JUND/CAPN2/EPAS1/SUV39H2,54
GO:0071466,cellular response to xenobiotic stimulus,35/1920,142/14198,0.246478873239437,1.82265991784038,3.89599801374038,0.000246670821721198,0.00571285117703159,0.00571285117703159,ARNT2/AIM2/CES3/ABCB11/GPLD1/GRIN1/ACAA1/SOX10/UGT2B15/SULT1B1/MEF2C/BCHE/CYP26B1/CES2/NOS1/CYP4F12/SMOX/UGT1A8/UGT1A1/IL1B/CMBL/SLC28A3/CYP2B6/UGT1A3/ABCC2/UGT2B17/PDE2A/CYP2S1/SULT1A2/KCNQ1/SLC28A2/DPYD/MYC/UGT1A10/AOX1,35
GO:0048667,cell morphogenesis involved in neuron differentiation,80/1920,405/14198,0.197530864197531,1.46069958847737,3.71964128015198,0.000257117090073214,0.00592771764023336,0.00592771764023336,PAK3/NLGN1/KIF5C/CNTN1/SEMA6A/RELN/IGSF9/CHRNA7/FGFR2/HMCN2/EDNRA/BSG/PLXNB3/SEMA7A/TENM1/EPHB2/CXCL12/FAT4/ADGRB3/MAPT/PTPRM/CNTN2/LGI1/PTPRO/UNC5C/MEF2C/CAMK2B/ROBO3/PTPRH/EFHC2/SPTBN4/KIF1A/EFNA3/DCHS2/CELSR3/NPTN/PLEKHG4/TRAK2/SEMA3B/DSCAML1/MAP2/ARHGAP44/PDZD7/GAP43/ARHGEF25/NTN1/PTN/PTK7/RB1/PRKG1/SLITRK5/CTNND2/LRRK2/EPHB3/EFNA5/ABL1/EDN3/LGR6/VEGFA/MYOT/NRXN1/DCLK1/RET/NTRK2/CDHR2/ECE1/NCAM1/LRP8/TENM2/ZDHHC15/SHH/YTHDF1/PALLD/AFG3L2/NRXN3/GFRA3/CELSR1/EPHA7/NFIB/RAB3A,80
GO:0019216,regulation of lipid metabolic process,57/1920,267/14198,0.213483146067416,1.57866338951311,3.77464038520613,0.000258416434187489,0.00593071562985948,0.00593071562985948,HPGD/ANGPTL3/ABCB11/APOC2/CPT1A/PCK1/ACADVL/BMP2/GPIHBP1/EGR1/GPLD1/ACACB/NME1/BMP5/FABP1/CHP1/ALK/CEACAM1/NR1H4/ABHD5/GDF15/ASXL3/KAT2B/C1QTNF2/SOX9/CARTPT/APPL2/AQP8/GPER1/APOC1/PAQR4/UGT1A8/CAV1/UGT1A1/AGT/NR5A2/RXRA/IL1B/EEF1A2/PIBF1/CLCN2/FANCD2OS/UGT1A3/TREM2/PLPP1/PDGFA/GLTP/PDK4/KIF12/GNAI1/UGT1A4/PRMT3/SORBS1/UGT1A10/CAPN2/TRIB3/PPARGC1A,57
GO:0006334,nucleosome assembly,26/1920,95/14198,0.273684210526316,2.02383771929825,3.95933515537237,0.000263140961344756,0.00594577242323517,0.00594577242323517,H2BC15/H2BC10/H2BC9/H4C11/H2BC13/SOX9/CHAF1B/H3C7/H2BC14/H4C9/H3C8/H1-5/H4C12/H4C14/H4C15/H3C11/ASF1B/H2BC11/H3C2/H2AX/H2BC8/NPM1/H2BC6/ATAD2/H2BC7/H3C12,26
GO:1901989,positive regulation of cell cycle phase transition,26/1920,95/14198,0.273684210526316,2.02383771929825,3.95933515537237,0.000263140961344756,0.00594577242323517,0.00594577242323517,MTBP/MAPK15/ATAD5/CDC6/CDK4/CDC20/ESPL1/CDC7/UBE2C/DTL/CDK1/CCNB1/RB1/STIL/EZH2/CDC25B/NPM1/SKA3/FBXO5/PLK1/RRM2/SKA1/ADAMTS1/KCNA5/BIRC5/DLGAP5,26
GO:0001763,morphogenesis of a branching structure,22/1920,75/14198,0.293333333333333,2.16913888888889,4.0143787935232,0.000263761592119068,0.00594577242323517,0.00594577242323517,FOXF1/BMP2/FGFR2/EDNRA/CRIPTO/TMEM59L/FGF2/SOX9/MET/PKD1/TCF21/TACSTD2/AGT/LRRK2/ABL1/VEGFA/PDGFA/CTSH/SHH/MYC/CELSR1/EPHA7,22
GO:0007612,learning,22/1920,75/14198,0.293333333333333,2.16913888888889,4.0143787935232,0.000263761592119068,0.00594577242323517,0.00594577242323517,RELN/EPHB2/GRIN1/FOS/BCHE/TACR2/CARTPT/NLGN4X/TACR1/PLN/PTN/KIT/ABL1/CLDN5/NRXN1/NTRK2/SLC6A4/ABCC8/STRA6/YTHDF1/NRXN3/SLC1A1,22
GO:0007212,G protein-coupled dopamine receptor signaling pathway,10/1920,22/14198,0.454545454545455,3.36126893939394,4.38293503516897,0.000273497890711773,0.00611093084444984,0.00611093084444984,GNAO1/GNG2/GNAL/GNA14/LRRK2/GNA11/DRD5/RGS9/ADCY6/SLC1A1,10
GO:0086064,cell communication by electrical coupling involved in cardiac conduction,10/1920,22/14198,0.454545454545455,3.36126893939394,4.38293503516897,0.000273497890711773,0.00611093084444984,0.00611093084444984,GJA5/CAMK2D/ATP1A2/CACNA1C/RYR2/CAV1/SRI/CALM1/PDE4D/SLC8A1,10
GO:0007423,sensory organ development,58/1920,274/14198,0.211678832116788,1.56532086374696,3.73657220518278,0.000289274052922136,0.00637882727132317,0.00637882727132317,TMOD1/ZEB2/NKD1/WNT5B/BMP2/FGFR2/EDNRA/BSG/BMP7/INHBA/SLC30A4/PDE6A/EPHB2/PBX1/PTPRM/NEUROD1/FOS/FGF2/SNTB1/XRN2/SOX9/ACTL6A/CYP26B1/CACNA1C/SGCA/PBX4/DMD/ABCB5/PDZD7/ACVRL1/ATOH1/FOXF2/NTRK3/MAB21L2/KIT/RP1L1/FGF9/EFNA5/MCM2/JAG2/PPP2R3A/CNGA3/VEGFA/RPGRIP1L/WNT9A/ATP8B1/SMOC1/SOX4/ANGPTL7/ECE1/KCNQ1/STRA6/CPAMD8/SALL2/CCNA2/ATP8A2/MYOM1/SLC1A1,58
GO:0006271,DNA strand elongation involved in DNA replication,8/1920,15/14198,0.533333333333333,3.94388888888889,4.5109507285785,0.000292370952713645,0.00637882727132317,0.00637882727132317,MCM7/POLA1/LIG1/MCM4/RFC4/RFC3/PCNA/GINS1,8
GO:0086014,atrial cardiac muscle cell action potential,8/1920,15/14198,0.533333333333333,3.94388888888889,4.5109507285785,0.000292370952713645,0.00637882727132317,0.00637882727132317,GJA5/KCNN2/CACNA1C/RYR2/KCNQ1/ANK2/KCNA5/CACNB2,8
GO:0086026,atrial cardiac muscle cell to AV node cell signaling,8/1920,15/14198,0.533333333333333,3.94388888888889,4.5109507285785,0.000292370952713645,0.00637882727132317,0.00637882727132317,GJA5/KCNN2/CACNA1C/RYR2/KCNQ1/ANK2/KCNA5/CACNB2,8
GO:0086066,atrial cardiac muscle cell to AV node cell communication,8/1920,15/14198,0.533333333333333,3.94388888888889,4.5109507285785,0.000292370952713645,0.00637882727132317,0.00637882727132317,GJA5/KCNN2/CACNA1C/RYR2/KCNQ1/ANK2/KCNA5/CACNB2,8
GO:0051315,attachment of mitotic spindle microtubules to kinetochore,11/1920,26/14198,0.423076923076923,3.12856570512821,4.29579208802671,0.000293664168054058,0.00637882727132317,0.00637882727132317,AURKB/KAT2B/CDCA8/KIF2C/CDK1/CENPE/CDT1/SKA3/NUF2/SKA1/BIRC5,11
GO:0051385,response to mineralocorticoid,12/1920,30/14198,0.4,2.95791666666667,4.24507773707133,0.000294291321271613,0.00637882727132317,0.00637882727132317,NEFL/PRKN/RAN/HCN2/INHBA/FOS/CARTPT/SCNN1G/GPER1/NTRK3/FOSB/SCNN1B,12
GO:0048167,regulation of synaptic plasticity,34/1920,138/14198,0.246376811594203,1.82190519323672,3.83666339363395,0.000302831278285496,0.00653600103601718,0.00653600103601718,KAT2A/PDE9A/RELN/ELOVL4/CHRNA7/JPH4/EPHB2/GRIN1/CAMK2G/MAPT/FAM107A/CAMK2D/MPP2/MEF2C/CAMK2B/CDC20/PRRT2/VAMP2/NEURL1/CAMK2A/NPTN/GIPC1/KCNB1/PTN/KIT/ABL1/SYP/SYNGR1/CALM1/NTRK2/GRIN2D/CPEB3/YTHDF1/RAB3A,34
GO:0006939,smooth muscle contraction,20/1920,66/14198,0.303030303030303,2.24084595959596,3.99551821863389,0.000307509457646227,0.00660884732704095,0.00660884732704095,MYLK/EDNRA/HTR1D/BDKRB2/TACR2/MYOCD/NMU/GPER1/ITGA2/MYH11/CAV1/TACR1/PRKG1/KIT/EDN3/SMTN/TNNI3/KCNMA1/CNN1/SLC8A1,20
GO:0141156,cAMP/PKA signal transduction,17/1920,52/14198,0.326923076923077,2.41752804487179,4.04950179514731,0.000316465297872541,0.00677262443379547,0.00677262443379547,PDE9A/LPAR1/EDNRA/PDE6A/PRKAR2B/PDE5A/PDE8A/PDE7B/PJA2/LRRK2/PDE3A/NRXN1/MC1R/PDE2A/PDE4D/VIP/MYOM1,17
GO:0034764,positive regulation of transmembrane transport,33/1920,133/14198,0.24812030075188,1.83479793233083,3.82492045648457,0.000321229382405765,0.00682348257307493,0.00682348257307493,RAP1A/KCNN4/EDNRA/CHP1/GRIN1/P2RX4/PTPRM/FXYD5/CXCL9/ADCYAP1R1/CA2/C1QTNF12/TESC/NOS1/GPER1/CAV1/SRI/ITLN1/P2RX1/FXYD1/CXCL10/STIM1/CEMIP/STAC/KCNQ1/ANK2/CXCL11/SLC7A5/FHL1/SORBS1/CACNB2/WNK3/CLIP3,33
GO:0034767,positive regulation of monoatomic ion transmembrane transport,25/1920,91/14198,0.274725274725275,2.03153617216117,3.90366836915927,0.000321532400426835,0.00682348257307493,0.00682348257307493,KCNN4/EDNRA/CHP1/GRIN1/P2RX4/FXYD5/CXCL9/ADCYAP1R1/TESC/NOS1/GPER1/CAV1/SRI/P2RX1/FXYD1/CXCL10/STIM1/CEMIP/STAC/KCNQ1/ANK2/CXCL11/FHL1/CACNB2/WNK3,25
GO:0061351,neural precursor cell proliferation,23/1920,81/14198,0.283950617283951,2.09975565843621,3.92511692334854,0.000326719978306327,0.00690468220820705,0.00690468220820705,GDPD2/KIF14/MELK/PDE9A/FGFR2/HEATR1/CNTFR/FGFR1/WDR62/SOX5/APPL2/SHCBP1/TOX/RACGAP1/PTPRZ1/PTN/NTRK3/LRRK2/VEGFA/SLC6A4/SHH/EML1/NFIB,23
GO:0000022,mitotic spindle elongation,7/1920,12/14198,0.583333333333333,4.31362847222222,4.5409795855394,0.000347386863581837,0.00718210645732563,0.00718210645732563,KIF4A/AURKB/CDCA8/RACGAP1/KIF23/PRC1/BIRC5,7
GO:0000727,double-strand break repair via break-induced replication,7/1920,12/14198,0.583333333333333,4.31362847222222,4.5409795855394,0.000347386863581837,0.00718210645732563,0.00718210645732563,MCM7/GINS2/CDC7/MCM4/MCM2/MCMDC2/CDC45,7
GO:0010273,detoxification of copper ion,7/1920,12/14198,0.583333333333333,4.31362847222222,4.5409795855394,0.000347386863581837,0.00718210645732563,0.00718210645732563,MT1F/MT1M/MT1X/MT1H/MT1E/MT2A/MT1G,7
GO:0070344,regulation of fat cell proliferation,7/1920,12/14198,0.583333333333333,4.31362847222222,4.5409795855394,0.000347386863581837,0.00718210645732563,0.00718210645732563,IL6R/E2F1/VSTM2A/TREM2/IL6ST/E2F3/PID1,7
GO:1990169,stress response to copper ion,7/1920,12/14198,0.583333333333333,4.31362847222222,4.5409795855394,0.000347386863581837,0.00718210645732563,0.00718210645732563,MT1F/MT1M/MT1X/MT1H/MT1E/MT2A/MT1G,7
GO:0044839,cell cycle G2/M phase transition,34/1920,139/14198,0.244604316546763,1.8087979616307,3.78926801234382,0.000349753065224278,0.00718210645732563,0.00718210645732563,KIF14/BLM/AURKB/MELK/CLSPN/ATAD5/CDC6/CDK4/CDK2/FOXM1/CDC7/CHEK1/CHMP4C/CENPF/DBF4/ATR/DTL/CDK1/FOXN3/CDKN1A/CCNB1/NEK2/CDC25B/ORC1/NPM1/TICRR/FBXO5/PLK1/NABP1/FHL1/AURKA/PKMYT1/BIRC5/CCNA2,34
GO:0007420,brain development,81/1920,415/14198,0.195180722891566,1.44332078313253,3.62456049812012,0.000349759521876859,0.00718210645732563,0.00718210645732563,ARNT2/AIM2/NEFL/KIF14/CNTN1/FOXP2/KIRREL3/MAOB/RELN/RAN/BMP2/FGFR2/LPAR1/BMP7/FUT1/INHBA/BMP5/EPHB2/CXCL12/UGP2/FAT4/GRIN1/PBX1/ATIC/CMA1/NEUROD1/FOS/FGFR1/UNC5C/ROBO3/MAST1/WNT3/WDR62/XRN2/CKB/ATP1A2/ARHGAP11B/SFRP1/ROGDI/DSCAML1/PBX4/CENPF/SUN2/TOX/POU6F1/KCNA2/NLGN4X/ZMIZ1/CA10/STIL/EZH2/LRRK2/EPHB3/FGF9/PHLPP2/WLS/SHROOM4/NRXN1/SOX15/GRHL2/PLP1/CALM1/NTRK2/SOX4/SLC6A4/GRIN2D/NCAPG2/SMC4/DAB2IP/PCDH9/ADGRG1/SMC2/LRP8/NDRG2/SHH/PADI2/EML1/CHD5/EPHA7/NFIB/SLC1A1,81
GO:0033002,muscle cell proliferation,36/1920,150/14198,0.24,1.77475,3.7721161430794,0.000353153839199443,0.00722256561459506,0.00722256561459506,TGFBR3/HPGD/BMP2/FGFR2/MEGF10/PRKDC/KLF4/FOS/RBPMS2/FGF2/MEF2C/MYB/MYOCD/GPER1/ITGA2/IL6R/TACR1/CDK1/CDKN1A/OGN/CCNB1/PRKG1/PDCD4/FGF9/ABL1/MFN2/EFEMP2/TP73/EREG/TPM1/ADAMTS1/MMP9/CNN1/MEF2D/PPARGC1A/NOX1,36
GO:0030335,positive regulation of cell migration,93/1920,490/14198,0.189795918367347,1.4035012755102,3.59452075039271,0.000362831249231994,0.00739068311688624,0.00739068311688624,PLPP3/TGFBR3/ANGPTL3/CLDN1/SEMA6A/WNT5B/EPHA1/MYLK/TEK/RELN/BMP2/GPLD1/LPAR1/BSG/BMP7/FUT1/CCL13/SEMA7A/CCL20/EPHB2/S100A11/ANXA3/CXCL12/GCNT2/ATP5F1A/LYVE1/PLA2G7/P2RX4/CRIPTO/FAM107A/FGFR1/FGF2/CCL11/PLAU/WDR62/SOX9/PINK1/HDAC9/ZP3/VEGFD/TWIST2/MET/GLIPR2/CXCL8/SRPX2/SEMA3B/GPER1/SUN2/ITGA2/CCL14/MMP7/CCL3/CSF1/CCL23/IL6R/CAV1/TACR1/SACK1H/AGT/ATOH8/PTN/NTRK3/CCL3L3/KIT/IL1B/EZH2/FGF9/CCL22/ABL1/EDN3/SYNPO2/LGR6/VEGFA/TREM2/FERMT1/VSIR/RET/PDGFA/DAAM2/FBXO5/APC/MYO1C/LEF1/CTSH/DAB2IP/CXCL10/MADCAM1/CEMIP/GAB1/ADAMTS1/VTN/MMP9/PGF,93
GO:0003073,regulation of systemic arterial blood pressure,19/1920,62/14198,0.306451612903226,2.26614583333333,3.95094876272433,0.000367912489785835,0.00743447070993528,0.00743447070993528,OR51E2/GPR37L1/HSD11B2/RASL10B/CMA1/ANPEP/CORIN/ADRB1/CARTPT/NMU/TACR1/AGT/EDN3/PCSK5/TNNI3/ECE1/TPM1/ADAMTS16/CTSG,19
GO:1901880,negative regulation of protein depolymerization,19/1920,62/14198,0.306451612903226,2.26614583333333,3.95094876272433,0.000367912489785835,0.00743447070993528,0.00743447070993528,STMN2/LMOD1/TMOD1/SPTB/VILL/FLII/TPX2/SVIL/CRACD/SPTBN4/SPTBN2/PLEKHH2/GSN/SPTBN5/SCIN/APC/CKAP2/ASB2/LIMA1,19
GO:0010881,regulation of cardiac muscle contraction by regulation of the release of sequestered calcium ion,9/1920,19/14198,0.473684210526316,3.50279605263158,4.31682607783313,0.000380899870433734,0.00762609340520946,0.00762609340520946,CAMK2D/ATP1A2/CACNA1C/CASQ2/RYR2/DMD/CALM1/ANK2/SLC8A1,9
GO:1902101,positive regulation of metaphase/anaphase transition of cell cycle,9/1920,19/14198,0.473684210526316,3.50279605263158,4.31682607783313,0.000380899870433734,0.00762609340520946,0.00762609340520946,MAPK15/CDC20/ESPL1/UBE2C/RB1/SKA3/PLK1/SKA1/DLGAP5,9
GO:0050886,endocrine process,20/1920,67/14198,0.298507462686567,2.20740049751244,3.91730506980648,0.000383409664496927,0.00762609340520946,0.00762609340520946,OR51E2/HSD11B2/RASL10B/INHBA/CMA1/ANPEP/TACR2/CORIN/RETN/TACR1/AGT/IL1B/EDN3/CYP19A1/PCSK5/ECRG4/ECE1/KCNQ1/GNAQ/CTSG,20
GO:0060079,excitatory postsynaptic potential,20/1920,67/14198,0.298507462686567,2.20740049751244,3.91730506980648,0.000383409664496927,0.00762609340520946,0.00762609340520946,NLGN1/TMEM25/RELN/ELOVL4/PRKN/CHRNA7/GLRB/GRIN1/RIMS1/P2RX4/MPP2/MEF2C/CHRFAM7A/MET/NLGN4X/LRRK2/NRXN1/CHRNA1/P2RX1/GRIN2D,20
GO:1901655,cellular response to ketone,24/1920,87/14198,0.275862068965517,2.03994252873563,3.847469276726,0.000392823815577613,0.00777484674394941,0.00777484674394941,BTG2/RAP1A/PTGDR/PCK1/HCN2/GNG2/CBX3/KLF9/ATP5F1A/SOX10/FOS/TFAP4/ADCY5/NR3C1/SCNN1G/SFRP1/LRRK2/AR/AXIN2/GNAI1/SCNN1B/PTGER4/PTGDR2/ADCY6,24
GO:0006260,DNA replication,61/1920,295/14198,0.206779661016949,1.52909251412429,3.63139469303349,0.000393954182412263,0.00777484674394941,0.00777484674394941,RPA4/MCM7/BLM/FAM111B/GINS2/POLA1/DACH1/ESCO2/S100A11/ATAD5/DTD1/NFIC/TIMELESS/CDC6/JADE3/DSCC1/NFIA/CDK2/MMS22L/MCM10/ACTL6A/EXO1/CDC7/CHAF1B/TRAIP/RECQL4/PCLAF/LIG1/CHEK1/TOP1MT/MCM4/RFC4/DBF4/ATR/DTL/ACVRL1/ORC6/BRCA2/CDK1/CDKN1A/RFC3/OBI1/MCM2/RFWD3/ORC1/POLQ/CDT1/EREG/TICRR/CDC45/FBXO5/E2F7/PCNA/ACTR5/CHTF18/GINS3/GINS1/RTEL1/RNASEH2A/NFIB/CCNA2,61
GO:1901992,positive regulation of mitotic cell cycle phase transition,22/1920,77/14198,0.285714285714286,2.11279761904762,3.87180890930604,0.000397129161592709,0.00780712832402411,0.00780712832402411,MTBP/CDC6/CDK4/CDC20/ESPL1/CDC7/UBE2C/DTL/CDK1/CCNB1/RB1/STIL/CDC25B/SKA3/FBXO5/PLK1/RRM2/SKA1/ADAMTS1/KCNA5/BIRC5/DLGAP5,22
GO:0051046,regulation of secretion,86/1920,448/14198,0.191964285714286,1.41953590029762,3.56813994089386,0.000409200419373386,0.00801337655236221,0.00801337655236221,OR51E2/NLGN1/ACHE/RAP1A/ABCB11/CPT1A/PRKN/PDX1/BMP2/GNAO1/IL11/GPLD1/BSG/RASL10B/INHBA/IL1A/CXCL12/CEACAM1/RIMS1/NR1H4/P2RX4/NEUROD1/MEF2C/SV2B/TACR2/CORIN/TFR2/VAMP2/CAMK2A/SYTL4/ZP3/MYB/CHGA/CARTPT/CLDN2/ADCY5/CD177/KRT20/ADTRP/NMU/RAB27A/RETN/FFAR3/RAB15/GPER1/KCNA2/PYY/IL6R/TACR1/KCNB1/CD160/AGT/SRI/FOXA2/IL1B/PRKACB/LRRK2/EFNA5/NR0B2/EDN3/CYP19A1/TNFRSF11A/WLS/P2RY1/TREM2/ECRG4/SCIN/P2RX1/SOX4/SLC6A4/KCNQ1/ABCC8/LIF/PRKCB/GNAZ/GNAQ/IL6ST/KCNA5/RHBDF2/SYT8/SYN1/RAB3A/GCG/WNK3/TNFSF11/FFAR4,86
GO:1903532,positive regulation of secretion by cell,49/1920,225/14198,0.217777777777778,1.6104212962963,3.64973386549667,0.000420362112700043,0.00820029475236392,0.00820029475236392,OR51E2/NLGN1/ACHE/PRKN/PDX1/BMP2/GPLD1/BSG/RASL10B/INHBA/IL1A/CXCL12/NR1H4/P2RX4/NEUROD1/TACR2/TFR2/SYTL4/ZP3/MYB/CARTPT/CD177/NMU/RAB27A/RETN/RAB15/GPER1/TACR1/KCNB1/CD160/IL1B/PRKACB/EFNA5/NR0B2/EDN3/CYP19A1/TNFRSF11A/WLS/P2RY1/TREM2/ECRG4/SOX4/SLC6A4/ABCC8/GNAQ/RAB3A/GCG/TNFSF11/FFAR4,49
GO:0010644,cell communication by electrical coupling,11/1920,27/14198,0.407407407407407,3.01269290123457,4.13946522877749,0.000435403929764331,0.00845620482993513,0.00845620482993513,GJA5/CAMK2D/ATP1A2/CACNA1C/CASQ2/RYR2/CAV1/SRI/CALM1/PDE4D/SLC8A1,11
GO:0051047,positive regulation of secretion,51/1920,237/14198,0.215189873417722,1.59128428270042,3.62992235409282,0.00043681499712993,0.00845620482993513,0.00845620482993513,OR51E2/NLGN1/ACHE/ABCB11/PRKN/PDX1/BMP2/GPLD1/BSG/RASL10B/INHBA/IL1A/CXCL12/NR1H4/P2RX4/NEUROD1/TACR2/TFR2/SYTL4/ZP3/MYB/CARTPT/CD177/NMU/RAB27A/RETN/RAB15/GPER1/TACR1/KCNB1/CD160/IL1B/PRKACB/EFNA5/NR0B2/EDN3/CYP19A1/TNFRSF11A/WLS/P2RY1/TREM2/ECRG4/SCIN/SOX4/SLC6A4/ABCC8/GNAQ/RAB3A/GCG/TNFSF11/FFAR4,51
GO:0140694,membraneless organelle assembly,76/1920,388/14198,0.195876288659794,1.44846434707904,3.54186526935607,0.000470567023542886,0.00907496556429475,0.00907496556429475,CENPH/CIRBP/LMOD1/KIF4A/KAT2A/TMOD1/RPS19/CENPN/AURKB/MAPK15/CCDC69/DCAF13/MYOM2/PRKDC/CENPI/FLII/MZT1/CENPA/PLK4/MAPT/TPX2/STARD9/KIF15/KAT2B/CDK2/TNNT2/WDR62/KIF11/GPSM2/ANLN/CENPW/SPAG5/CDCA8/CHMP4C/FLNC/CENPF/RACGAP1/MYH11/MYH3/MRTO4/TNNT3/HJURP/CENPE/KIF23/OBSCN/KNTC1/STIL/BRIX1/PIBF1/NEK2/AR/NPM1/PGM5/CENPK/KIFC1/SKA3/PLK1/MTERF3/DAB2IP/SKA1/TPM1/CSRP1/PRC1/UHRF1/YTHDF1/ACTA1/BOP1/TIA1/NEBL/ASB2/BIRC5/DLGAP5/WNK3/NRAP/MYOM1/RPF2,76
GO:0098739,import across plasma membrane,45/1920,203/14198,0.221674876847291,1.6392395320197,3.6275239080782,0.000473666468017803,0.00910013759767537,0.00910013759767537,SLC9A1/CACNA1A/RAP1A/KCNN4/HCN2/PCSK9/SLC6A14/SLC38A4/SLC9A9/FXYD5/SLC6A20/SLC39A4/SLC7A1/ATP1A2/CARTPT/APPL2/SLC38A5/SLC7A11/CACNA1C/C1QTNF12/SCNN1G/AQP8/SLC36A1/SLC9A3/SLC9A2/TRPV3/SLC38A3/CNGA3/ITLN1/SLC6A6/P2RX1/SLC5A6/FXYD1/SLC6A19/KCNQ1/ANK2/SCNN1B/SLC39A10/ABCC8/SLC7A5/SLC2A4/SORBS1/SLC8A1/PID1/SLC1A1,45
GO:0030834,regulation of actin filament depolymerization,16/1920,49/14198,0.326530612244898,2.41462585034014,3.92249002349265,0.000478411773840467,0.00915662081856168,0.00915662081856168,LMOD1/TMOD1/SPTB/VILL/FLII/SVIL/CRACD/SPTBN4/SPTBN2/PLEKHH2/GSN/PDXP/SPTBN5/SCIN/ASB2/LIMA1,16
GO:0140013,meiotic nuclear division,28/1920,109/14198,0.256880733944954,1.89957951070336,3.72818805419426,0.000486990160210205,0.00928576726536151,0.00928576726536151,MAPK15/DCAF13/SYCP2/SGO1/RAD54B/TOP2A/RAD51AP1/ESPL1/TRIP13/CYP26B1/MND1/BRCA2/BRIP1/HSPA2/TTK/RAD54L/SGO2/FIGNL1/SKA3/EREG/FBXO5/KNL1/ZWINT/SMC4/NUF2/SKA1/NCAPH/FANCD2,28
GO:0002028,regulation of sodium ion transport,17/1920,54/14198,0.314814814814815,2.3279899691358,3.86625630910416,0.000521302548774954,0.00986584525144241,0.00986584525144241,NKAIN4/PCSK9/CHP1/P2RX4/FXYD5/CAMK2D/SPTBN4/TESC/NOS1/DMD/AGT/FXYD1/SCN4B/GPD1L/SLMAP/WNK3/PER1,17
GO:1904705,regulation of vascular associated smooth muscle cell proliferation,17/1920,54/14198,0.314814814814815,2.3279899691358,3.86625630910416,0.000521302548774954,0.00986584525144241,0.00986584525144241,HPGD/FGFR2/FGF2/MEF2C/MYOCD/GPER1/CDKN1A/PRKG1/PDCD4/FGF9/MFN2/EFEMP2/TPM1/ADAMTS1/MMP9/CNN1/MEF2D,17
GO:0051480,regulation of cytosolic calcium ion concentration,13/1920,36/14198,0.361111111111111,2.67034143518519,3.96806978101404,0.000540026289792371,0.0101802027293652,0.0101802027293652,RYR1/SV2B/ITPR1/RYR2/GPER1/CAV1/TRPC4/PLN/CDH23/P2RY1/P2RX1/CNR1/CACNB2,13
GO:0006275,regulation of DNA replication,29/1920,115/14198,0.252173913043478,1.86477355072464,3.68204269203375,0.000541927195766679,0.0101802027293652,0.0101802027293652,MCM7/DACH1/ESCO2/S100A11/ATAD5/TIMELESS/CDC6/JADE3/DSCC1/CDK2/ACTL6A/CDC7/MCM4/DBF4/ATR/DTL/ACVRL1/CDK1/CDKN1A/OBI1/MCM2/CDT1/EREG/TICRR/FBXO5/E2F7/PCNA/ACTR5/CCNA2,29
GO:0051928,positive regulation of calcium ion transport,20/1920,69/14198,0.289855072463768,2.14341787439614,3.76494729379316,0.000585253350907342,0.0109535239697492,0.0109535239697492,MYLK/CXCL12/GRIN1/P2RX4/CXCL9/ADCYAP1R1/CAMK2A/GPER1/CCL3/CAV1/SRI/TRPV3/P2RX1/CXCL10/CEMIP/ANK2/CXCL11/CACNB2/GCG/WNK3,20
GO:0051383,kinetochore organization,12/1920,32/14198,0.375,2.773046875,3.97060494258243,0.000592196342159243,0.0110378482954869,0.0110378482954869,CENPH/CENPN/CENPI/CENPA/CENPW/CENPF/HJURP/CENPE/KNTC1/CENPK/NUF2/DLGAP5,12
GO:0031570,DNA integrity checkpoint signaling,30/1920,121/14198,0.247933884297521,1.8334194214876,3.64071210366073,0.00059577294417111,0.0110378482954869,0.0110378482954869,RPA4/BLM/STK33/TTI1/PRKDC/CLSPN/TIMELESS/CDC6/CDK2/CDC7/CHEK1/RFC4/DBF4/ATR/DTL/E2F1/BRCA2/CDK1/FOXN3/CDKN1A/RFC3/BRIP1/H2AX/RFWD3/ORC1/CDT1/TICRR/CDC45/PLK1/FANCD2,30
GO:0046887,positive regulation of hormone secretion,27/1920,105/14198,0.257142857142857,1.90151785714286,3.66650556208987,0.00059846377785073,0.0110378482954869,0.0110378482954869,PRKN/PDX1/GPLD1/RASL10B/INHBA/NR1H4/NEUROD1/TFR2/MYB/CARTPT/NMU/RETN/GPER1/TACR1/PRKACB/EFNA5/NR0B2/EDN3/CYP19A1/P2RY1/ECRG4/SOX4/ABCC8/GNAQ/GCG/TNFSF11/FFAR4,27
GO:0050806,positive regulation of synaptic transmission,27/1920,105/14198,0.257142857142857,1.90151785714286,3.66650556208987,0.00059846377785073,0.0110378482954869,0.0110378482954869,NLGN1/PDE9A/RELN/CHRNA7/EPHB2/GRIN1/CAMK2G/LGI1/FAM107A/CAMK2D/MPP2/CAMK2B/TACR2/VAMP2/CAMK2A/NPTN/NMU/RETN/GPER1/TACR1/PTN/ABL1/NRXN1/CALM1/NTRK2/GRIN2D/YTHDF1,27
GO:0051494,negative regulation of cytoskeleton organization,32/1920,132/14198,0.242424242424242,1.79267676767677,3.6181192759516,0.000607709979059389,0.0111662770145346,0.0111662770145346,STMN2/LMOD1/KAT2A/TMOD1/SPTB/VILL/PRKN/FLII/TPX2/SVIL/CRACD/KAT2B/CCNF/SPTBN4/SPTBN2/ARHGAP6/IQCJ-SCHIP1/MAP2/KANK3/TACSTD2/PLEKHH2/GSN/SPTBN5/NPM1/SCIN/APC/KANK2/CKAP2/ASB2/RHPN1/LIMA1/CLIP3,32
GO:0010984,regulation of lipoprotein particle clearance,9/1920,20/14198,0.45,3.32765625,4.11918641572682,0.00060983019184268,0.0111662770145346,0.0111662770145346,APOC2/GPIHBP1/GPLD1/PCSK9/LIPG/NR1H4/APOC1/TREM2/ABCC8,9
GO:0050890,cognition,39/1920,171/14198,0.228070175438597,1.68653143274854,3.57158650908499,0.000612108658228341,0.0111676802681084,0.0111676802681084,KAT2A/RELN/CHRNA7/EGR1/EPHB2/GRIN1/MUSK/MAPT/FOS/FAM107A/KAT2B/MEF2C/CCL11/BCHE/TACR2/CHRFAM7A/CARTPT/ST3GAL4/NLGN4X/TACR1/PTPRZ1/PLN/PTN/KIT/PJA2/ABL1/CLDN5/SHROOM4/TREM2/NRXN1/NTRK2/SLC6A4/CPEB3/ABCC8/STRA6/YTHDF1/NRXN3/SLC2A4/SLC1A1,39
GO:0007200,phospholipase C-activating G protein-coupled receptor signaling pathway,26/1920,100/14198,0.26,1.92264583333333,3.66135098001828,0.000625344050303275,0.0113682617316782,0.0113682617316782,LPAR1/EDNRA/GPR143/TACR2/ITPR1/DGKG/CHGA/INPP5A/GAP43/OXGR1/TACR1/PLCB4/GNA14/AGT/VEGFA/GNA11/P2RY1/NRXN1/DRD5/PLPP1/MC1R/ADGRG1/PRKCB/GNAQ/FFAR4/PLCE1,26
GO:0095500,acetylcholine receptor signaling pathway,11/1920,28/14198,0.392857142857143,2.90509672619048,3.99021422240771,0.000630194242492754,0.0114139566093663,0.0114139566093663,CHRNA7/LYNX1/CHRM4/ITPR1/PSCA/LY6G6D/GNA11/LY6E/CHRNA1/PRKCB/GNAQ,11
GO:0006261,DNA-templated DNA replication,37/1920,160/14198,0.23125,1.71004557291667,3.57173054029274,0.000632358400479482,0.0114139566093663,0.0114139566093663,RPA4/MCM7/BLM/FAM111B/POLA1/DACH1/ATAD5/TIMELESS/CDC6/MMS22L/MCM10/EXO1/CDC7/TRAIP/LIG1/MCM4/RFC4/DBF4/ATR/DTL/ORC6/BRCA2/RFC3/MCM2/RFWD3/ORC1/POLQ/CDT1/TICRR/CDC45/FBXO5/E2F7/PCNA/GINS3/GINS1/RTEL1/RNASEH2A,37
GO:0090128,regulation of synapse maturation,10/1920,24/14198,0.416666666666667,3.08116319444444,4.03506592282592,0.000641660888656852,0.0115000142306274,0.0115000142306274,NEFL/RELN/IGSF9/SEMA7A/ADGRB3/CAMK2B/CDC20/NEURL1/NRXN1/DAB2IP,10
GO:0098719,sodium ion import across plasma membrane,10/1920,24/14198,0.416666666666667,3.08116319444444,4.03506592282592,0.000641660888656852,0.0115000142306274,0.0115000142306274,SLC9A1/HCN2/PCSK9/SLC9A9/SCNN1G/SLC9A3/SLC9A2/SLC5A6/SCNN1B/SLC8A1,10
GO:1990874,vascular associated smooth muscle cell proliferation,17/1920,55/14198,0.309090909090909,2.28566287878788,3.77765914794202,0.000660744552327484,0.0118003393288908,0.0118003393288908,HPGD/FGFR2/FGF2/MEF2C/MYOCD/GPER1/CDKN1A/PRKG1/PDCD4/FGF9/MFN2/EFEMP2/TPM1/ADAMTS1/MMP9/CNN1/MEF2D,17
GO:0009812,flavonoid metabolic process,7/1920,13/14198,0.538461538461538,3.9818108974359,4.25326257489607,0.000664850209603323,0.0118122690228597,0.0118122690228597,SULT1B1/UGT1A5/UGT1A8/UGT1A1/UGT1A3/UGT1A4/UGT1A10,7
GO:0034728,nucleosome organization,28/1920,111/14198,0.252252252252252,1.86535285285285,3.61934975321862,0.000666269397066394,0.0118122690228597,0.0118122690228597,H2BC15/H2BC10/H2BC9/H4C11/H2BC13/H2AC25/SOX9/CHAF1B/H3C7/H2BC14/H4C9/H3C8/H1-5/H4C12/HMGA1/H4C14/H4C15/H3C11/ASF1B/H2BC11/H3C2/H2AX/H2BC8/NPM1/H2BC6/ATAD2/H2BC7/H3C12,28
GO:0035150,regulation of tube size,24/1920,90/14198,0.266666666666667,1.97194444444444,3.65775878403679,0.000673057126894015,0.0118122690228597,0.0118122690228597,KLF2/GJA5/EDNRA/HTR1D/BDKRB2/KAT2B/HBB/ADRB1/NOS1/GPER1/CAV1/TACR1/AGT/PRKG1/ABL1/EDN3/SVEP1/P2RY1/KCNMA1/SLC6A4/ECE1/GAB1/SLC8A1/ADCY6,24
GO:0035296,regulation of tube diameter,24/1920,90/14198,0.266666666666667,1.97194444444444,3.65775878403679,0.000673057126894015,0.0118122690228597,0.0118122690228597,KLF2/GJA5/EDNRA/HTR1D/BDKRB2/KAT2B/HBB/ADRB1/NOS1/GPER1/CAV1/TACR1/AGT/PRKG1/ABL1/EDN3/SVEP1/P2RY1/KCNMA1/SLC6A4/ECE1/GAB1/SLC8A1/ADCY6,24
GO:0097746,blood vessel diameter maintenance,24/1920,90/14198,0.266666666666667,1.97194444444444,3.65775878403679,0.000673057126894015,0.0118122690228597,0.0118122690228597,KLF2/GJA5/EDNRA/HTR1D/BDKRB2/KAT2B/HBB/ADRB1/NOS1/GPER1/CAV1/TACR1/AGT/PRKG1/ABL1/EDN3/SVEP1/P2RY1/KCNMA1/SLC6A4/ECE1/GAB1/SLC8A1/ADCY6,24
GO:0071248,cellular response to metal ion,32/1920,133/14198,0.240601503759399,1.77919799498747,3.57016978031783,0.000698476108692221,0.0122161062871964,0.0122161062871964,RYR1/NLGN1/CPNE7/CLDN1/ITPKA/PRKN/MT1F/MT1M/CPNE1/P2RX4/MT1X/CAMK2D/MT1H/MEF2C/TFR2/MT1E/DLG2/RYR3/KCNB1/CCNB1/MT2A/LRRK2/TF/DPEP1/CHP2/NRXN1/MT1G/ECT2/SMPD1/CPNE5/ITPKB/CPNE8,32
GO:0006805,xenobiotic metabolic process,27/1920,106/14198,0.254716981132076,1.88357900943396,3.61074731079946,0.000701392381197976,0.0122249558674781,0.0122249558674781,ARNT2/CES3/ABCB11/GRIN1/ACAA1/UGT2B15/SULT1B1/BCHE/CYP26B1/CES2/NOS1/CYP4F12/SMOX/UGT1A8/UGT1A1/CMBL/SLC28A3/CYP2B6/UGT1A3/ABCC2/UGT2B17/CYP2S1/SULT1A2/SLC28A2/DPYD/UGT1A10/AOX1,27
GO:0001889,liver development,22/1920,80/14198,0.275,2.03356770833333,3.665915312387,0.00070671288393701,0.0122755059840018,0.0122755059840018,TGFBR3/CLDN1/RAP1A/CPT1A/PCK1/PCSK9/CITED2/UGT1A5/MET/ITGA2/ACAT1/UGT1A8/UGT1A1/UGT1A3/E2F7/PCNA/UGT1A4/SLC7A5/VTN/HMGCS2/AURKA/UGT1A10,22
GO:1903530,regulation of secretion by cell,79/1920,412/14198,0.191747572815534,1.41793335355987,3.4042511569842,0.000714743809561921,0.0123420273015644,0.0123420273015644,OR51E2/NLGN1/ACHE/RAP1A/CPT1A/PRKN/PDX1/BMP2/GNAO1/IL11/GPLD1/BSG/RASL10B/INHBA/IL1A/CXCL12/CEACAM1/RIMS1/NR1H4/P2RX4/NEUROD1/MEF2C/SV2B/TACR2/TFR2/VAMP2/CAMK2A/SYTL4/ZP3/MYB/CHGA/CARTPT/ADCY5/CD177/KRT20/ADTRP/NMU/RAB27A/RETN/FFAR3/RAB15/GPER1/KCNA2/IL6R/TACR1/KCNB1/CD160/AGT/SRI/FOXA2/IL1B/PRKACB/LRRK2/EFNA5/NR0B2/EDN3/CYP19A1/TNFRSF11A/WLS/P2RY1/TREM2/ECRG4/P2RX1/SOX4/SLC6A4/ABCC8/LIF/PRKCB/GNAZ/GNAQ/IL6ST/KCNA5/RHBDF2/SYT8/SYN1/RAB3A/GCG/TNFSF11/FFAR4,79
GO:0060538,skeletal muscle organ development,21/1920,75/14198,0.28,2.07054166666667,3.67583338907998,0.000715409311249986,0.0123420273015644,0.0123420273015644,RYR1/FOXP2/MEGF10/RBM24/SVIL/MEF2C/MYORG/NEURL1/HDAC9/CYP26B1/MYOCD/DMD/CAV1/TCF21/FER1L6/CHRNA1/DES/STRA6/ACTA1/LARGE1/MYOM1,21
GO:0051693,actin filament capping,13/1920,37/14198,0.351351351351351,2.59817004504505,3.84912467154429,0.000730574613238106,0.0125507775912973,0.0125507775912973,LMOD1/TMOD1/SPTB/VILL/FLII/SVIL/CRACD/SPTBN4/SPTBN2/GSN/SPTBN5/SCIN/ASB2,13
GO:0048660,regulation of smooth muscle cell proliferation,29/1920,117/14198,0.247863247863248,1.83289707977208,3.57727734403412,0.00073245862914511,0.0125507775912973,0.0125507775912973,HPGD/BMP2/FGFR2/PRKDC/KLF4/RBPMS2/FGF2/MEF2C/MYB/MYOCD/GPER1/ITGA2/IL6R/TACR1/CDKN1A/OGN/PRKG1/PDCD4/FGF9/MFN2/EFEMP2/EREG/TPM1/ADAMTS1/MMP9/CNN1/MEF2D/PPARGC1A/NOX1,29
GO:0043434,response to peptide hormone,70/1920,357/14198,0.196078431372549,1.4499591503268,3.40493286018806,0.00075001571296311,0.0128083491452825,0.0128083491452825,TGFBR3/SLC9A1/NEFL/BTG2/KLF2/PCK1/HSD11B2/EGR1/GPLD1/EDNRA/REG3A/BSG/BMP7/PRKDC/INHBA/TNS2/PCSK9/ADCY9/CXCL12/KLF4/CEACAM1/CDC6/NR1H4/PRKAR2B/GDF15/FOS/KAT2B/VAMP2/CAMK2A/CA2/HDAC9/CARTPT/APPL2/ADCY5/SLC30A10/C1QTNF12/SCNN1G/GKAP1/RETN/FFAR3/GPER1/VWA2/CAV1/AGT/PLN/RB1/IL1B/TNFRSF11A/TBC1D4/EREG/APC/PDK4/GNAI1/KCNQ1/GAB1/SCNN1B/ABCC8/PRKCB/AGTRAP/HMGCS2/SOCS2/SLC2A4/SORBS1/PID1/CCNA2/ADCY6/JUND/TRIB3/GCG/GLP2R,70
GO:0050930,induction of positive chemotaxis,6/1920,10/14198,0.6,4.436875,4.29920583100934,0.000782070556366656,0.0132664276317447,0.0132664276317447,SCG2/CXCL12/VEGFD/CXCL8/VEGFA/PGF,6
GO:0060623,regulation of chromosome condensation,6/1920,10/14198,0.6,4.436875,4.29920583100934,0.000782070556366656,0.0132664276317447,0.0132664276317447,NCAPG/NCAPD2/CCNB1/SMC4/SMC2/NCAPH,6
GO:0045104,intermediate filament cytoskeleton organization,16/1920,51/14198,0.313725490196078,2.31993464052288,3.73413856003083,0.000786880229822891,0.0133035217522057,0.0133035217522057,NEFL/KRT6B/PRPH/KRT17/SYNM/NEFM/KRT20/KRT18/SACK1H/KRT80/EVPL/DES/DST/PKP1/KRT23/ATP8A2,16
GO:0008210,estrogen metabolic process,12/1920,33/14198,0.363636363636364,2.68901515151515,3.84120350953452,0.000817227395112369,0.0137250905563243,0.0137250905563243,UGT2B15/UGT1A5/UGT1A8/UGT1A1/AKR1B15/CYP19A1/UGT1A3/DHRS11/UGT2B17/HSD17B2/UGT1A4/UGT1A10,12
GO:1905144,response to acetylcholine,12/1920,33/14198,0.363636363636364,2.68901515151515,3.84120350953452,0.000817227395112369,0.0137250905563243,0.0137250905563243,CHRNA7/LYNX1/EDNRA/CHRM4/ITPR1/PSCA/LY6G6D/GNA11/LY6E/CHRNA1/PRKCB/GNAQ,12
GO:0061008,hepaticobiliary system development,22/1920,81/14198,0.271604938271605,2.00846193415638,3.59928223505439,0.000848405153833199,0.0142016862714257,0.0142016862714257,TGFBR3/CLDN1/RAP1A/CPT1A/PCK1/PCSK9/CITED2/UGT1A5/MET/ITGA2/ACAT1/UGT1A8/UGT1A1/UGT1A3/E2F7/PCNA/UGT1A4/SLC7A5/VTN/HMGCS2/AURKA/UGT1A10,22
GO:0060291,long-term synaptic potentiation,18/1920,61/14198,0.295081967213115,2.18206967213115,3.65859599364206,0.000858460824176715,0.0142357767844943,0.0142357767844943,PDE9A/RELN/CHRNA7/EPHB2/CAMK2G/FAM107A/CAMK2D/MPP2/CAMK2B/VAMP2/CAMK2A/NPTN/PTN/ABL1/CALM1/NTRK2/GRIN2D/YTHDF1,18
GO:0070341,fat cell proliferation,8/1920,17/14198,0.470588235294118,3.47990196078431,4.04567167781041,0.000858861927455688,0.0142357767844943,0.0142357767844943,IL6R/E2F1/VSTM2A/TREM2/IL6ST/E2F3/SLC2A4/PID1,8
GO:0097501,stress response to metal ion,8/1920,17/14198,0.470588235294118,3.47990196078431,4.04567167781041,0.000858861927455688,0.0142357767844943,0.0142357767844943,MT1F/MT1M/MT1X/MT1H/MT1E/SLC30A10/MT2A/MT1G,8
GO:0070098,chemokine-mediated signaling pathway,20/1920,71/14198,0.28169014084507,2.08303990610329,3.61771001271881,0.000873099971914218,0.0144246353666088,0.0144246353666088,MPL/CCL13/CXCL12/CXCL9/CCL11/ENTREP1/CCL14/CCL3/CCL23/CCL3L3/CXCL6/CCL22/ACKR2/TREM2/ACKR1/CXCL10/GNAI1/CXCL11/PADI2/GPR17,20
GO:0070482,response to oxygen levels,56/1920,274/14198,0.204379562043796,1.51134428223844,3.37980597359756,0.000894066663510883,0.0147230718095039,0.0147230718095039,ARNT2/TGFBR3/SLC9A1/RYR1/ACAA2/MPL/ZEB2/CPT1A/CHRNA7/HSD11B2/BMP2/FGFR2/EGR1/LPAR1/BMP7/INHBA/FABP1/CXCL12/PLEKHN1/FOS/CITED2/SLC11A2/ERO1A/ITPR1/PINK1/MYB/VEGFD/COXFA4L2/TERC/NOS1/MYOCD/SFRP1/RYR2/AJUBA/ITGA2/CAV1/E2F1/CCNB1/HILPDA/VEGFA/TREM2/KCNMA1/SLC6A4/CBFA2T3/CA9/SLC7A5/AGTRAP/KCNA5/PGF/SLC2A4/MYC/CCNA2/JUND/CAPN2/EPAS1/SUV39H2,56
GO:0098659,inorganic cation import across plasma membrane,25/1920,97/14198,0.257731958762887,1.90587414089347,3.54008642169848,0.000904785686357031,0.0148034612942028,0.0148034612942028,SLC9A1/CACNA1A/KCNN4/HCN2/PCSK9/SLC9A9/FXYD5/SLC39A4/ATP1A2/CACNA1C/SCNN1G/AQP8/SLC9A3/SLC9A2/TRPV3/CNGA3/P2RX1/SLC5A6/FXYD1/KCNQ1/ANK2/SCNN1B/SLC39A10/ABCC8/SLC8A1,25
GO:0099587,inorganic ion import across plasma membrane,25/1920,97/14198,0.257731958762887,1.90587414089347,3.54008642169848,0.000904785686357031,0.0148034612942028,0.0148034612942028,SLC9A1/CACNA1A/KCNN4/HCN2/PCSK9/SLC9A9/FXYD5/SLC39A4/ATP1A2/CACNA1C/SCNN1G/AQP8/SLC9A3/SLC9A2/TRPV3/CNGA3/P2RX1/SLC5A6/FXYD1/KCNQ1/ANK2/SCNN1B/SLC39A10/ABCC8/SLC8A1,25
GO:0051321,meiotic cell cycle,45/1920,209/14198,0.215311004784689,1.59218002392345,3.41050469837737,0.00090883996830051,0.014821981733827,0.014821981733827,MAPK15/DCAF13/SYCP2/SGO1/EDNRA/RAD54B/TOP2A/RAD51AP1/CDK2/CDC20/ESPL1/TRIP13/EXO1/CYP26B1/NCAPD2/MND1/SUN2/BRCA2/BRIP1/HSPA2/CDCA2/TTK/RAD54L/NEK2/SGO2/CDC25B/ASPM/FIGNL1/DUSP1/MKI67/H2AX/XRCC2/SKA3/EREG/MCMDC2/FBXO5/KNL1/ZWINT/SMC4/NUF2/SKA1/AURKA/PKMYT1/NCAPH/FANCD2,45
GO:1904706,negative regulation of vascular associated smooth muscle cell proliferation,9/1920,21/14198,0.428571428571429,3.16919642857143,3.93370193503057,0.000939952946900225,0.0152802607265319,0.0152802607265319,MEF2C/MYOCD/GPER1/CDKN1A/PRKG1/PDCD4/EFEMP2/TPM1/CNN1,9
GO:0007204,positive regulation of cytosolic calcium ion concentration,27/1920,108/14198,0.25,1.84869791666667,3.50102013342659,0.000954457366659704,0.0154664784782684,0.0154664784782684,CACNA1A/PTGDR/JPH4/LPAR1/EDNRA/BDKRB2/GRIN1/P2RX4/ADCYAP1R1/PKD1/ADCY5/NPTN/CACNA1C/CXCL8/NOS1/RYR2/NMU/GPER1/CAV1/TACR1/ABL1/ACKR2/P2RY1/PTGER4/SLC8A1/JPH2/FFAR4,27
GO:0030261,chromosome condensation,13/1920,38/14198,0.342105263157895,2.52979714912281,3.73404123781667,0.000974608872834598,0.0157427267612009,0.0157427267612009,TOP2A/NCAPG/NUSAP1/NCAPD2/GPER1/H1-5/CDK1/CCNB1/PLK1/NCAPG2/SMC4/SMC2/NCAPH,13
GO:0019722,calcium-mediated signaling,39/1920,175/14198,0.222857142857143,1.64798214285714,3.41072485487642,0.00098101957104515,0.0157959722677492,0.0157959722677492,SLC9A1/RYR1/JPH4/CCL20/CHP1/GRIN1/DMPK/MAPT/P2RX4/CAMK2D/ITPR1/ATP1A2/CACNA1C/CXCL8/NOS1/CASQ2/RYR2/DMD/CCL3/INPP5A/RYR3/GRIK3/NR5A2/LRRK2/HOMER2/ACKR2/FCGR3A/CHP2/TREM2/TNNI3/CALM1/P2RX1/GRIN2D/ANK2/PTGDR2/SLC8A1/JPH2/TNFSF11/PLCE1,39
GO:0045103,intermediate filament-based process,16/1920,52/14198,0.307692307692308,2.27532051282051,3.64325257954381,0.00099595353291194,0.0159856845535739,0.0159856845535739,NEFL/KRT6B/PRPH/KRT17/SYNM/NEFM/KRT20/KRT18/SACK1H/KRT80/EVPL/DES/DST/PKP1/KRT23/ATP8A2,16
GO:0051216,cartilage development,28/1920,114/14198,0.245614035087719,1.81626461988304,3.46023409706689,0.00104301169053178,0.0166881870485085,0.0166881870485085,KAT2A/WNT5B/CD44/BMP2/GPLD1/BMP7/BMP5/TGFBI/ZNF219/NFIA/FGF2/MEF2C/SOX9/SOX5/PKD1/MUSTN1/ACVRL1/BMP3/OGN/NR5A2/RB1/ZBTB16/WNT9A/SCIN/SLC26A2/SMAD7/PRKG2/NFIB,28
GO:0030323,respiratory tube development,18/1920,62/14198,0.290322580645161,2.146875,3.57876971432291,0.00105913968824571,0.0168929449647241,0.0168929449647241,FOXF1/BMP2/FGFR2/PKD1/TCF21/CLCN2/VEGFA/PCSK5/GRHL2/TP73/PDGFA/CTSH/STRA6/SHH/HMGCS2/CELSR1/NFIB/EPAS1,18
GO:0021537,telencephalon development,35/1920,153/14198,0.228758169934641,1.6916190087146,3.40123669344524,0.00107189144486494,0.0170427379572256,0.0170427379572256,NEFL/KIF14/FOXP2/KIRREL3/RELN/RAN/BMP2/LPAR1/FUT1/INHBA/EPHB2/CXCL12/FAT4/ATIC/NEUROD1/FOS/WDR62/XRN2/ATP1A2/ARHGAP11B/SUN2/KCNA2/ZMIZ1/EZH2/LRRK2/EPHB3/PHLPP2/NTRK2/NCAPG2/SMC4/DAB2IP/ADGRG1/SMC2/LRP8/NFIB,35
GO:0048662,negative regulation of smooth muscle cell proliferation,14/1920,43/14198,0.325581395348837,2.40760658914729,3.65549061359401,0.00109840451886582,0.0174097116240233,0.0174097116240233,BMP2/KLF4/MEF2C/MYOCD/GPER1/CDKN1A/OGN/PRKG1/PDCD4/MFN2/EFEMP2/TPM1/CNN1/PPARGC1A,14
GO:0001990,regulation of systemic arterial blood pressure by hormone,12/1920,34/14198,0.352941176470588,2.60992647058824,3.71652990445184,0.0011093070579482,0.0174733086891717,0.0174733086891717,OR51E2/HSD11B2/RASL10B/CMA1/ANPEP/CORIN/TACR1/AGT/EDN3/PCSK5/ECE1/CTSG,12
GO:0033555,multicellular organismal response to stress,12/1920,34/14198,0.352941176470588,2.60992647058824,3.71652990445184,0.0011093070579482,0.0174733086891717,0.0174733086891717,RELN/EPHB2/P2RX4/ADCYAP1R1/MEF2C/ATP1A2/NOS1/TACR1/RET/LRP11/HMGCS2/CAPN2,12
GO:0007043,cell-cell junction assembly,29/1920,120/14198,0.241666666666667,1.78707465277778,3.42390069420291,0.00112768777532983,0.017653186408867,0.017653186408867,CLDN1/GJA5/EPHB2/NR1H4/MPDZ/PTPRO/CDH19/TLN1/TLN2/EPB41L3/CDH3/ACVRL1/CLDN9/CAV1/AGT/IL1B/GJB1/CLDN5/GRHL2/ECT2/APC/MYO1C/ANK2/VCL/SMAD7/CDHR3/PKP1/OCEL1/DSG3,29
GO:0048659,smooth muscle cell proliferation,29/1920,120/14198,0.241666666666667,1.78707465277778,3.42390069420291,0.00112768777532983,0.017653186408867,0.017653186408867,HPGD/BMP2/FGFR2/PRKDC/KLF4/RBPMS2/FGF2/MEF2C/MYB/MYOCD/GPER1/ITGA2/IL6R/TACR1/CDKN1A/OGN/PRKG1/PDCD4/FGF9/MFN2/EFEMP2/EREG/TPM1/ADAMTS1/MMP9/CNN1/MEF2D/PPARGC1A/NOX1,29
GO:0051592,response to calcium ion,26/1920,104/14198,0.25,1.84869791666667,3.43508717645176,0.00117469574723196,0.0181681898638584,0.0181681898638584,RYR1/NLGN1/CPNE7/ITPKA/CPNE1/CAMK2D/MEF2C/TNNT2/TXNIP/CASQ2/RYR2/CAV1/RYR3/KCNB1/DUSP1/DPEP1/CHP2/NRXN1/KCNMA1/CALM1/ECT2/SMPD1/STIM1/CPNE5/ITPKB/CPNE8,26
GO:0032328,alanine transport,7/1920,14/14198,0.5,3.69739583333333,3.99295512931618,0.00117491448646403,0.0181681898638584,0.0181681898638584,SLC6A14/SLC38A4/SLC38A5/SLC36A1/SLC38A3/SLC6A6/SLC7A5,7
GO:0044771,meiotic cell cycle phase transition,7/1920,14/14198,0.5,3.69739583333333,3.99295512931618,0.00117491448646403,0.0181681898638584,0.0181681898638584,MAPK15/CDC20/TTK/CDC25B/KNL1/ZWINT/PKMYT1,7
GO:0070593,dendrite self-avoidance,7/1920,14/14198,0.5,3.69739583333333,3.99295512931618,0.00117491448646403,0.0181681898638584,0.0181681898638584,IGSF9/BSG/CNTN2/ROBO3/NPTN/DSCAML1/PALLD,7
GO:0071300,cellular response to retinoic acid,15/1920,48/14198,0.3125,2.31087239583333,3.59739318847126,0.00118928275023387,0.0183344744960067,0.0183344744960067,WNT5B/BRINP3/FGFR2/KLF4/WNT3/SOX9/MYB/CYP26B1/TESC/NTRK3/PTK7/WNT9A/RET/SLC6A4/FZD10,15
GO:0002790,peptide secretion,38/1920,171/14198,0.222222222222222,1.64328703703704,3.34661341543015,0.00119576732225401,0.0183785813893101,0.0183785813893101,CPT1A/PRKN/PDX1/GNAO1/GPLD1/RASL10B/CAMK2G/NR1H4/NEUROD1/TACR2/TFR2/CHGA/CARTPT/ADCY5/NMU/FFAR3/GPER1/PYY/IL6R/KCNB1/SRI/FOXA2/IL1B/PRKACB/EFNA5/NR0B2/EDN3/ECRG4/SOX4/ABCC8/GNAZ/IL6ST/KCNA5/RAB3A/GCG/VIP/TNFSF11/FFAR4,38
GO:1905145,cellular response to acetylcholine,11/1920,30/14198,0.366666666666667,2.71142361111111,3.71064121058574,0.00123864170179406,0.0189800323610255,0.0189800323610255,CHRNA7/LYNX1/CHRM4/ITPR1/PSCA/LY6G6D/GNA11/LY6E/CHRNA1/PRKCB/GNAQ,11
GO:0089718,amino acid import across plasma membrane,13/1920,39/14198,0.333333333333333,2.46493055555556,3.62258130268297,0.00128324035845977,0.0195419298154985,0.0195419298154985,SLC6A14/SLC38A4/SLC6A20/SLC7A1/ATP1A2/SLC38A5/SLC7A11/SLC36A1/SLC38A3/SLC6A6/SLC6A19/SLC7A5/SLC1A1,13
GO:0014013,regulation of gliogenesis,17/1920,58/14198,0.293103448275862,2.16743893678161,3.52296685291259,0.00128523033016388,0.0195419298154985,0.0195419298154985,GDPD2/NEGR1/BMP2/SOX10/CNTFR/MYB/E2F1/PTPRZ1/ATOH1/PTN/NTRK3/IL1B/CLCN2/TREM2/DAAM2/ABCC8/SLC7A5,17
GO:0010972,negative regulation of G2/M transition of mitotic cell cycle,19/1920,68/14198,0.279411764705882,2.06619178921569,3.48500816634963,0.00129380506105821,0.0195419298154985,0.0195419298154985,BLM/AURKB/CLSPN/CDC6/CDC7/CHEK1/CHMP4C/DBF4/ATR/DTL/CDK1/FOXN3/CDKN1A/ORC1/TICRR/PLK1/NABP1/FHL1/PKMYT1,19
GO:0055123,digestive system development,19/1920,68/14198,0.279411764705882,2.06619178921569,3.48500816634963,0.00129380506105821,0.0195419298154985,0.0195419298154985,FOXF1/FGFR2/RBPMS2/PKD1/CXCL8/PYY/TCF21/NR5A2/CCNB1/KIT/EPHB3/PCSK5/WLS/RET/PDGFA/KCNQ1/STRA6/IL6ST/HMGCS2,19
GO:0031640,killing of cells of another organism,18/1920,63/14198,0.285714285714286,2.11279761904762,3.50044813370556,0.00129842869633734,0.0195419298154985,0.0195419298154985,RPS19/CCL13/CCL20/GZMB/CXCL12/CXCL9/CCL11/CHGA/CXCL8/DAO/C6/H2BC11/CCL22/C8G/CXCL10/CXCL11/CXCL1/CTSG,18
GO:0141061,disruption of cell in another organism,18/1920,63/14198,0.285714285714286,2.11279761904762,3.50044813370556,0.00129842869633734,0.0195419298154985,0.0195419298154985,RPS19/CCL13/CCL20/GZMB/CXCL12/CXCL9/CCL11/CHGA/CXCL8/DAO/C6/H2BC11/CCL22/C8G/CXCL10/CXCL11/CXCL1/CTSG,18
GO:0006813,potassium ion transport,34/1920,149/14198,0.228187919463087,1.68740212527964,3.33554181550043,0.00131141326157622,0.0196209087395711,0.0196209087395711,SLC9A1/KCNA6/KCNN3/KCNT2/KCNN4/GJA5/KCNIP3/HCN2/CHP1/SLC9A9/FXYD5/DPP6/KCNH8/ATP1A2/KCNN2/NOS1/CASQ2/KCNA2/KCNQ4/CAV1/KCNB1/SLC9A3/SLC9A2/KCND3/TREM2/KCNMA1/FXYD1/KCNQ1/ANK2/ABCC8/LETM1/FHL1/KCNA5/KCNV2,34
GO:0090087,regulation of peptide transport,34/1920,149/14198,0.228187919463087,1.68740212527964,3.33554181550043,0.00131141326157622,0.0196209087395711,0.0196209087395711,CPT1A/PRKN/PDX1/GNAO1/GPLD1/RASL10B/NR1H4/NEUROD1/TFR2/CA2/CHGA/CARTPT/ADCY5/NMU/FFAR3/GPER1/PYY/IL6R/KCNB1/SRI/FOXA2/IL1B/PRKACB/EFNA5/NR0B2/ECRG4/SOX4/ABCC8/GNAZ/IL6ST/KCNA5/GCG/TNFSF11/FFAR4,34
GO:0086010,membrane depolarization during action potential,10/1920,26/14198,0.384615384615385,2.84415064102564,3.72179619062789,0.00134535835808441,0.0200495279050004,0.0200495279050004,HCN2/ATP1A2/CACNA1C/CLCN2/SCN4B/SCN9A/ANK2/SLMAP/SLC8A1/CACNB2,10
GO:0045842,positive regulation of mitotic metaphase/anaphase transition,8/1920,18/14198,0.444444444444444,3.28657407407407,3.83856150028943,0.00136377900773366,0.0200495279050004,0.0200495279050004,CDC20/ESPL1/UBE2C/RB1/SKA3/PLK1/SKA1/DLGAP5,8
GO:0050927,positive regulation of positive chemotaxis,8/1920,18/14198,0.444444444444444,3.28657407407407,3.83856150028943,0.00136377900773366,0.0200495279050004,0.0200495279050004,SCG2/CXCL12/VEGFD/CXCL8/ITGA2/NTRK3/VEGFA/PGF,8
GO:0055119,relaxation of cardiac muscle,8/1920,18/14198,0.444444444444444,3.28657407407407,3.83856150028943,0.00136377900773366,0.0200495279050004,0.0200495279050004,P2RX4/CAMK2D/ATP1A2/CHGA/PLN/GSN/PDE4D/SLC8A1,8
GO:0061644,protein localization to CENP-A containing chromatin,8/1920,18/14198,0.444444444444444,3.28657407407407,3.83856150028943,0.00136377900773366,0.0200495279050004,0.0200495279050004,H4C11/CENPA/H4C9/H4C12/H4C14/H4C15/H2BC11/H2AC8,8
GO:0071294,cellular response to zinc ion,8/1920,18/14198,0.444444444444444,3.28657407407407,3.83856150028943,0.00136377900773366,0.0200495279050004,0.0200495279050004,MT1F/MT1M/P2RX4/MT1X/MT1H/MT1E/MT2A/MT1G,8
GO:0072073,kidney epithelium development,23/1920,89/14198,0.258426966292135,1.91101357677903,3.40923412479522,0.00137020150798682,0.0200857284638993,0.0200857284638993,BMP2/FGFR2/EDNRA/BMP7/TMEM59L/PTPRO/FGF2/MEF2C/SOX9/PKD1/SFRP1/ACAT1/TCF21/MAGI2/TACSTD2/AGT/VEGFA/LIF/SMAD7/SHH/KANK2/MYC/IRX2,23
GO:0071312,cellular response to alkaloid,9/1920,22/14198,0.409090909090909,3.02514204545455,3.75902374953302,0.00140134490887685,0.0204830587257157,0.0204830587257157,RYR1/BLM/CASP7/CASQ2/RYR2/RYR3/SLC8A1/CCNA2/SLC1A1,9
GO:0008202,steroid metabolic process,50/1920,243/14198,0.205761316872428,1.52156207133059,3.242868280732,0.00140729364309085,0.0205109004533241,0.0205109004533241,ACAA2/ANGPTL3/ABCB11/ACADVL/HSD11B2/BMP2/EGR1/DHRS9/BMP5/PCSK9/ACAA1/PBX1/NR1H4/FAXDC2/UGT2B15/UGT1A5/OSBPL3/CYP39A1/AQP8/CYP24A1/CYB5R3/CYP27B1/UGT1A8/UGT1A1/AGT/CYP21A2/NR5A2/GBA2/AKR1B15/CLCN2/NR0B2/FANCD2OS/CYP19A1/CYP2B6/UGT1A3/NFE2L1/DHRS11/UGT2B17/HSD17B2/SULT1A2/SULT2B1/GNAI1/UGT1A4/SHH/EBPL/HMGCS2/RDH5/UGT1A10/OSBPL1A/LIMA1,50
GO:0034502,protein localization to chromosome,27/1920,111/14198,0.243243243243243,1.79873310810811,3.34071178963363,0.00148170898016031,0.0212565123531738,0.0212565123531738,MTBP/AURKB/H4C11/CENPA/CDK2/GNL3/MMS22L/HASPIN/H4C9/ATR/XRCC4/CDK1/H4C12/H4C14/H4C15/RB1/KNTC1/TTK/H2BC11/H2AX/H2AC8/SPDL1/PLK1/LEF1/KNL1/UHRF1/IFFO1,27
GO:0048736,appendage development,21/1920,79/14198,0.265822784810127,1.96570411392405,3.4036175085367,0.0014835972738611,0.0212565123531738,0.0212565123531738,KAT2A/FGFR2/ZNF219/NFIA/KAT2B/WNT3/SOX9/CYP26B1/CACNA1C/ZNRF3/MUSTN1/CIBAR1/MYH3/ZBTB16/PCSK5/FBXW4/SMOC1/ECE1/SHH/RSPO2/AFF3,21
GO:0060173,limb development,21/1920,79/14198,0.265822784810127,1.96570411392405,3.4036175085367,0.0014835972738611,0.0212565123531738,0.0212565123531738,KAT2A/FGFR2/ZNF219/NFIA/KAT2B/WNT3/SOX9/CYP26B1/CACNA1C/ZNRF3/MUSTN1/CIBAR1/MYH3/ZBTB16/PCSK5/FBXW4/SMOC1/ECE1/SHH/RSPO2/AFF3,21
GO:1901879,regulation of protein depolymerization,21/1920,79/14198,0.265822784810127,1.96570411392405,3.4036175085367,0.0014835972738611,0.0212565123531738,0.0212565123531738,STMN2/LMOD1/TMOD1/AURKB/SPTB/VILL/FLII/TPX2/SVIL/CRACD/SPTBN4/SPTBN2/PLEKHH2/GSN/PDXP/SPTBN5/SCIN/APC/CKAP2/ASB2/LIMA1,21
GO:1990868,response to chemokine,21/1920,79/14198,0.265822784810127,1.96570411392405,3.4036175085367,0.0014835972738611,0.0212565123531738,0.0212565123531738,MPL/CCL13/CXCL12/CXCL9/CCL11/ENTREP1/CCL14/CCL3/CCL23/CCL3L3/CXCL6/CCL22/DUSP1/ACKR2/TREM2/ACKR1/CXCL10/GNAI1/CXCL11/PADI2/GPR17,21
GO:1990869,cellular response to chemokine,21/1920,79/14198,0.265822784810127,1.96570411392405,3.4036175085367,0.0014835972738611,0.0212565123531738,0.0212565123531738,MPL/CCL13/CXCL12/CXCL9/CCL11/ENTREP1/CCL14/CCL3/CCL23/CCL3L3/CXCL6/CCL22/DUSP1/ACKR2/TREM2/ACKR1/CXCL10/GNAI1/CXCL11/PADI2/GPR17,21
GO:0030042,actin filament depolymerization,16/1920,54/14198,0.296296296296296,2.19104938271605,3.46757302193872,0.00155715743230801,0.0222476126666655,0.0222476126666655,LMOD1/TMOD1/SPTB/VILL/FLII/SVIL/CRACD/SPTBN4/SPTBN2/PLEKHH2/GSN/PDXP/SPTBN5/SCIN/ASB2/LIMA1,16
GO:0032272,negative regulation of protein polymerization,18/1920,64/14198,0.28125,2.07978515625,3.42357532389965,0.00158205246937536,0.0225398037209883,0.0225398037209883,STMN2/LMOD1/TMOD1/SPTB/VILL/FLII/SVIL/CRACD/SPTBN4/SPTBN2/MAP2/KANK3/GSN/SPTBN5/SCIN/KANK2/ASB2/CLIP3,18
GO:0000082,G1/S transition of mitotic cell cycle,42/1920,197/14198,0.213197969543147,1.57655456852792,3.22239736722407,0.00161528218795242,0.0228846683164655,0.0228846683164655,MTBP/KIF14/SKP2/PRKDC/INHBA/CCNB2/KLF4/CDC6/CDK4/FAM107A/CCNF/CDK2/CAMK2A/RBL1/ACTL6A/CDKN2B/CDC7/PKD1/APPL2/DPF3/DBF4/CCNJL/E2F1/CDK1/CDKN1A/CCNO/CCNB1/RB1/CDKN3/STIL/RFWD3/PSMA7/APC/E2F7/RRM2/ADAMTS1/FHL1/E2F3/KCNA5/KANK2/MYC/CCNA2,42
GO:0001654,eye development,42/1920,197/14198,0.213197969543147,1.57655456852792,3.22239736722407,0.00161528218795242,0.0228846683164655,0.0228846683164655,TMOD1/ZEB2/NKD1/WNT5B/BSG/BMP7/INHBA/PDE6A/PBX1/PTPRM/NEUROD1/FOS/FGF2/SNTB1/XRN2/SOX9/ACTL6A/CACNA1C/SGCA/PBX4/DMD/ABCB5/ACVRL1/FOXF2/MAB21L2/RP1L1/FGF9/EFNA5/PPP2R3A/CNGA3/VEGFA/RPGRIP1L/WNT9A/SMOC1/SOX4/ANGPTL7/STRA6/CPAMD8/SALL2/ATP8A2/MYOM1/SLC1A1,42
GO:0007600,sensory perception,57/1920,287/14198,0.198606271777004,1.46865200348432,3.17173826731735,0.00163471229601703,0.0230954338869036,0.0230954338869036,OR51E2/CHRNA7/ANO9/CDC14A/TSPEAR/TGFBI/PDE6A/PRPH2/CXCL12/AZGP1/RIMS1/P2RX4/RETREG1/GPR143/TMEM100/SPTBN4/CDH3/TAS2R46/MGLL/CARTPT/SCNN1G/CNNM4/NMU/MYH1/PDZD7/GNAL/ITGA2/CCL3/KCNA2/KCNQ4/TACSTD2/KIT/ARRB1/CST2/RP1L1/CDH23/CNGA3/HOMER2/GRM8/ATP8B1/CLIC5/RGS9/OR2A42/COL11A1/SCN9A/CEMIP/KCNQ1/CST1/SCNN1B/EYA4/GNAQ/RDH5/TMPRSS3/BIRC5/ATP8A2/REEP6/FFAR4,57
GO:0045933,positive regulation of muscle contraction,13/1920,40/14198,0.325,2.40330729166667,3.51452724609792,0.00166899883563121,0.0233928858098522,0.0233928858098522,TACR2/CHGA/CACNA1C/MYOCD/NMU/GPER1/ITGA2/TACR1/KIT/EDN3/KCNQ1/CACNB1/CACNB2,13
GO:0048168,regulation of neuronal synaptic plasticity,13/1920,40/14198,0.325,2.40330729166667,3.51452724609792,0.00166899883563121,0.0233928858098522,0.0233928858098522,EPHB2/GRIN1/CAMK2G/CAMK2D/CAMK2B/NEURL1/CAMK2A/NPTN/KIT/SYP/SYNGR1/GRIN2D/RAB3A,13
GO:0045931,positive regulation of mitotic cell cycle,25/1920,101/14198,0.247524752475248,1.83039397689769,3.31181919129695,0.00168023416363676,0.0233928858098522,0.0233928858098522,MTBP/CDC6/CDK4/CDC20/ESPL1/CDC7/USP2/UBE2C/DTL/CDK1/CCNB1/RB1/STIL/CDC25B/SKA3/FBXO5/PLK1/RRM2/SKA1/DUSP3/ADAMTS1/KCNA5/AURKA/BIRC5/DLGAP5,25
GO:0006821,chloride transport,22/1920,85/14198,0.258823529411765,1.91394607843137,3.34199239125718,0.00168741526630884,0.0233928858098522,0.0233928858098522,CLCNKB/CLCNKA/CLCA4/ANO9/GLRB/ANO2/SLC6A14/PACC1/CLCN1/SLC26A3/TTYH3/CLCN2/CLIC6/ATP8B1/CLIC5/CLIC3/FXYD1/BEST4/SLC26A2/GABRE/ANO5/SLC1A1,22
GO:0051382,kinetochore assembly,11/1920,31/14198,0.354838709677419,2.62395833333333,3.57933109326376,0.00168805130252482,0.0233928858098522,0.0233928858098522,CENPH/CENPN/CENPI/CENPA/CENPW/CENPF/HJURP/CENPE/KNTC1/CENPK/DLGAP5,11
GO:0090231,regulation of spindle checkpoint,11/1920,31/14198,0.354838709677419,2.62395833333333,3.57933109326376,0.00168805130252482,0.0233928858098522,0.0233928858098522,AURKB/MAD2L1/DYNC1I1/CDCA8/CCNB1/DUSP1/SKA3/KNL1/ZWINT/SKA1/BIRC5,11
GO:0140353,lipid export from cell,11/1920,31/14198,0.354838709677419,2.62395833333333,3.57933109326376,0.00168805130252482,0.0233928858098522,0.0233928858098522,INHBA/P2RX4/MYB/RETN/AGT/IL1B/CYP19A1/TNFRSF11A/ECRG4/KCNQ1/TNFSF11,11
GO:0015698,inorganic anion transport,27/1920,112/14198,0.241071428571429,1.78267299107143,3.28836947030202,0.00170592379436838,0.0235272764863979,0.0235272764863979,CLCNKB/CLCNKA/CLCA4/ANO9/GLRB/SLC4A11/ANO2/SLC6A14/PACC1/CLCN1/SLC26A3/RACGAP1/TTYH3/CLCN2/SLC20A2/CLIC6/ATP8B1/CLIC5/CLIC3/SLC5A6/FXYD1/BEST4/KCNQ1/SLC26A2/GABRE/ANO5/SLC1A1,27
GO:0042180,ketone metabolic process,39/1920,180/14198,0.216666666666667,1.60220486111111,3.2153079373541,0.00170702636967556,0.0235272764863979,0.0235272764863979,ABCB11/APOC2/CPT1A/ACADVL/HSD11B2/BMP2/GPIHBP1/EGR1/ACACB/DHRS9/NME1/BMP5/CEACAM1/NR1H4/GDF15/KAT2B/SOX9/APPL2/CYP4F12/APOC1/UGT1A8/CAV1/AKR1B10/UGT1A1/CYP21A2/IL1B/PIBF1/CLCN2/FANCD2OS/CYP2B6/UGT1A3/PDK4/KIF12/UGT1A4/PRMT3/CYP4F3/UGT1A10/TRIB3/PPARGC1A,39
GO:0015844,monoamine transport,14/1920,45/14198,0.311111111111111,2.30060185185185,3.45550449773036,0.00180010267629886,0.0246760020923996,0.0246760020923996,MAPK15/PRKN/CXCL12/CHGA/CARTPT/NOS1/FFAR3/KCNA2/RAB3B/KCNB1/SLC22A3/P2RY1/SLC6A4/VIP,14
GO:0030858,positive regulation of epithelial cell differentiation,14/1920,45/14198,0.311111111111111,2.30060185185185,3.45550449773036,0.00180010267629886,0.0246760020923996,0.0246760020923996,ZEB2/BMP2/FGF2/TMEM100/SOX9/CYP27B1/ACVRL1/ATOH8/TP73/LEF1/SULT2B1/LIF/PKP1/ETV4,14
GO:0030072,peptide hormone secretion,37/1920,169/14198,0.218934911242604,1.61897805719921,3.20103438451969,0.00182201802242261,0.0248811711972909,0.0248811711972909,CPT1A/PRKN/PDX1/GNAO1/GPLD1/RASL10B/CAMK2G/NR1H4/NEUROD1/TACR2/TFR2/CHGA/CARTPT/ADCY5/NMU/FFAR3/GPER1/IL6R/KCNB1/SRI/FOXA2/IL1B/PRKACB/EFNA5/NR0B2/EDN3/ECRG4/SOX4/ABCC8/GNAZ/IL6ST/KCNA5/RAB3A/GCG/VIP/TNFSF11/FFAR4,37
GO:1902476,chloride transmembrane transport,20/1920,75/14198,0.266666666666667,1.97194444444444,3.33728798463677,0.00182488085279815,0.0248811711972909,0.0248811711972909,CLCNKB/CLCNKA/CLCA4/ANO9/GLRB/ANO2/PACC1/CLCN1/SLC26A3/TTYH3/CLCN2/CLIC6/CLIC5/CLIC3/FXYD1/BEST4/SLC26A2/GABRE/ANO5/SLC1A1,20
GO:0044774,mitotic DNA integrity checkpoint signaling,19/1920,70/14198,0.271428571428571,2.00715773809524,3.34034451884947,0.00187832138614952,0.0250104579236804,0.0250104579236804,BLM/STK33/PRKDC/CLSPN/TIMELESS/CDC6/CDK2/CDC7/CHEK1/DBF4/DTL/CDK1/FOXN3/CDKN1A/RFWD3/ORC1/TICRR/PLK1/FANCD2,19
GO:1902750,negative regulation of cell cycle G2/M phase transition,19/1920,70/14198,0.271428571428571,2.00715773809524,3.34034451884947,0.00187832138614952,0.0250104579236804,0.0250104579236804,BLM/AURKB/CLSPN/CDC6/CDC7/CHEK1/CHMP4C/DBF4/ATR/DTL/CDK1/FOXN3/CDKN1A/ORC1/TICRR/PLK1/NABP1/FHL1/PKMYT1,19
GO:0006882,intracellular zinc ion homeostasis,10/1920,27/14198,0.37037037037037,2.73881172839506,3.57617929921987,0.00188062566886093,0.0250104579236804,0.0250104579236804,MT1F/MT1M/MT1X/MT1H/SLC39A4/MT1E/SLC30A10/MT2A/MT1G/SLC1A1,10
GO:0034694,response to prostaglandin,10/1920,27/14198,0.37037037037037,2.73881172839506,3.57617929921987,0.00188062566886093,0.0250104579236804,0.0250104579236804,TGFBR3/PTGDR/GNG2/SFRP1/GNAI1/GNAQ/PTGER4/PTGDR2/HMGCS2/ADCY6,10
GO:0042573,retinoic acid metabolic process,10/1920,27/14198,0.37037037037037,2.73881172839506,3.57617929921987,0.00188062566886093,0.0250104579236804,0.0250104579236804,DHRS9/ADH1B/ADH1A/CYP26B1/UGT1A8/UGT1A1/UGT1A3/CYP2S1/ADH1C/PRMT3,10
GO:0045214,sarcomere organization,10/1920,27/14198,0.37037037037037,2.73881172839506,3.57617929921987,0.00188062566886093,0.0250104579236804,0.0250104579236804,MYOM2/FLII/TNNT2/FLNC/MYH3/TNNT3/OBSCN/TPM1/CSRP1/MYOM1,10
GO:0030219,megakaryocyte differentiation,15/1920,50/14198,0.3,2.2184375,3.41291776875082,0.00188285429885512,0.0250104579236804,0.0250104579236804,IL11/H4C11/FAXDC2/MEF2C/CDKN2B/MYB/TESC/H4C9/H4C12/H4C14/H4C15/IL11RA/KIT/SCIN/IL6ST,15
GO:0045664,regulation of neuron differentiation,23/1920,91/14198,0.252747252747253,1.86901327838828,3.28862888066875,0.00188367407863681,0.0250104579236804,0.0250104579236804,NLGN1/RELN/BRINP3/BMP2/CASZ1/ZEB1/BMP7/CXCL12/ALK/CPNE1/NEUROD1/FGFR1/MEF2C/WDR62/SOX9/SFRP1/GDPD5/DMD/ATOH1/LRRK2/SLC6A4/ECT2/SHH,23
GO:0060078,regulation of postsynaptic membrane potential,23/1920,91/14198,0.252747252747253,1.86901327838828,3.28862888066875,0.00188367407863681,0.0250104579236804,0.0250104579236804,NLGN1/TMEM25/RELN/ELOVL4/PRKN/CHRNA7/GLRB/GRIN1/RIMS1/P2RX4/MPP2/MEF2C/CHRFAM7A/MET/NOS1/KCNA2/NLGN4X/GRIK3/LRRK2/NRXN1/CHRNA1/P2RX1/GRIN2D,23
GO:0062014,negative regulation of small molecule metabolic process,23/1920,91/14198,0.252747252747253,1.86901327838828,3.28862888066875,0.00188367407863681,0.0250104579236804,0.0250104579236804,KAT2A/ACADVL/BMP2/ACACB/BMP5/MST1/CEACAM1/SOX9/APPL2/C1QTNF12/APOC1/UGT1A8/UGT1A1/PIBF1/FANCD2OS/UGT1A3/KIF12/CBFA2T3/UGT1A4/PRMT3/PID1/UGT1A10/TRIB3,23
GO:0007613,memory,18/1920,65/14198,0.276923076923077,2.04778846153846,3.3480983082079,0.00191629147577801,0.0251702829262898,0.0251702829262898,KAT2A/RELN/CHRNA7/EGR1/MUSK/MAPT/FOS/KAT2B/TACR1/PTN/PJA2/TREM2/SLC6A4/CPEB3/ABCC8/YTHDF1/SLC2A4/SLC1A1,18
GO:0035107,appendage morphogenesis,16/1920,55/14198,0.290909090909091,2.15121212121212,3.38260291455162,0.00192491656255643,0.0251702829262898,0.0251702829262898,FGFR2/ZNF219/NFIA/WNT3/SOX9/CYP26B1/CACNA1C/MUSTN1/CIBAR1/MYH3/ZBTB16/PCSK5/FBXW4/ECE1/SHH/AFF3,16
GO:0035108,limb morphogenesis,16/1920,55/14198,0.290909090909091,2.15121212121212,3.38260291455162,0.00192491656255643,0.0251702829262898,0.0251702829262898,FGFR2/ZNF219/NFIA/WNT3/SOX9/CYP26B1/CACNA1C/MUSTN1/CIBAR1/MYH3/ZBTB16/PCSK5/FBXW4/ECE1/SHH/AFF3,16
GO:0030324,lung development,17/1920,60/14198,0.283333333333333,2.09519097222222,3.36168164384715,0.00193379375371085,0.0251702829262898,0.0251702829262898,FOXF1/BMP2/FGFR2/PKD1/TCF21/CLCN2/VEGFA/GRHL2/TP73/PDGFA/CTSH/STRA6/SHH/HMGCS2/CELSR1/NFIB/EPAS1,17
GO:0030856,regulation of epithelial cell differentiation,25/1920,102/14198,0.245098039215686,1.8124489379085,3.25636671253701,0.00194567353441838,0.0251702829262898,0.0251702829262898,ZEB2/BMP2/REG3A/ZEB1/CEACAM1/FGF2/TMEM100/SOX9/CYP27B1/ACVRL1/ZFP36/CAV1/ATOH8/IL1B/VEGFA/CLDN5/NFE2L1/TP73/LEF1/SULT2B1/VCL/LIF/PKP1/MMP9/ETV4,25
GO:0015697,quaternary ammonium group transport,7/1920,15/14198,0.466666666666667,3.45090277777778,3.75554312284679,0.00194714007849561,0.0251702829262898,0.0251702829262898,SLC16A9/SLC22A5/SLC22A15/SLC6A14/SLC6A20/SLC22A3/SLC25A20,7
GO:0016338,calcium-independent cell-cell adhesion,7/1920,15/14198,0.466666666666667,3.45090277777778,3.75554312284679,0.00194714007849561,0.0251702829262898,0.0251702829262898,CLDN1/BMP2/CLDN8/CLDN2/CLDN9/CLDN5/CLDN23,7
GO:0022410,circadian sleep/wake cycle process,7/1920,15/14198,0.466666666666667,3.45090277777778,3.75554312284679,0.00194714007849561,0.0251702829262898,0.0251702829262898,NLGN1/ADRB1/CARTPT/NMU/KCNA2/PLN/PER3,7
GO:0032332,positive regulation of chondrocyte differentiation,7/1920,15/14198,0.466666666666667,3.45090277777778,3.75554312284679,0.00194714007849561,0.0251702829262898,0.0251702829262898,ZNF219/SOX9/SOX5/ACVRL1/ZBTB16/SMAD7/PRKG2,7
GO:0034501,protein localization to kinetochore,7/1920,15/14198,0.466666666666667,3.45090277777778,3.75554312284679,0.00194714007849561,0.0251702829262898,0.0251702829262898,MTBP/AURKB/CDK1/KNTC1/TTK/SPDL1/KNL1,7
GO:0051937,catecholamine transport,12/1920,36/14198,0.333333333333333,2.46493055555556,3.48009487541668,0.0019543582377161,0.0251702829262898,0.0251702829262898,MAPK15/PRKN/CXCL12/CHGA/CARTPT/FFAR3/KCNA2/RAB3B/KCNB1/SLC22A3/P2RY1/VIP,12
GO:0015833,peptide transport,41/1920,193/14198,0.212435233160622,1.57091429188256,3.15786168498645,0.0019552625143845,0.0251702829262898,0.0251702829262898,CPT1A/PRKN/PDX1/GNAO1/GPLD1/RASL10B/CAMK2G/NR1H4/NEUROD1/TACR2/TFR2/CA2/CHGA/CARTPT/CD209/ADCY5/NMU/FFAR3/GPER1/PYY/IL6R/KCNB1/SRI/FOXA2/IL1B/PRKACB/EFNA5/NR0B2/EDN3/ECRG4/SOX4/ABCC8/SLC13A3/GNAZ/IL6ST/KCNA5/RAB3A/GCG/VIP/TNFSF11/FFAR4,41
GO:0002791,regulation of peptide secretion,33/1920,147/14198,0.224489795918367,1.66005527210884,3.18104963613707,0.00203753909857959,0.0261630336911282,0.0261630336911282,CPT1A/PRKN/PDX1/GNAO1/GPLD1/RASL10B/NR1H4/NEUROD1/TFR2/CHGA/CARTPT/ADCY5/NMU/FFAR3/GPER1/PYY/IL6R/KCNB1/SRI/FOXA2/IL1B/PRKACB/EFNA5/NR0B2/ECRG4/SOX4/ABCC8/GNAZ/IL6ST/KCNA5/GCG/TNFSF11/FFAR4,33
GO:0007076,mitotic chromosome condensation,8/1920,19/14198,0.421052631578947,3.11359649122807,3.64553413841149,0.00207860019849725,0.0262986874227051,0.0262986874227051,NCAPG/NUSAP1/NCAPD2/PLK1/NCAPG2/SMC4/SMC2/NCAPH,8
GO:0010996,response to auditory stimulus,8/1920,19/14198,0.421052631578947,3.11359649122807,3.64553413841149,0.00207860019849725,0.0262986874227051,0.0262986874227051,ATP1A2/GAP43/TACR1/PTN/NRXN1/CXCL10/STRA6/ATP8A2,8
GO:0050926,regulation of positive chemotaxis,8/1920,19/14198,0.421052631578947,3.11359649122807,3.64553413841149,0.00207860019849725,0.0262986874227051,0.0262986874227051,SCG2/CXCL12/VEGFD/CXCL8/ITGA2/NTRK3/VEGFA/PGF,8
GO:0086012,membrane depolarization during cardiac muscle cell action potential,8/1920,19/14198,0.421052631578947,3.11359649122807,3.64553413841149,0.00207860019849725,0.0262986874227051,0.0262986874227051,HCN2/ATP1A2/CACNA1C/SCN4B/ANK2/SLMAP/SLC8A1/CACNB2,8
GO:0042632,cholesterol homeostasis,21/1920,81/14198,0.259259259259259,1.91716820987654,3.27344754676023,0.00207921404899541,0.0262986874227051,0.0262986874227051,ANGPTL3/ABCB11/APOC2/NEGR1/GPIHBP1/VAPA/RILP/PCSK9/LIPG/NR1H4/HDAC9/CYP39A1/LIPC/TMEM97/MALL/CAV1/PCSK5/NFE2L1/ACOX1/OSBPL1A/LIMA1,21
GO:0050680,negative regulation of epithelial cell proliferation,21/1920,81/14198,0.259259259259259,1.91716820987654,3.27344754676023,0.00207921404899541,0.0262986874227051,0.0262986874227051,TGFBR3/FGFR2/SCG2/KLF9/CEACAM1/ATP5F1A/PTPRM/MEF2C/SOX9/CDKN2B/SFRP1/ACVRL1/CAV1/BRCA2/ATOH8/SYNJ2BP/EREG/DAB2IP/TMIGD1/NFIB/JUND,21
GO:2000243,positive regulation of reproductive process,13/1920,41/14198,0.317073170731707,2.34469004065041,3.40967976030457,0.00214585463687708,0.027074066463285,0.027074066463285,MAPK15/INHBA/RAD51AP1/CITED2/TACR2/SOX9/ZP3/RETN/TACR1/CDC25B/VEGFA/P2RY1/KNL1,13
GO:0099565,"chemical synaptic transmission, postsynaptic",20/1920,76/14198,0.263157894736842,1.94599780701754,3.26989579803727,0.00216781362336346,0.0272832523516116,0.0272832523516116,NLGN1/TMEM25/RELN/ELOVL4/PRKN/CHRNA7/GLRB/GRIN1/RIMS1/P2RX4/MPP2/MEF2C/CHRFAM7A/MET/NLGN4X/LRRK2/NRXN1/CHRNA1/P2RX1/GRIN2D,20
GO:0015695,organic cation transport,23/1920,92/14198,0.25,1.84869791666667,3.22946216583736,0.00219661938396256,0.0275773601867775,0.0275773601867775,FLVCR2/SLC16A9/SLC22A5/SLC6A14/SLC38A4/TACR2/SLC6A20/SLC7A1/CARTPT/SLC38A5/AQP8/FFAR3/SLC36A1/KCNB1/SLC22A3/SLC38A3/P2RY1/SLC6A6/SLC7A5/SLC16A10/SLC25A20/VIP/SLC1A1,23
GO:0043242,negative regulation of protein-containing complex disassembly,19/1920,71/14198,0.267605633802817,1.97888791079812,3.26980804332988,0.00224561382596626,0.0281228477167923,0.0281228477167923,STMN2/LMOD1/TMOD1/SPTB/VILL/FLII/TPX2/SVIL/CRACD/SPTBN4/SPTBN2/PLEKHH2/GSN/SPTBN5/SCIN/APC/CKAP2/ASB2/LIMA1,19
GO:0015711,organic anion transport,63/1920,328/14198,0.192073170731707,1.42034108231707,3.04568946056105,0.00225601255305916,0.028183486869744,0.028183486869744,SLC25A23/SLC51A/ABCB11/CPT1A/CPT2/SLC51B/FABP6/SLC16A9/FABP1/SLC4A11/BDKRB2/CEACAM1/SLC6A14/SLC38A4/NR1H4/P2RX4/SLC25A4/SLC16A7/SLC6A20/SLC39A4/SLC7A1/ATP1A2/CLDN2/SLC35D3/SLC38A5/SLC7A11/SLC26A3/GIPC1/CA4/SLC36A1/CPTP/SLCO4C1/SLC17A9/TTYH3/RXRA/IL1B/SLC22A3/FOLR1/SLC38A3/TNFRSF11A/UGT1A3/SLC4A4/ABCC2/ATP8B1/SLC6A6/GLTP/SLC5A6/SLCO4A1/SLCO2A1/BEST4/SLC26A2/SLC39A10/SLC13A3/SLC7A5/MPC1/SLC6A8/SLC16A10/FABP2/SLC2A4/SLC25A20/SLC52A2/TNFSF11/SLC1A1,63
GO:0007519,skeletal muscle tissue development,18/1920,66/14198,0.272727272727273,2.01676136363636,3.2739668618778,0.00230799443999179,0.0286213882631745,0.0286213882631745,RYR1/FOXP2/MEGF10/RBM24/SVIL/MEF2C/MYORG/NEURL1/HDAC9/CYP26B1/MYOCD/DMD/CAV1/TCF21/FER1L6/CHRNA1/ACTA1/MYOM1,18
GO:0046503,glycerolipid catabolic process,18/1920,66/14198,0.272727272727273,2.01676136363636,3.2739668618778,0.00230799443999179,0.0286213882631745,0.0286213882631745,APOC2/GPIHBP1/PNPLA7/GPLD1/FABP6/LIPG/FABP1/PLA2G7/ABHD5/MGLL/LIPC/APOC1/PNPLA1/GDPD3/PLA2G4E/PRDX6/PAFAH1B3/FABP2,18
GO:0061138,morphogenesis of a branching epithelium,18/1920,66/14198,0.272727272727273,2.01676136363636,3.2739668618778,0.00230799443999179,0.0286213882631745,0.0286213882631745,BMP2/FGFR2/EDNRA/TMEM59L/FGF2/SOX9/MET/PKD1/TCF21/TACSTD2/AGT/ABL1/VEGFA/PDGFA/CTSH/SHH/MYC/CELSR1,18
GO:0030837,negative regulation of actin filament polymerization,15/1920,51/14198,0.294117647058824,2.1749387254902,3.32394034206755,0.00233951016095189,0.0288710353682432,0.0288710353682432,LMOD1/TMOD1/SPTB/VILL/FLII/SVIL/CRACD/SPTBN4/SPTBN2/KANK3/GSN/SPTBN5/SCIN/KANK2/ASB2,15
GO:0060993,kidney morphogenesis,15/1920,51/14198,0.294117647058824,2.1749387254902,3.32394034206755,0.00233951016095189,0.0288710353682432,0.0288710353682432,BMP2/TMEM59L/FGF2/SOX9/PKD1/TCF21/TACSTD2/AGT/LRRK2/VEGFA/SOX4/LIF/SHH/MYC/IRX2,15
GO:0071277,cellular response to calcium ion,17/1920,61/14198,0.278688524590164,2.06084357923497,3.28339196950428,0.00234926329466721,0.0289210277440585,0.0289210277440585,RYR1/NLGN1/CPNE7/ITPKA/CPNE1/CAMK2D/MEF2C/RYR3/KCNB1/DPEP1/CHP2/NRXN1/ECT2/SMPD1/CPNE5/ITPKB/CPNE8,17
GO:0003014,renal system process,24/1920,98/14198,0.244897959183673,1.8109693877551,3.1856131352104,0.00239757485271383,0.0294443090870812,0.0294443090870812,CLCNKB/OR51E2/CLCNKA/CHRNA7/GJA5/EDNRA/ADCY9/PRKAR2B/PTPRO/HBB/CORIN/ADCY5/CYP4F12/AMN/TACR1/AGT/PRKACB/GSN/PCSK5/KCNMA1/SGK1/KCNQ1/ADCY6/WNK3,24
GO:0150063,visual system development,42/1920,201/14198,0.208955223880597,1.54518034825871,3.07826377182757,0.00240717987924184,0.0294908607427889,0.0294908607427889,TMOD1/ZEB2/NKD1/WNT5B/BSG/BMP7/INHBA/PDE6A/PBX1/PTPRM/NEUROD1/FOS/FGF2/SNTB1/XRN2/SOX9/ACTL6A/CACNA1C/SGCA/PBX4/DMD/ABCB5/ACVRL1/FOXF2/MAB21L2/RP1L1/FGF9/EFNA5/PPP2R3A/CNGA3/VEGFA/RPGRIP1L/WNT9A/SMOC1/SOX4/ANGPTL7/STRA6/CPAMD8/SALL2/ATP8A2/MYOM1/SLC1A1,42
GO:0070371,ERK1 and ERK2 cascade,49/1920,243/14198,0.201646090534979,1.49113082990398,3.05365876380165,0.00241891434951158,0.0295632134475247,0.0295632134475247,DUSP26/RAP1A/SEMA6A/TEK/CHRNA7/CD44/BMP2/FGFR2/INHBA/SEMA7A/IL1A/EPHB2/KLF4/GCNT2/CEACAM1/FGF2/CCL11/DUSP15/SOX9/GLIPR2/PSCA/GAREM1/SLC30A10/GPER1/CCL3/ATF3/CDK1/PDE8A/IL1B/ARRB1/SYNJ2BP/DUSP1/TNFRSF11A/VEGFA/P2RY1/TREM2/NRXN1/DENND2B/PDGFA/CTSH/DAB2IP/DUSP3/PTPRR/PTGER4/MYC/EPHA7/GCG/TNFSF11/FFAR4,49
GO:0055092,sterol homeostasis,21/1920,82/14198,0.25609756097561,1.8937881097561,3.20974673086494,0.00244593674782606,0.0298216134254178,0.0298216134254178,ANGPTL3/ABCB11/APOC2/NEGR1/GPIHBP1/VAPA/RILP/PCSK9/LIPG/NR1H4/HDAC9/CYP39A1/LIPC/TMEM97/MALL/CAV1/PCSK5/NFE2L1/ACOX1/OSBPL1A/LIMA1,21
GO:0003254,regulation of membrane depolarization,12/1920,37/14198,0.324324324324324,2.39831081081081,3.36777219487135,0.00254177437746553,0.0307682091706568,0.0307682091706568,BCL2/GJA5/HCN2/CAMK2D/TRPC4/LRRK2/CLCN2/SMAD7/GPD1L/FHL1/GNAQ/SLMAP,12
GO:1903350,response to dopamine,12/1920,37/14198,0.324324324324324,2.39831081081081,3.36777219487135,0.00254177437746553,0.0307682091706568,0.0307682091706568,PRKN/GNAO1/GNG2/GNAL/GNA14/LRRK2/ABL1/GNA11/DRD5/RGS9/ADCY6/SLC1A1,12
GO:1903351,cellular response to dopamine,12/1920,37/14198,0.324324324324324,2.39831081081081,3.36777219487135,0.00254177437746553,0.0307682091706568,0.0307682091706568,PRKN/GNAO1/GNG2/GNAL/GNA14/LRRK2/ABL1/GNA11/DRD5/RGS9/ADCY6/SLC1A1,12
GO:0006820,monoatomic anion transport,27/1920,115/14198,0.234782608695652,1.73616847826087,3.1344665470107,0.00256151081982549,0.0309332925670354,0.0309332925670354,CLCNKB/CLCNKA/CLCA4/ANO9/GLRB/SLC4A11/ANO2/SLC6A14/PACC1/CA2/CLCN1/SLC26A3/TTYH3/CLCN2/SLC4A4/CLIC6/ATP8B1/CLIC5/CLIC3/SLC5A6/FXYD1/BEST4/KCNQ1/SLC26A2/GABRE/ANO5/SLC1A1,27
GO:0141162,negative regulation of cAMP/PKA signal transduction,10/1920,28/14198,0.357142857142857,2.64099702380952,3.43705890273983,0.00257530979462103,0.0310260600435104,0.0310260600435104,PDE9A/LPAR1/PDE6A/PRKAR2B/PDE5A/PDE8A/PDE7B/PDE3A/PDE2A/PDE4D,10
GO:0002551,mast cell chemotaxis,6/1920,12/14198,0.5,3.69739583333333,3.69649751502505,0.00270033097364494,0.0319255913713919,0.0319255913713919,CCL11/VEGFD/CHGA/KIT/VEGFA/PGF,6
GO:0009111,vitamin catabolic process,6/1920,12/14198,0.5,3.69739583333333,3.69649751502505,0.00270033097364494,0.0319255913713919,0.0319255913713919,CYP26B1/CYP24A1/CYP4F12/CYP27B1/PDXP/CYP4F3,6
GO:0015838,amino-acid betaine transport,6/1920,12/14198,0.5,3.69739583333333,3.69649751502505,0.00270033097364494,0.0319255913713919,0.0319255913713919,SLC16A9/SLC22A5/SLC22A15/SLC6A14/SLC6A20/SLC25A20,6
GO:0033314,mitotic DNA replication checkpoint signaling,6/1920,12/14198,0.5,3.69739583333333,3.69649751502505,0.00270033097364494,0.0319255913713919,0.0319255913713919,CLSPN/CDC6/CDC7/DBF4/ORC1/TICRR,6
GO:0051412,response to corticosterone,6/1920,12/14198,0.5,3.69739583333333,3.69649751502505,0.00270033097364494,0.0319255913713919,0.0319255913713919,NEFL/PRKN/FOS/CARTPT/NTRK3/FOSB,6
GO:0051782,negative regulation of cell division,6/1920,12/14198,0.5,3.69739583333333,3.69649751502505,0.00270033097364494,0.0319255913713919,0.0319255913713919,BLM/AURKB/TXNIP/CHMP4C/E2F7/MYC,6
GO:0097531,mast cell migration,6/1920,12/14198,0.5,3.69739583333333,3.69649751502505,0.00270033097364494,0.0319255913713919,0.0319255913713919,CCL11/VEGFD/CHGA/KIT/VEGFA/PGF,6
GO:1901993,regulation of meiotic cell cycle phase transition,6/1920,12/14198,0.5,3.69739583333333,3.69649751502505,0.00270033097364494,0.0319255913713919,0.0319255913713919,MAPK15/TTK/CDC25B/KNL1/ZWINT/PKMYT1,6
GO:0072028,nephron morphogenesis,13/1920,42/14198,0.30952380952381,2.28886408730159,3.30785589864233,0.00272921616675445,0.0321173651920617,0.0321173651920617,BMP2/TMEM59L/FGF2/SOX9/PKD1/TCF21/TACSTD2/AGT/VEGFA/LIF/SHH/MYC/IRX2,13
GO:0072088,nephron epithelium morphogenesis,13/1920,42/14198,0.30952380952381,2.28886408730159,3.30785589864233,0.00272921616675445,0.0321173651920617,0.0321173651920617,BMP2/TMEM59L/FGF2/SOX9/PKD1/TCF21/TACSTD2/AGT/VEGFA/LIF/SHH/MYC/IRX2,13
GO:0141060,disruption of anatomical structure in another organism,18/1920,67/14198,0.26865671641791,1.98666044776119,3.20113332912772,0.00276458564515084,0.0324582833152894,0.0324582833152894,RPS19/CCL13/CCL20/GZMB/CXCL12/CXCL9/CCL11/CHGA/CXCL8/DAO/C6/H2BC11/CCL22/C8G/CXCL10/CXCL11/CXCL1/CTSG,18
GO:0048754,branching morphogenesis of an epithelial tube,17/1920,62/14198,0.274193548387097,2.02760416666667,3.20659066592148,0.00283664332375977,0.0330961016040284,0.0330961016040284,BMP2/FGFR2/EDNRA/TMEM59L/FGF2/SOX9/MET/PKD1/TCF21/TACSTD2/AGT/ABL1/VEGFA/CTSH/SHH/MYC/CELSR1,17
GO:0042446,hormone biosynthetic process,14/1920,47/14198,0.297872340425532,2.20270390070922,3.26587211019743,0.00283848663204897,0.0330961016040284,0.0330961016040284,BMP2/EGR1/BMP5/FFAR3/TG/CYP21A2/NR5A2/AKR1B15/DIO2/CLCN2/CYP19A1/DHRS11/HSD17B2/TPO,14
GO:2000134,negative regulation of G1/S transition of mitotic cell cycle,14/1920,47/14198,0.297872340425532,2.20270390070922,3.26587211019743,0.00283848663204897,0.0330961016040284,0.0330961016040284,PRKDC/INHBA/KLF4/FAM107A/CDK2/RBL1/CDKN2B/CDKN1A/RB1/RFWD3/APC/E2F7/FHL1/KANK2,14
GO:0044818,mitotic G2/M transition checkpoint,15/1920,52/14198,0.288461538461538,2.13311298076923,3.2370033639403,0.00288419528042752,0.0335519230787349,0.0335519230787349,BLM/CLSPN/CDC6/CDC7/CHEK1/DBF4/ATR/DTL/CDK1/FOXN3/CDKN1A/ORC1/TICRR/PLK1/NABP1,15
GO:0048880,sensory system development,42/1920,203/14198,0.206896551724138,1.52995689655172,3.00737237951836,0.00291608083005624,0.0337891238752729,0.0337891238752729,TMOD1/ZEB2/NKD1/WNT5B/BSG/BMP7/INHBA/PDE6A/PBX1/PTPRM/NEUROD1/FOS/FGF2/SNTB1/XRN2/SOX9/ACTL6A/CACNA1C/SGCA/PBX4/DMD/ABCB5/ACVRL1/FOXF2/MAB21L2/RP1L1/FGF9/EFNA5/PPP2R3A/CNGA3/VEGFA/RPGRIP1L/WNT9A/SMOC1/SOX4/ANGPTL7/STRA6/CPAMD8/SALL2/ATP8A2/MYOM1/SLC1A1,42
GO:0007548,sex differentiation,27/1920,116/14198,0.232758620689655,1.72120150862069,3.08417165968223,0.0029179093567369,0.0337891238752729,0.0337891238752729,KITLG/CBX2/INHBA/CENPI/PBX1/CITED2/ADCYAP1R1/SOX9/ZP3/PKD1/TESC/RETN/TCF21/FOXF2/NR5A2/KIT/FGF9/CYP19A1/VEGFA/AR/SOX15/EREG/DMRTA1/ADGRG1/GFRA1/STRA6/SHH,27
GO:1902904,negative regulation of supramolecular fiber organization,30/1920,133/14198,0.225563909774436,1.66799812030075,3.06066842798436,0.00294068613385287,0.0339753076785917,0.0339753076785917,STMN2/LMOD1/TMOD1/SPTB/VILL/PRKN/FLII/TPX2/SVIL/CRACD/SPTBN4/SPTBN2/ARHGAP6/MAP2/CRYAB/KANK3/TACSTD2/PLEKHH2/GSN/SPTBN5/TREM2/SCIN/APC/CLU/KANK2/CKAP2/ASB2/RHPN1/LIMA1/CLIP3,30
GO:0006958,"complement activation, classical pathway",11/1920,33/14198,0.333333333333333,2.46493055555556,3.33158431774664,0.00298449215366115,0.0342473850754962,0.0342473850754962,IGHG4/IGHG2/C2/C6/IGHG1/C8G/TREM2/CD46/IGHG3/CLU/C4BPA,11
GO:0071398,cellular response to fatty acid,11/1920,33/14198,0.333333333333333,2.46493055555556,3.33158431774664,0.00298449215366115,0.0342473850754962,0.0342473850754962,OR51E2/CLDN1/CPT1A/NR1H4/FFAR3/E2F1/CCNB1/PDK4/HMGCS2/PID1/JUND,11
GO:0072337,modified amino acid transport,11/1920,33/14198,0.333333333333333,2.46493055555556,3.33158431774664,0.00298449215366115,0.0342473850754962,0.0342473850754962,SLC16A9/SLC22A5/SLC22A15/SLC6A14/SLC6A20/SLC7A11/FOLR1/SLC5A6/SLC13A3/SLC6A8/SLC25A20,11
GO:0045987,positive regulation of smooth muscle contraction,8/1920,20/14198,0.4,2.95791666666667,3.46486889396081,0.00305778020293363,0.034805595774239,0.034805595774239,TACR2/MYOCD/NMU/GPER1/ITGA2/TACR1/KIT/EDN3,8
GO:0060259,regulation of feeding behavior,8/1920,20/14198,0.4,2.95791666666667,3.46486889396081,0.00305778020293363,0.034805595774239,0.034805595774239,PMCH/CARTPT/NPY1R/NMU/RETN/PYY/MC1R/GNAI1,8
GO:0061687,detoxification of inorganic compound,8/1920,20/14198,0.4,2.95791666666667,3.46486889396081,0.00305778020293363,0.034805595774239,0.034805595774239,MT1F/MT1M/MT1X/MT1H/MT1E/SLC30A10/MT2A/MT1G,8
GO:1903083,protein localization to condensed chromosome,7/1920,16/14198,0.4375,3.23522135416667,3.53750351141109,0.00306058669465903,0.034805595774239,0.034805595774239,MTBP/AURKB/CDK1/KNTC1/TTK/SPDL1/KNL1,7
GO:0007156,homophilic cell-cell adhesion,32/1920,145/14198,0.220689655172414,1.63195402298851,3.02461465348724,0.00313283974167282,0.0354682213610815,0.0354682213610815,KIRREL3/DSC3/IGSF9/ICAM5/HMCN2/BSG/PLXNB3/TGFBI/FAT4/CEACAM1/PTPRM/CNTN2/CDH19/ROBO3/CDH3/DCHS2/PKD1/PCDH7/CELSR3/NPTN/DSCAML1/PTK7/CDH23/MYOT/RET/CDHR2/PCDH9/PALLD/CDHR3/CELSR1/CDHR5/DSG3,32
GO:0090276,regulation of peptide hormone secretion,32/1920,145/14198,0.220689655172414,1.63195402298851,3.02461465348724,0.00313283974167282,0.0354682213610815,0.0354682213610815,CPT1A/PRKN/PDX1/GNAO1/GPLD1/RASL10B/NR1H4/NEUROD1/TFR2/CHGA/CARTPT/ADCY5/NMU/FFAR3/GPER1/IL6R/KCNB1/SRI/FOXA2/IL1B/PRKACB/EFNA5/NR0B2/ECRG4/SOX4/ABCC8/GNAZ/IL6ST/KCNA5/GCG/TNFSF11/FFAR4,32
GO:0002062,chondrocyte differentiation,19/1920,73/14198,0.26027397260274,1.92467180365297,3.13213092502528,0.0031627938208798,0.0357275952327446,0.0357275952327446,WNT5B/BMP2/GPLD1/TGFBI/ZNF219/MEF2C/SOX9/SOX5/MUSTN1/ACVRL1/NR5A2/RB1/ZBTB16/WNT9A/SCIN/SLC26A2/SMAD7/PRKG2/NFIB,19
GO:0030900,forebrain development,42/1920,204/14198,0.205882352941176,1.52245710784314,2.97221267500575,0.00320356293752693,0.0360795066179817,0.0360795066179817,NEFL/KIF14/FOXP2/KIRREL3/RELN/RAN/BMP2/FGFR2/LPAR1/FUT1/INHBA/EPHB2/CXCL12/FAT4/ATIC/NEUROD1/FOS/FGFR1/WDR62/XRN2/ATP1A2/ARHGAP11B/SUN2/TOX/KCNA2/ZMIZ1/STIL/EZH2/LRRK2/EPHB3/PHLPP2/NTRK2/NCAPG2/SMC4/DAB2IP/PCDH9/ADGRG1/SMC2/LRP8/SHH/CHD5/NFIB,42
GO:0030099,myeloid cell differentiation,59/1920,308/14198,0.191558441558442,1.41653476731602,2.9225408033146,0.00324493433331914,0.0360795066179817,0.0360795066179817,TGFBR3/MPL/RPS19/UBD/BMP2/IL11/H4C11/PRKDC/INHBA/IL1A/HBA1/CEACAM1/IL1R2/IL20RA/FAXDC2/HBD/MEF2C/HBB/CDKN2B/MYB/CARTPT/NR3C1/TESC/PLEK2/H4C9/CCL3/CSF1/RACGAP1/TLR3/ZFP36/H4C12/H4C14/H4C15/RXRA/IL11RA/KIT/IL1B/ZBTB16/PPARGC1B/TF/TNFRSF11A/VEGFA/NPM1/TREM2/MT1G/SCIN/HOXB8/PDE2A/LEF1/CBFA2T3/KCNQ1/EEIG1/LIF/HBA2/IL6ST/MMP9/MYC/EPAS1/TNFSF11,59
GO:0002455,humoral immune response mediated by circulating immunoglobulin,12/1920,38/14198,0.315789473684211,2.33519736842105,3.25904780066254,0.00326508153344905,0.0360795066179817,0.0360795066179817,IGHG4/IGHG2/C2/ZP3/C6/IGHG1/C8G/TREM2/CD46/IGHG3/CLU/C4BPA,12
GO:0006940,regulation of smooth muscle contraction,12/1920,38/14198,0.315789473684211,2.33519736842105,3.25904780066254,0.00326508153344905,0.0360795066179817,0.0360795066179817,TACR2/MYOCD/NMU/GPER1/ITGA2/CAV1/TACR1/PRKG1/KIT/EDN3/TNNI3/CNN1,12
GO:0008038,neuron recognition,12/1920,38/14198,0.315789473684211,2.33519736842105,3.25904780066254,0.00326508153344905,0.0360795066179817,0.0360795066179817,IGSF9/BSG/EPHB2/CNTN2/ROBO3/CRTAC1/NPTN/DSCAML1/GAP43/EPHB3/EFNA5/PALLD,12
GO:0032467,positive regulation of cytokinesis,12/1920,38/14198,0.315789473684211,2.33519736842105,3.25904780066254,0.00326508153344905,0.0360795066179817,0.0360795066179817,KIF14/AURKB/CDC14A/CDC6/SVIL/CDCA8/GIPC1/RACGAP1/KIF23/CDC25B/ECT2/BIRC5,12
GO:0046461,neutral lipid catabolic process,12/1920,38/14198,0.315789473684211,2.33519736842105,3.25904780066254,0.00326508153344905,0.0360795066179817,0.0360795066179817,APOC2/GPIHBP1/GPLD1/FABP6/LIPG/FABP1/ABHD5/MGLL/LIPC/APOC1/PNPLA1/FABP2,12
GO:0046464,acylglycerol catabolic process,12/1920,38/14198,0.315789473684211,2.33519736842105,3.25904780066254,0.00326508153344905,0.0360795066179817,0.0360795066179817,APOC2/GPIHBP1/GPLD1/FABP6/LIPG/FABP1/ABHD5/MGLL/LIPC/APOC1/PNPLA1/FABP2,12
GO:0052652,cyclic purine nucleotide metabolic process,12/1920,38/14198,0.315789473684211,2.33519736842105,3.25904780066254,0.00326508153344905,0.0360795066179817,0.0360795066179817,PDE9A/ADCY9/ADCYAP1R1/GUCA2B/CARTPT/ADCY5/PDE5A/PDE8A/PDE7B/PDE2A/PDE4D/ADCY6,12
GO:0098815,modulation of excitatory postsynaptic potential,12/1920,38/14198,0.315789473684211,2.33519736842105,3.25904780066254,0.00326508153344905,0.0360795066179817,0.0360795066179817,NLGN1/TMEM25/RELN/ELOVL4/PRKN/CHRNA7/GRIN1/RIMS1/NLGN4X/LRRK2/NRXN1/GRIN2D,12
GO:0048844,artery morphogenesis,13/1920,43/14198,0.302325581395349,2.23563468992248,3.20888737355161,0.00343590121417284,0.0378023665038712,0.0378023665038712,HPGD/ANGPTL3/FOXF1/MYLK/GJA5/EDNRA/ACVRL1/FOLR1/VEGFA/EFEMP2/SOX4/SMAD7/STRA6,13
GO:0061333,renal tubule morphogenesis,13/1920,43/14198,0.302325581395349,2.23563468992248,3.20888737355161,0.00343590121417284,0.0378023665038712,0.0378023665038712,BMP2/TMEM59L/FGF2/MEF2C/SOX9/PKD1/TCF21/TACSTD2/AGT/VEGFA/SHH/MYC/IRX2,13
GO:0001658,branching involved in ureteric bud morphogenesis,10/1920,29/14198,0.344827586206897,2.54992816091954,3.30389364748673,0.00346106237305182,0.0378329921468079,0.0378329921468079,BMP2/TMEM59L/FGF2/SOX9/TCF21/TACSTD2/AGT/VEGFA/SHH/MYC,10
GO:0034368,protein-lipid complex remodeling,10/1920,29/14198,0.344827586206897,2.54992816091954,3.30389364748673,0.00346106237305182,0.0378329921468079,0.0378329921468079,ANGPTL3/APOC2/GPIHBP1/LIPG/PLA2G7/NR1H4/LIPC/APOC1/AGT/PCSK5,10
GO:0034369,plasma lipoprotein particle remodeling,10/1920,29/14198,0.344827586206897,2.54992816091954,3.30389364748673,0.00346106237305182,0.0378329921468079,0.0378329921468079,ANGPTL3/APOC2/GPIHBP1/LIPG/PLA2G7/NR1H4/LIPC/APOC1/AGT/PCSK5,10
GO:0043279,response to alkaloid,16/1920,58/14198,0.275862068965517,2.03994252873563,3.13822243051937,0.00348715651181748,0.0380362533934157,0.0380362533934157,RYR1/BLM/CPT1A/PDX1/BCHE/CASP7/CARTPT/CASQ2/RYR2/RYR3/FOSB/SLC6A4/SMPD1/SLC8A1/CCNA2/SLC1A1,16
GO:0048738,cardiac muscle tissue development,30/1920,135/14198,0.222222222222222,1.64328703703704,2.96973561144734,0.00371810660311097,0.0404683190793537,0.0404683190793537,TGFBR3/KAT2A/BMP2/GJA5/FGFR2/EDNRA/BMP7/BMP5/FGF2/MEF2C/TNNT2/MYOCD/RYR2/MYH11/CDK1/CCNB1/ABL1/MSX2/FER1L6/VEGFA/SORBS2/TNNI3/TP73/TPM1/SMAD7/SLC8A1/JPH2/NEBL/ASB2/NRAP,30
GO:1901890,positive regulation of cell junction assembly,19/1920,74/14198,0.256756756756757,1.89866272522523,3.06491775346557,0.0037271878003476,0.0404802923412484,0.0404802923412484,NLGN1/CLDN1/TEK/EPHB2/VSTM5/SRPX2/SFRP1/ACVRL1/CAV1/AGT/SLITRK5/EPHB3/EFNA5/ABL1/VEGFA/CLDN5/NRXN1/LRRC4B/DSG3,19
GO:0014009,glial cell proliferation,11/1920,34/14198,0.323529411764706,2.39243259803922,3.21444332091482,0.00388131980813255,0.0418852214188262,0.0418852214188262,NEGR1/SOX10/MYB/CSF1/E2F1/IL1B/TREM2/SOX4/ABCC8/CLU/SLC7A5,11
GO:0048146,positive regulation of fibroblast proliferation,11/1920,34/14198,0.323529411764706,2.39243259803922,3.21444332091482,0.00388131980813255,0.0418852214188262,0.0418852214188262,CDC6/CDK4/MYB/E2F1/CDKN1A/AGT/ABL1/EREG/PDGFA/MYC/CCNA2,11
GO:1902305,regulation of sodium ion transmembrane transport,11/1920,34/14198,0.323529411764706,2.39243259803922,3.21444332091482,0.00388131980813255,0.0418852214188262,0.0418852214188262,PCSK9/CHP1/FXYD5/CAMK2D/TESC/NOS1/DMD/AGT/FXYD1/SLMAP/WNK3,11
GO:0001523,retinoid metabolic process,18/1920,69/14198,0.260869565217391,1.92907608695652,3.05918122992631,0.00390501204760371,0.042051424852327,0.042051424852327,DHRS9/RETSAT/ADH1B/ADH1A/CYP26B1/CES2/UGT1A8/AKR1B10/UGT1A1/AKR1B15/UGT1A3/CYP2S1/LRP8/ADH1C/PRMT3/CEL/TTR/RDH5,18
GO:2001252,positive regulation of chromosome organization,23/1920,96/14198,0.239583333333333,1.77166883680556,2.99993133503516,0.00392585198011987,0.0421685734271024,0.0421685734271024,AURKB/MAPK15/KLF4/NCAPG/BUB1/CDK2/GNL3/ACTL6A/NCAPD2/CCT6A/ATR/DKC1/CDK1/NEK2/PKIB/SKA3/SMC4/SMC2/SKA1/RTEL1/MYC/CCT2/NCAPH,23
GO:0014014,negative regulation of gliogenesis,9/1920,25/14198,0.36,2.662125,3.28918183800792,0.00394083276901548,0.0421685734271024,0.0421685734271024,GDPD2/NEGR1/SOX10/CNTFR/ATOH1/NTRK3/TREM2/DAAM2/ABCC8,9
GO:1902751,positive regulation of cell cycle G2/M phase transition,9/1920,25/14198,0.36,2.662125,3.28918183800792,0.00394083276901548,0.0421685734271024,0.0421685734271024,ATAD5/CDK4/CDC7/DTL/CDK1/CCNB1/CDC25B/NPM1/FBXO5,9
GO:0048598,embryonic morphogenesis,55/1920,286/14198,0.192307692307692,1.42207532051282,2.8514337258716,0.00401920240041237,0.0429166201576664,0.0429166201576664,WNT5B/FOXF1/FGFR2/EDNRA/IL1RN/BMP7/INHBA/BMP5/EPHB2/KLF4/NEUROD1/RBPMS2/FGF2/MAPK7/MEF2C/GRHL3/SOX9/HOXB9/CYP26B1/CACNA1C/RYR2/MUSTN1/DSCAML1/PDZD7/ITGA2/MYH3/TCF21/FOXF2/ATOH8/COL7A1/FOXA2/GREM2/STIL/ZBTB16/FOLR1/MSX2/DUSP1/WLS/GRHL2/FBXW4/COL11A1/ECE1/KCNQ1/ITGA8/STRA6/UGDH/SHH/VTN/MMP9/IRX2/CELSR1/ASB2/ATP8A2/AFF3/EYA2,55
GO:0048565,digestive tract development,17/1920,64/14198,0.265625,1.96424153645833,3.05723181263433,0.00406451916222612,0.043309330232796,0.043309330232796,FOXF1/FGFR2/RBPMS2/PKD1/CXCL8/PYY/TCF21/CCNB1/KIT/EPHB3/PCSK5/RET/PDGFA/KCNQ1/STRA6/IL6ST/HMGCS2,17
GO:0003009,skeletal muscle contraction,12/1920,39/14198,0.307692307692308,2.27532051282051,3.15370051307285,0.00414589983344428,0.0439916400737016,0.0439916400737016,SCN4A/DMPK/TNNI2/SYNM/DMD/MB/MYH3/TNNT3/TNNI3/CHRNA1/RCSD1/STAC,12
GO:0009187,cyclic nucleotide metabolic process,12/1920,39/14198,0.307692307692308,2.27532051282051,3.15370051307285,0.00414589983344428,0.0439916400737016,0.0439916400737016,PDE9A/ADCY9/ADCYAP1R1/GUCA2B/CARTPT/ADCY5/PDE5A/PDE8A/PDE7B/PDE2A/PDE4D/ADCY6,12
GO:0072006,nephron development,24/1920,102/14198,0.235294117647059,1.73995098039216,2.96578853024425,0.00417938977790306,0.0442544153518253,0.0442544153518253,TEK/BMP2/EGR1/EDNRA/BMP7/TMEM59L/PTPRO/FGF2/MEF2C/SOX9/PKD1/ACAT1/IL6R/TCF21/MAGI2/TACSTD2/AGT/VEGFA/RET/LIF/SHH/MYC/IRX2/PLCE1,24
GO:0031100,animal organ regeneration,13/1920,44/14198,0.295454545454545,2.18482481060606,3.11261906693799,0.00428408109775112,0.0450806210120201,0.0450806210120201,TGFBR3/CLDN1/RAP1A/CPT1A/PDX1/CXCL12/ATIC/NR0B2/PCNA/SLC7A5/VTN/AURKA/CCNA2,13
GO:0043114,regulation of vascular permeability,13/1920,44/14198,0.295454545454545,2.18482481060606,3.11261906693799,0.00428408109775112,0.0450806210120201,0.0450806210120201,ZEB2/TEK/BDKRB2/CEACAM1/C2CD4A/TACR2/TACR1/PRKG1/PDE3A/VEGFA/CLDN5/PDE2A/ABCC8,13
GO:2000177,regulation of neural precursor cell proliferation,13/1920,44/14198,0.295454545454545,2.18482481060606,3.11261906693799,0.00428408109775112,0.0450806210120201,0.0450806210120201,GDPD2/PDE9A/CNTFR/WDR62/APPL2/SHCBP1/TOX/PTPRZ1/PTN/NTRK3/LRRK2/VEGFA/SLC6A4,13
GO:0010232,vascular transport,19/1920,75/14198,0.253333333333333,1.87334722222222,2.99874258019355,0.0043726133718376,0.0457276186019801,0.0457276186019801,FLVCR2/SLC22A5/SLC16A7/SLC6A20/SLC7A1/ATP1A2/SLC38A5/ATP2A3/SLC22A3/SLC38A3/SLC4A4/ABCC2/SLC6A6/SLC5A6/SLC28A2/SLC13A3/SLC7A5/SLC2A4/SLC1A1,19
GO:0018958,phenol-containing compound metabolic process,19/1920,75/14198,0.253333333333333,1.87334722222222,2.99874258019355,0.0043726133718376,0.0457276186019801,0.0457276186019801,TPH1/ZEB2/MAOB/PRKN/PAH/EDNRA/NT5DC2/SULT1B1/CDH3/GIPC1/CPQ/MAOA/DAO/TG/DIO2/MC1R/SULT1A2/TPO/SLC1A1,19
GO:0150104,transport across blood-brain barrier,19/1920,75/14198,0.253333333333333,1.87334722222222,2.99874258019355,0.0043726133718376,0.0457276186019801,0.0457276186019801,FLVCR2/SLC22A5/SLC16A7/SLC6A20/SLC7A1/ATP1A2/SLC38A5/ATP2A3/SLC22A3/SLC38A3/SLC4A4/ABCC2/SLC6A6/SLC5A6/SLC28A2/SLC13A3/SLC7A5/SLC2A4/SLC1A1,19
GO:0010976,positive regulation of neuron projection development,28/1920,125/14198,0.224,1.65643333333333,2.91499208487421,0.00440617810948671,0.0459838176364538,0.0459838176364538,STMN2/RAP1A/RELN/ENC1/BMP7/PLXNB3/BMP5/EPHB2/ALK/KAT2B/CAMK2B/ROBO3/NPTN/DMD/TOX/MAGI2/PTN/NTRK3/PTK7/EZH2/ABL1/LRRC7/RET/NTRK2/DAB2IP/LRP8/ZDHHC15/ATP8A2,28
GO:1904321,response to forskolin,6/1920,13/14198,0.461538461538462,3.41298076923077,3.44188184721523,0.00444502877139489,0.0462940162803181,0.0462940162803181,RAP1A/FOS/ADCY5/GNAI1/ADCY6/JUND,6
GO:0034367,protein-containing complex remodeling,10/1920,30/14198,0.333333333333333,2.46493055555556,3.17620468410015,0.00457227270868071,0.0472312977157404,0.0472312977157404,ANGPTL3/APOC2/GPIHBP1/LIPG/PLA2G7/NR1H4/LIPC/APOC1/AGT/PCSK5,10
GO:0045823,positive regulation of heart contraction,10/1920,30/14198,0.333333333333333,2.46493055555556,3.17620468410015,0.00457227270868071,0.0472312977157404,0.0472312977157404,ADRB1/ATP1A2/CHGA/RYR2/NMU/EDN3/KCNQ1/TPM1/PDE4D/SLC1A1,10
GO:0090266,regulation of mitotic cell cycle spindle assembly checkpoint,10/1920,30/14198,0.333333333333333,2.46493055555556,3.17620468410015,0.00457227270868071,0.0472312977157404,0.0472312977157404,AURKB/MAD2L1/DYNC1I1/CDCA8/CCNB1/DUSP1/SKA3/KNL1/SKA1/BIRC5,10
GO:1903504,regulation of mitotic spindle checkpoint,10/1920,30/14198,0.333333333333333,2.46493055555556,3.17620468410015,0.00457227270868071,0.0472312977157404,0.0472312977157404,AURKB/MAD2L1/DYNC1I1/CDCA8/CCNB1/DUSP1/SKA3/KNL1/SKA1/BIRC5,10
GO:0042745,circadian sleep/wake cycle,7/1920,17/14198,0.411764705882353,3.04491421568627,3.33603975349789,0.00460179403170138,0.0474396327820923,0.0474396327820923,NLGN1/ADRB1/CARTPT/NMU/KCNA2/PLN/PER3,7
GO:0044773,mitotic DNA damage checkpoint signaling,17/1920,65/14198,0.261538461538462,1.93402243589744,2.98457088644093,0.0048253498011765,0.0496433553581485,0.0496433553581485,BLM/STK33/PRKDC/CLSPN/TIMELESS/CDK2/CDC7/CHEK1/DBF4/DTL/CDK1/FOXN3/CDKN1A/RFWD3/TICRR/PLK1/FANCD2,17
