ID,Description,setSize,enrichmentScore,NES,pvalue,p.adjust,qvalue,rank,leading_edge,core_enrichment,log2err
GO:0098813,nuclear chromosome segregation,277,0.686017487200733,2.50978456010689,1e-10,1.43365853658537e-08,8.67146159767468e-09,1692,"tags=33%, list=10%, signal=30%",7153/22974/7272/4751/11065/24137/5347/11004/9319/983/1894/9928/83540/1063/9787/4085/64151/891/699/51203/701/990/991/1058/3833/332/221150/225689/29128/57405/57082/1062/23397/81620/25879/440145/151246/9700/64105/26271/56992/9212/55143/29127/84057/220134/151648/83903/84722/9493/146909/2491/81930/11130/54892/10388/9735/54908/9918/2177/92421/9055/10464/86/10615/10051/90417/147841/5901/10592/5925/3832/57820/79980/55055/9232/4439/10403/10460/55166/1104/348654/26151/23310/55920/91272/3619/23212/64682/8881/10459/285643,
GO:0000070,mitotic sister chromatid segregation,198,0.707375390096127,2.48690661318536,1e-10,1.43365853658537e-08,8.67146159767468e-09,1692,"tags=36%, list=10%, signal=33%",22974/7272/11065/24137/5347/11004/9319/983/9928/83540/1063/9787/4085/64151/891/699/51203/701/991/1058/3833/332/221150/29128/57405/57082/1062/23397/81620/440145/9700/64105/26271/56992/9212/55143/29127/220134/83903/84722/9493/146909/2491/81930/11130/54892/9735/54908/9918/92421/9055/10464/10615/10051/90417/147841/5901/10592/5925/3832/55055/10403/1104/348654/26151/23310/91272/3619/23212/8881/10459/285643,
GO:0000819,sister chromatid segregation,236,0.683291104592552,2.45192095588951,1e-10,1.43365853658537e-08,8.67146159767468e-09,1692,"tags=33%, list=10%, signal=30%",7153/22974/7272/11065/24137/5347/11004/9319/983/9928/83540/1063/9787/4085/64151/891/699/51203/701/990/991/1058/3833/332/221150/225689/29128/57405/57082/1062/23397/81620/440145/9700/64105/26271/56992/9212/55143/29127/220134/83903/84722/9493/146909/2491/81930/11130/54892/9735/54908/9918/92421/9055/10464/86/10615/10051/90417/147841/5901/10592/5925/3832/55055/10403/10460/1104/348654/26151/23310/91272/3619/23212/64682/8881/10459/285643,
GO:0006261,DNA-templated DNA replication,160,0.705246713139059,2.44958272679952,1e-10,1.43365853658537e-08,8.67146159767468e-09,2856,"tags=49%, list=16%, signal=42%",675/55388/144455/990/9837/10721/8318/10926/10293/51514/1602/641/4998/90381/79915/81620/9156/374393/26271/5984/5983/4176/10535/8914/4173/4171/3978/8317/5111/23594/5422/64785/29935/253714/545/51750/55159/4175/84296/56652/5557/4361/6742/5424/348654/4172/8451/4796/84515/92667/64318/7083/4999/672/5425/6240/11232/79733/11073/2237/63901/80174/11169/23595/23649/56897/5982/54465/1663/5427/146956/5558/5001/5985/4174/57418/29980/5965/1763,
GO:0000280,nuclear division,355,0.641701409426278,2.40677866005617,1e-10,1.43365853658537e-08,8.67146159767468e-09,1692,"tags=30%, list=10%, signal=28%",7153/22974/7272/4751/11065/24137/5347/11004/675/9319/983/9928/83540/1063/3552/9787/54443/4085/64151/891/10635/699/25788/51203/701/6790/2069/991/1058/3833/9088/332/8438/4288/221150/225689/29128/57405/57082/1062/23397/81620/25879/440145/151246/9700/64105/26271/56992/9212/55143/29127/84057/220134/1111/27338/151648/83903/84722/9493/146909/79866/2491/81930/3553/11130/54892/10388/9735/54908/9918/2177/92421/9055/83990/10464/157313/655/10615/10051/63979/90417/147841/5901/79080/10592/5925/3832/57820/55055/4361/9232/652/4439/10403/1104/348654/26151/23310/26013/91272/995/3619/23212/9585/8881/10459/285643,
GO:0140014,mitotic nuclear division,267,0.664680953206424,2.405910876709,1e-10,1.43365853658537e-08,8.67146159767468e-09,1692,"tags=34%, list=10%, signal=31%",22974/7272/4751/11065/24137/5347/11004/9319/983/9928/83540/1063/3552/9787/54443/4085/64151/891/699/51203/701/6790/2069/991/1058/3833/9088/332/4288/221150/29128/57405/57082/1062/23397/81620/440145/9700/64105/26271/56992/9212/55143/29127/220134/1111/27338/83903/84722/9493/146909/79866/2491/81930/3553/11130/54892/9735/54908/9918/92421/9055/10464/157313/655/10615/10051/90417/147841/5901/79080/10592/5925/3832/55055/652/10403/1104/348654/26151/23310/26013/91272/995/3619/23212/9585/8881/10459/285643,
GO:0051310,metaphase chromosome alignment,103,0.737596154083874,2.38137728119073,1e-10,1.43365853658537e-08,8.67146159767468e-09,1571,"tags=40%, list=9%, signal=36%",7272/4751/11004/983/1894/9928/83540/1063/891/1058/3833/332/221150/57405/57082/1062/81620/9212/55143/29127/220134/151648/84722/81930/11130/9735/54908/92421/10464/10615/90417/147841/5925/79980/55055/10403/55166/55920/91272/3619/23212,
GO:0050000,chromosome localization,113,0.71827007921203,2.36088151164929,1e-10,1.43365853658537e-08,8.67146159767468e-09,1571,"tags=38%, list=9%, signal=35%",7272/4751/11004/983/1894/9928/83540/1063/9787/891/1058/3833/332/7518/221150/57405/57082/1062/81620/9212/55143/29127/220134/151648/84722/81930/11130/9735/54908/92421/10464/10615/90417/147841/5925/79980/55055/10403/55166/55920/91272/3619/23212,
GO:0051304,chromosome separation,83,0.75343407534535,2.3580492585551,1e-10,1.43365853658537e-08,8.67146159767468e-09,1680,"tags=47%, list=10%, signal=43%",7272/11065/5347/9319/83540/1063/9787/4085/64151/891/699/701/991/332/221150/225689/57405/57082/23397/9700/26271/9212/55143/220134/83903/11130/54892/9735/54908/10051/147841/10592/5925/55055/10403/348654/3619/8881/10459,
GO:0008608,attachment of spindle microtubules to kinetochore,54,0.802760185887502,2.35455839585934,1.77933068986522e-09,1.97337845189203e-07,1.19359492003007e-07,1497,"tags=52%, list=9%, signal=48%",4751/11004/983/1894/83540/891/332/221150/57405/57082/1062/81620/9212/55143/29127/220134/151648/9735/10615/90417/147841/5925/79980/55055/10403/55920/91272/3619,0.788186810800237
GO:0007059,chromosome segregation,378,0.630303531974675,2.34521427646256,1e-10,1.43365853658537e-08,8.67146159767468e-09,1692,"tags=30%, list=10%, signal=27%",7153/22974/7272/4751/11065/24137/5347/55355/11004/9319/983/1894/9928/83540/1063/9787/4085/64151/891/699/51203/701/990/991/1058/3833/332/4288/221150/225689/29128/57405/57082/1062/23397/81620/25879/440145/151246/9700/64105/26271/56992/9212/55143/29127/84057/387103/220134/6491/151648/83903/84722/9493/146909/2491/81930/11130/64946/54892/10388/9735/54908/9918/2177/92421/9055/6732/10464/157313/55839/29899/86/10615/10051/90417/55732/147841/5901/79080/10592/5925/3832/57820/79980/55055/79023/348995/79682/9232/4439/10403/10460/56852/55166/1104/163786/348654/23354/26151/23310/55920/91272/55835/3619/401541/23212/672/64682/8881/10459/285643,
GO:0006260,DNA replication,295,0.623659573033137,2.3306037696491,1e-10,1.43365853658537e-08,8.67146159767468e-09,2856,"tags=39%, list=16%, signal=33%",675/983/55388/144455/2069/990/9837/10721/8318/10926/10293/51514/1602/641/890/6282/4998/90381/79915/116447/81620/9156/374393/63922/79075/26271/9401/5984/1111/5983/51659/157570/9767/8208/4176/10535/8914/4173/4171/79913/3978/8317/5111/79596/23594/5422/86/64785/9768/29935/253714/1017/545/92675/51750/55159/4175/84296/56652/5557/4361/993/6742/56852/5424/23560/4436/348654/4172/8451/4796/84515/92667/64318/7083/4999/672/10856/4673/5425/10459/6240/11232/79733/11073/2237/63901/27101/54955/10973/80174/7398/7150/10919/11169/8607/23595/23649/56897/83444/5982/54465/1854/1663/5427/146956/116028/5558/4678/5001/5985/4174/57418/29980/5965/1763,
GO:1905818,regulation of chromosome separation,78,0.759791739762917,2.32800841169545,1e-10,1.43365853658537e-08,8.67146159767468e-09,1680,"tags=50%, list=10%, signal=45%",7272/11065/5347/9319/83540/1063/9787/4085/64151/891/699/701/991/332/221150/225689/57405/57082/23397/9700/26271/9212/55143/220134/83903/11130/54892/9735/54908/10051/147841/10592/5925/55055/10403/348654/3619/8881/10459,
GO:0051306,mitotic sister chromatid separation,68,0.755287357360598,2.32506252215916,6.88017407743217e-09,6.22179434263789e-07,3.76324273416702e-07,1680,"tags=49%, list=10%, signal=44%",7272/11065/5347/9319/83540/1063/9787/4085/891/699/701/991/332/221150/57405/57082/9700/26271/9212/55143/220134/83903/11130/9735/54908/147841/5925/55055/10403/348654/3619/8881/10459,0.761460801445585
GO:0051983,regulation of chromosome segregation,129,0.694612294041993,2.31915633023151,1e-10,1.43365853658537e-08,8.67146159767468e-09,1680,"tags=37%, list=10%, signal=34%",7272/11065/5347/11004/9319/983/83540/1063/9787/4085/64151/891/699/701/990/991/332/221150/225689/57405/57082/1062/23397/9700/26271/9212/55143/220134/83903/11130/54892/9735/54908/86/10051/147841/10592/5925/55055/10403/10460/56852/348654/55920/3619/64682/8881/10459,
GO:0000075,cell cycle checkpoint signaling,185,0.660783599532658,2.31400602754188,1e-10,1.43365853658537e-08,8.67146159767468e-09,1161,"tags=29%, list=7%, signal=27%",7272/5347/675/9319/983/83540/1063/4085/891/699/701/990/991/8318/10926/332/51514/221150/641/57405/4998/57082/90381/81620/9212/55143/5984/220134/1111/5983/83903/1869/11130/9735/54908/8914/2177/92421/8317/83990/63967/9675/29935/5591/147841/1017/545/3014/64859/55159/55055/4361/10403,
GO:1903046,meiotic cell cycle process,132,0.682534152883474,2.30628333476923,1e-10,1.43365853658537e-08,8.67146159767468e-09,1497,"tags=31%, list=9%, signal=29%",7153/7272/675/9319/83540/10635/25788/6790/2069/991/994/9088/8438/221150/225689/57082/23397/25879/151246/9700/26271/84057/220134/151648/11130/1909/10388/9918/2177/83990/10051/63979/57820/4361/9232/4439/993/10403/23310/995/3619,
GO:0007093,mitotic cell cycle checkpoint signaling,136,0.673703248428652,2.29533844238268,1e-10,1.43365853658537e-08,8.67146159767468e-09,1161,"tags=32%, list=7%, signal=30%",7272/5347/9319/983/83540/1063/4085/891/699/701/990/991/10926/332/51514/221150/641/57405/4998/57082/90381/9212/55143/220134/1111/83903/11130/9735/54908/8914/2177/92421/8317/63967/5591/147841/1017/545/64859/55159/55055/4361/10403,
GO:0007088,regulation of mitotic nuclear division,112,0.697860344903544,2.29159024699255,1e-10,1.43365853658537e-08,8.67146159767468e-09,1680,"tags=45%, list=10%, signal=41%",7272/4751/11065/5347/9319/83540/1063/3552/9787/4085/891/699/51203/701/6790/2069/991/9088/332/4288/221150/57405/57082/9700/26271/9212/55143/220134/1111/83903/79866/3553/11130/9735/54908/157313/655/147841/5925/55055/652/10403/1104/348654/26013/995/3619/9585/8881/10459,
GO:0051783,regulation of nuclear division,117,0.697383637440638,2.2902086053196,1e-10,1.43365853658537e-08,8.67146159767468e-09,1680,"tags=44%, list=10%, signal=40%",7272/4751/11065/5347/9319/83540/1063/3552/9787/4085/891/10635/699/51203/701/6790/2069/991/9088/332/4288/221150/57405/57082/9700/26271/9212/55143/220134/1111/83903/79866/3553/11130/9735/54908/157313/655/147841/5925/55055/652/10403/1104/348654/26013/995/3619/9585/8881/10459,
GO:0042254,ribosome biogenesis,322,0.617772212025068,2.28815836378439,1e-10,1.43365853658537e-08,8.67146159767468e-09,3971,"tags=54%, list=23%, signal=42%",1736/51602/25879/2971/10813/64794/55127/27042/55759/56915/84306/55661/84128/6201/55299/10799/6223/51001/6227/4869/10885/22894/84154/5591/23246/23160/55003/5901/1662/9188/51154/22803/10528/84135/79084/57647/4839/705/51042/55646/27340/51096/6167/85865/28987/9136/8568/11340/23560/9816/3692/55027/54881/5134/6839/57696/134430/8886/8451/55695/84946/55651/55035/2091/6129/26164/6210/10171/23212/23404/6949/10199/27292/285855/54606/56902/22984/55636/54663/55226/6233/6193/79050/54955/83732/10969/6205/65083/9875/10248/5036/54512/6208/7514/55319/23076/11137/23481/6206/22868/1964/23016/54552/51202/11103/6209/6217/401466/51068/11224/6165/153443/81887/6191/7520/51388/84294/51504/51018/8602/25926/6228/114049/25871/84916/317781/9221/51010/11056/221078/57418/6232/64216/6130/55813/51491/6175/6202/56342/55794/3921/83939/79954/23195/83743/92856/9277/79039/29889/84864/55006/113000/26574/51187/81691/51106/9045/54433/11157/85395/84881/29081/10514/64434/6207/26155/6189/29777/9790/8450/10200/79922/6125,
GO:0006310,DNA recombination,300,0.620474920047176,2.27121773783244,1e-10,1.43365853658537e-08,8.67146159767468e-09,2965,"tags=36%, list=17%, signal=30%",7153/5347/675/9319/7516/10635/25788/10721/8318/8438/3329/7518/29128/641/55010/23397/2187/9156/157777/3070/9401/84057/1111/3009/55257/51659/3838/4176/10388/3149/8914/2177/4173/4171/79913/3978/8317/83990/8089/149840/86/10051/29935/63979/5591/6502/253714/55732/10592/3014/51750/64859/55159/4175/84296/57820/80119/78995/4361/4841/4439/3007/4436/348654/4172/5896/4796/84515/10538/55345/672/10856/3146/10459/3148/10213/11073/2237/3276/3575/79703/79035/23028/79728/8607/112441434/6929/83444/64421/7037/7520/375757/197370/115004/55183/146956/116028/2956/4174/27434/51010/493861/23613/5965/22976/9025/6421/79000,
GO:1902850,microtubule cytoskeleton organization involved in mitosis,156,0.655281042592043,2.26479013160595,1e-10,1.43365853658537e-08,8.67146159767468e-09,1692,"tags=31%, list=10%, signal=29%",22974/7272/24137/5347/983/83540/9787/89958/891/51203/6790/1058/3833/332/29128/57405/1062/440145/9700/56992/9212/55143/29127/6491/8480/84722/9493/79866/64946/54908/284403/92421/9055/10464/29899/5901/3832/10403/10460/1104/163786/26151/55726/3925/5314/55835/3619/114327/285643,
GO:0010965,regulation of mitotic sister chromatid separation,66,0.756431128211515,2.26383430236599,5.05418956655609e-09,4.71563909082805e-07,2.85224704775258e-07,1680,"tags=50%, list=10%, signal=45%",7272/11065/5347/9319/83540/1063/9787/4085/891/699/701/991/332/221150/57405/57082/9700/26271/9212/55143/220134/83903/11130/9735/54908/147841/5925/55055/10403/348654/3619/8881/10459,0.761460801445585
GO:0048285,organelle fission,401,0.595306195725308,2.25642359167657,1e-10,1.43365853658537e-08,8.67146159767468e-09,1432,"tags=26%, list=8%, signal=24%",7153/22974/7272/4751/11065/24137/5347/11004/675/9319/983/9928/83540/1063/3552/9787/54443/4085/64151/891/10635/699/25788/51203/701/6790/2069/991/1058/3833/9088/332/8438/4288/221150/225689/29128/57405/113115/57082/1062/23397/81620/25879/440145/151246/9700/64105/26271/56992/9212/55143/29127/84057/220134/1111/27338/151648/83903/84722/9493/146909/79866/2491/81930/3553/11130/54892/10388/9735/54908/9918/2177/92421/9055/83990/10464/157313/655/10615/10051/63979/90417/147841/5901/79080/10592/5925/3832/57820/55055/4361/9232/652/4439/10403/1104/348654/26151/23310/26013/91272/995,
GO:0044784,metaphase/anaphase transition of cell cycle,101,0.696221810891735,2.25596291055374,2.46877371083884e-09,2.5458687495282e-07,1.53986479561825e-07,1680,"tags=39%, list=10%, signal=35%",7272/11065/5347/9319/83540/1063/9787/4085/891/699/701/990/991/332/221150/225689/57405/57082/1062/9700/26271/9212/55143/220134/83903/11130/9735/54908/86/147841/5925/55055/10403/10460/348654/3619/64682/8881/10459,0.774939030136436
GO:0045132,meiotic chromosome segregation,43,0.819154314110748,2.24945669853931,2.33864397936483e-08,1.63649396556029e-06,9.89830856863694e-07,1161,"tags=49%, list=7%, signal=46%",7272/9319/83540/221150/225689/57082/23397/25879/151246/9700/84057/220134/151648/11130/10388/2177/10051/57820/9232/4439/10403,0.73376198835648
GO:0061982,meiosis I cell cycle process,85,0.713992220292608,2.24582557699819,1.07951554285262e-08,8.34920047485221e-07,5.0500010596252e-07,1161,"tags=28%, list=7%, signal=26%",7153/675/9319/10635/25788/991/994/9088/8438/225689/57082/151246/84057/151648/11130/10388/2177/83990/57820/4361/9232/4439/993/10403,0.747739663149885
GO:1902100,negative regulation of metaphase/anaphase transition of cell cycle,56,0.747786026886107,2.22327624918448,1.87725372017941e-07,1.04099031766175e-05,6.29641391781827e-06,1497,"tags=48%, list=9%, signal=44%",7272/5347/9319/83540/1063/4085/891/699/701/991/332/221150/57405/57082/26271/9212/55143/220134/83903/11130/9735/54908/147841/55055/10403/348654/3619,0.690132458796796
GO:1905819,negative regulation of chromosome separation,56,0.747786026886107,2.22327624918448,1.87725372017941e-07,1.04099031766175e-05,6.29641391781827e-06,1497,"tags=48%, list=9%, signal=44%",7272/5347/9319/83540/1063/4085/891/699/701/991/332/221150/57405/57082/26271/9212/55143/220134/83903/11130/9735/54908/147841/55055/10403/348654/3619,0.690132458796796
GO:0007091,metaphase/anaphase transition of mitotic cell cycle,99,0.694001786246262,2.2220664277305,4.6033653831921e-09,4.43583306924642e-07,2.68300680615906e-07,1680,"tags=38%, list=10%, signal=35%",7272/11065/5347/9319/83540/1063/9787/4085/891/699/701/990/991/332/221150/57405/57082/1062/9700/26271/9212/55143/220134/83903/11130/9735/54908/86/147841/5925/55055/10403/10460/348654/3619/64682/8881/10459,0.761460801445585
GO:0007094,mitotic spindle assembly checkpoint signaling,53,0.749727479122856,2.2219388928788,6.51691789625512e-07,2.6787722653278e-05,1.62025128264027e-05,1497,"tags=49%, list=9%, signal=45%",7272/5347/9319/83540/1063/4085/891/699/701/991/332/221150/57405/57082/9212/55143/220134/83903/11130/9735/54908/147841/55055/10403/348654/3619,0.659444398037935
GO:0071173,spindle assembly checkpoint signaling,53,0.749727479122856,2.2219388928788,6.51691789625512e-07,2.6787722653278e-05,1.62025128264027e-05,1497,"tags=49%, list=9%, signal=45%",7272/5347/9319/83540/1063/4085/891/699/701/991/332/221150/57405/57082/9212/55143/220134/83903/11130/9735/54908/147841/55055/10403/348654/3619,0.659444398037935
GO:0071174,mitotic spindle checkpoint signaling,53,0.749727479122856,2.2219388928788,6.51691789625512e-07,2.6787722653278e-05,1.62025128264027e-05,1497,"tags=49%, list=9%, signal=45%",7272/5347/9319/83540/1063/4085/891/699/701/991/332/221150/57405/57082/9212/55143/220134/83903/11130/9735/54908/147841/55055/10403/348654/3619,0.659444398037935
GO:0033045,regulation of sister chromatid segregation,109,0.680915070827552,2.22007094540663,4.26378235323442e-09,4.17708544538532e-07,2.52650370402254e-07,1680,"tags=37%, list=10%, signal=33%",7272/11065/5347/9319/983/83540/1063/9787/4085/891/699/701/990/991/332/221150/225689/57405/57082/1062/9700/26271/9212/55143/220134/83903/11130/9735/54908/86/147841/5925/55055/10403/10460/348654/3619/64682/8881/10459,0.761460801445585
GO:2001251,negative regulation of chromosome organization,102,0.67951212819656,2.21517284794204,9.51329920571104e-09,7.98845324730993e-07,4.83180365415715e-07,1497,"tags=31%, list=9%, signal=29%",7272/5347/9319/83540/1063/4085/891/699/701/991/332/221150/57405/57082/9700/26271/9212/55143/220134/83903/11130/9735/54908/147841/51750/80119/55055/10403/25913/348654/8260/3619,0.747739663149885
GO:0034502,protein localization to chromosome,111,0.667041227934588,2.21326788417534,1.287730216247e-08,9.74126582232783e-07,5.89198964296244e-07,2465,"tags=40%, list=14%, signal=34%",7272/51176/5347/983/1058/7518/8363/8362/29128/57082/8970/9212/83903/27085/9735/54908/8294/26354/8370/3012/253714/554313/1017/5925/545/3014/55055/7443/55166/55920/91272/4796/84515/8368/8360/8335/55656/11073/9555/65057/9184/54552/55632/7520,0.747739663149885
GO:0090068,positive regulation of cell cycle process,213,0.623217091693566,2.21239219340269,1e-10,1.43365853658537e-08,8.67146159767468e-09,1837,"tags=35%, list=11%, signal=32%",11065/51176/5347/983/1894/9928/3552/9787/144455/4085/64151/891/10635/699/51203/6241/6790/2069/990/991/994/10926/332/2146/51514/221150/225689/57082/79915/23397/9700/26271/9212/55143/29127/220134/6491/9493/10733/3553/54892/27085/1019/8317/4869/29899/10615/10051/10592/5925/7027/11113/993/10403/56852/1104/9134/163786/348654/80071/55920/898/282809/995/1813/55835/3619/51692/9585/219736/11187/8881/6240/79733/2237,
GO:0140013,meiotic nuclear division,109,0.677124856495069,2.20771324460529,7.70880951656747e-09,6.66358563799759e-07,4.03045951934538e-07,1161,"tags=28%, list=7%, signal=27%",7153/7272/675/9319/83540/10635/25788/2069/8438/221150/225689/57082/23397/25879/151246/9700/26271/84057/220134/151648/11130/10388/2177/83990/10051/63979/57820/4361/9232/4439/10403,0.747739663149885
GO:1902099,regulation of metaphase/anaphase transition of cell cycle,97,0.69425851197593,2.20757658676067,2.17029563844715e-08,1.53698768226414e-06,9.2964463453037e-07,1680,"tags=38%, list=10%, signal=35%",7272/11065/5347/9319/83540/1063/9787/4085/891/699/701/990/991/332/221150/225689/57405/57082/1062/9700/26271/9212/55143/220134/83903/11130/9735/54908/86/147841/5925/55055/10403/348654/3619/8881/10459,0.73376198835648
GO:0071459,"protein localization to chromosome, centromeric region",37,0.819812392221597,2.20554938025918,2.90256616340055e-07,1.36490271267747e-05,8.2555930547692e-06,1643,"tags=65%, list=9%, signal=59%",7272/983/1058/8363/8362/57082/8970/9212/83903/27085/9735/54908/8294/8370/3012/554313/5925/55055/55166/55920/91272/8368/8360/8335,0.674962860011025
GO:0051784,negative regulation of nuclear division,62,0.732727594063198,2.20469667520518,2.9910658242635e-07,1.39535594563657e-05,8.43978896571382e-06,1307,"tags=47%, list=8%, signal=43%",7272/5347/9319/83540/1063/4085/891/699/701/991/332/221150/57405/57082/26271/9212/55143/220134/1111/83903/11130/9735/54908/655/147841/55055/652/10403/348654,0.674962860011025
GO:0033047,regulation of mitotic sister chromatid segregation,62,0.731528591783424,2.20108900932608,3.32967281224794e-07,1.5171951000305e-05,9.17673121622797e-06,1307,"tags=44%, list=8%, signal=40%",7272/5347/9319/983/83540/1063/4085/891/699/701/991/332/221150/57405/57082/26271/9212/55143/220134/83903/11130/9735/54908/147841/55055/10403/348654,0.674962860011025
GO:0030071,regulation of mitotic metaphase/anaphase transition,95,0.691951553618236,2.19885992730275,1.01426069996297e-08,8.11632460192267e-07,4.90914644622868e-07,1680,"tags=38%, list=10%, signal=34%",7272/11065/5347/9319/83540/1063/9787/4085/891/699/701/990/991/332/221150/57405/57082/1062/9700/26271/9212/55143/220134/83903/11130/9735/54908/86/147841/5925/55055/10403/348654/3619/8881/10459,0.747739663149885
GO:0007052,mitotic spindle organization,130,0.641894937381245,2.19541714177254,1.82040416743859e-08,1.30491898734195e-06,7.89278241509533e-07,1692,"tags=32%, list=10%, signal=29%",22974/7272/24137/5347/83540/9787/891/6790/3833/332/29128/57405/1062/440145/56992/9212/55143/29127/6491/8480/84722/9493/79866/64946/284403/92421/9055/10464/29899/5901/3832/10403/10460/1104/163786/26151/55726/3925/55835/3619/114327/285643,0.73376198835648
GO:0045839,negative regulation of mitotic nuclear division,61,0.735440096260442,2.19520316339286,2.75312106641701e-07,1.32646275642616e-05,8.02308957088977e-06,1307,"tags=48%, list=8%, signal=44%",7272/5347/9319/83540/1063/4085/891/699/701/991/332/221150/57405/57082/26271/9212/55143/220134/1111/83903/11130/9735/54908/655/147841/55055/652/10403/348654,0.674962860011025
GO:1905820,positive regulation of chromosome separation,31,0.84657505857982,2.19488710221684,1.77454030607125e-07,1.02262234500851e-05,6.18531551786795e-06,933,"tags=55%, list=5%, signal=52%",11065/5347/9787/64151/991/332/221150/225689/23397/9700/9212/55143/220134/54892/10051/10592/5925,0.690132458796796
GO:0044786,cell cycle DNA replication,39,0.801284304652988,2.19483132436881,2.79726030027137e-07,1.33677203617846e-05,8.08544509083437e-06,1949,"tags=59%, list=11%, signal=52%",675/144455/9837/8318/10926/1602/641/79915/81620/26271/4173/4171/3978/8317/5111/5422/51750/4175/4172/7083/79733/2237/80174,0.674962860011025
GO:0007080,mitotic metaphase chromosome alignment,67,0.717211228332226,2.19027897554724,4.3531122108437e-07,1.89537730187698e-05,1.14641604447014e-05,1571,"tags=36%, list=9%, signal=33%",7272/11004/983/9928/83540/891/1058/3833/332/221150/1062/81620/9212/55143/220134/84722/81930/54908/92421/10464/10403/91272/3619/23212,0.674962860011025
GO:0031577,spindle checkpoint signaling,54,0.746309109148986,2.18898297367641,7.3055985083874e-07,2.96153848498629e-05,1.79128199548548e-05,1497,"tags=48%, list=9%, signal=44%",7272/5347/9319/83540/1063/4085/891/699/701/991/332/221150/57405/57082/9212/55143/220134/83903/11130/9735/54908/147841/55055/10403/348654/3619,0.659444398037935
GO:0033260,nuclear DNA replication,35,0.797912424019951,2.18837396016316,1.85190569233252e-06,6.88955801236113e-05,4.16713856225722e-05,1949,"tags=57%, list=11%, signal=51%",675/9837/8318/10926/1602/641/79915/81620/4173/4171/3978/8317/5111/5422/51750/4175/4172/7083/2237/80174,0.643551836150722
GO:0033046,negative regulation of sister chromatid segregation,55,0.751113185336568,2.18754261627042,2.56042499130167e-07,1.26125797120912e-05,7.62869943086318e-06,1497,"tags=49%, list=9%, signal=45%",7272/5347/9319/83540/1063/4085/891/699/701/991/332/221150/57405/57082/26271/9212/55143/220134/83903/11130/9735/54908/147841/55055/10403/348654/3619,0.674962860011025
GO:0033048,negative regulation of mitotic sister chromatid segregation,55,0.751113185336568,2.18754261627042,2.56042499130167e-07,1.26125797120912e-05,7.62869943086318e-06,1497,"tags=49%, list=9%, signal=45%",7272/5347/9319/83540/1063/4085/891/699/701/991/332/221150/57405/57082/26271/9212/55143/220134/83903/11130/9735/54908/147841/55055/10403/348654/3619,0.674962860011025
GO:0045841,negative regulation of mitotic metaphase/anaphase transition,55,0.751113185336568,2.18754261627042,2.56042499130167e-07,1.26125797120912e-05,7.62869943086318e-06,1497,"tags=49%, list=9%, signal=45%",7272/5347/9319/83540/1063/4085/891/699/701/991/332/221150/57405/57082/26271/9212/55143/220134/83903/11130/9735/54908/147841/55055/10403/348654/3619,0.674962860011025
GO:2000816,negative regulation of mitotic sister chromatid separation,55,0.751113185336568,2.18754261627042,2.56042499130167e-07,1.26125797120912e-05,7.62869943086318e-06,1497,"tags=49%, list=9%, signal=45%",7272/5347/9319/83540/1063/4085/891/699/701/991/332/221150/57405/57082/26271/9212/55143/220134/83903/11130/9735/54908/147841/55055/10403/348654/3619,0.674962860011025
GO:0051985,negative regulation of chromosome segregation,57,0.747231675315994,2.18306545114152,1.81555993594817e-07,1.02707379763215e-05,6.21224006056393e-06,1497,"tags=47%, list=9%, signal=43%",7272/5347/9319/83540/1063/4085/891/699/701/991/332/221150/57405/57082/26271/9212/55143/220134/83903/11130/9735/54908/147841/55055/10403/348654/3619,0.690132458796796
GO:0007127,meiosis I,73,0.700974434982998,2.1822918851898,3.96356000264257e-07,1.73864221608455e-05,1.05161506900953e-05,1161,"tags=26%, list=7%, signal=24%",7153/675/9319/10635/25788/8438/57082/151246/84057/151648/11130/10388/2177/83990/57820/4361/9232/4439/10403,0.674962860011025
GO:0042274,ribosomal small subunit biogenesis,109,0.666537580186836,2.17319424872768,2.5595044269353e-08,1.72595353516447e-06,1.04394033988012e-06,3910,"tags=62%, list=23%, signal=49%",51602/25879/10813/55127/27042/84128/6201/10799/6223/6227/4869/10885/5591/23160/10528/84135/57647/27340/51096/28987/9136/5134/134430/84946/2091/6210/10171/23212/10199/27292/56902/55226/6233/6193/79050/83732/6205/65083/6208/6206/11103/6209/6217/153443/6191/7520/51504/8602/25926/6228/84916/11056/6232/55813/6202/3921/79954/92856/9277/26574/51106/11157/85395/64434/6207/6189/29777/9790,0.73376198835648
GO:0006364,rRNA processing,234,0.612660762205722,2.17015739498229,1e-10,1.43365853658537e-08,8.67146159767468e-09,3667,"tags=51%, list=21%, signal=41%",1736/51602/25879/10813/55127/27042/55759/56915/55661/84128/6201/55299/10799/6223/6227/10885/22894/84154/5591/23246/23160/55003/1662/9188/51154/22803/10528/84135/79084/57647/4839/705/55646/27340/51096/6167/28987/9136/8568/11340/3692/54881/6839/57696/134430/8886/55695/55651/55035/2091/6129/10171/23212/23404/10199/27292/285855/54606/56902/22984/55636/54663/55226/79050/83732/10969/65083/9875/10248/5036/54512/6208/23076/11137/23481/23016/51202/11103/6209/6217/11224/6165/153443/81887/84294/51504/51018/8602/25926/114049/25871/84916/317781/9221/51010/11056/221078/57418/6232/64216/6130/55813/56342/79954/23195/92856/9277/79039/55006/113000/26574/81691/51106/9045/54433/11157/85395/84881/29081,
GO:0006334,nucleosome assembly,95,0.681272921514333,2.16492573626163,3.11568026768093e-08,2.0577492824077e-06,1.24462648703926e-06,3358,"tags=56%, list=19%, signal=45%",6662/29028/8363/8356/8362/8970/8343/8341/8339/3009/8346/8355/8358/8208/8354/8294/8968/8345/8342/55723/8344/4869/8340/8370/554313/3014/3007/8352/8368/8351/8360/4673/8347/3148/3018/653604/333932/126961/9555/23234/128854/8349/8366/4678/8357/257218/54107/6749/8350/83743/3008/8365/6418,0.719512826338911
GO:0051321,meiotic cell cycle,209,0.612793421427383,2.16198696754932,1e-10,1.43365853658537e-08,8.67146159767468e-09,1818,"tags=26%, list=10%, signal=24%",7153/259266/7272/4751/675/9319/83540/7516/10635/25788/6790/2069/991/994/9088/8438/4288/221150/225689/57082/23397/9156/25879/157777/151246/9700/26271/84057/220134/151648/11130/1909/10388/9918/2177/83990/157313/10051/63979/1017/3014/57820/4361/9232/4439/993/10403/23310/995/3619/9271/64682/8881/5683/5682,
GO:0034728,nucleosome organization,111,0.650726758961934,2.15913586247654,7.79347055496619e-08,4.67449182878482e-06,2.82735918962235e-06,3358,"tags=50%, list=19%, signal=41%",6662/29028/8363/8356/3159/8362/8970/8343/8341/92815/8339/3009/8346/8355/8358/8208/8354/8294/8968/8345/8342/55723/8344/4869/8340/8370/554313/3014/3007/8352/8368/8351/8360/4673/8347/3148/3018/653604/333932/126961/9555/23234/128854/8349/8366/4678/6599/8357/257218/54107/6749/8350/83743/3008/8365/6418,0.704975715167238
GO:0001508,action potential,118,-0.68960975378231,-2.15192182663512,5.39042698278387e-10,6.74147442655396e-08,4.07757043324993e-08,1695,"tags=36%, list=10%, signal=32%",8913/3779/2258/3777/6331/259232/23704/2702/610/3742/3752/6869/7871/477/9630/3737/801/775/1134/845/23171/1181/857/57578/817/6262/783/3781/6330/6332/6546/6548/5023/2767/3741/2852/6335/287/6329/4842/1756/3745,0.801215574617779
GO:0000724,double-strand break repair via homologous recombination,177,0.618188027341412,2.15030522660101,1.26886774016127e-09,1.49168091533358e-07,9.02240906269606e-08,3810,"tags=45%, list=22%, signal=35%",5347/675/7516/10635/25788/10721/8318/8438/29128/641/55010/2187/157777/3070/9401/1111/55257/51659/4176/8914/4173/4171/8317/8089/149840/86/29935/63979/6502/253714/51750/64859/55159/4175/84296/4361/348654/4172/4796/84515/672/10856/10459/10213/11073/2237/3276/79035/23028/79728/8607/112441434/375757/197370/115004/55183/116028/4174/493861/23613/5965/9025/6421/79000/119392/5888/10111/55086/92797/7517/286053/56893/2073/84464/5890/7334/9643/9907/79677,0.788186810800237
GO:0000086,G2/M transition of mitotic cell cycle,125,0.639807824489059,2.14807491632587,2.5839386031724e-08,1.72595353516447e-06,1.04394033988012e-06,2394,"tags=36%, list=14%, signal=31%",4751/5347/9833/983/9928/1063/2305/891/6790/990/994/10926/9088/332/51514/641/890/4998/90381/26271/9212/1111/1019/92421/8317/63967/1017/545/64859/4361/993/23560/55920/995/219736/672/6240/11073/80174/79035/595/11200/84930/60672/54465,0.73376198835648
GO:0006275,regulation of DNA replication,115,0.649948410674493,2.14119346533705,4.17465245731946e-08,2.696550235618e-06,1.63100426061389e-06,2311,"tags=37%, list=13%, signal=32%",983/144455/2069/990/10926/51514/1602/890/6282/90381/79915/81620/79075/26271/157570/9767/4176/8914/4173/4171/79913/8317/5111/79596/86/1017/545/4175/993/6742/23560/4172/8451/10856/79733/27101/80174/10919/8607/23595/56897/83444,0.719512826338911
GO:0000725,recombinational repair,183,0.619617608983121,2.14110326496228,1e-10,1.43365853658537e-08,8.67146159767468e-09,3116,"tags=38%, list=18%, signal=32%",5347/675/7516/10635/25788/10721/8318/8438/29128/641/55010/2187/157777/3070/9401/1111/55257/51659/4176/8914/4173/4171/8317/8089/149840/86/29935/63979/6502/253714/51750/64859/55159/4175/84296/78995/4361/348654/4172/4796/84515/55345/672/10856/10459/10213/11073/2237/3276/79035/23028/79728/8607/112441434/7520/375757/197370/115004/55183/116028/4174/493861/23613/5965/9025/6421/79000/119392/5888/10111,
GO:0044839,cell cycle G2/M phase transition,139,0.633902143636564,2.13922765943335,9.90628783603526e-09,8.08738331947434e-07,4.8916413560741e-07,2394,"tags=35%, list=14%, signal=31%",4751/5347/9833/983/9928/1063/2305/891/6790/990/994/10926/9088/332/51514/641/890/4998/90381/79915/26271/9212/1111/1019/92421/8317/63967/4869/1017/545/64859/4361/993/10403/23560/55920/995/219736/672/6240/11073/80174/79035/9555/595/11200/84930/60672/54465,0.747739663149885
GO:0016072,rRNA metabolic process,284,0.586287067300235,2.13902713447801,1e-10,1.43365853658537e-08,8.67146159767468e-09,3971,"tags=51%, list=23%, signal=40%",1736/51602/25879/2971/10813/55127/84365/27042/55759/56915/4609/84172/55661/84128/6201/55299/10799/6223/6227/10885/22894/84154/5591/23246/9533/23160/55003/51082/1662/9330/9188/51154/22803/10528/84135/79084/57647/4839/705/55646/27340/51096/6167/28987/9136/8568/11340/3692/54881/6839/57696/134430/8886/55695/55651/55035/2091/6129/10171/23212/23404/6949/30834/10199/27292/285855/54606/56902/22984/55636/54663/55226/9014/79050/83732/10969/7150/65083/9875/10248/5036/221830/54512/6208/9555/23076/11137/23481/23016/51202/11103/6209/6217/11224/6165/153443/81887/84294/1663/4141/51504/51018/8602/25926/114049/5440/25871/84916/317781/9221/51010/11056/221078/57418/6232/64216/6130/25885/55813/56342/79954/23195/92856/9277/79039/55006/113000/26574/10849/81691/51106/9045/54433/11157/85395/84881/29081/6207/9329/29777/9790/10200/79922/64425/6125,
GO:0006270,DNA replication initiation,37,0.79496415665187,2.13869992655327,2.53737254331472e-06,9.20659000592834e-05,5.56859179816207e-05,2687,"tags=73%, list=15%, signal=62%",55388/990/8318/51514/4998/90381/81620/4176/4173/4171/23594/5422/64785/29935/4175/5557/4172/8451/64318/4999/11073/23595/23649/56897/5558/5001/4174,0.627256739718528
GO:0090257,regulation of muscle system process,182,-0.64153649348068,-2.13583746259762,1e-10,1.43365853658537e-08,8.67146159767468e-09,2059,"tags=37%, list=12%, signal=33%",1193/7132/6722/1824/5578/487/54795/9464/4089/4205/4660/27086/2308/493/2258/55799/6331/2946/9759/4625/490/7168/2702/5566/818/6869/4092/477/5592/2770/3815/801/775/5025/845/84502/3727/1264/114907/857/3572/817/6717/408/57158/6262/783/6833/7140/816/9607/782/5144/9314/5152/6546/6548/1908/1113/1760/2852/5350/287/93649/6329/4842/1756/6865,
GO:0019885,antigen processing and presentation of endogenous peptide antigen via MHC class I,20,0.882730158948697,2.13491134961844,1.51796449593343e-06,5.7938930565563e-05,3.50442729972684e-05,244,"tags=20%, list=1%, signal=20%",154064/80328/563/79465,0.643551836150722
GO:0009913,epidermal cell differentiation,118,0.654221397521069,2.13358884145237,2.38375182440529e-08,1.64843449692403e-06,9.97053068885193e-07,835,"tags=16%, list=5%, signal=15%",2118/144501/1001/5068/6820/5317/2069/6703/3784/1594/3714/3854/79651/340654/79955/79977/3066/2125/1475,0.73376198835648
GO:0010389,regulation of G2/M transition of mitotic cell cycle,91,0.65962064847694,2.12371385851415,4.45195669407305e-07,1.92416187115893e-05,1.16382634690719e-05,2394,"tags=41%, list=14%, signal=35%",5347/983/9928/1063/891/6790/990/994/10926/9088/51514/641/4998/90381/26271/9212/1111/1019/92421/8317/63967/545/64859/4361/993/23560/55920/995/219736/672/6240/11073/80174/79035/595/60672/54465,0.674962860011025
GO:0030216,keratinocyte differentiation,81,0.685470668791775,2.11951862766038,2.60531588850688e-07,1.26562370187136e-05,7.65510548559473e-06,835,"tags=16%, list=5%, signal=15%",2118/144501/1001/5068/5317/2069/6703/1594/3854/340654/79977/2125/1475,0.674962860011025
GO:0051984,positive regulation of chromosome segregation,28,0.807002492928518,2.11475430252835,7.76303551343127e-06,0.000242718738021005,0.000146808055201078,1497,"tags=57%, list=9%, signal=52%",983/64151/891/990/332/221150/23397/9212/55143/220134/54892/10051/10592/56852/55920/3619,0.593325476396405
GO:0003012,muscle system process,366,-0.596986506540712,-2.11058962613831,1e-10,1.43365853658537e-08,8.67146159767468e-09,2315,"tags=36%, list=13%, signal=32%",3162/23327/9826/7273/4637/6326/10398/4622/8082/8013/219931/1193/7132/10611/6722/1824/29767/5578/487/54795/9464/4211/4089/7169/4205/3768/8913/4660/27086/2308/493/2258/1910/9127/8912/55799/342667/6331/2946/9759/4625/23704/28999/490/25802/7168/2702/5566/818/3752/6869/7871/58/4092/92241/477/1410/23336/5592/2770/3815/801/6769/775/5025/4629/1134/845/1674/6261/84502/23171/9172/3727/1264/114907/4638/2775/857/6535/3572/817/5028/624/6717/408/6442/57158/6262/783/3781/6833/6330/7140/23125/4621/816/6332/9607/6525/782/5144/23676/8470/9314/5152/6546/6548/1908/9499/1113/1760/1837/4151/4619/3741/2852/5350/2934/6335/51676/6263/287/93649/3778/6329/4842/4620/1756/6865/7111/5348,
GO:0031570,DNA integrity checkpoint signaling,121,0.631503688358095,2.10590389363109,4.4106958749359e-08,2.81805112531231e-06,1.70449388678226e-06,2941,"tags=36%, list=17%, signal=30%",5347/675/983/990/8318/10926/51514/641/4998/90381/81620/5984/1111/5983/1869/8914/2177/8317/83990/63967/9675/29935/5591/1017/545/3014/55159/4361/25896/672/11073/4067/79968/595/11200/144715/5982/54465/146956/5985/29980/1763/27339/51499,0.719512826338911
GO:0033044,regulation of chromosome organization,238,0.583746436671104,2.10318228029282,1e-10,1.43365853658537e-08,8.67146159767468e-09,2505,"tags=33%, list=14%, signal=29%",7272/4751/11065/5347/9319/983/83540/1063/9787/4085/64151/891/699/8313/701/990/991/332/1736/221150/225689/57405/57082/1062/23397/9700/26271/9212/55143/220134/83903/11130/4609/9735/54908/9918/79913/10576/26354/86/10051/908/10575/147841/1017/10592/5925/545/51750/80119/55055/4361/10403/10460/25913/348654/7203/8260/3619/10856/64682/8881/10459/55226/2237/22948/10694/79035/9555/8607/65057/9184/54552/83444/3320/51434/7520/1663/197370,
GO:0042273,ribosomal large subunit biogenesis,77,0.681796113877867,2.102067080629,4.8310988343667e-07,2.04296395312284e-05,1.2356836033727e-05,3065,"tags=52%, list=18%, signal=43%",2971/55759/55299/4869/84154/23246/55003/51154/4839/6167/85865/23560/3692/55027/54881/57696/8886/6129/26164/23212/285855/54663/54955/10969/9875/55319/23481/22868/11224/6165/81887/51388/51504/51018/57418/6130/51491/56342/55794/23195,0.659444398037935
GO:0007519,skeletal muscle tissue development,66,-0.717150371752202,-2.10020204508276,3.73825271011645e-07,1.6678865339177e-05,1.00881860352839e-05,2252,"tags=42%, list=13%, signal=37%",4637/858/1073/6899/11149/6285/28514/1827/5532/64091/58/9734/9148/1134/6261/8736/84466/93986/857/6840/57462/6943/4208/654463/56603/221662/93649/1756,0.674962860011025
GO:1901989,positive regulation of cell cycle phase transition,95,0.660863154492631,2.10006827825762,2.10918129634463e-07,1.13740987705631e-05,6.87960613913058e-06,1786,"tags=39%, list=10%, signal=35%",11065/5347/983/9787/891/6241/990/991/994/332/2146/51514/221150/225689/79915/9700/26271/220134/6491/27085/1019/8317/4869/5925/7027/993/9134/163786/55920/898/995/55835/51692/219736/11187/8881/6240,0.690132458796796
GO:0008544,epidermis development,188,0.590411067682045,2.09814727579226,5.98845069422938e-09,5.5000176844813e-07,3.32667723313705e-07,867,"tags=15%, list=5%, signal=14%",2118/144501/1001/9076/5068/3624/57822/6662/6820/10913/5317/3872/2069/6703/3784/1294/29841/1594/3714/3854/79651/340654/79955/79977/3066/2125/1475/55612,0.761460801445585
GO:0002227,innate immune response in mucosa,25,0.836624893555726,2.09680935805763,6.95904340665732e-06,0.000222311180132238,0.000134464575214814,1799,"tags=76%, list=10%, signal=68%",9075/8348/8970/8343/8341/8339/8346/8345/8342/8344/128312/8340/3017/440689/6170/4843/8347/3018/6036,0.610526878385931
GO:1902749,regulation of cell cycle G2/M phase transition,103,0.647436262707304,2.09029019266671,2.03183832285708e-07,1.10584682053277e-05,6.68869747743422e-06,2394,"tags=39%, list=14%, signal=34%",5347/983/9928/1063/891/6790/990/994/10926/9088/51514/641/4998/90381/79915/26271/9212/1111/1019/92421/8317/63967/4869/545/64859/4361/993/23560/55920/995/219736/672/6240/11073/80174/79035/9555/595/60672/54465,0.690132458796796
GO:1901988,negative regulation of cell cycle phase transition,238,0.579866164510655,2.08920203281224,1.05661397739413e-10,1.47875641883874e-08,8.94423544452669e-09,1307,"tags=26%, list=8%, signal=24%",3624/7272/5347/675/9319/983/83540/1063/144455/4085/891/699/701/990/991/8318/10926/9088/332/51514/221150/641/57405/4998/57082/90381/81620/26271/9212/55143/5984/220134/1111/5983/83903/1869/11130/9735/54908/8914/2177/92421/8317/83990/63967/9675/5933/29935/5591/147841/1017/5925/545/3014/64859/55159/55055/4361/10403/6657/23560/348654,0.839088935621274
GO:0043588,skin development,156,0.604241780504911,2.08838762705288,1.29264840786249e-08,9.74126582232783e-07,5.89198964296244e-07,867,"tags=14%, list=5%, signal=14%",2118/144501/1001/9076/5068/3624/57822/6662/5317/3872/3673/2069/6703/1594/3854/79651/340654/79977/3066/2125/1475/55612,0.747739663149885
GO:1901991,negative regulation of mitotic cell cycle phase transition,165,0.598674075751805,2.0848178164006,1.50512795923189e-08,1.10589276804563e-06,6.6889753902587e-07,1307,"tags=30%, list=8%, signal=28%",3624/7272/5347/9319/983/83540/1063/144455/4085/891/699/701/990/991/10926/9088/332/51514/221150/641/57405/4998/57082/90381/26271/9212/55143/220134/1111/83903/11130/9735/54908/92421/8317/63967/5933/5591/147841/1017/5925/545/64859/55159/55055/4361/10403/23560/348654,0.73376198835648
GO:0007062,sister chromatid cohesion,56,0.700813037687286,2.08361874358249,6.06478928292544e-06,0.000196954869641081,0.000119127849832042,1415,"tags=29%, list=8%, signal=26%",5347/113130/699/8313/701/151246/79075/9700/151648/83903/157570/5925/440081/4361/8260/91272,0.610526878385931
GO:0007051,spindle organization,188,0.585304070079433,2.07999850844366,1.03362334710333e-08,8.11632460192267e-07,4.90914644622868e-07,1832,"tags=28%, list=11%, signal=25%",22974/259266/7272/4751/24137/5347/83540/9787/891/6790/3833/332/221150/225689/29128/57405/1062/25879/440145/56992/9212/55143/29127/220134/6491/8480/84722/9493/79866/64946/284403/92421/9055/10464/29899/10615/90417/5901/3832/10403/10460/1104/163786/23354/26151/55726/3925/55835/3619/114327/285643/28989/55722,0.747739663149885
GO:0008015,blood circulation,364,-0.583044611197235,-2.07708441578076,1e-10,1.43365853658537e-08,8.67146159767468e-09,1929,"tags=30%, list=11%, signal=27%",1824/4881/5137/487/54795/2150/5029/3768/8913/28514/5467/493/64091/654/2258/3777/1910/8912/6331/2946/4625/23704/554/490/5139/9283/7168/2702/8850/27129/5566/3752/6869/7122/153/1816/4092/477/25/10672/7010/5592/1889/6505/112/94/801/57731/10365/6338/775/5025/634/845/2549/1674/6340/1727/9839/84502/23171/2865/857/170690/817/5028/624/6717/3043/57158/6262/783/489/3781/6833/6387/3291/6330/81285/6446/6332/9607/1511/1215/5742/5144/79987/6546/6548/5023/1908/5138/2767/1113/1760/3741/290/2852/5350/2934/6335/287/3778/6329/4842/1756/6865/5125/5348,
GO:0030490,maturation of SSU-rRNA,69,0.678008971428102,2.07593143422352,5.37009346447892e-06,0.000179348916955722,0.000108478916442003,3910,"tags=68%, list=23%, signal=53%",51602/25879/10813/55127/27042/84128/10799/6223/6227/10885/23160/10528/84135/57647/27340/51096/28987/9136/134430/2091/10171/23212/10199/56902/55226/79050/83732/65083/6208/11103/6217/153443/51504/8602/25926/84916/11056/55813/79954/92856/9277/26574/11157/85395/6207/29777/9790,0.610526878385931
GO:0086003,cardiac muscle cell contraction,69,-0.711016730416454,-2.07325116198077,2.50153806477633e-07,1.26125797120912e-05,7.62869943086318e-06,2555,"tags=51%, list=15%, signal=43%",6328/781/2316/23327/6326/1824/487/54795/8913/2258/6331/23704/2702/3752/477/775/845/23171/857/817/6717/6262/783/3781/6330/6332/5144/6548/3741/5350/2934/6335/287/6329/4842,0.674962860011025
GO:0035825,homologous recombination,56,0.697243467054733,2.07300589268424,8.1469685175836e-06,0.000252041478665034,0.000152446900533964,1907,"tags=32%, list=11%, signal=29%",7153/9319/10635/25788/8438/29128/84057/10388/2177/83990/63979/55732/57820/4361/4439/672/11073/79703,0.593325476396405
GO:0051383,kinetochore organization,32,0.777887884616822,2.07031134990569,1.94721455574157e-05,0.000542451524106586,0.000328100969641893,2616,"tags=56%, list=15%, signal=48%",55355/83540/1063/9787/1058/1062/64105/387103/2491/64946/9735/55839/401541/55320/11339/23421/440686/4678,0.575610261071129
GO:0060048,cardiac muscle contraction,106,-0.666163416203535,-2.06979060668525,3.77516946290017e-08,2.46560512254747e-06,1.49131746434708e-06,2555,"tags=47%, list=15%, signal=40%",6328/4633/781/2316/23327/7273/6326/1193/1824/487/54795/8913/2258/6331/2946/4625/23704/7168/2702/5566/3752/4092/477/801/775/5025/845/84502/23171/857/817/6717/57158/6262/783/3781/6330/6332/5144/6546/6548/1113/3741/5350/2934/6335/287/6329/4842/1756,0.719512826338911
GO:0019883,antigen processing and presentation of endogenous antigen,25,0.825569469962278,2.06910146193048,1.39419292467441e-05,0.000403697833065821,0.000244176013127398,244,"tags=16%, list=1%, signal=16%",154064/80328/563/79465,0.593325476396405
GO:0003015,heart process,180,-0.614045576290587,-2.06888645361873,1.31211425606907e-09,1.51227599944589e-07,9.14697811203613e-08,3081,"tags=46%, list=18%, signal=38%",6271/6909/154/57413/2534/5997/805/51086/3759/30819/6444/140/3751/6328/4633/781/5999/2316/23327/7273/478/6326/1193/1824/487/54795/3768/8913/493/64091/2258/1910/8912/6331/25937/2946/4625/23704/490/7168/2702/27129/5566/3752/153/4092/477/6505/801/57731/775/5025/845/1674/84502/23171/857/817/6717/57158/6262/783/489/3781/6330/6332/9607/5144/6546/6548/1908/1113/1760/3741/5350/2934/6335/287/6329/4842/1756/5348,0.788186810800237
GO:0010948,negative regulation of cell cycle process,272,0.563862385107354,2.06712025106317,1e-10,1.43365853658537e-08,8.67146159767468e-09,1420,"tags=26%, list=8%, signal=25%",3624/7272/4751/5347/675/9319/983/83540/1063/144455/4085/891/699/701/990/991/8318/10926/9088/332/51514/221150/641/57405/4998/57082/90381/81620/9700/26271/9212/55143/5984/220134/1111/5983/83903/899/1869/11130/9735/54908/8914/2177/92421/8317/83990/63967/4869/655/9675/5933/29935/5591/147841/1017/5925/545/2648/3014/64859/55159/55055/4361/652/10403/6657/91147/23560/348654/8260/25896,
GO:0006937,regulation of muscle contraction,127,-0.644634148826243,-2.059177355844,7.42227852798952e-09,6.51166465485409e-07,3.93857034646413e-07,1958,"tags=37%, list=11%, signal=33%",6722/1824/487/54795/4660/2258/55799/6331/2946/4625/490/7168/2702/5566/6869/4092/477/5592/3815/801/775/5025/845/84502/1264/857/817/6717/57158/6262/783/7140/782/5144/6546/6548/1908/1113/1760/2852/5350/287/93649/6329/4842/1756/6865,0.761460801445585
GO:0006942,regulation of striated muscle contraction,76,-0.68862460353007,-2.05892189335582,6.25941254062435e-07,2.62805906527071e-05,1.58957748162223e-05,1463,"tags=38%, list=8%, signal=35%",2258/6331/2946/4625/2702/5566/4092/477/801/775/5025/845/84502/857/817/6717/57158/6262/7140/5144/6546/6548/1113/1760/5350/287/6329/4842/1756,0.659444398037935
GO:0002483,antigen processing and presentation of endogenous peptide antigen,22,0.862598779690215,2.05631932164256,4.51805349942576e-06,0.000158078086128718,9.56132871474355e-05,244,"tags=18%, list=1%, signal=18%",154064/80328/563/79465,0.610526878385931
GO:0070252,actin-mediated cell contraction,92,-0.676103941663421,-2.05270692597798,1.32643265927381e-07,7.71957541704104e-06,4.66917331226305e-06,2555,"tags=50%, list=15%, signal=43%",6328/781/2316/7798/23327/7273/4637/6326/4622/55742/1824/487/54795/22998/8913/2258/6331/4625/23704/7168/2702/3752/477/775/845/9839/23171/857/817/6717/6262/783/3781/6330/4621/6332/5144/6548/3741/5350/2934/6335/287/6329/4842/4620,0.690132458796796
GO:0001916,positive regulation of T cell mediated cytotoxicity,26,0.807891923669681,2.05230553542566,2.39563703753015e-05,0.000648919562516233,0.000392497998842997,244,"tags=15%, list=1%, signal=15%",154064/80328/563/79465,0.575610261071129
GO:0002476,antigen processing and presentation of endogenous peptide antigen via MHC class Ib,13,0.934034601534951,2.04890479392294,3.32891621052637e-07,1.5171951000305e-05,9.17673121622797e-06,244,"tags=31%, list=1%, signal=30%",154064/80328/563/79465,0.674962860011025
GO:0060047,heart contraction,172,-0.618671109299937,-2.04861979990037,3.46267525649009e-09,3.44976358604216e-07,2.08658419658772e-07,3081,"tags=47%, list=18%, signal=39%",6271/6909/154/57413/5997/805/51086/3759/30819/6444/140/3751/6328/4633/781/5999/2316/23327/7273/478/6326/1193/1824/487/54795/3768/8913/493/64091/2258/1910/8912/6331/2946/4625/23704/490/7168/2702/27129/5566/3752/153/4092/477/6505/801/57731/775/5025/845/1674/84502/23171/857/817/6717/57158/6262/783/489/3781/6330/6332/9607/5144/6546/6548/1908/1113/1760/3741/5350/2934/6335/287/6329/4842/1756/5348,0.774939030136436
GO:0086001,cardiac muscle cell action potential,72,-0.702090179827601,-2.04696290332274,2.13962208829922e-07,1.14333623954753e-05,6.915451651465e-06,2555,"tags=47%, list=15%, signal=40%",6328/781/2316/23327/6326/1824/54795/8913/2258/6331/23704/2702/610/3752/7871/477/801/775/845/23171/857/817/6262/783/3781/6330/6332/6546/3741/6335/287/6329/4842/1756,0.690132458796796
GO:1903514,release of sequestered calcium ion into cytosol by endoplasmic reticulum,34,-0.791782080220541,-2.04525390974728,2.98265758591369e-06,0.000106902812743906,6.4660001788159e-05,1296,"tags=53%, list=7%, signal=49%",2946/5566/477/801/775/845/6261/84502/3708/817/6717/57158/6262/5144/6546/6263/287/1756,0.627256739718528
GO:0071383,cellular response to steroid hormone stimulus,180,-0.606763233362241,-2.04435026083956,3.45520099653762e-09,3.44976358604216e-07,2.08658419658772e-07,2241,"tags=32%, list=13%, signal=28%",2033/2099/478/55625/8013/29966/9611/358/55809/8031/51341/167465/23558/27086/5467/54577/1408/54600/55885/6934/5139/4760/3158/610/133522/57178/85315/7538/5105/477/6256/8648/4306/25959/6338/6340/367/5241/6752/54579/54657/498/84830/54659/5187/81285/6943/2908/6422/54575/54658/54576/8611/2852/6663/11240/687/11170,0.774939030136436
GO:0051315,attachment of mitotic spindle microtubules to kinetochore,26,0.804686794411656,2.04416347542323,2.74728094706917e-05,0.000705175432614523,0.000426524275306497,1497,"tags=50%, list=9%, signal=46%",11004/983/83540/332/221150/1062/81620/9212/55143/220134/10403/91272/3619,0.575610261071129
GO:0070296,sarcoplasmic reticulum calcium ion transport,35,-0.784608366518491,-2.04283086405307,5.13215541376084e-06,0.000172381768697635,0.000104264847539013,1296,"tags=51%, list=7%, signal=48%",2946/5566/477/801/775/845/6261/84502/817/6717/57158/6262/5144/6546/5350/6263/287/1756,0.610526878385931
GO:0097501,stress response to metal ion,17,-0.895963017703981,-2.04254900785895,1.54864387939622e-06,5.87285724070384e-05,3.55218866499992e-05,584,"tags=47%, list=3%, signal=46%",4494/4502/4495/4496/4493/4501/4499/55532,0.643551836150722
GO:1901992,positive regulation of mitotic cell cycle phase transition,77,0.662429994235754,2.04235878697554,2.31804588707811e-06,8.46302715791621e-05,5.11884895372215e-05,1786,"tags=42%, list=10%, signal=37%",11065/5347/983/9787/891/6241/990/991/994/332/51514/221150/9700/26271/220134/6491/27085/1019/8317/5925/7027/993/9134/163786/55920/898/995/55835/51692/219736/8881/6240,0.627256739718528
GO:0044772,mitotic cell cycle phase transition,385,0.542547904121734,2.04205070405411,1e-10,1.43365853658537e-08,8.67146159767468e-09,1823,"tags=26%, list=11%, signal=24%",3624/7272/4751/11065/5347/9833/9319/983/9928/83540/1063/9787/10537/54443/144455/4085/2305/10309/891/699/6241/701/6790/990/991/994/10926/9088/332/51514/9133/221150/1033/641/890/57405/4998/57082/90381/1062/9700/26271/9212/55143/220134/1111/27338/6491/83903/899/1869/11130/4609/27085/9735/54908/7023/1019/92421/8317/63967/1871/5933/86/5591/6502/5688/147841/1017/5925/545/7027/64859/55159/55055/4361/993/10403/10460/23560/1104/9134/163786/348654/55920/898/8451/995/1978/55835/3619/51692/219736/672/64682/8881/10459/5683/6240/5682/11073,
GO:0002428,antigen processing and presentation of peptide antigen via MHC class Ib,14,0.915648536671771,2.03973901334802,5.78797155780423e-06,0.000189009426759852,0.000114322060931624,244,"tags=29%, list=1%, signal=28%",154064/80328/563/79465,0.610526878385931
GO:0007189,adenylate cyclase-activating G protein-coupled receptor signaling pathway,120,-0.64909048337047,-2.03937686946747,5.42253297550307e-08,3.42727406774269e-06,2.07298144605073e-06,1550,"tags=32%, list=9%, signal=30%",151306/493/5140/114131/554/5139/5566/6869/153/1816/5577/10672/2770/112/7433/5906/7432/338557/5734/5598/2776/54331/5567/23284/111/2641/81285/1902/2774/5144/5138/1113/115/1268/9378/2852/117/4842/6865,0.719512826338911
GO:0042391,regulation of membrane potential,301,-0.581988277154935,-2.03873740136429,1e-10,1.43365853658537e-08,8.67146159767468e-09,1695,"tags=29%, list=10%, signal=27%",8913/9783/3779/2805/116443/64091/2258/3777/9127/54413/2894/79845/8912/572/6331/114131/259232/54831/23704/340273/2702/610/3742/3752/6869/7871/4092/7223/477/6785/5071/25/9630/5649/3737/22999/801/775/5025/120892/1134/845/596/23171/8671/23111/1181/2776/57502/857/84866/57578/817/2743/55022/6262/2902/89832/783/3781/6330/1139/65018/4137/4208/2273/6332/6546/6548/5023/4355/2767/3741/9378/2852/5350/2899/6335/1811/287/3778/6329/4842/1756/22871/5348/3745,
GO:0006936,muscle contraction,297,-0.588319903198392,-2.03841067703711,1e-10,1.43365853658537e-08,8.67146159767468e-09,2297,"tags=35%, list=13%, signal=31%",23327/9826/7273/4637/6326/10398/4622/8082/219931/1193/6722/1824/29767/487/54795/7169/3768/8913/4660/493/2258/1910/9127/8912/55799/342667/6331/2946/4625/23704/490/25802/7168/2702/5566/3752/6869/7871/58/4092/92241/477/1410/23336/5592/3815/801/6769/775/5025/4629/1134/845/1674/6261/84502/23171/9172/1264/4638/2775/857/6535/817/624/6717/6442/57158/6262/783/3781/6330/7140/4621/6332/6525/782/5144/23676/6546/6548/1908/9499/1113/1760/1837/4151/4619/3741/2852/5350/2934/6335/6263/287/93649/3778/6329/4842/4620/1756/6865/7111/5348,
GO:0090075,relaxation of muscle,29,-0.824150201452439,-2.03647544511962,8.41294918630381e-07,3.36279946928945e-05,2.03398408438856e-05,1296,"tags=52%, list=7%, signal=48%",2946/477/5592/2770/5025/817/5028/6717/6833/9607/5144/6546/1113/5350/2934,0.659444398037935
GO:0002484,antigen processing and presentation of endogenous peptide antigen via MHC class I via ER pathway,12,0.934529017622792,2.03528343653978,5.09793057658408e-06,0.000172216298443455,0.000104164763110395,244,"tags=33%, list=1%, signal=33%",154064/80328/563/79465,0.610526878385931
GO:0002486,"antigen processing and presentation of endogenous peptide antigen via MHC class I via ER pathway, TAP-independent",12,0.934529017622792,2.03528343653978,5.09793057658408e-06,0.000172216298443455,0.000104164763110395,244,"tags=33%, list=1%, signal=33%",154064/80328/563/79465,0.610526878385931
GO:1901987,regulation of cell cycle phase transition,405,0.536541480119205,2.03404278928269,1e-10,1.43365853658537e-08,8.67146159767468e-09,2395,"tags=30%, list=14%, signal=26%",3624/7272/11065/5347/675/9319/983/9928/83540/1063/9787/10537/54443/144455/4085/891/699/6241/701/6790/990/991/994/8318/10926/9088/332/2146/51514/221150/225689/641/57405/4998/57082/90381/79915/1062/81620/9700/26271/9212/55143/5984/220134/1111/5983/6491/83903/1869/11130/27085/9735/54908/7023/8914/2177/1019/92421/8317/83990/63967/4869/9675/5933/86/29935/5591/5688/147841/1017/5925/545/7027/3014/64859/55159/55055/4361/1020/993/10403/6657/23560/9134/163786/348654/55920/898/8451/25896/995/55835/3619/51692/219736/11187/672/8881/10459/5683/6240/5682/11073/1022/4067/80174/79035/9555/79968/595/6929/11200/9184/144715/5982/5686/60672/51434/54465/785,
GO:0002027,regulation of heart rate,81,-0.672274415381862,-2.03095974312222,1.32737893451731e-06,5.13311406387681e-05,3.10475614279866e-05,1929,"tags=40%, list=11%, signal=35%",1824/54795/8913/64091/1910/6331/4625/23704/7168/5566/3752/153/6505/801/57731/775/845/23171/857/817/6717/6262/783/6330/9607/5144/6546/1908/3741/5350/287/1756,0.643551836150722
GO:0030574,collagen catabolic process,35,0.740400187816623,2.03063950672022,7.90801022161023e-05,0.00167216211635522,0.00101140468298654,596,"tags=26%, list=3%, signal=25%",4312/4316/4320/5653/4322/4314/4319/4321/4318,0.538434096309916
GO:0090329,regulation of DNA-templated DNA replication,43,0.737643111165464,2.02562106914351,3.07353231397203e-05,0.000775374375172858,0.000468983997692123,1949,"tags=42%, list=11%, signal=37%",144455/10926/51514/1602/90381/81620/26271/4176/8914/4173/4171/8317/4175/6742/4172/8451/79733/80174,0.557332238758646
GO:0002474,antigen processing and presentation of peptide antigen via MHC class I,33,0.745611318783465,2.02283310764385,0.000137368593870474,0.00255522973028686,0.00154552677042563,244,"tags=12%, list=1%, signal=12%",154064/80328/563/79465,0.518848077743792
GO:0045787,positive regulation of cell cycle,266,0.553646840269747,2.02255368647047,5.92618784914524e-10,7.25711087026578e-08,4.38945234277758e-08,1605,"tags=29%, list=9%, signal=27%",11065/51176/5347/983/1894/9928/3552/9787/144455/4085/64151/891/10635/699/51203/6241/6790/2069/990/991/994/10926/332/2146/51514/221150/225689/57082/79915/23397/9700/26271/9212/55143/29127/220134/1111/6491/9493/10733/3553/54892/27085/1019/8317/4869/29899/10615/10051/6532/10592/5925/7027/440/11113/5629/993/10403/56852/1104/9134/163786/348654/80071/55920/898/282809/4487/995/1978/1813/55835/3619/6210/51692/9585/219736/11187,0.801215574617779
GO:0001510,RNA methylation,86,0.632791955032563,2.01710740133155,7.49639863787468e-06,0.000235832982868662,0.00014264321679285,3667,"tags=44%, list=21%, signal=35%",51602/4234/6635/6628/24140/10528/4839/6636/6894/60487/6633/113802/80745/55621/155400/55695/2091/6637/96764/51605/27292/54482/131965/54931/260294/10785/55798/51504/114049/221078/6632/64216/55006/63892/3028/64783/51106/29081,0.610526878385931
GO:0006882,intracellular zinc ion homeostasis,27,-0.80410402557496,-2.01658976014702,3.91568087175381e-05,0.000947175809225057,0.000572897830713852,966,"tags=33%, list=6%, signal=32%",6505/4494/4502/4495/4496/4493/4501/4499/55532,0.557332238758646
GO:0014808,release of sequestered calcium ion into cytosol by sarcoplasmic reticulum,32,-0.789146976228616,-2.01616509393283,5.77234059496418e-06,0.000189009426759852,0.000114322060931624,1296,"tags=53%, list=7%, signal=49%",2946/5566/477/801/775/845/6261/84502/817/6717/57158/6262/5144/6546/6263/287/1756,0.610526878385931
GO:0071826,protein-RNA complex organization,235,0.558932794689163,2.0146906255805,2.37165035424211e-09,2.48938585397056e-07,1.505701203155e-07,4553,"tags=49%, list=26%, signal=36%",55299/6223/6635/8894/6732/6628/664618/51691/84154/26747/5591/23246/545/51154/79084/4839/23450/6636/6633/121053/8662/85865/3692/3646/6629/6431/6637/1968/26164/23212/96764/10856/28985/6895/3326/8667/11171/25980/23658/6627/10772/6208/8607/51690/24148/22868/51340/3320/6209/6631/79752/7520/79760/10480/11218/9129/23521/100151683/10492/27339/6632/25929/2058/55794/10946/3921/8562/23195/2597/9128/728689/27161/55692/23451/8663/8899/51639/6626/51634/54960/8487/1207/79833/11338/4686/51106/8161/54496/55164/11157/57035/57819/9343/255308/29777/338657/6125/55015/154007/22889/8683/7919/6194/6625/22827/10728/6880/6426/1660/8175/9879/8664/29960/10713,0.774939030136436
GO:1901740,negative regulation of myoblast fusion,46,0.70573905058463,2.01452054081837,2.68472453436789e-05,0.000704500482723859,0.000426116032903729,4108,"tags=80%, list=24%, signal=62%",6173/25873/6167/6170/6129/6147/6141/6144/6161/6158/6157/6168/6156/6137/6132/6160/11224/6165/6128/6181/6136/23521/6159/9349/6143/6130/6175/4736/6152/6138/6134/6142/9045/6133/6169/6125/6155,0.575610261071129
GO:0045005,DNA-templated DNA replication maintenance of fidelity,66,0.67285789404379,2.01371773892434,7.95326903728201e-06,0.000247350875138326,0.000149609796208646,3411,"tags=47%, list=20%, signal=38%",675/10721/10293/641/9156/374393/10535/8914/5111/253714/545/51750/55159/4361/5424/348654/8451/4796/84515/672/63901/54465/1663/146956/29980/5965/1763/5888/10111/54962/7517,0.593325476396405
GO:0090307,mitotic spindle assembly,73,0.646583751639001,2.01296139185389,1.91086142562937e-05,0.000537418347361219,0.000325056660432413,1692,"tags=27%, list=10%, signal=25%",22974/24137/5347/3833/332/29128/440145/56992/9212/55143/29127/9493/92421/9055/10464/3832/1104/26151/3619/285643,0.575610261071129
GO:0007131,reciprocal meiotic recombination,46,0.705182110851862,2.01293076548891,2.72837763780034e-05,0.000705175432614523,0.000426524275306497,1137,"tags=26%, list=7%, signal=24%",7153/9319/10635/25788/8438/84057/10388/2177/83990/57820/4361/4439,0.575610261071129
GO:0140527,reciprocal homologous recombination,46,0.705182110851862,2.01293076548891,2.72837763780034e-05,0.000705175432614523,0.000426524275306497,1137,"tags=26%, list=7%, signal=24%",7153/9319/10635/25788/8438/84057/10388/2177/83990/57820/4361/4439,0.575610261071129
GO:0051899,membrane depolarization,73,-0.682527751556512,-2.01156073879788,1.14190297983007e-06,4.44510312280873e-05,2.68861378379164e-05,1873,"tags=40%, list=11%, signal=36%",54795/8913/2805/6331/54831/2702/610/7871/4092/7223/477/25/775/5025/120892/1134/596/23171/1181/2776/857/817/783/6330/1139/2273/6546/6335/287,0.643551836150722
GO:0006874,intracellular calcium ion homeostasis,138,-0.62025545335389,-2.01154144090061,7.54470038337439e-08,4.57193287149223e-06,2.76532656211968e-06,1312,"tags=27%, list=8%, signal=25%",6359/490/27020/6357/1816/6786/7223/3954/6356/845/6261/596/10939/3708/857/817/5028/64072/6262/783/489/6387/6358/1139/9899/9607/6368/6546/5023/1908/1760/1268/79085/2852/5350/6263/287,0.704975715167238
GO:0022618,protein-RNA complex assembly,226,0.566418903545531,2.01116231611249,2.16703055127562e-09,2.3532488336341e-07,1.42335893588953e-07,4553,"tags=50%, list=26%, signal=37%",55299/6223/6635/8894/6732/6628/664618/51691/84154/26747/5591/23246/545/51154/79084/4839/23450/6636/6633/121053/8662/85865/3692/3646/6629/6431/6637/1968/26164/23212/96764/10856/28985/6895/3326/8667/11171/25980/23658/6627/10772/6208/8607/51690/24148/22868/51340/3320/6209/6631/7520/79760/10480/11218/9129/23521/100151683/10492/27339/6632/25929/2058/55794/10946/3921/8562/23195/2597/9128/728689/27161/55692/23451/8663/8899/51639/6626/51634/54960/8487/1207/79833/11338/4686/51106/8161/54496/55164/11157/57035/57819/9343/255308/29777/338657/6125/55015/154007/22889/8683/7919/6194/6625/22827/10728/6880/6426/1660/8175/9879/8664/29960/10713,0.774939030136436
GO:0098900,regulation of action potential,51,-0.721601296138174,-2.01012717121073,4.75736686917122e-06,0.0001635310085204,9.89114788651924e-05,1929,"tags=37%, list=11%, signal=33%",1824/54795/2258/3777/6331/259232/2702/6869/801/775/845/857/57578/817/6262/6548/287/4842/3745,0.610526878385931
GO:0030048,actin filament-based movement,112,-0.649148943785855,-2.00684992577285,9.47991445430114e-08,5.62857951135173e-06,3.40443765629116e-06,2555,"tags=45%, list=15%, signal=38%",6328/781/2316/7798/23327/7273/4637/6326/4622/55742/1824/487/54795/22998/4644/8913/2258/8976/6331/4625/23704/7168/2702/3752/477/4641/25777/775/845/9839/23171/857/817/6717/6262/783/3781/6330/4621/6332/5144/6548/3741/5350/2934/6335/287/6329/4842/4620,0.704975715167238
GO:0006302,double-strand break repair,301,0.547993777728772,2.00622400838885,1e-10,1.43365853658537e-08,8.67146159767468e-09,3116,"tags=33%, list=18%, signal=27%",5347/675/9319/7516/2305/113130/10635/25788/10721/8318/8438/7518/29128/641/55010/2187/157777/3070/9401/1111/55257/51659/4176/8914/2177/4173/4171/79913/8317/83990/8089/5422/149840/86/29935/63979/5591/6502/253714/545/3014/51750/64859/55159/4175/84296/4361/25913/7291/55775/348654/4172/4796/84515/2138/55345/672/10856/3146/10459/3148/9937/10213/11073/2237/3276/79035/23028/79728/8607/112441434/11200/64421/286257/7520/1459/375757/1663/197370/115004/55183/146956/116028/4174/27434/493861/23613/5965/6599/1763/27339/9025/6421/79000/64858/119392/84501/5888/10111,
GO:1901990,regulation of mitotic cell cycle phase transition,301,0.547043744795802,2.00274590524909,1e-10,1.43365853658537e-08,8.67146159767468e-09,1823,"tags=28%, list=11%, signal=25%",3624/7272/11065/5347/9319/983/9928/83540/1063/9787/10537/54443/144455/4085/891/699/6241/701/6790/990/991/994/10926/9088/332/51514/221150/641/57405/4998/57082/90381/1062/9700/26271/9212/55143/220134/1111/6491/83903/1869/11130/27085/9735/54908/7023/1019/92421/8317/63967/5933/86/5591/5688/147841/1017/5925/545/7027/64859/55159/55055/4361/993/10403/23560/9134/163786/348654/55920/898/995/55835/3619/51692/219736/672/8881/10459/5683/6240/5682/11073,
GO:0071276,cellular response to cadmium ion,18,-0.868821666765663,-2.00147514487961,2.46534001375989e-05,0.000664737091783514,0.000402065207080603,584,"tags=39%, list=3%, signal=38%",4494/4502/4495/4496/4493/4501/4499,0.575610261071129
GO:0060402,calcium ion transport into cytosol,19,-0.872140100330552,-2.00055780834413,7.18736220277346e-06,0.000228363865015689,0.000138125532352815,847,"tags=53%, list=5%, signal=50%",775/5025/84502/857/57158/6262/2902/6546/117/4842,0.610526878385931
GO:0006399,tRNA metabolic process,207,0.556354146118289,1.99896056874812,5.64076477420072e-08,3.52727822795232e-06,2.13346880846904e-06,5060,"tags=54%, list=29%, signal=39%",112858/54517/4234/80324/134637/79691/10799/11062/9521/27304/9330/24140/92675/2617/6894/60487/3376/92935/51654/11340/80745/55621/146712/10940/26024/8270/1615/283459/7407/23404/6741/51605/51067/8565/79587/54482/131965/55226/54931/10248/129450/54802/80222/79731/10785/23016/51095/55798/4141/51504/10056/16/54938/10352/55278/23395/23536/51010/221078/112487/2058/283989/348180/56931/81890/55157/84186/124454/55006/54901/63892/3028/3735/64172/57038/11157/116461/84881/5917/83480/27037/9329/55253/8518/84705/79897/11128/51367/79042/64118/25821/10775/90353/9692/57176/126789/142940/55039/25940/26995/54522/93587/51002/5435/51520/150962/25917/10556/55687/54888/339175/9836,0.719512826338911
GO:0000470,maturation of LSU-rRNA,32,0.750836868275518,1.99831636545433,0.000100813264228468,0.00199522009136342,0.00120680580205485,3065,"tags=69%, list=18%, signal=57%",55759/84154/23246/55003/4839/6167/3692/54881/57696/8886/6129/285855/9875/23481/11224/81887/51504/51018/57418/6130/56342/23195,0.538434096309916
GO:0055074,calcium ion homeostasis,155,-0.611144791976452,-1.99698746091532,6.82702097957978e-08,4.18012805395521e-06,2.52834402113413e-06,1312,"tags=26%, list=8%, signal=24%",6359/490/27020/6357/1816/6786/7223/3954/6356/845/6261/596/10939/3708/857/817/5028/57158/64072/6262/2902/783/489/6387/6358/1139/9899/9607/6368/6546/5023/1908/2260/1760/1268/79085/2852/5350/6263/287,0.704975715167238
GO:0055117,regulation of cardiac muscle contraction,65,-0.683961706448857,-1.99618428059649,7.50268251045249e-06,0.000235832982868662,0.00014264321679285,2059,"tags=45%, list=12%, signal=39%",1193/1824/487/54795/2258/6331/2946/2702/5566/4092/477/801/775/5025/845/84502/857/817/6717/57158/6262/5144/6546/6548/1113/5350/287/4842/1756,0.610526878385931
GO:0051382,kinetochore assembly,31,0.769815928547636,1.99587624927763,9.04048784685793e-05,0.00182516264897968,0.00110394681971017,2616,"tags=55%, list=15%, signal=47%",55355/1063/9787/1058/1062/64105/387103/2491/64946/9735/55839/401541/55320/11339/23421/440686/4678,0.538434096309916
GO:1901970,positive regulation of mitotic sister chromatid separation,22,0.837119485015376,1.99558011452182,2.76287420911894e-05,0.000705270963053955,0.000426582056745787,1673,"tags=59%, list=10%, signal=53%",11065/5347/9787/991/332/221150/9700/9212/55143/220134/5925/3619/8881,0.575610261071129
GO:0010880,regulation of release of sequestered calcium ion into cytosol by sarcoplasmic reticulum,25,-0.823638749771978,-1.99556519826518,5.57213795953961e-06,0.000184428639065031,0.00011155137854324,1296,"tags=60%, list=7%, signal=56%",2946/5566/477/801/775/845/84502/817/6717/57158/6262/5144/6546/287/1756,0.610526878385931
GO:1903522,regulation of blood circulation,187,-0.597050199891784,-1.99185996239262,9.90601906916196e-09,8.08738331947434e-07,4.8916413560741e-07,1929,"tags=32%, list=11%, signal=29%",1824/487/54795/3768/8913/493/64091/2258/1910/8912/6331/2946/4625/23704/554/490/7168/2702/27129/5566/3752/6869/153/4092/477/25/1889/6505/801/57731/775/5025/845/1674/84502/23171/857/817/624/6717/57158/6262/783/489/3781/6330/9607/5144/79987/6546/6548/1908/1113/1760/3741/5350/287/4842/1756/5348,0.747739663149885
GO:0010043,response to zinc ion,41,-0.749333908768105,-1.99160455972937,1.2213169052163e-05,0.000364411206541189,0.00022041355752748,1571,"tags=34%, list=9%, signal=31%",210/3777/7782/5025/4494/6833/4502/4495/4496/4493/4501/4499/5350/55532,0.593325476396405
GO:0071168,protein localization to chromatin,61,0.666570691978214,1.98963600039745,5.18489606749463e-05,0.00119987476711549,0.000725742406545583,1816,"tags=34%, list=10%, signal=31%",51176/5347/1058/8363/8362/29128/8970/9212/8294/8370/3012/253714/554313/1017/7443/4796/84515/8368/8360/8335/55656,0.557332238758646
GO:0007188,adenylate cyclase-modulating G protein-coupled receptor signaling pathway,179,-0.608339413474063,-1.98891456259231,1.03559772906465e-08,8.11632460192267e-07,4.90914644622868e-07,1550,"tags=29%, list=9%, signal=27%",151306/493/5140/114131/3690/64805/554/5139/9283/5566/6869/153/1132/1816/5577/9630/10672/2770/112/7433/5906/7432/338557/5734/5598/2865/2775/2776/2781/5028/54331/5567/23284/111/2641/81285/4886/1902/2774/5144/5138/2767/1113/115/1268/9378/2852/2899/117/4842/6865/9340,0.747739663149885
GO:0034242,negative regulation of syncytium formation by plasma membrane fusion,47,0.693562972531612,1.9879752963701,7.90849044482396e-05,0.00167216211635522,0.00101140468298654,4108,"tags=79%, list=24%, signal=60%",6173/25873/6167/6170/6129/6147/6141/6144/6161/6158/6157/6168/6156/6137/6132/6160/11224/6165/6128/6181/6136/23521/6159/9349/6143/6130/6175/4736/6152/6138/6134/6142/9045/6133/6169/6125/6155,0.538434096309916
GO:0010882,regulation of cardiac muscle contraction by calcium ion signaling,27,-0.792114333834708,-1.98652115108438,8.10631749827729e-05,0.00170784710590946,0.00103298869400705,1296,"tags=56%, list=7%, signal=51%",2946/5566/477/801/775/845/84502/817/57158/6262/6546/6548/287/4842/1756,0.538434096309916
GO:0034501,protein localization to kinetochore,15,0.851582989841243,1.98608956759181,0.000443904877404865,0.00650308147513796,0.00393337882342046,1344,"tags=67%, list=8%, signal=62%",7272/983/57082/9212/27085/9735/54908/55055/55166/55920,0.49849310876659
GO:0045143,homologous chromosome segregation,26,0.780431841590451,1.98254808792147,9.47599399569169e-05,0.00189455417369645,0.00114591817665676,1137,"tags=42%, list=7%, signal=40%",9319/57082/151246/84057/151648/11130/10388/2177/57820/9232/4439,0.538434096309916
GO:0008016,regulation of heart contraction,153,-0.611367208810738,-1.98202314659138,2.43534980424672e-08,1.66453327318165e-06,1.00679038893213e-06,1929,"tags=35%, list=11%, signal=32%",1824/487/54795/3768/8913/493/64091/2258/1910/8912/6331/2946/4625/23704/490/7168/2702/27129/5566/3752/153/4092/477/6505/801/57731/775/5025/845/1674/84502/23171/857/817/6717/57158/6262/783/489/3781/6330/9607/5144/6546/6548/1908/1113/1760/3741/5350/287/4842/1756/5348,0.73376198835648
GO:0034694,response to prostaglandin,27,-0.78995540035527,-1.98110682282709,8.75480957687541e-05,0.00178683231572478,0.00108076277662292,1192,"tags=37%, list=7%, signal=35%",3158/2770/112/7049/5734/2776/54331/6422/5729/11251,0.538434096309916
GO:0051225,spindle assembly,124,0.595057588359497,1.97904982883331,2.16577264336614e-06,7.95650724856634e-05,4.81248116597498e-05,1497,"tags=25%, list=9%, signal=23%",22974/4751/24137/5347/3833/332/221150/225689/29128/25879/440145/56992/9212/55143/29127/220134/6491/9493/92421/9055/10464/29899/10615/3832/10403/1104/163786/23354/26151/55835/3619,0.627256739718528
GO:0098771,inorganic ion homeostasis,321,-0.559620587393108,-1.97875582493825,1e-10,1.43365853658537e-08,8.67146159767468e-09,2769,"tags=34%, list=16%, signal=29%",286097/25769/4086/6355/666/83636/5009/57419/220002/9772/5663/5745/26234/4093/51310/5621/48/6560/3162/6341/483/1230/478/858/4489/219931/53826/8031/122416/4881/487/4907/4089/9114/7225/54583/4756/1356/54805/493/654/1910/6359/490/27020/5566/6357/1816/6786/7223/477/66002/3954/7018/6505/6356/6338/26504/845/6261/6340/596/10939/3708/857/817/5028/4494/57158/64072/6262/2902/783/79901/489/6387/6358/771/1139/9899/4502/4495/11261/650/6332/4496/9607/6368/6546/6548/5023/6550/1908/4493/4501/2260/1760/1268/4499/79085/3741/63928/2852/5350/6263/287/3778/55532/5348/286133,
GO:0002475,antigen processing and presentation via MHC class Ib,16,0.876847767205223,1.97832286340611,7.51084929318959e-05,0.001617671313933,0.000978446004990862,244,"tags=25%, list=1%, signal=25%",154064/80328/563/79465,0.538434096309916
GO:0045930,negative regulation of mitotic cell cycle,206,0.560226963901881,1.97735041508851,1.81556542954219e-08,1.30491898734195e-06,7.89278241509533e-07,1307,"tags=26%, list=8%, signal=24%",3624/7272/5347/9319/983/83540/1063/144455/4085/891/699/701/990/991/10926/9088/332/51514/221150/641/57405/4998/57082/90381/26271/9212/55143/220134/1111/83903/11130/9735/54908/8914/2177/92421/8317/63967/655/5933/5591/147841/1017/5925/545/64859/55159/55055/4361/652/10403/23560/348654,0.73376198835648
GO:0060538,skeletal muscle organ development,75,-0.675920705109403,-1.97429942716768,4.59384118550503e-06,0.000159778689280465,9.66418943469142e-05,2252,"tags=41%, list=13%, signal=36%",4637/84976/858/1073/6899/11149/6285/28514/1827/5532/64091/58/9734/9148/1134/1674/6261/8736/84466/93986/857/6840/57462/9215/6943/4208/654463/56603/221662/93649/1756,0.610526878385931
GO:0051445,regulation of meiotic cell cycle,40,0.724385816795514,1.96878242044553,3.85293020182997e-05,0.000939731274952554,0.000568395015614635,1673,"tags=38%, list=10%, signal=34%",259266/7272/9319/10635/991/994/9088/225689/57082/26271/11130/993/995/64682/8881,0.557332238758646
GO:0044771,meiotic cell cycle phase transition,14,0.883612680427778,1.96837452884352,6.23756419424847e-05,0.00138356235221858,0.000836845559740265,1432,"tags=71%, list=8%, signal=66%",7272/991/994/9088/225689/57082/11130/993/10403/995,0.538434096309916
GO:1902101,positive regulation of metaphase/anaphase transition of cell cycle,19,0.839807145278897,1.96737342742716,0.000258148772539575,0.00425041592433507,0.00257085753137576,933,"tags=47%, list=5%, signal=45%",11065/5347/9787/991/221150/225689/9700/220134/5925,0.49849310876659
GO:1902969,mitotic DNA replication,16,0.871290460468241,1.96578460147751,0.000112501448923314,0.00219477326188786,0.00132750523017797,1595,"tags=75%, list=9%, signal=68%",675/9837/8318/81620/4173/4171/3978/5111/5422/4175/4172/7083,0.538434096309916
GO:0031507,heterochromatin formation,197,0.551605432301344,1.96537562749274,1.81721121050942e-07,1.02707379763215e-05,6.21224006056393e-06,2884,"tags=35%, list=17%, signal=29%",84733/100170841/8336/1058/2146/8356/29128/8329/8332/8969/3070/11335/163589/90853/92815/85235/8355/8358/57332/4001/8354/79723/8968/8330/8535/8337/3066/3012/10322/723790/1017/5925/7027/3014/84823/55791/6839/26013/8352/9271/8351/3146/8335/3013/317772/55320/1786/653604/11339/333932/55196/10919/126961/9555/8334/3720/8338/55632/1459/10155/440686/3015/55183/10138/51132/51535/23133/8357,0.690132458796796
GO:0031297,replication fork processing,58,0.677378295870736,1.96171505840517,5.71822001401391e-05,0.00128780449204497,0.00077892656536461,3411,"tags=48%, list=20%, signal=39%",675/10721/10293/641/9156/374393/8914/5111/253714/545/51750/55159/4361/348654/8451/4796/672/63901/54465/1663/146956/29980/5965/1763/5888/10111/54962/7517,0.557332238758646
GO:0010644,cell communication by electrical coupling,27,-0.782158800297326,-1.96155394988932,0.000139314173121842,0.00258324514072614,0.00156247184832025,1169,"tags=44%, list=7%, signal=42%",2702/5566/477/801/775/845/857/817/6717/6262/5144/6546,0.518848077743792
GO:0006941,striated muscle contraction,186,-0.585458778950041,-1.96056787294666,1.0642939012372e-07,6.25591955147225e-06,3.78388331421927e-06,1366,"tags=27%, list=8%, signal=25%",342667/6331/2946/4625/23704/7168/2702/5566/3752/4092/92241/477/23336/801/6769/775/5025/1134/845/6261/84502/23171/857/817/6717/57158/6262/783/3781/6330/7140/4621/6332/5144/23676/6546/6548/1113/1760/1837/4151/3741/5350/2934/6335/6263/287/6329/4842/1756,0.704975715167238
GO:0086002,cardiac muscle cell action potential involved in contraction,49,-0.707438006296692,-1.95856831452729,2.19489780325602e-05,0.000600074850583205,0.000362954349991609,2555,"tags=53%, list=15%, signal=45%",6328/781/2316/23327/6326/1824/54795/8913/6331/23704/2702/3752/775/845/23171/857/6262/783/3781/6330/6332/3741/6335/287/6329/4842,0.575610261071129
GO:0070828,heterochromatin organization,207,0.5445883445348,1.95668646404484,2.26207496000803e-07,1.18718541204707e-05,7.18067269658584e-06,3015,"tags=36%, list=17%, signal=30%",84733/983/100170841/8336/1058/2146/8356/29128/8329/8332/8969/3070/11335/163589/90853/92815/85235/8355/8358/57332/4001/8354/79723/8968/8330/8535/8337/3066/3012/10322/723790/1017/5925/7027/3014/84823/55791/6839/26013/8352/9271/8351/3146/8335/3013/317772/55320/1786/653604/11339/6615/333932/55196/10919/83852/126961/9555/8334/3720/8338/55632/1459/10155/440686/3015/55183/10138/51132/51535/23133/8357/2122/3930/54107,0.690132458796796
GO:0051988,regulation of attachment of spindle microtubules to kinetochore,23,0.799163425905305,1.95572300740474,0.000281394396607119,0.00455657372797974,0.0027560366078005,1497,"tags=61%, list=9%, signal=56%",4751/983/1894/891/332/9212/55143/29127/9735/10615/90417/55055/55920/3619,0.49849310876659
GO:0000077,DNA damage checkpoint signaling,108,0.602398094476464,1.95403516813972,6.33634274397126e-06,0.000203788155649802,0.000123260952359487,3308,"tags=36%, list=19%, signal=29%",5347/675/983/10926/51514/641/90381/1111/1869/8914/2177/8317/83990/63967/9675/29935/5591/1017/545/3014/55159/4361/25896/672/11073/4067/79968/595/11200/144715/54465/146956/29980/27339/51499/5888/9894/9656/54962,0.610526878385931
GO:0006635,fatty acid beta-oxidation,65,-0.669319977690727,-1.95345149524878,2.02515553111488e-05,0.000556255337004358,0.000336450184632068,2816,"tags=48%, list=16%, signal=40%",8310/6342/1892/5825/207/1962/1632/3033/254013/440503/5467/34/2108/225/55268/1891/3030/3032/37/30/1384/51/38/10455/1376/1374/35/10449/2110/8647/32,0.575610261071129
GO:0034308,primary alcohol metabolic process,84,-0.655961427755203,-1.95205816448617,1.77986596071565e-06,6.66372746311247e-05,4.03054530204788e-05,1512,"tags=31%, list=9%, signal=28%",57104/654/84869/1910/130/8912/1576/8630/441282/8824/1181/125/79153/27163/3291/653/27284/650/126/1589/57016/54884/5959/124/10170/6799,0.643551836150722
GO:0043113,receptor clustering,49,-0.704676996451259,-1.95092435653913,2.77165009298169e-05,0.000705270963053955,0.000426582056745787,2993,"tags=39%, list=17%, signal=32%",3915/284217/85358/9379/2316/1742/5284/91851/9863/5649/1740/57554/9215/8174/5764/4593/9378/2934/22871,0.575610261071129
GO:0007076,mitotic chromosome condensation,19,0.832007328859124,1.94910119474929,0.000352709855399441,0.00545586455273136,0.00329997127934009,1326,"tags=47%, list=8%, signal=44%",5347/64151/51203/23397/54892/9918/10051/10592/23310,0.49849310876659
GO:0061687,detoxification of inorganic compound,20,-0.838040561106945,-1.9473008111767,2.56979892912787e-05,0.00068041793267629,0.000411549739565221,584,"tags=40%, list=3%, signal=39%",4494/4502/4495/4496/4493/4501/4499/55532,0.575610261071129
GO:0086064,cell communication by electrical coupling involved in cardiac conduction,22,-0.811326312096311,-1.94689270574084,0.000127345433929036,0.0024461975837741,0.00147957884438396,1169,"tags=50%, list=7%, signal=47%",2702/5566/477/801/775/857/817/6717/6262/5144/6546,0.518848077743792
GO:1902930,regulation of alcohol biosynthetic process,42,-0.727278082137016,-1.94317328757022,5.27814858932673e-05,0.00121666499639461,0.000735897950888576,1469,"tags=26%, list=8%, signal=24%",654/6622/5566/2770/1181/5028/653/650/2852/117/343,0.557332238758646
GO:0007610,behavior,288,-0.561072148182201,-1.94029518428921,2.47059461927041e-10,3.15699025479814e-08,1.90950069769875e-08,2753,"tags=38%, list=16%, signal=33%",65009/85358/4130/3953/8932/8554/814/3751/463/5663/2475/6328/23208/3398/9379/22924/1979/23596/10396/1742/5621/207/84446/114781/55450/1956/2033/6326/8013/9611/5641/1393/6722/6899/5578/5048/1639/55902/6285/26047/124925/5532/55777/55362/2258/1910/4739/54413/2894/3643/6622/9369/8850/6869/7122/153/477/5071/25/8648/5649/3737/2770/6505/5697/3815/824/6356/1958/7782/5025/120892/22849/10882/27306/57502/93986/2354/5028/1374/4915/2902/9867/2641/6833/6387/8863/1139/4137/4886/2353/2908/4208/9607/6900/5764/2247/4593/2981/5803/9378/285382/1272/5350/6517/9099/6865/23551/22871/590,0.814035837847908
GO:0045842,positive regulation of mitotic metaphase/anaphase transition,18,0.830244154090372,1.93904008809581,0.00016510839483564,0.0029861758302889,0.00180618385588029,933,"tags=44%, list=5%, signal=42%",11065/5347/9787/991/221150/9700/220134/5925,0.518848077743792
GO:0071824,protein-DNA complex organization,194,0.551776048318686,1.93795486185036,2.35103408499215e-07,1.22295383642335e-05,7.39701746102814e-06,3358,"tags=36%, list=19%, signal=29%",6662/8318/29028/8363/8356/3159/8362/8970/81620/8343/8341/92815/8339/3009/8346/8355/8358/4609/8208/8354/8294/8968/8345/8342/55723/8344/4869/8340/8370/554313/3014/3007/8352/8368/8351/8360/3146/4673/8347/3148/3018/9014/653604/333932/90390/126961/9555/23234/128854/375757/8349/8366/4678/9349/6599/8357/257218/6874/54107/119392/6749/8350/5888/83743/3008/8365/9282/55832/6418,0.690132458796796
GO:0001913,T cell mediated cytotoxicity,40,0.71294961957179,1.93770038718538,6.5146970801035e-05,0.00142843044632325,0.00086398395741731,282,"tags=12%, list=2%, signal=12%",154064/80328/563/79465/1512,0.538434096309916
GO:0051785,positive regulation of nuclear division,43,0.70513096057938,1.93634036383564,0.000214373540783336,0.00371707278089808,0.00224826575176608,933,"tags=33%, list=5%, signal=31%",11065/5347/3552/9787/10635/51203/6790/2069/991/221150/9700/220134/3553/5925,0.518848077743792
GO:0032200,telomere organization,186,0.558430165609524,1.93571946132659,3.64349785173489e-07,1.64742156711521e-05,9.96440399849e-06,3810,"tags=45%, list=22%, signal=35%",4751/675/7012/1736/8363/8356/225689/8362/641/9156/9401/9212/8355/8358/4609/8354/8294/8968/3978/5111/10576/26354/149840/86/8370/5591/908/10575/554313/1017/545/51750/80119/4361/25913/7203/55651/8352/8368/8351/8360/10856/10459/3326/55226/2237/22948/10694/79035/8607/65057/112441434/54552/64421/3320/7520/197370/55183/8366/5588/493861/1763/8357/64858/8350/5888/10111/1499/10574/7015/8365/7517/286053/8364/7874/3183/54433/1832/84464/23049/55869/26272/79677,0.674962860011025
GO:0002200,somatic diversification of immune receptors,55,0.664044651972564,1.93396415301314,0.00012177630836947,0.00235460901511759,0.00142418163956679,2939,"tags=42%, list=17%, signal=35%",10721/3329/7518/23397/149840/10051/5591/10592/4436/5896/10538/3146/10459/3148/56259/112441434/6929/7037/55183/2956/51010/22976/9025,0.538434096309916
GO:0001914,regulation of T cell mediated cytotoxicity,35,0.704985209429536,1.93350952833038,0.000434227711996978,0.00639696864941914,0.0038691966440688,244,"tags=11%, list=1%, signal=11%",154064/80328/563/79465,0.49849310876659
GO:0045606,positive regulation of epidermal cell differentiation,19,0.824571683609036,1.93168208732322,0.000515015246306109,0.00732607245906091,0.00443116365364355,2098,"tags=42%, list=12%, signal=37%",2118/6820/5317/1594/652/4831/247/9555,0.477270815362862
GO:0010927,cellular component assembly involved in morphogenesis,79,-0.638406845842121,-1.93161818514412,2.56573327148949e-05,0.00068041793267629,0.000411549739565221,2680,"tags=46%, list=15%, signal=39%",4155/9948/4633/3268/7273/10398/5156/88/5376/29767/5048/4089/64398/4604/84665/25802/2314/7168/64753/1465/58/84033/11076/4629/9172/8736/4892/7140/4621/23136/1272/5350/287/2318/5239/7111,0.575610261071129
GO:0032989,cellular anatomical entity morphogenesis,79,-0.638406845842121,-1.93161818514412,2.56573327148949e-05,0.00068041793267629,0.000411549739565221,2680,"tags=46%, list=15%, signal=39%",4155/9948/4633/3268/7273/10398/5156/88/5376/29767/5048/4089/64398/4604/84665/25802/2314/7168/64753/1465/58/84033/11076/4629/9172/8736/4892/7140/4621/23136/1272/5350/287/2318/5239/7111,0.575610261071129
GO:0000076,DNA replication checkpoint signaling,25,0.770164457917568,1.93024144397799,0.000360638273397736,0.00553715831465599,0.00334914168614693,3308,"tags=76%, list=19%, signal=62%",990/8318/10926/4998/90381/81620/5984/5983/8914/8317/63967/11073/144715/5982/5985/29980/1763/9656/54962,0.49849310876659
GO:0051480,regulation of cytosolic calcium ion concentration,36,-0.739410717246704,-1.92816950364925,7.58416720273734e-05,0.00162699762108358,0.000984087007519746,1724,"tags=44%, list=10%, signal=40%",7225/493/490/7223/6261/3708/857/5028/64072/6262/783/9899/5023/1268/2852/5350,0.538434096309916
GO:0034405,response to fluid shear stress,51,-0.691978036268841,-1.92760719808726,5.37423010842048e-05,0.00122917216254068,0.000743462891086242,2789,"tags=41%, list=16%, signal=35%",19/6721/2475/207/107/2995/5566/4092/25/5577/112/824/10365/5025/5598/10370/5567/111/4208/9314/115,0.557332238758646
GO:0007346,regulation of mitotic cell cycle,434,0.503095621369746,1.92560479997802,1e-10,1.43365853658537e-08,8.67146159767468e-09,1823,"tags=25%, list=11%, signal=23%",3624/7272/4751/11065/5347/9319/983/9928/7161/83540/1063/3552/9787/10537/54443/144455/4085/2305/891/699/51203/6241/701/6790/2069/990/991/994/10926/9088/332/4288/51514/221150/641/57405/4998/57082/90381/1164/1062/9700/26271/9212/55143/220134/1111/6491/83903/1869/79866/3553/11130/27085/9735/54908/7023/8914/2177/1019/92421/8317/63967/157313/655/5933/86/5591/5688/147841/1017/5925/545/7027/64859/55159/440/1163/55055/4361/652/993/10403/23560/1104/9134/163786/348654/55920/898/26013/55726/995/1978/55835/3619/51692/9585/219736/672/64682/8881/10459/5683/6240/5682/11073,
GO:0045814,"negative regulation of gene expression, epigenetic",224,0.542910397142183,1.92492458195289,1.3594892450621e-08,1.01152883322468e-06,6.1182165825483e-07,2537,"tags=31%, list=15%, signal=27%",84733/100170841/8336/1058/2146/8356/29128/8329/8332/8969/3070/11335/163589/90853/92815/1111/85235/8355/8358/4609/57332/4001/8354/79723/8968/8330/8535/55795/8337/3066/3012/10322/723790/1017/5925/7027/3014/84823/58487/55791/6839/26013/8352/9271/8351/672/3146/8335/3013/317772/55320/1786/115426/653604/11339/333932/55196/10919/126961/9555/8334/5987/3720/8338/55632/1459/10155/440686/3015/55183,0.747739663149885
GO:0007611,learning or memory,136,-0.60094447659444,-1.92459806272612,8.46706909586321e-07,3.36279946928945e-05,2.03398408438856e-05,2860,"tags=45%, list=16%, signal=38%",5728/4776/65009/85358/4130/8554/814/5663/23208/9379/1979/10396/1742/5621/84446/55450/1956/2033/6326/5641/1393/6722/5578/5048/55902/6285/26047/5532/2258/4739/54413/3643/9369/8850/6869/7122/25/5649/6505/3815/6356/1958/22849/57502/4915/2902/9867/6833/1139/4137/2353/4208/9607/5764/4593/5803/9378/5350/6517/6865/590,0.659444398037935
GO:0065004,protein-DNA complex assembly,176,0.560795007806876,1.92454801975887,2.41318010937574e-07,1.24426953358865e-05,7.52594512733059e-06,3358,"tags=36%, list=19%, signal=30%",6662/8318/29028/8363/8356/8362/8970/81620/8343/8341/8339/3009/8346/8355/8358/8208/8354/8294/8968/8345/8342/55723/8344/4869/8340/8370/554313/3014/3007/8352/8368/8351/8360/3146/4673/8347/3148/3018/9014/653604/333932/90390/126961/9555/23234/128854/375757/8349/8366/4678/8357/257218/6874/54107/119392/6749/8350/5888/83743/3008/8365/9282/55832/6418,0.674962860011025
GO:0008210,estrogen metabolic process,33,-0.755760986837604,-1.92227108669065,3.12101156133897e-05,0.000783987434083354,0.000474193593120527,1353,"tags=48%, list=8%, signal=45%",1576/54577/8630/54600/51170/441282/7367/7366/54579/54657/54659/54575/54658/54576/79154/3294,0.557332238758646
GO:0141162,negative regulation of cAMP/PKA signal transduction,28,-0.776211201122162,-1.92204112612364,7.63188711667544e-05,0.00163128118079339,0.000986677912018766,2006,"tags=54%, list=12%, signal=47%",5158/5137/5140/5143/8622/5139/5577/5151/8654/5145/27115/1902/5144/5152/5138,0.538434096309916
GO:0035774,positive regulation of insulin secretion involved in cellular response to glucose stimulus,30,-0.757607714649951,-1.9202044695064,0.000153573396314905,0.00279475053727247,0.00169040056196086,2579,"tags=50%, list=15%, signal=43%",5019/781/222546/54795/5532/5467/572/9854/5071/2822/9971/2641/6833/1946/9607,0.518848077743792
GO:0043414,macromolecule methylation,123,0.579107538915455,1.92000430156641,3.61013307140952e-06,0.0001271354285125,7.68976683022329e-05,3667,"tags=40%, list=21%, signal=32%",51602/4234/10196/6635/6628/24140/10528/4839/6636/6894/60487/6633/113802/80745/55621/155400/55695/2091/6637/79823/96764/56950/51605/27292/28989/54482/131965/3276/54931/221143/10919/260294/10785/25895/55798/51504/114049/221078/6632/64216/196483/79918/55006/63892/3028/64783/51106/54496/29081,0.627256739718528
GO:0086004,regulation of cardiac muscle cell contraction,31,-0.747880909821533,-1.91959739624918,0.000360791363476224,0.00553715831465599,0.00334914168614693,1929,"tags=48%, list=11%, signal=43%",1824/487/54795/2258/6331/2702/477/775/857/817/6717/6262/5144/5350/287,0.49849310876659
GO:0000727,double-strand break repair via break-induced replication,12,0.881404316898069,1.91958470336271,0.000269998880603297,0.00442076161611749,0.00267389086092569,1315,"tags=83%, list=8%, signal=77%",8318/157777/51659/4176/4173/4171/8317/4175/84296/4172,0.49849310876659
GO:0044818,mitotic G2/M transition checkpoint,52,0.661973212662765,1.91837737012948,0.000140448419554982,0.00259608745328359,0.00157023950130912,2024,"tags=33%, list=12%, signal=29%",5347/983/990/10926/51514/641/4998/90381/1111/8317/63967/545/64859/4361/672/11073/79035,0.518848077743792
GO:0050890,cognition,171,-0.580129479258722,-1.91760599070142,3.20738487370506e-07,1.48448884154633e-05,8.9789079150641e-06,2873,"tags=40%, list=17%, signal=34%",55084/5728/4776/65009/85358/4130/8554/814/5663/23208/9379/1979/10396/7991/1742/5621/84446/151556/9993/55450/1956/2033/6326/5641/1393/6722/5578/5048/152789/55902/6285/26047/5532/2258/4739/54413/3643/9369/8850/6869/7122/25/5649/6505/3815/6356/1958/22849/57502/6484/4915/2902/89832/9867/6833/1139/4137/2353/4208/9607/5764/4593/5803/9378/5350/6517/6865/590/11170,0.674962860011025
GO:0045840,positive regulation of mitotic nuclear division,39,0.699410233384882,1.91578379846344,0.000237231537959207,0.00401857919344154,0.00243063144144072,933,"tags=33%, list=5%, signal=32%",11065/5347/3552/9787/51203/6790/2069/991/221150/9700/220134/3553/5925,0.518848077743792
GO:0000460,maturation of 5.8S rRNA,41,0.698214782636079,1.91558174856556,0.000221254666783789,0.00380972765347274,0.00230430790886732,3065,"tags=56%, list=18%, signal=46%",55759/10799/6227/5591/23246/27340/6167/11340/3692/54881/10171/23212/23404/9875/54512/23481/23016/81887/51018/8602/51010/57418/23195,0.518848077743792
GO:0042770,signal transduction in response to DNA damage,181,0.55096686861701,1.91435798583939,2.57487166629966e-07,1.26125797120912e-05,7.62869943086318e-06,2941,"tags=32%, list=17%, signal=27%",5347/675/6659/983/144455/2305/10926/51512/51514/641/90381/1111/1869/7023/8914/2177/9521/960/8317/83990/63967/9675/29935/5591/1017/545/3014/55159/4361/7291/835/637/4487/25896/4282/10538/56950/672/10459/11073/4067/6615/23028/79968/4646/595/11200/144715/5366/54465/5716/146956/29980/27339/6885/22976/9025/51499,0.674962860011025
GO:0098754,detoxification,141,-0.594291500055069,-1.91409470965468,1.58989032892169e-06,5.99062522653956e-05,3.62342045001353e-05,2902,"tags=36%, list=17%, signal=30%",4259/23530/4257/217/847/2947/5174/4583/3029/5243/6415/22977/84293/128/4489/1193/2954/9429/5581/1356/10516/4056/222962/2878/54577/10928/3240/2946/94241/83667/2168/8824/54996/7173/4494/3043/9588/4502/3040/3039/4495/4496/54575/5742/4493/4501/4151/57016/4499/55532/343,0.643551836150722
GO:1902751,positive regulation of cell cycle G2/M phase transition,25,0.763547942707405,1.91365865864939,0.000502193681612622,0.0071822249647664,0.00434415771806927,2212,"tags=64%, list=13%, signal=56%",983/891/994/51514/79915/26271/1019/8317/4869/993/55920/995/219736/6240/80174/595,0.477270815362862
GO:1903115,regulation of actin filament-based movement,35,-0.734358281912486,-1.9119981733313,0.000171182467705581,0.00306417895581667,0.00185336392632605,1929,"tags=46%, list=11%, signal=41%",1824/487/54795/2258/6331/2702/477/775/9839/857/817/6717/6262/5144/5350/287,0.518848077743792
GO:0000387,spliceosomal snRNP assembly,71,0.621217527244196,1.91191011699416,4.1608109287916e-05,0.00099825496487498,0.000603792979409085,3700,"tags=56%, list=21%, signal=45%",6635/6628/51691/79084/23450/6636/6633/6629/6637/96764/11171/25980/23658/6627/10772/51690/24148/6631/79760/11218/9129/100151683/27339/6632/25929/10946/9128/23451/8899/51639/6626/54960/8487/1207/79833/8161/54496/11157/57819/9343,0.557332238758646
GO:1901993,regulation of meiotic cell cycle phase transition,12,0.876833733925428,1.90963056427861,0.000336912071200517,0.00525296857961973,0.00317724996221594,1432,"tags=67%, list=8%, signal=61%",7272/994/9088/225689/57082/11130/993/995,0.49849310876659
GO:0050804,modulation of chemical synaptic transmission,357,-0.532487001867659,-1.9080623681552,2.29536625561406e-10,2.9982584112221e-08,1.81349198636529e-08,2548,"tags=31%, list=15%, signal=27%",23208/2561/57616/5999/9379/1979/22883/8499/347733/1742/5621/84446/114781/9699/5327/5216/575/107/5641/9513/2043/5048/9495/4131/6285/127262/9783/57537/116443/5802/4756/3339/91851/5532/27065/79827/54413/2894/84966/259232/9229/80863/1630/5595/27020/9369/26050/5566/818/6869/6853/477/6785/5071/25/5577/10755/5649/6505/22999/3815/801/5906/5864/120892/9148/1134/22849/84502/320/10882/2775/57502/84866/5334/817/5028/4915/2902/112476/6844/1139/23228/5579/9899/4137/815/11252/9912/2045/816/4208/4747/5152/6855/5023/4355/9455/5764/9145/773/43/9211/9378/2852/2899/6865/22871/590/11170/3745,0.826657301178302
GO:0031424,keratinization,25,0.760951796310681,1.90715201020817,0.000562860512947133,0.00780520406522597,0.00472096566835398,3290,"tags=68%, list=19%, signal=55%",144501/1001/6703/3854/340654/2125/286887/3853/3855/1041/7062/51535/6699/3852/5493/3868/7053,0.477270815362862
GO:0071384,cellular response to corticosteroid stimulus,56,-0.68593164423918,-1.90653203244622,2.72592280242629e-05,0.000705175432614523,0.000426524275306497,1327,"tags=38%, list=8%, signal=35%",54577/54600/4760/3158/610/7538/5105/6338/6340/6752/54579/54657/498/54659/2908/54575/54658/54576/2852/687/11170,0.575610261071129
GO:0001580,detection of chemical stimulus involved in sensory perception of bitter taste,16,0.844443190006695,1.90521243495034,0.000384415620729832,0.00582369850167514,0.00352245507734293,2267,"tags=75%, list=13%, signal=65%",1469/1470/563/259292/259289/50832/259295/54429/259290/259296/259293/2780,0.49849310876659
GO:0050913,sensory perception of bitter taste,16,0.844443190006695,1.90521243495034,0.000384415620729832,0.00582369850167514,0.00352245507734293,2267,"tags=75%, list=13%, signal=65%",1469/1470/563/259292/259289/50832/259295/54429/259290/259296/259293/2780,0.49849310876659
GO:0045604,regulation of epidermal cell differentiation,37,0.707857645630384,1.90435641915719,0.000538425030229114,0.007585578057374,0.004588125215461,413,"tags=14%, list=2%, signal=13%",2118/5068/6820/5317/1594,0.477270815362862
GO:0002562,somatic diversification of immune receptors via germline recombination within a single locus,49,0.660631552288193,1.90387919297061,0.000418777388409882,0.00621609466937699,0.00375979529556571,2939,"tags=43%, list=17%, signal=36%",3329/7518/23397/149840/10051/5591/10592/4436/5896/10538/3146/10459/3148/112441434/6929/7037/55183/2956/51010/22976/9025,0.49849310876659
GO:0016444,somatic cell DNA recombination,49,0.660631552288193,1.90387919297061,0.000418777388409882,0.00621609466937699,0.00375979529556571,2939,"tags=43%, list=17%, signal=36%",3329/7518/23397/149840/10051/5591/10592/4436/5896/10538/3146/10459/3148/112441434/6929/7037/55183/2956/51010/22976/9025,0.49849310876659
GO:0044774,mitotic DNA integrity checkpoint signaling,70,0.62264884216142,1.90195503818447,8.97204919529738e-05,0.00182483408892588,0.00110374809066721,1118,"tags=24%, list=6%, signal=23%",5347/983/990/10926/51514/641/4998/90381/1111/8914/2177/8317/63967/5591/1017/55159/4361,0.538434096309916
GO:0051299,centrosome separation,14,0.853796240229113,1.90195411328381,0.000312460234626206,0.00495320347143379,0.00299593749780246,961,"tags=36%, list=6%, signal=34%",4751/6790/56992/1111/3832,0.49849310876659
GO:0055119,relaxation of cardiac muscle,18,-0.825559706266936,-1.90181402687446,0.00031993527943582,0.0050417682909484,0.00304950579260403,1296,"tags=50%, list=7%, signal=46%",2946/477/5025/817/5144/6546/1113/5350/2934,0.49849310876659
GO:0045786,negative regulation of cell cycle,333,0.507130837396856,1.9008915441001,4.88864700844981e-09,4.63475276059161e-07,2.8033230753754e-07,1420,"tags=23%, list=8%, signal=21%",3624/7272/4751/5347/675/9319/983/83540/1063/144455/4085/891/699/701/990/991/8318/10926/9088/332/51514/221150/641/57405/4998/57082/90381/81620/9700/26271/9212/55143/5984/220134/1111/5983/83903/899/1869/11130/9735/54908/7023/8914/2177/92421/8317/83990/63967/4869/655/9675/5933/29935/5591/147841/1017/5925/545/2648/3014/64859/3843/55159/55055/4361/652/10403/6657/51654/91147/23560/348654/6839/8260/25896,0.761460801445585
GO:0010972,negative regulation of G2/M transition of mitotic cell cycle,68,0.617233403835353,1.90007980498626,0.000187524129859368,0.00334020253125263,0.00202031636118872,1260,"tags=26%, list=7%, signal=25%",5347/983/990/10926/9088/51514/641/4998/90381/9212/1111/92421/8317/63967/545/64859/4361/23560,0.518848077743792
GO:0022616,DNA strand elongation,37,0.70492623110488,1.89647000569071,0.000629793088772491,0.00849065086193739,0.00513555710859254,3229,"tags=59%, list=19%, signal=48%",9837/5984/5983/4176/4173/79913/3978/5111/5422/86/4361/25913/4172/10856/5425/8607/83444/1763/64858/54107/10111/7015,0.477270815362862
GO:0099177,regulation of trans-synaptic signaling,359,-0.53345272869026,-1.89473241758068,7.56952681816977e-10,9.08034257902079e-08,5.49223123626416e-08,2548,"tags=31%, list=15%, signal=27%",23208/2561/57616/5999/9379/1979/22883/8499/347733/1742/5621/84446/114781/9699/5327/5216/575/107/5641/9513/2043/5048/9495/4131/6285/127262/9783/57537/116443/5802/4756/3339/91851/5532/27065/57406/79827/54413/2894/84966/259232/9229/80863/1630/5595/27020/9369/26050/5566/818/6869/6853/477/6785/5071/25/5577/10755/5649/6505/22999/3815/801/5906/5864/120892/9148/1134/22849/84502/320/10882/2775/57502/84866/5334/817/5028/4915/2902/112476/6844/1139/23228/5579/9899/4137/815/11252/9912/2045/816/4208/4747/5152/6855/5023/4355/9455/5764/9145/773/43/9211/9378/2852/2899/6865/22871/590/11170/3745,0.801215574617779
GO:0010881,regulation of cardiac muscle contraction by regulation of the release of sequestered calcium ion,19,-0.825976970151123,-1.89466655245181,0.000216404829785751,0.00374125761611954,0.00226289391213462,1296,"tags=58%, list=7%, signal=54%",2946/5566/477/801/775/845/817/6262/6546/287/1756,0.518848077743792
GO:0045616,regulation of keratinocyte differentiation,27,0.741672971957931,1.89116124304749,0.000574984436501654,0.00789663205083346,0.00477626574476105,413,"tags=15%, list=2%, signal=14%",2118/5068/5317/1594,0.477270815362862
GO:0006518,peptide metabolic process,50,-0.676489877816414,-1.88875013437293,0.00013120937796568,0.00246405343029478,0.00149037892567575,2210,"tags=30%, list=13%, signal=26%",5066/29953/2678/347404/1363/1889/6505/10404/124975/1368/10004/1215/290/1756/5125,0.518848077743792
GO:0051177,meiotic sister chromatid cohesion,13,0.860666588723698,1.88796421107671,0.000281324836381006,0.00455657372797974,0.0027560366078005,438,"tags=31%, list=3%, signal=30%",699/701/151246/151648,0.49849310876659
GO:0030261,chromosome condensation,38,0.700666342705485,1.88439387759675,0.000407122263595748,0.00608922306721579,0.00368305720222609,1326,"tags=37%, list=8%, signal=34%",7153/5347/983/64151/891/51203/23397/3009/54892/9918/10051/10592/3007/23310,0.49849310876659
GO:0051588,regulation of neurotransmitter transport,80,-0.628616449126925,-1.88251269433434,3.97367831482323e-05,0.000957265620267661,0.000579000637396963,1319,"tags=25%, list=8%, signal=23%",3690/6622/6853/477/5071/22999/5906/5864/120892/5028/5865/5579/9899/815/4208/5023/2852/4842/6865/22871,0.557332238758646
GO:0007517,muscle organ development,189,-0.567076583716844,-1.88219142154171,1.89845409093652e-07,1.04290777070326e-05,6.30801160303442e-06,2271,"tags=35%, list=13%, signal=31%",7273/4637/84976/575/858/6876/2317/26548/1073/6899/11149/6443/1310/4089/3679/6285/4205/28514/1827/5532/23414/64091/10290/8912/23060/3908/4625/4209/7168/30008/58/4092/9734/7049/9148/1134/1674/6261/5463/6665/8736/4638/84466/93986/857/6840/57462/6442/57158/6262/9215/389125/4621/6943/650/4208/2273/654463/6525/8110/2263/56603/339855/221662/93649/9099/1756,0.690132458796796
GO:2001252,positive regulation of chromosome organization,96,0.591117170417088,1.88183541408763,5.59382981679116e-05,0.00126951859703083,0.000767866369903288,2167,"tags=34%, list=12%, signal=30%",4751/983/64151/699/1736/221150/225689/23397/9212/220134/4609/9918/10576/26354/86/10051/908/10575/1017/10592/545/51750/4361/25913/7203/10856/2237/22948/10694/79035/9555/8607/65057,0.557332238758646
GO:0050801,monoatomic ion homeostasis,395,-0.529963543871742,-1.88150963278986,1e-10,1.43365853658537e-08,8.67146159767468e-09,2769,"tags=32%, list=16%, signal=28%",286097/25769/4086/6355/1657/666/83636/506/5009/84286/57419/220002/9772/5663/5745/26234/65268/4093/51310/5621/48/6560/3162/6341/483/1230/478/858/4489/23682/219931/53826/8031/122416/4881/487/4907/5029/4089/9114/7225/54583/4756/1356/54805/493/654/1910/6359/5164/490/27020/5566/6357/1816/6786/5166/7223/477/66002/3954/7018/6505/6549/23335/6356/6338/26504/120892/845/6261/6340/596/8671/285195/10939/3708/857/817/5028/79641/4494/57158/64072/6262/2902/783/65267/79901/489/6387/6358/771/1139/9899/4502/4495/11261/650/6332/4496/9607/6368/6546/6548/5023/6550/1908/4493/4501/2260/1760/1268/4499/79085/3741/63928/2852/5350/6263/1811/287/3778/760/55532/5348/286133,
GO:1902750,negative regulation of cell cycle G2/M phase transition,70,0.615902916834467,1.88134880591673,0.000144837432666075,0.00266882266210404,0.00161423328044063,2394,"tags=34%, list=14%, signal=30%",5347/983/990/10926/9088/51514/641/4998/90381/9212/1111/92421/8317/63967/545/64859/4361/23560/672/11073/79035/9555/60672/54465,0.518848077743792
GO:1901077,regulation of relaxation of muscle,14,-0.879144711102646,-1.88130010593766,8.29422089221569e-05,0.00172545345484486,0.00104363786706831,981,"tags=57%, list=6%, signal=54%",2770/817/6717/6833/9607/5144/1113/5350,0.538434096309916
GO:0042311,vasodilation,32,-0.735902535986515,-1.8801326625914,0.000166555300661592,0.00299392066449185,0.00181086830693034,1868,"tags=41%, list=11%, signal=36%",2150/5467/1910/2702/8850/153/5592/10365/2549/624/2852/3778/4842,0.518848077743792
GO:0006271,DNA strand elongation involved in DNA replication,15,0.805737309308572,1.87916677919504,0.00288263469683336,0.0257509525045387,0.0155754239972996,1641,"tags=67%, list=9%, signal=60%",9837/5984/5983/4176/4173/3978/5111/5422/4172/5425,0.431707695803346
GO:0000466,"maturation of 5.8S rRNA from tricistronic rRNA transcript (SSU-rRNA, 5.8S rRNA, LSU-rRNA)",31,0.724576198645224,1.87858470062612,0.000970395076009884,0.0117365890057327,0.00709885780007993,3065,"tags=61%, list=18%, signal=51%",55759/10799/6227/23246/27340/6167/11340/54881/10171/23212/23404/9875/23481/23016/81887/8602/51010/57418/23195,0.477270815362862
GO:0061844,antimicrobial humoral immune response mediated by antimicrobial peptide,84,0.58614758020378,1.87857787307156,0.000200527976463257,0.00353964998694002,0.00214095184785533,1722,"tags=37%, list=10%, signal=33%",5068/3576/6374/8348/6372/3627/8970/414062/8343/8341/6373/8339/4283/2919/8346/6348/6223/8345/8342/8344/128312/8340/6367/6364/2921/3017/440689/6170/6351/8347/3018,0.518848077743792
GO:0008156,negative regulation of DNA replication,25,0.749504967125916,1.87846314529442,0.00077718894092641,0.00982433676293642,0.00594223497356158,1260,"tags=28%, list=7%, signal=26%",990/6282/81620/26271/8914/545/23560,0.477270815362862
GO:0008211,glucocorticoid metabolic process,18,-0.814978567559068,-1.87743861482107,0.000569029572877491,0.00787001371617386,0.00476016568600197,1712,"tags=39%, list=10%, signal=35%",6770/8912/2494/3291/653/650/1589,0.477270815362862
GO:0016445,somatic diversification of immunoglobulins,51,0.650589781064238,1.87686263432618,0.000354483764463137,0.00546891225069375,0.00330786315937509,2939,"tags=39%, list=17%, signal=33%",10721/3329/7518/23397/149840/10051/5591/10592/4436/10538/10459/56259/112441434/6929/7037/55183/2956/51010/22976/9025,0.49849310876659
GO:0045931,positive regulation of mitotic cell cycle,101,0.578263158775926,1.87374227341033,5.77444314269472e-05,0.00129550293102136,0.000783582954333266,1786,"tags=35%, list=10%, signal=31%",11065/5347/983/9787/891/6241/6790/990/991/994/332/51514/221150/9700/26271/220134/6491/27085/1019/8317/5925/7027/440/993/9134/163786/55920/898/995/1978/55835/51692/219736/8881/6240,0.557332238758646
GO:0086065,cell communication involved in cardiac conduction,48,-0.683631965763371,-1.87333772574906,0.000130572985963575,0.00245996157530094,0.0014879039734792,2526,"tags=50%, list=15%, signal=43%",781/2316/478/1824/54795/8913/6331/2702/5566/477/801/775/845/857/817/6717/6262/783/3781/6330/5144/6546/3741/287,0.518848077743792
GO:0051052,regulation of DNA metabolic process,450,0.48617096345959,1.87316760430745,1.91866863842354e-10,2.56316687651217e-08,1.55032754110648e-08,2646,"tags=27%, list=15%, signal=24%",4751/5347/983/144455/2305/10635/8313/2069/990/10721/10926/51514/1736/1602/225689/641/890/6282/90381/79915/55010/81620/2187/63922/79075/26271/9212/5984/1111/5983/3009/55257/157570/3838/4609/9767/57332/4176/8914/4173/4171/79913/8317/5111/79596/8089/10576/26354/149840/86/63979/5591/7422/908/6502/10575/1017/545/2648/3014/51750/4175/23450/80119/4361/993/6742/25913/7291/3007/55775/23560/4436/4172/7203/2264/8451/2138/219736/672/10856/3146/10459/11232/79733/1677/55226/3276/3575/22948/27101/6188/80174/7398/55578/10694/79035/23028/10919/8607/23595/5582/65057/112441434/54552/56897/83444/5982/3320/54929/7037/7520/10155/1663/197370/115004/55183/116028/2956/5001/5588/5985,0.826657301178302
GO:0055080,monoatomic cation homeostasis,386,-0.527430196997072,-1.87316034355924,1.51158628172313e-10,2.06630329394617e-08,1.24980036775556e-08,2769,"tags=32%, list=16%, signal=27%",286097/25769/4086/6355/1657/666/83636/506/84286/57419/220002/9772/5663/5745/26234/4093/51310/5621/48/6560/3162/6341/483/1230/478/858/4489/23682/219931/53826/8031/122416/4881/487/4907/4089/9114/7225/54583/4756/1356/54805/493/654/1910/6359/5164/490/27020/5566/6357/1816/6786/5166/7223/477/66002/3954/7018/6505/6549/23335/6356/6338/26504/120892/845/6261/6340/596/8671/285195/10939/3708/857/817/5028/79641/4494/57158/64072/6262/2902/783/79901/489/6387/6358/1139/9899/4502/4495/11261/650/6332/4496/9607/6368/6546/6548/5023/6550/1908/4493/4501/2260/1760/1268/4499/79085/3741/63928/2852/5350/6263/1811/287/3778/760/55532/5348/286133,0.826657301178302
GO:0071498,cellular response to fluid shear stress,40,-0.700093630731547,-1.87255529420047,0.000279330735395338,0.00454821624003821,0.00275098159407941,1145,"tags=30%, list=7%, signal=28%",5566/25/5577/112/824/10365/5598/5567/111/4208/9314/115,0.49849310876659
GO:0090066,regulation of anatomical structure size,363,-0.525017579055112,-1.87249583839853,2.20191707808567e-09,2.3532488336341e-07,1.42335893588953e-07,2235,"tags=26%, list=13%, signal=23%",5216/2647/148170/23499/7431/51704/358/88/79890/51466/1073/832/3071/4881/29767/5048/10439/11078/1954/54795/2150/51652/5029/4131/5581/81553/56963/282679/5802/5467/3897/23580/2258/2909/1910/91663/10602/118/554/80031/1630/490/25802/2314/2702/8850/6869/153/25/57704/5592/1889/112/57026/57731/6356/25959/10365/256949/120892/2549/130271/50853/857/6840/51474/5028/624/3043/5865/65267/10178/5063/6387/4133/4137/54825/53841/6710/2045/1946/57482/79987/6546/1908/85477/2852/23500/2934/51676/9423/3778/4842/7111,0.774939030136436
GO:1903083,protein localization to condensed chromosome,16,0.828833389733114,1.86999397864652,0.000809428087351121,0.010091923981833,0.00610408469115313,1344,"tags=62%, list=8%, signal=58%",7272/983/57082/9212/27085/9735/54908/55055/55166/55920,0.477270815362862
GO:0009451,RNA modification,172,0.540441637899422,1.86975038968848,2.78042536150114e-06,0.000100265891257078,6.06456700396178e-05,4031,"tags=41%, list=23%, signal=32%",1736/51602/83448/54517/4234/80324/134637/79691/11062/6635/6628/27304/24140/10528/4839/6636/6894/60487/6633/113802/51654/80745/55621/146712/155400/55695/26024/55651/2091/6637/96764/6741/51605/27292/54482/131965/55226/54931/129450/54802/260294/10785/22868/55798/51504/114049/16/339/221078/10492/6632/64216/348180/56931/81890/55006/113000/54901/63892/3028/64172/64783/51106/54433/84881/29081/83480/55253/79922/8518/84705,0.627256739718528
GO:0014074,response to purine-containing compound,116,-0.588353280961585,-1.86900504350849,1.99914435886572e-05,0.000551688757812803,0.000333688096235021,2048,"tags=28%, list=12%, signal=25%",1393/358/54795/4907/5029/9127/5030/64805/2946/83606/5139/3158/610/682/57026/5906/5025/845/6261/2354/5028/6262/5187/2353/5144/6546/1261/5023/1843/5138/6263/1811/343,0.575610261071129
GO:0071294,cellular response to zinc ion,18,-0.811315745944063,-1.86900069631261,0.000671554862044722,0.00885067147780017,0.00535331502410433,1447,"tags=50%, list=8%, signal=46%",3777/5025/4494/4502/4495/4496/4493/4501/4499,0.477270815362862
GO:0000463,"maturation of LSU-rRNA from tricistronic rRNA transcript (SSU-rRNA, 5.8S rRNA, LSU-rRNA)",23,0.763503350250875,1.86845521192954,0.0014140880688607,0.015478602735127,0.00936220904616526,3065,"tags=70%, list=18%, signal=57%",55759/84154/23246/55003/6167/54881/8886/6129/285855/9875/23481/11224/81887/57418/56342/23195,0.45505986738723
GO:0000462,"maturation of SSU-rRNA from tricistronic rRNA transcript (SSU-rRNA, 5.8S rRNA, LSU-rRNA)",30,0.714508137300065,1.8678259294305,0.000800002984206714,0.0100479007289895,0.00607745729441282,3910,"tags=70%, list=23%, signal=54%",25879/55127/27042/10799/6223/6227/23160/57647/27340/10171/23212/6217/8602/84916/55813/79954/9277/85395/6207/29777/9790,0.477270815362862
GO:0051231,spindle elongation,13,0.851309991924087,1.86743951530418,0.000515990812870231,0.00732607245906091,0.00443116365364355,1692,"tags=77%, list=10%, signal=69%",24137/332/9212/55143/29127/9493/9055/3832/3619/285643,0.477270815362862
GO:0045618,positive regulation of keratinocyte differentiation,14,0.837572015004418,1.86581231451849,0.000668501859853196,0.00883023355554402,0.00534095317827718,413,"tags=21%, list=2%, signal=21%",2118/5317/1594,0.477270815362862
GO:0045684,positive regulation of epidermis development,23,0.761517213908323,1.86359471354453,0.00151981130884656,0.0163019176521899,0.00986018980684963,413,"tags=17%, list=2%, signal=17%",2118/6820/5317/1594,0.45505986738723
GO:0043500,muscle adaptation,71,-0.640047074520687,-1.86299148973905,5.09372392395331e-05,0.00118343514723311,0.000715798927756693,2521,"tags=41%, list=15%, signal=35%",5999/6093/3162/8013/7132/5578/9464/4089/4205/27086/2308/493/6331/9759/28999/818/5025/3727/114907/3572/817/408/23125/816/9314/5152/6548/2934/51676,0.557332238758646
GO:0007064,mitotic sister chromatid cohesion,32,0.699753641921142,1.862360805016,0.00128624673341677,0.014552965343172,0.00880233869399435,1415,"tags=31%, list=8%, signal=29%",113130/699/151246/79075/151648/83903/157570/5925/8260/91272,0.45505986738723
GO:0008033,tRNA processing,139,0.55153795044759,1.86127346415966,1.79867258493368e-05,0.000508297954530778,0.000307443235638822,5393,"tags=59%, list=31%, signal=41%",112858/54517/4234/80324/134637/79691/10799/11062/27304/24140/6894/60487/51654/80745/55621/146712/10940/26024/8270/6741/51605/54482/131965/55226/54931/10248/129450/54802/10785/51095/55798/51504/16/23536/221078/283989/348180/56931/81890/55006/54901/63892/3028/3735/64172/11157/116461/84881/83480/27037/55253/8518/84705/79897/51367/79042/64118/25821/10775/90353/9692/126789/142940/55039/25940/26995/54522/93587/51002/150962/25917/10556/55687/54888/339175/9836/55152/90806/81605/6301/54733/79979,0.575610261071129
GO:0000018,regulation of DNA recombination,112,0.566771670697428,1.86112943990451,2.61768161902635e-05,0.000689988007024076,0.000417338184308233,3339,"tags=35%, list=19%, signal=28%",5347/10635/10721/641/55010/2187/1111/3009/55257/3838/8914/8089/149840/86/63979/6502/51750/4361/3007/4436/10856/10459/3276/3575/23028/8607/112441434/7037/115004/55183/116028/2956/22976/9025/5888/10111/3008/55086/92797,0.575610261071129
GO:0061337,cardiac conduction,75,-0.63702836847158,-1.86069864919945,5.35423717176757e-05,0.00122917216254068,0.000743462891086242,1929,"tags=39%, list=11%, signal=35%",1824/487/54795/8913/493/6331/23704/490/2702/5566/3752/477/801/57731/775/845/857/817/6717/6262/783/489/3781/6330/5144/6546/6548/3741/287,0.557332238758646
GO:0034616,response to laminar fluid shear stress,32,-0.727720250808296,-1.85922801711741,0.00025809568261799,0.00425041592433507,0.00257085753137576,2789,"tags=50%, list=16%, signal=42%",19/6721/2475/207/107/5566/4092/5577/112/824/10365/5598/5567/111/9314/115,0.49849310876659
GO:0009062,fatty acid catabolic process,92,-0.612026758770422,-1.85816335210381,3.2713683330468e-05,0.00081479250261225,0.000492825991417983,2816,"tags=39%, list=16%, signal=33%",8310/6342/1892/5825/207/1962/9663/1632/3033/5264/254013/440503/5467/34/2108/225/55268/1891/3030/3032/66002/37/30/1384/51/38/10455/1376/1374/35/84830/171586/10449/2110/8647/32,0.557332238758646
GO:0141161,regulation of cAMP/PKA signal transduction,41,-0.699117057490583,-1.8581365439232,0.000324679391669772,0.00510284883485272,0.003086450265595,2006,"tags=49%, list=12%, signal=43%",5158/5137/5140/5143/8622/5139/5577/5151/7432/120892/8654/8736/5145/9867/27115/1902/5144/5152/5138/9378,0.49849310876659
GO:0036297,interstrand cross-link repair,41,0.676821616168401,1.85688869271992,0.00051405280864909,0.00732607245906091,0.00443116365364355,3411,"tags=46%, list=20%, signal=37%",10635/2187/2177/55215/63979/55732/545/55159/78995/2189/84515/9937/2188/64421/9025/64858/5888/55247/7517,0.477270815362862
GO:0006813,potassium ion transport,149,-0.569186202153267,-1.85685357816879,3.23858482461799e-06,0.000115372130903664,6.97826558446644e-05,2895,"tags=42%, list=17%, signal=35%",389816/3759/3756/967/30819/25769/3755/84286/57419/3751/6616/5999/2316/9424/54207/6560/7881/23327/483/27069/478/57463/358/53826/88/57628/80333/3768/3779/3786/3777/51719/259232/23704/2702/610/3742/3752/343450/477/3737/3954/6549/845/285195/857/3781/6833/9132/11261/2273/6548/30818/6550/3741/3782/287/3778/4842/1804/5348/3745,0.627256739718528
GO:0030003,intracellular monoatomic cation homeostasis,344,-0.530260870359503,-1.85611397224058,1.34080801525756e-09,1.51562875263153e-07,9.16725718808798e-08,2769,"tags=31%, list=16%, signal=27%",286097/25769/4086/6355/1657/666/83636/506/84286/57419/220002/9772/5663/5745/26234/4093/51310/5621/48/3162/6341/483/1230/478/858/4489/23682/219931/53826/8031/122416/487/4089/9114/7225/54583/1356/493/654/6359/490/27020/5566/6357/1816/6786/7223/477/3954/7018/6505/6549/23335/6356/6338/26504/120892/845/6261/6340/596/8671/285195/10939/3708/857/817/5028/79641/4494/64072/6262/783/79901/489/6387/6358/1139/9899/4502/4495/11261/650/4496/9607/6368/6546/6548/5023/6550/1908/4493/4501/1760/1268/4499/79085/63928/2852/5350/6263/1811/287/3778/760/55532/5348/286133,0.788186810800237
GO:0046683,response to organophosphorus,101,-0.597419382860206,-1.85502741747194,3.01982387122628e-05,0.000765108823925348,0.000462774894816499,2048,"tags=29%, list=12%, signal=25%",1393/358/54795/4907/5029/9127/5030/64805/83606/5139/3158/610/682/57026/5906/5025/2354/5028/5187/2353/1902/5144/1261/5023/1843/5138/6263/1811/343,0.575610261071129
GO:0014888,striated muscle adaptation,19,-0.808347660261165,-1.85422757533941,0.000548203292465394,0.00767223560264663,0.00464053989837219,1820,"tags=53%, list=10%, signal=47%",4089/2308/493/9759/28999/818/23125/816/2934/51676,0.477270815362862
GO:0050912,detection of chemical stimulus involved in sensory perception of taste,19,0.791422286214363,1.85402468236289,0.00212168736433124,0.0208899134464641,0.0126352320030966,2267,"tags=63%, list=13%, signal=55%",1469/1470/563/259292/259289/50832/259295/54429/259290/259296/259293/2780,0.431707695803346
GO:0009268,response to pH,33,-0.728407962251137,-1.85269892140051,0.000150143550539445,0.00275794934397143,0.0016681414168217,1447,"tags=27%, list=8%, signal=25%",3777/6338/6340/2822/2776/6833/11261/6548/6750,0.518848077743792
GO:0001956,positive regulation of neurotransmitter secretion,17,-0.811653924313816,-1.85034748652957,0.000583195516320823,0.00798727957623424,0.00483109376101304,118,"tags=18%, list=1%, signal=18%",2852/6865/22871,0.477270815362862
GO:0051307,meiotic chromosome separation,8,0.946195229350517,1.84976229332082,5.66578747644236e-05,0.00128090379948185,0.00077475269208646,548,"tags=75%, list=3%, signal=73%",7272/225689/57082/23397/9700/11130,0.557332238758646
GO:0010273,detoxification of copper ion,12,-0.895850096891443,-1.84902729955401,8.32723983200896e-05,0.00172545345484486,0.00104363786706831,584,"tags=58%, list=3%, signal=56%",4494/4502/4495/4496/4493/4501/4499,0.538434096309916
GO:1990169,stress response to copper ion,12,-0.895850096891443,-1.84902729955401,8.32723983200896e-05,0.00172545345484486,0.00104363786706831,584,"tags=58%, list=3%, signal=56%",4494/4502/4495/4496/4493/4501/4499,0.538434096309916
GO:0006873,intracellular monoatomic ion homeostasis,350,-0.521267557896146,-1.84789432151312,9.08865130964204e-09,7.74247715914144e-07,4.68302539573171e-07,2769,"tags=31%, list=16%, signal=27%",286097/25769/4086/6355/1657/666/83636/506/84286/57419/220002/9772/5663/5745/26234/4093/51310/5621/48/3162/6341/483/1230/478/858/4489/23682/219931/53826/8031/122416/487/5029/4089/9114/7225/54583/1356/493/654/6359/490/27020/5566/6357/1816/6786/7223/477/3954/7018/6505/6549/23335/6356/6338/26504/120892/845/6261/6340/596/8671/285195/10939/3708/857/817/5028/79641/4494/64072/6262/783/79901/489/6387/6358/1139/9899/4502/4495/11261/650/4496/9607/6368/6546/6548/5023/6550/1908/4493/4501/1760/1268/4499/79085/63928/2852/5350/6263/1811/287/3778/760/55532/5348/286133,0.747739663149885
GO:0000022,mitotic spindle elongation,12,0.848070978985772,1.84698900086644,0.00167555385119878,0.017524742949015,0.0105998138059742,1692,"tags=75%, list=10%, signal=68%",24137/332/9212/55143/29127/9493/9055/3619/285643,0.45505986738723
GO:0030174,regulation of DNA-templated DNA replication initiation,17,0.787314696752174,1.84624100176319,0.0019971736465371,0.0198300450917991,0.0119941722596826,1409,"tags=53%, list=8%, signal=49%",51514/90381/81620/4176/4173/4171/4175/4172/8451,0.431707695803346
GO:0051256,mitotic spindle midzone assembly,11,0.880507205500325,1.8458185964874,0.000500860493236385,0.007180629217667,0.00434319253289171,1692,"tags=82%, list=10%, signal=74%",24137/332/9212/55143/29127/9493/9055/3619/285643,0.477270815362862
GO:0045682,regulation of epidermis development,41,0.67255701841118,1.84518858863753,0.000620407020601603,0.0083833390048189,0.00507064969694384,413,"tags=12%, list=2%, signal=12%",2118/5068/6820/5317/1594,0.477270815362862
GO:0007626,locomotory behavior,61,-0.654797189029667,-1.84434199701408,0.000155401281795414,0.00281928621726371,0.00170524093024853,2609,"tags=38%, list=15%, signal=32%",3751/463/2475/3398/1742/114781/9611/5048/124925/477/5071/6505/1958/7782/120892/10882/27306/6387/9607/1272/5350/9099/23551,0.518848077743792
GO:0008064,regulation of actin polymerization or depolymerization,126,-0.578481635133363,-1.84265682705964,5.58494347628027e-06,0.000184428639065031,0.00011155137854324,2235,"tags=31%, list=13%, signal=27%",5216/148170/88/51466/1073/832/3071/29767/11078/2150/5581/81553/23580/2909/91663/10602/118/25802/2314/57704/57026/57731/6356/25959/256949/130271/50853/6840/51474/10178/5063/6387/6710/57482/85477/23500/2934/51676/7111,0.610526878385931
GO:0061644,protein localization to CENP-A containing chromatin,18,0.78831139589433,1.84110588555314,0.00127652799247392,0.0145415339917863,0.008795424458699,1643,"tags=61%, list=9%, signal=55%",1058/8363/8362/8970/8294/8370/3012/554313/8368/8360/8335,0.45505986738723
GO:0071280,cellular response to copper ion,19,-0.802379933695672,-1.84053851096301,0.00073615375027893,0.00943799228986505,0.0057085551135238,2393,"tags=58%, list=14%, signal=50%",5621/4489/358/6622/4494/4502/4495/4496/4493/4501/4499,0.477270815362862
GO:0007100,mitotic centrosome separation,12,0.844739854334624,1.83973424183843,0.00187123567912226,0.0189967587597247,0.0114901603039724,961,"tags=33%, list=6%, signal=32%",4751/6790/1111/3832,0.45505986738723
GO:0051653,spindle localization,49,0.638291674606044,1.83949772625859,0.00114438327457705,0.0133731309899879,0.00808871770097731,1433,"tags=22%, list=8%, signal=21%",259266/89958/51203/1058/221150/9700/220134/54908/29899/10403/5314,0.45505986738723
GO:0071385,cellular response to glucocorticoid stimulus,47,-0.674577573896768,-1.83856568714952,0.000396867529694873,0.0059662080295306,0.00360865174597538,1327,"tags=36%, list=8%, signal=33%",54577/54600/4760/3158/7538/5105/6752/54579/54657/498/54659/2908/54575/54658/54576/687/11170,0.49849310876659
GO:0120178,steroid hormone biosynthetic process,35,-0.704996305493933,-1.83555041389232,0.000726767454738033,0.00936828749769772,0.00566639427724179,1712,"tags=40%, list=10%, signal=36%",6770/654/8912/8630/51170/441282/2494/1958/1181/653/650/1589/79154/3294,0.477270815362862
GO:0034695,response to prostaglandin E,18,-0.796075428669827,-1.83389209187596,0.001202297113099,0.0138570635897959,0.00838142358930502,981,"tags=39%, list=6%, signal=37%",2770/112/7049/5734/2776/54331/6422,0.45505986738723
GO:0071897,DNA biosynthetic process,145,0.543705879648795,1.83137304713005,9.63424592450594e-06,0.000294948424709614,0.000178399100824645,2696,"tags=34%, list=16%, signal=29%",1063/7012/10721/51514/1736/1602/890/63922/79075/5984/5983/9767/3978/5111/10576/5422/9768/7422/908/10575/545/80119/78995/4361/286826/25913/5424/7203/2264/55651/7083/5425/10459/3326/6240/11232/55226/22948/7398/10694/65057/54552/56897/5982/3320/7520/5427/5985/27434,0.593325476396405
GO:0002792,negative regulation of peptide secretion,31,-0.713476206375256,-1.83129031648971,0.00149673712932468,0.0161132249929862,0.00974605934228687,2113,"tags=42%, list=12%, signal=37%",90007/1393/3033/2308/8622/5071/338557/2775/2781/6833/9607/1113/3745,0.45505986738723
GO:0071805,potassium ion transmembrane transport,137,-0.571614083196859,-1.8307448118304,6.34454448518439e-06,0.000203788155649802,0.000123260952359487,2895,"tags=42%, list=17%, signal=35%",389816/3759/3756/967/30819/25769/3755/84286/57419/3751/6616/5999/2316/9424/54207/6560/7881/23327/483/27069/478/57463/358/53826/57628/80333/3768/3779/3786/3777/51719/259232/23704/610/3742/3752/343450/477/3737/3954/6549/285195/857/3781/6833/9132/2273/6548/30818/6550/3741/3782/287/3778/1804/5348/3745,0.610526878385931
GO:1904666,regulation of ubiquitin protein ligase activity,9,0.920858256558257,1.82997371098964,0.000171506443767214,0.00306417895581667,0.00185336392632605,433,"tags=56%, list=2%, signal=54%",11065/4085/991/26271/27338,0.518848077743792
GO:0106070,regulation of adenylate cyclase-activating G protein-coupled receptor signaling pathway,17,-0.802674921014567,-1.82987783106607,0.000826611021997842,0.0102506742348171,0.00620010453738872,1914,"tags=47%, list=11%, signal=42%",5578/493/5140/5139/5144/5138/9378/4842,0.477270815362862
GO:0007204,positive regulation of cytosolic calcium ion concentration,108,-0.585862779875917,-1.82958214517698,4.24836236492174e-05,0.00101511682849634,0.000613991851673754,2526,"tags=33%, list=15%, signal=29%",781/5732/2624/1742/2785/1230/2099/54795/2150/51554/1910/5030/27020/5310/6869/25/775/5025/338557/5734/84502/857/5028/624/57158/6262/2902/111/1238/1902/6546/773/5729/2852/117/4842,0.557332238758646
GO:0048857,neural nucleus development,44,-0.672625291213506,-1.82786604710745,0.00066730086974851,0.00883023355554402,0.00534095317827718,1143,"tags=20%, list=7%, signal=19%",4781/2254/4129/801/57447/93986/1152/11240/5354,0.477270815362862
GO:0070601,centromeric sister chromatid cohesion,13,0.832440381418336,1.82604700654577,0.00120643075366273,0.0138573932784557,0.00838162300098358,1415,"tags=54%, list=8%, signal=49%",699/8313/701/151246/151648/8260/91272,0.45505986738723
GO:0042445,hormone metabolic process,171,-0.55226533468989,-1.82550163734355,4.68670645789366e-06,0.000162049767997053,9.801555281395e-05,1512,"tags=29%, list=9%, signal=26%",57104/654/1910/130/8912/1576/54577/8630/54600/6934/51170/4224/441282/2494/1889/10404/7367/1958/8824/1181/2865/7366/9060/125/7173/54579/54657/54659/653/27284/650/126/1511/54575/1215/56603/1589/54658/54576/57016/54884/5959/290/79154/124/3294/10170/5125/590,0.610526878385931
GO:0050432,catecholamine secretion,26,-0.746709036890595,-1.82478627622044,0.00102915883589528,0.0122955195881961,0.00743692610281128,1267,"tags=38%, list=7%, signal=36%",6622/5071/3737/7432/2865/5028/6387/9607/1113/3745,0.45505986738723
GO:0007212,G protein-coupled dopamine receptor signaling pathway,22,-0.76035678055418,-1.82458407640771,0.00117356901768227,0.0136598785860127,0.00826215654319124,2521,"tags=64%, list=15%, signal=54%",5999/2316/858/5064/1816/9630/6505/112/120892/2775/54331/8787/2774/2767,0.45505986738723
GO:0016447,somatic recombination of immunoglobulin gene segments,45,0.644487174317996,1.82437934297309,0.00129227130828055,0.0145795983686623,0.00881844763847974,2939,"tags=40%, list=17%, signal=33%",3329/7518/23397/149840/10051/5591/10592/4436/10538/10459/112441434/6929/7037/55183/2956/51010/22976/9025,0.45505986738723
GO:0009187,cyclic nucleotide metabolic process,39,-0.6922727338917,-1.82417818071953,0.000285143292590058,0.00460459415891308,0.00278508169155762,2134,"tags=46%, list=12%, signal=41%",107/10900/4881/1910/5143/8622/112/5151/8654/111/27115/9607/5144/5152/5138/115/2981/117,0.49849310876659
GO:0032272,negative regulation of protein polymerization,64,-0.630620476271702,-1.82371031514854,0.00039550419582773,0.00596095811044973,0.00360547634049779,1950,"tags=34%, list=11%, signal=31%",832/29767/11078/91663/118/6622/25802/2314/25999/57731/25959/256949/50853/6840/4133/6710/57482/85477/2934/11075/51676/7111,0.49849310876659
GO:0061577,calcium ion transmembrane transport via high voltage-gated calcium channel,15,-0.841118968995274,-1.82298963036356,0.000684875945286198,0.00892616586783209,0.00539897768974582,847,"tags=40%, list=5%, signal=38%",775/817/783/782/5144/4842,0.477270815362862
GO:0048662,negative regulation of smooth muscle cell proliferation,43,-0.675501902117041,-1.82205289933991,0.000847954652077917,0.0104831452799437,0.00634071429131156,1172,"tags=33%, list=7%, signal=30%",7168/30008/5592/10891/1264/1026/9927/27250/650/4208/9314/4969/2852/93649,0.477270815362862
GO:0022010,central nervous system myelination,15,-0.840564476169071,-1.82178785664362,0.000695493965945002,0.00900465535644213,0.00544645193615349,137,"tags=27%, list=1%, signal=26%",1191/1272/6663/5354,0.477270815362862
GO:0032291,axon ensheathment in central nervous system,15,-0.840564476169071,-1.82178785664362,0.000695493965945002,0.00900465535644213,0.00544645193615349,137,"tags=27%, list=1%, signal=26%",1191/1272/6663/5354,0.477270815362862
GO:0098773,skin epidermis development,61,0.610121224674217,1.82114090497408,0.000931914684274337,0.01134118947032,0.00685970099951875,867,"tags=15%, list=5%, signal=14%",1001/9076/3624/57822/6662/3872/79651/3066/55612,0.477270815362862
GO:0044773,mitotic DNA damage checkpoint signaling,65,0.60586402918392,1.82111278465937,0.000484244877358802,0.00699359063664629,0.0042300625349727,2282,"tags=31%, list=13%, signal=27%",5347/983/10926/51514/641/90381/1111/8914/2177/8317/63967/5591/1017/55159/4361/672/11073/595/11200/144715,0.49849310876659
GO:1904705,regulation of vascular associated smooth muscle cell proliferation,54,-0.637111294532524,-1.82029548122201,0.000493633680716063,0.00709608867172776,0.00429205831376973,1189,"tags=30%, list=7%, signal=28%",4209/7168/30008/2254/5592/1264/1026/9927/27250/9510/4208/2263/3248/2247/2852/93649,0.477270815362862
GO:0052652,cyclic purine nucleotide metabolic process,38,-0.694668667570041,-1.819246456837,0.000675997923773229,0.00887700432362743,0.00536924240538247,2134,"tags=47%, list=12%, signal=42%",107/10900/4881/1910/5143/8622/112/5151/8654/111/27115/9607/5144/5152/5138/115/2981/117,0.477270815362862
GO:0019730,antimicrobial humoral response,112,0.553942936705665,1.81900324386617,6.50905904754077e-05,0.00142843044632325,0.00086398395741731,1722,"tags=32%, list=10%, signal=29%",5068/3502/3576/6374/3500/3503/8348/3501/6372/3627/8970/414062/8343/8341/6373/8339/4283/2919/8346/6348/6700/6223/8345/8342/8344/128312/8340/6367/6364/2921/3017/440689/6170/6351/8347/3018,0.538434096309916
GO:0000281,mitotic cytokinesis,101,0.561327273957391,1.81886503829601,0.000127920822125927,0.00244924622949902,0.00148142281305948,1692,"tags=26%, list=10%, signal=23%",24137/5347/1894/128239/26586/54443/55165/51203/1058/332/9700/6242/9212/55143/29127/9493/10112/92421/11113/5921/3925/8451/3619/9585/114327/285643,0.518848077743792
GO:0045740,positive regulation of DNA replication,38,0.676211557586696,1.81862441708884,0.00136408346860472,0.0151284577895444,0.00915042441462598,1949,"tags=37%, list=11%, signal=33%",983/144455/2069/10926/79915/81620/8317/5111/1017/993/6742/79733/27101/80174,0.45505986738723
GO:0016311,dephosphorylation,131,-0.56105042821589,-1.81750136651952,3.87739050767482e-05,0.000941789314219528,0.000569639817498393,1769,"tags=22%, list=10%, signal=20%",5784/5792/5802/5532/5500/8897/66036/4659/4534/3632/5801/5494/57026/1845/8613/5794/7957/23371/5516/78986/11261/650/1843/11099/5523/8611/5803/63928/248,0.557332238758646
GO:0014896,muscle hypertrophy,62,-0.624384982034508,-1.81743145227056,0.000450596472474807,0.0065722234868658,0.00397519926281964,2984,"tags=47%, list=17%, signal=39%",4088/9472/5997/5999/6093/7273/8013/7132/10611/5578/9464/4211/4089/4205/27086/2308/493/9759/28999/5025/3727/3572/817/408/6262/23125/8470/5152/6548,0.49849310876659
GO:0035150,regulation of tube size,90,-0.600808754780289,-1.81675235844835,0.000129872779887931,0.00245463729961819,0.00148468359352538,1926,"tags=31%, list=11%, signal=28%",4881/54795/2150/5029/5467/1910/554/490/2702/8850/6869/153/25/5592/1889/112/10365/2549/857/5028/624/3043/79987/6546/1908/2852/3778/4842,0.518848077743792
GO:0035296,regulation of tube diameter,90,-0.600808754780289,-1.81675235844835,0.000129872779887931,0.00245463729961819,0.00148468359352538,1926,"tags=31%, list=11%, signal=28%",4881/54795/2150/5029/5467/1910/554/490/2702/8850/6869/153/25/5592/1889/112/10365/2549/857/5028/624/3043/79987/6546/1908/2852/3778/4842,0.518848077743792
GO:0097746,blood vessel diameter maintenance,90,-0.600808754780289,-1.81675235844835,0.000129872779887931,0.00245463729961819,0.00148468359352538,1926,"tags=31%, list=11%, signal=28%",4881/54795/2150/5029/5467/1910/554/490/2702/8850/6869/153/25/5592/1889/112/10365/2549/857/5028/624/3043/79987/6546/1908/2852/3778/4842,0.518848077743792
GO:0046928,regulation of neurotransmitter secretion,66,-0.620195181961527,-1.81626509698881,0.000293508267131362,0.00471377484753592,0.002851119463066,1060,"tags=23%, list=6%, signal=21%",6853/5071/22999/5906/5864/120892/5028/5579/9899/815/4208/5023/2852/6865/22871,0.49849310876659
GO:0048167,regulation of synaptic plasticity,138,-0.559896180484781,-1.81579116081469,1.96949114251813e-05,0.000546069289420829,0.000330289169425265,2860,"tags=40%, list=16%, signal=34%",5728/4776/25769/85358/4130/5914/57616/1979/1742/5621/84446/575/107/5641/9513/2043/9495/4131/6285/57537/116443/91851/5532/27065/2894/80863/27020/818/6785/25/10755/5649/3815/801/5864/9148/22849/84502/817/4915/2902/112476/6844/1139/4137/815/816/4208/5152/6855/4355/5764/9145/11170/3745,0.575610261071129
GO:0044837,actomyosin contractile ring organization,10,0.878571511574466,1.81576086070442,0.000562759920221922,0.00780520406522597,0.00472096566835398,418,"tags=50%, list=2%, signal=49%",1894/128239/54443/6242/29127,0.477270815362862
GO:0046885,regulation of hormone biosynthetic process,18,-0.788179701055278,-1.81570297070672,0.00166704120491942,0.0174716745124882,0.0105677154438017,1756,"tags=44%, list=10%, signal=40%",405/654/2494/1958/1181/2865/653/650,0.45505986738723
GO:0035914,skeletal muscle cell differentiation,22,-0.756644492322477,-1.81567591359806,0.00144358735830035,0.0157219601258448,0.00950940338946729,1943,"tags=32%, list=11%, signal=28%",6899/6285/84466/4208/56603/221662/93649,0.45505986738723
GO:0010838,positive regulation of keratinocyte proliferation,12,0.833168131959314,1.81453252585254,0.00262736435768951,0.0241306995226546,0.0145954164744212,26,"tags=17%, list=0%, signal=17%",1001/5068,0.431707695803346
GO:0070588,calcium ion transmembrane transport,239,-0.528003099327593,-1.81439939624379,1.07259531635086e-06,4.20314351300692e-05,2.54226488612581e-05,1894,"tags=27%, list=11%, signal=24%",9495/487/54795/23413/7225/8913/116443/2823/5532/2811/493/1910/9127/8912/55799/3690/259232/2946/6622/490/5310/5566/7223/477/3954/801/775/5025/845/6261/84502/10939/3708/857/5334/162514/817/6717/57158/6262/2902/783/489/1139/23228/140738/8787/782/5144/6546/1261/5023/2247/773/79085/51196/2852/5350/140803/6263/117/287/4842/1756,0.643551836150722
GO:0090278,negative regulation of peptide hormone secretion,30,-0.715339268274626,-1.81307242995676,0.00109792084058429,0.0129702902397526,0.00784506009308114,2113,"tags=43%, list=12%, signal=38%",90007/1393/3033/2308/8622/5071/338557/2775/2781/6833/9607/1113/3745,0.45505986738723
GO:0010833,telomere maintenance via telomere lengthening,71,0.588470862108749,1.81112628906834,0.000240117267764026,0.00404415272182506,0.00244609955073144,3784,"tags=42%, list=22%, signal=33%",7012/1736/10576/908/10575/545/51750/80119/4361/25913/7203/55651/3326/55226/22948/10694/65057/54552/3320/7520/64858/5888/10111/1499/10574/7015/3183/54433/84464/26272,0.518848077743792
GO:0060623,regulation of chromosome condensation,10,0.876275954527379,1.8110165882295,0.000641494833465719,0.00859981418712496,0.00520158437785381,930,"tags=60%, list=5%, signal=57%",64151/891/23397/9918/10051/10592,0.477270815362862
GO:0019228,neuronal action potential,21,-0.775653282445852,-1.81079797684044,0.00087802396598139,0.0108197586415904,0.00654431436512937,2609,"tags=57%, list=15%, signal=49%",3751/2475/6326/3779/259232/3737/1134/57578/6330/5023/2852/6335,0.477270815362862
GO:0034309,primary alcohol biosynthetic process,13,-0.856263600085905,-1.8106964288574,0.000679346011801733,0.00889353197632647,0.00537923913068506,1469,"tags=46%, list=8%, signal=42%",654/8912/1181/653/650/1589,0.477270815362862
GO:0033151,V(D)J recombination,14,0.811939495018526,1.80871218392068,0.00190590763076517,0.0191176195454568,0.0115632627642441,2217,"tags=64%, list=13%, signal=56%",7518/23397/10051/5591/10592/5896/3146/3148/6929,0.45505986738723
GO:0097720,calcineurin-mediated signaling,40,-0.676151159859935,-1.80851585916086,0.000848924320049883,0.0104831452799437,0.00634071429131156,3121,"tags=42%, list=18%, signal=35%",4772/151651/9472/805/4776/5336/5621/9495/1827/5532/493/2494/801/11261/6548/9455/63928,0.477270815362862
GO:0035994,response to muscle stretch,14,-0.845114187390641,-1.8084774783816,0.000644945015614034,0.00859981418712496,0.00520158437785381,552,"tags=36%, list=3%, signal=35%",6262/6546/6548/2934/1756,0.477270815362862
GO:0086010,membrane depolarization during action potential,26,-0.73995268862046,-1.8082753047555,0.00132319631595412,0.0148714109850446,0.00899495005046295,1873,"tags=50%, list=11%, signal=45%",54795/8913/6331/610/7871/477/775/1181/783/6330/6546/6335/287,0.45505986738723
GO:0071499,cellular response to laminar fluid shear stress,28,-0.730053465180716,-1.807746116415,0.000645205521694812,0.00859981418712496,0.00520158437785381,2690,"tags=50%, list=16%, signal=42%",6721/2475/207/107/5566/5577/112/824/10365/5598/5567/111/9314/115,0.477270815362862
GO:0007272,ensheathment of neurons,101,-0.58211045886954,-1.80749217748907,9.06681683399227e-05,0.00182516264897968,0.00110394681971017,2204,"tags=32%, list=13%, signal=28%",6326/388585/9514/57463/5376/3075/64398/6285/23114/5467/23205/58494/225/27242/5595/7122/8537/11076/163175/57716/7851/1902/4118/5764/4359/5803/1191/23136/1272/6663/287/5354,0.538434096309916
GO:0008366,axon ensheathment,101,-0.58211045886954,-1.80749217748907,9.06681683399227e-05,0.00182516264897968,0.00110394681971017,2204,"tags=32%, list=13%, signal=28%",6326/388585/9514/57463/5376/3075/64398/6285/23114/5467/23205/58494/225/27242/5595/7122/8537/11076/163175/57716/7851/1902/4118/5764/4359/5803/1191/23136/1272/6663/287/5354,0.538434096309916
GO:0030832,regulation of actin filament length,128,-0.574166604742961,-1.80738523970444,1.03128737011209e-05,0.000310867033924044,0.000188027447112743,2235,"tags=30%, list=13%, signal=27%",5216/148170/88/51466/1073/832/3071/29767/11078/2150/5581/81553/23580/2909/91663/10602/118/25802/2314/57704/57026/57731/6356/25959/256949/130271/50853/6840/51474/10178/5063/6387/6710/57482/85477/23500/2934/51676/7111,0.593325476396405
GO:0006400,tRNA modification,96,0.56750875260013,1.80667746073773,0.00024284010080177,0.00406670687325585,0.00245974139451846,5297,"tags=60%, list=31%, signal=42%",54517/4234/80324/134637/79691/11062/27304/24140/6894/51654/80745/55621/146712/6741/51605/54482/131965/55226/54931/129450/54802/10785/55798/51504/16/221078/348180/56931/81890/55006/54901/63892/3028/64172/84881/83480/55253/8518/84705/64118/25821/90353/126789/142940/55039/26995/54522/93587/51002/150962/25917/55687/54888/339175/9836/55152/81605/6301,0.518848077743792
GO:0030042,actin filament depolymerization,54,-0.632307970308173,-1.80657186738019,0.000676573313539484,0.00887700432362743,0.00536924240538247,2019,"tags=41%, list=12%, signal=36%",88/1073/832/29767/11078/2150/9645/118/25802/2314/57026/57731/130271/50853/6840/51474/6710/57482/85477/2934/51676/7111,0.477270815362862
GO:0071377,cellular response to glucagon stimulus,18,-0.782986743851593,-1.80374013049546,0.00209078484316603,0.0206548458960167,0.012493051756926,1145,"tags=39%, list=7%, signal=36%",5566/5577/112/111/2641/115/9340,0.431707695803346
GO:0032465,regulation of cytokinesis,83,0.576310100444219,1.80369809319733,0.000336649589984362,0.00525296857961973,0.00317724996221594,1805,"tags=27%, list=10%, signal=24%",5347/1894/9928/144455/6790/990/994/332/9212/55143/29127/9493/10112/92421/9055/11113/8451/1813/3619/9585/79733/10807,0.49849310876659
GO:0030518,nuclear receptor-mediated steroid hormone signaling pathway,115,-0.579313822633901,-1.80316610723095,3.58256516356288e-05,0.00088110117286287,0.000532932688584563,3278,"tags=37%, list=19%, signal=31%",8626/10474/3275/9325/23543/9604/9063/10424/55325/2033/2099/55625/8013/29966/9611/55809/8031/51341/167465/23558/27086/5467/1408/55885/6934/5139/133522/57178/85315/6256/8648/4306/25959/367/5241/5187/81285/6943/2908/6422/8611/2852/11240,0.557332238758646
GO:0043401,steroid hormone receptor signaling pathway,115,-0.579313822633901,-1.80316610723095,3.58256516356288e-05,0.00088110117286287,0.000532932688584563,3278,"tags=37%, list=19%, signal=31%",8626/10474/3275/9325/23543/9604/9063/10424/55325/2033/2099/55625/8013/29966/9611/55809/8031/51341/167465/23558/27086/5467/1408/55885/6934/5139/133522/57178/85315/6256/8648/4306/25959/367/5241/5187/81285/6943/2908/6422/8611/2852/11240,0.557332238758646
GO:2000573,positive regulation of DNA biosynthetic process,44,0.647330429501286,1.8029248246303,0.00189720485619546,0.0191176195454568,0.0115632627642441,3219,"tags=55%, list=19%, signal=45%",1736/890/63922/79075/5984/5983/10576/7422/908/10575/545/25913/7203/2264/11232/22948/7398/10694/5982/3320/5985/1499/10574/50507,0.45505986738723
GO:0033314,mitotic DNA replication checkpoint signaling,12,0.827816822419124,1.80287806519315,0.00282019321437712,0.0254249934265471,0.015378268150556,739,"tags=50%, list=4%, signal=48%",990/10926/4998/90381/8317/63967,0.431707695803346
GO:0000154,rRNA modification,39,0.658164553061831,1.80280603184272,0.00128743483811661,0.014552965343172,0.00880233869399435,3942,"tags=51%, list=23%, signal=40%",1736/51602/10528/4839/55695/55651/2091/27292/55226/51504/114049/221078/64216/55006/113000/51106/54433/84881/29081/79922,0.45505986738723
GO:0048545,response to steroid hormone,270,-0.524623379965059,-1.80262690226722,3.74550905881484e-07,1.6678865339177e-05,1.00881860352839e-05,2241,"tags=30%, list=13%, signal=27%",2033/2099/478/55625/8013/29966/9611/358/55809/6586/8031/51341/5578/6285/167465/23558/2805/27086/5467/210/57630/654/114131/54577/1408/54600/55885/6934/178/5139/4760/3158/610/4916/6869/133522/57178/85315/7538/5105/477/6256/5071/8648/4306/25959/6338/6340/367/3727/5241/6752/857/2354/54579/10628/54657/498/84830/54659/3291/5187/81285/2353/6943/2908/6422/4747/9607/54575/1843/54658/54576/8611/2852/6663/11240/687/590/11170/6750,0.674962860011025
GO:0003300,cardiac muscle hypertrophy,60,-0.630184550267177,-1.80209670281842,0.000471042545778067,0.00683651378786044,0.00413505484469141,2984,"tags=48%, list=17%, signal=40%",4088/9472/5997/5999/6093/7273/8013/7132/10611/5578/9464/4211/4089/4205/27086/2308/493/9759/28999/5025/3727/3572/817/408/6262/23125/8470/5152/6548,0.49849310876659
GO:0046058,cAMP metabolic process,22,-0.750837439658847,-1.80174106604768,0.00181746031209008,0.0185469300598359,0.0112180821070324,1276,"tags=45%, list=7%, signal=42%",5143/8622/112/5151/111/27115/9607/5144/115/117,0.45505986738723
GO:0061564,axon development,346,-0.51017443702847,-1.80156491895854,6.02105198512611e-08,3.72544669142855e-06,2.25333069866482e-06,2239,"tags=29%, list=13%, signal=25%",91653/219699/575/23499/7431/8543/57463/6586/51466/59277/2043/5578/4853/5048/4135/10439/1954/7074/4131/6285/56963/334/23057/23114/9723/91624/5802/4756/5532/57715/3897/144165/2258/2909/9252/27242/54413/9637/84665/284656/8399/80031/1630/27020/9369/57451/4760/64221/26050/57453/7869/4781/115557/25/5649/682/5592/1889/5979/57731/66008/5864/474/5797/10939/5794/79633/4915/8633/57549/10178/5063/5365/6387/54798/4133/4137/57556/54825/2045/55118/1946/2263/9201/1908/9499/256158/6900/5764/2596/23022/9211/3800/9378/1272/9423/2676/4684/5354,0.704975715167238
GO:0140053,mitochondrial gene expression,169,0.52632778384034,1.80106454355718,1.28303982870691e-05,0.000377085405656961,0.000228079527359841,5012,"tags=49%, list=29%, signal=35%",6472/80324/51001/51649/2617/56652/87178/51654/55037/63875/283459/28998/26164/51067/7019/54931/84300/51373/11222/54802/80222/28977/51642/65005/84311/22868/51095/9238/54938/10352/55278/23395/10102/78988/10240/9617/54534/64216/64983/65993/10128/60488/55157/7818/124454/55006/64949/6832/3028/64172/57038/6150/51253/51106/29088/219402/84881/9801/51073/6183/84705/122704/90480/28973/25821/63931/9553/51650/23107/51258/9692/57129/79072/115416/285367/3396/26995/29093/55173/10884/708/55687/55149,0.593325476396405
GO:0008212,mineralocorticoid metabolic process,11,-0.889649969877172,-1.80076114490832,0.000426126194454987,0.00630924375568366,0.00381613637708228,1469,"tags=64%, list=8%, signal=58%",654/1910/8912/1181/653/650/1589,0.49849310876659
GO:0007271,"synaptic transmission, cholinergic",23,-0.769356317237182,-1.8001369131935,0.000541559179704095,0.00759733856396341,0.00459523853977476,1602,"tags=39%, list=9%, signal=36%",3339/259232/6869/1134/89832/79608/1139/43/6865,0.477270815362862
GO:0006298,mismatch repair,35,0.656326977399664,1.80005828140621,0.00283886999063128,0.0255488659239499,0.0154531922399974,2666,"tags=40%, list=15%, signal=34%",7161/8313/9156/10535/3978/5111/4439/4436/84515/3146/5582/79621/2956/5378,0.431707695803346
GO:0019731,antibacterial humoral response,53,0.607304721261214,1.79984596746799,0.00118526530184408,0.0137145461500778,0.00829522213519464,1722,"tags=40%, list=10%, signal=36%",3502/3500/3503/8348/3501/8970/8343/8341/8339/8346/6700/8345/8342/8344/128312/8340/3017/440689/6170/8347/3018,0.45505986738723
GO:0010522,regulation of calcium ion transport into cytosol,11,-0.889136279618452,-1.79972137253745,0.000431554480677024,0.00637356089803906,0.00385503850166596,840,"tags=45%, list=5%, signal=43%",5025/857/2902/117/4842,0.49849310876659
GO:0048667,cell morphogenesis involved in neuron differentiation,405,-0.500683350952302,-1.79946349109242,6.98876196528547e-09,6.22423376241636e-07,3.7647182134663e-07,2249,"tags=27%, list=13%, signal=24%",29904/115207/91653/219699/575/23499/7431/8543/57463/6586/51466/10611/59277/2043/5578/4853/5048/4135/10439/1954/7074/4131/6285/56963/334/23114/4205/9723/22903/91624/5802/4756/5532/57715/3897/144165/2258/2909/9252/54413/9637/8976/84665/284656/8399/80031/1630/27020/9369/57451/64221/26050/57453/7869/4781/115557/25/5649/682/5592/1889/5979/57731/66008/5864/120892/5797/10939/5794/79633/4915/8633/57549/10178/5063/5365/6387/54798/158866/4133/1139/4137/57556/54825/9912/2045/816/4208/1946/2263/9201/1501/1908/80258/9499/256158/6900/5764/2596/23022/9211/3800/9378/1272/547/9423/2676/577/4684/22871,0.761460801445585
GO:0048512,circadian behavior,35,-0.691080469302338,-1.79931870787899,0.00135108352355463,0.0150410396807843,0.0090975497060597,3019,"tags=49%, list=17%, signal=40%",148523/5728/3751/463/2475/3398/114781/9611/153/3737/1958/8863/9607/285382/5350/9099/22871,0.45505986738723
GO:1904358,positive regulation of telomere maintenance via telomere lengthening,26,0.708240420228474,1.79915864023588,0.00271615631474683,0.0246960910848018,0.0149373926907723,3143,"tags=50%, list=18%, signal=41%",1736/10576/908/10575/545/51750/25913/7203/22948/10694/3320/1499/10574,0.431707695803346
GO:0110053,regulation of actin filament organization,231,-0.526459401839711,-1.79895675335727,1.40700812569232e-06,5.40548611948986e-05,3.26949996151533e-05,3523,"tags=38%, list=20%, signal=30%",9639/2241/10810/79822/9353/10163/6366/2039/123720/9788/6711/23075/51763/4088/253725/10979/5580/55704/7016/85358/10174/9948/387680/5999/382/6093/90102/2316/5216/84952/7082/148170/88/51466/5295/1073/832/3071/29767/10395/11078/2150/22998/5581/23370/81553/348110/23580/2909/91663/10602/389/118/25802/2314/7168/6869/5071/25/57704/395/57026/57731/6356/25959/256949/130271/5734/50853/6840/51474/55616/171024/10178/5063/6387/6710/6422/1902/57482/6548/85477/23500/2934/51676/11346/7111,0.643551836150722
GO:0032535,regulation of cellular component size,276,-0.515710231838221,-1.79872316582458,3.82243104580472e-07,1.68934208174738e-05,1.02179595861779e-05,2940,"tags=30%, list=17%, signal=25%",253725/80128/5728/57142/5580/8800/85358/9948/2475/9368/4478/382/9424/6560/5216/2647/148170/23499/7431/51704/358/88/79890/51466/1073/832/3071/29767/5048/10439/11078/1954/2150/51652/4131/5581/81553/56963/282679/5802/3897/23580/2258/2909/91663/10602/118/80031/1630/25802/2314/25/57704/57026/57731/6356/25959/256949/130271/50853/6840/51474/5865/65267/10178/5063/6387/4133/4137/54825/53841/6710/2045/1946/57482/85477/23500/2934/51676/9423/3778/7111,0.674962860011025
GO:1902644,tertiary alcohol metabolic process,19,-0.783979376845004,-1.79833040968257,0.00151258645573503,0.0162540826084287,0.00983125685423828,2024,"tags=42%, list=12%, signal=37%",1646/84869/8912/3291/653/650/1589/57016,0.45505986738723
GO:0043038,amino acid activation,47,0.62732819568992,1.79812505156646,0.00178618988803523,0.0183232533365987,0.0110827915851718,3770,"tags=53%, list=22%, signal=42%",9521/2617/3376/92935/1615/283459/7407/51067/8565/79587/80222/79731/4141/10056/16/54938/10352/55278/23395/2058/55157/124454/3735/57038/5917,0.45505986738723
GO:0043039,tRNA aminoacylation,47,0.62732819568992,1.79812505156646,0.00178618988803523,0.0183232533365987,0.0110827915851718,3770,"tags=53%, list=22%, signal=42%",9521/2617/3376/92935/1615/283459/7407/51067/8565/79587/80222/79731/4141/10056/16/54938/10352/55278/23395/2058/55157/124454/3735/57038/5917,0.45505986738723
GO:0022617,extracellular matrix disassembly,59,0.608260683874188,1.79806645576585,0.00128419161759741,0.014552965343172,0.00880233869399435,596,"tags=15%, list=3%, signal=15%",4312/4316/4320/4322/4314/5328/4319/4321/4318,0.45505986738723
GO:0051438,regulation of ubiquitin-protein transferase activity,15,0.770454845144933,1.79687986784257,0.0093762948502156,0.0595182085632477,0.0359994968640054,433,"tags=33%, list=2%, signal=33%",11065/4085/991/26271/27338,0.380730400722792
GO:0090224,regulation of spindle organization,46,0.629330315296536,1.79641305957824,0.00107089077070513,0.0127422994943416,0.00770716024154704,1491,"tags=33%, list=9%, signal=30%",22974/5347/225689/6491/8480/84722/79866/92421/29899/10615/10460/1104/163786/26151/55835,0.45505986738723
GO:0043502,regulation of muscle adaptation,58,-0.636313103365717,-1.79469026227158,0.000693098246674558,0.00900465535644213,0.00544645193615349,2984,"tags=47%, list=17%, signal=39%",4088/9472/5997/5999/6093/8013/7132/5578/9464/4089/4205/27086/2308/493/6331/9759/818/5025/3727/114907/3572/817/408/816/9314/5152/6548,0.477270815362862
GO:0072329,monocarboxylic acid catabolic process,108,-0.574592174958371,-1.79438534102627,8.49692889214991e-05,0.00174024209156994,0.00105258275123501,2816,"tags=35%, list=16%, signal=30%",8310/6342/1892/5825/207/1962/9663/1632/3033/5264/254013/440503/5467/34/2108/225/55268/1891/3030/3032/66002/37/30/1384/51/38/10455/1376/1374/35/84830/171586/10449/2110/56603/8647/32/197257,0.538434096309916
GO:0042573,retinoic acid metabolic process,27,-0.715347540146621,-1.79399987877757,0.00241041791483762,0.0228523169409928,0.0138221887370536,1422,"tags=44%, list=8%, signal=41%",130/1576/54577/54600/125/54659/126/56603/54658/54576/124/10170,0.431707695803346
GO:0006816,calcium ion transport,311,-0.514590368337233,-1.79380655993617,4.67816638581974e-07,1.99262768230786e-05,1.20523778742674e-05,1894,"tags=25%, list=11%, signal=23%",9495/487/54795/23413/7225/8913/116443/3958/2823/5532/2811/493/1910/9127/8912/55799/3690/259232/2946/6622/490/5310/5566/818/6786/7223/477/3954/801/775/5025/1134/845/6261/596/84502/10939/4638/3708/857/5334/162514/817/6717/57158/64072/6262/2902/89832/783/65267/489/2641/6387/1139/23228/815/140738/816/8787/782/5144/6546/1261/5023/9455/2247/773/79085/51196/2852/5350/140803/6263/117/287/4842/1756,0.674962860011025
GO:0050907,detection of chemical stimulus involved in sensory perception,33,0.660996467255169,1.79327419570422,0.0036885792208177,0.0307538562552716,0.0186014226325583,2267,"tags=45%, list=13%, signal=40%",1469/1470/563/259292/402317/259289/50832/259295/54429/259290/346528/127623/259296/259293/2780,0.431707695803346
GO:0006278,RNA-templated DNA biosynthetic process,61,0.600749357799912,1.79316697220378,0.0013672551896819,0.0151350772221285,0.00915442816823857,3585,"tags=43%, list=21%, signal=34%",7012/10721/1736/10576/908/10575/545/80119/4361/25913/7203/55651/3326/55226/22948/10694/65057/54552/3320/7520/10111/1499/10574/7015/3183/54433,0.45505986738723
GO:0019532,oxalate transport,7,-0.93467381806648,-1.79291551998503,0.000221661595353467,0.00380972765347274,0.00230430790886732,72,"tags=29%, list=0%, signal=28%",1811/1836,0.518848077743792
GO:0050433,regulation of catecholamine secretion,24,-0.761322852158403,-1.792504757719,0.000539430355219859,0.007585578057374,0.004588125215461,1267,"tags=38%, list=7%, signal=35%",6622/5071/3737/2865/5028/6387/9607/1113/3745,0.477270815362862
GO:0098901,regulation of cardiac muscle cell action potential,27,-0.714559619664179,-1.79202387526787,0.00241041791483762,0.0228523169409928,0.0138221887370536,1929,"tags=37%, list=11%, signal=33%",1824/54795/2258/2702/801/775/857/817/6262/287,0.431707695803346
GO:0070192,chromosome organization involved in meiotic cell cycle,24,0.715565926829258,1.79164330483459,0.00251840617619995,0.0233679502792305,0.01413406876824,1326,"tags=33%, list=8%, signal=31%",9319/84057/10388/9918/2177/57820/4439/23310,0.431707695803346
GO:0040020,regulation of meiotic nuclear division,9,0.901471181707185,1.79144678563736,0.000607222522699987,0.00824308080468942,0.00498581474042215,548,"tags=56%, list=3%, signal=54%",9319/10635/57082/26271/11130,0.477270815362862
GO:0030834,regulation of actin filament depolymerization,49,-0.646953190082454,-1.79111386128503,0.000881317635109367,0.0108376256468051,0.00655512119574012,2019,"tags=43%, list=12%, signal=38%",88/1073/832/29767/11078/2150/118/25802/2314/57026/57731/130271/50853/6840/51474/6710/57482/85477/2934/51676/7111,0.477270815362862
GO:0015837,amine transport,61,-0.635732549525409,-1.79064336194856,0.000482682762884478,0.00698820019762306,0.00422680213622421,1267,"tags=23%, list=7%, signal=21%",6622/477/5071/3737/2865/5028/6387/55640/9607/6584/1113/6865/3745/343,0.49849310876659
GO:0010569,regulation of double-strand break repair via homologous recombination,77,0.580444936562081,1.78958807248864,0.000231305406785329,0.0039295178644051,0.00237676283361889,2575,"tags=30%, list=15%, signal=26%",5347/10635/10721/55010/2187/1111/55257/8914/8089/149840/86/63979/6502/51750/10856/10459/3276/23028/8607/112441434/115004/55183/116028,0.518848077743792
GO:0014003,oligodendrocyte development,29,-0.724207481758509,-1.78951694869935,0.000525227333501841,0.00742136121712457,0.00448879891232985,948,"tags=21%, list=5%, signal=20%",11076/1902/1191/1272/6663/5354,0.477270815362862
GO:0009755,hormone-mediated signaling pathway,165,-0.542612402933159,-1.78886869288144,1.32919035651484e-05,0.000386781233445258,0.000233944033877839,2241,"tags=28%, list=13%, signal=25%",2033/2099/55625/8013/29966/9611/1393/55809/7376/8031/6899/51341/167465/26524/23558/27086/5467/114131/1408/55885/6934/5139/133522/57178/85315/6256/8648/2494/4306/25959/10365/367/7068/5241/6752/2776/55198/5187/81285/6943/2908/6422/56603/8611/2852/11240/6750,0.593325476396405
GO:0010971,positive regulation of G2/M transition of mitotic cell cycle,22,0.750241224364973,1.78847404132487,0.00271833462604062,0.0246960910848018,0.0149373926907723,2212,"tags=64%, list=13%, signal=56%",983/891/994/51514/26271/1019/8317/993/55920/995/219736/6240/80174/595,0.431707695803346
GO:1901976,regulation of cell cycle checkpoint,54,0.609718688440587,1.78835258925175,0.00188500697749207,0.019070690212906,0.0115348776296648,1617,"tags=30%, list=9%, signal=27%",675/4085/891/332/221150/57082/9212/55143/220134/11130/9675/55159/10403/348654/3619/672,0.45505986738723
GO:1902514,regulation of calcium ion transmembrane transport via high voltage-gated calcium channel,13,-0.845627609055172,-1.78820504772807,0.00111742375056161,0.0131364336116023,0.00794555165588621,642,"tags=38%, list=4%, signal=37%",817/783/782/5144/4842,0.45505986738723
GO:2001014,regulation of skeletal muscle cell differentiation,18,-0.776221703332871,-1.78815573502023,0.00268813588868755,0.0245269844234677,0.0148351087868824,336,"tags=22%, list=2%, signal=22%",4208/56603/221662/93649,0.431707695803346
GO:0007004,telomere maintenance via telomerase,59,0.604768296913995,1.78774268503703,0.00152879274160149,0.016368385674196,0.00990039288768027,3784,"tags=44%, list=22%, signal=35%",7012/1736/10576/908/10575/545/80119/4361/25913/7203/55651/3326/55226/22948/10694/65057/54552/3320/7520/10111/1499/10574/7015/3183/54433/26272,0.45505986738723
GO:0019722,calcium-mediated signaling,175,-0.542677282980485,-1.78709232237087,9.68833565347458e-06,0.000295067549073179,0.000178471153012641,2064,"tags=26%, list=12%, signal=23%",219931/5121/1193/5156/9495/54795/51554/1827/5532/493/1910/64805/2946/3632/5566/477/2494/801/775/5025/120892/845/6261/84502/3708/817/57158/6262/2902/4137/11261/1238/6546/6548/5023/9455/1760/11251/63928/51196/2899/6263/287/4842/1756,0.593325476396405
GO:0051590,positive regulation of neurotransmitter transport,22,-0.744467567895145,-1.78645565413837,0.00243573672170114,0.0230181036176194,0.0139224645533018,1035,"tags=23%, list=6%, signal=21%",5071/5865/2852/6865/22871,0.431707695803346
GO:0009812,flavonoid metabolic process,13,-0.844623765015432,-1.7860822705626,0.00117782344234747,0.0136667141083423,0.00826629099835394,1327,"tags=69%, list=8%, signal=64%",54577/54600/54579/54657/54659/27284/54575/54658/54576,0.45505986738723
GO:0042552,myelination,100,-0.579374499483841,-1.78548179290793,0.000228379306140002,0.00389105380142299,0.00235349790431192,2204,"tags=31%, list=13%, signal=27%",6326/388585/9514/57463/5376/3075/64398/6285/23114/23205/58494/225/27242/5595/7122/8537/11076/163175/57716/7851/1902/4118/5764/4359/5803/1191/23136/1272/6663/287/5354,0.518848077743792
GO:0051924,regulation of calcium ion transport,158,-0.550632897076982,-1.78491920645796,1.57858684472342e-05,0.000450433663751664,0.000272444108401533,1319,"tags=26%, list=8%, signal=24%",3690/2946/6622/490/5566/818/6786/477/801/775/5025/845/596/84502/10939/4638/857/162514/817/6717/57158/6262/2902/783/65267/2641/6387/815/816/8787/782/5144/6546/5023/9455/2852/5350/117/287/4842/1756,0.575610261071129
GO:0015803,branched-chain amino acid transport,12,0.819268982068219,1.78426197349742,0.00354330386928296,0.0298816931759616,0.0180738961361055,2022,"tags=58%, list=12%, signal=52%",54716/11254/8140/6520/23428/9057/9056,0.431707695803346
GO:0009994,oocyte differentiation,28,0.680737805809003,1.78387702187162,0.00328509761276237,0.0283550716120664,0.0171505214323193,579,"tags=25%, list=3%, signal=24%",891/2069/25879/163589/80336/7784/1909,0.431707695803346
GO:0048599,oocyte development,28,0.680737805809003,1.78387702187162,0.00328509761276237,0.0283550716120664,0.0171505214323193,579,"tags=25%, list=3%, signal=24%",891/2069/25879/163589/80336/7784/1909,0.431707695803346
GO:0007143,female meiotic nuclear division,19,0.761330303671762,1.78352972746077,0.00664004810730441,0.047194924757842,0.0285457776171379,1161,"tags=37%, list=7%, signal=34%",7153/2069/221150/23397/25879/220134/10403,0.407017918923954
GO:0032958,inositol phosphate biosynthetic process,18,-0.774161093223434,-1.78340877707122,0.00296690067761424,0.0263307678299947,0.015926124404693,1267,"tags=33%, list=7%, signal=31%",6622/3707/3706/5028/2852/117,0.431707695803346
GO:0141156,cAMP/PKA signal transduction,52,-0.649043673377989,-1.7831314285769,0.00030319847088932,0.00484293644534626,0.0029292426567502,2006,"tags=40%, list=12%, signal=36%",5158/5137/5140/5143/8622/5139/5566/5577/5151/7432/120892/8654/8736/5145/9867/27115/1902/5144/5152/5138/9378,0.49849310876659
GO:0008217,regulation of blood pressure,123,-0.567749181602983,-1.7826020798656,3.49736983814702e-05,0.000867406747199501,0.000524649636294793,1926,"tags=30%, list=11%, signal=27%",4881/5137/2150/28514/3777/1910/554/490/9283/7168/2702/6869/153/1816/10672/1889/94/6338/5025/6340/2865/170690/3043/3291/81285/6446/9607/1511/1215/5742/5023/1908/2767/1113/290/4842/5125,0.557332238758646
GO:0000723,telomere maintenance,159,0.514843991018635,1.78233032685756,2.33321784490335e-05,0.00063493770797879,0.000384041095641034,4029,"tags=43%, list=23%, signal=33%",4751/675/7012/1736/225689/641/9156/9401/9212/4609/3978/5111/10576/26354/149840/86/5591/908/10575/1017/545/51750/80119/4361/25913/7203/55651/10856/10459/3326/55226/2237/22948/10694/79035/8607/65057/112441434/54552/64421/3320/7520/197370/55183/5588/493861/1763/64858/5888/10111/1499/10574/7015/7517/286053/7874/3183/54433/1832/84464/23049/55869/26272/79677/50485/167227/7515/8550,0.575610261071129
GO:0002377,immunoglobulin production,78,0.581275425169727,1.78103289163058,0.000194158238227035,0.00343753651897141,0.00207918867388476,2939,"tags=29%, list=17%, signal=25%",10721/3329/7518/23397/2048/7293/149840/10051/5591/10592/4436/10538/10459/56259/112441434/6929/7037/51237/55183/2956/51010/22976/9025,0.518848077743792
GO:0031123,RNA 3'-end processing,89,0.563478492200185,1.78089818388508,0.00031347255722582,0.00495320347143379,0.00299593749780246,3638,"tags=38%, list=21%, signal=30%",891/1736/56915/6227/25888/1477/87178/11340/26024/25896/2091/11052/51692/23404/6741/7884/55656/54931/58490/54512/23016/51095/1478/51010/11051/26512/1479/29894/6832/3028/4686/81691/22916/11044,0.49849310876659
GO:0051054,positive regulation of DNA metabolic process,256,0.489887949155046,1.78045089381494,6.9595425834972e-07,2.84084661845809e-05,1.71828170573422e-05,2646,"tags=29%, list=15%, signal=25%",4751/983/144455/2305/10635/2069/10926/1736/225689/890/79915/81620/2187/63922/79075/9212/5984/5983/55257/4609/57332/8914/8317/5111/8089/10576/26354/149840/86/5591/7422/908/6502/10575/1017/545/3014/51750/4361/993/6742/25913/4436/7203/2264/2138/672/10856/3146/10459/11232/79733/3276/22948/27101/6188/80174/7398/10694/79035/8607/5582/65057/112441434/5982/3320/54929/7037/10155/1663/55183/5588/5985,0.659444398037935
GO:0010447,response to acidic pH,23,-0.760620190862058,-1.77969615874222,0.000765983928236794,0.00974557041163609,0.00589459326718172,1447,"tags=30%, list=8%, signal=28%",3777/6338/6340/2776/11261/6548/6750,0.477270815362862
GO:0002026,regulation of the force of heart contraction,14,-0.831623155057692,-1.77960773687413,0.00113314553415768,0.013268186154938,0.00802524197898448,1548,"tags=71%, list=9%, signal=65%",493/4625/477/817/6262/6546/6548/1113/5350/4842,0.45505986738723
GO:0043043,peptide biosynthetic process,19,-0.775242995712486,-1.7782904694428,0.00206822304043572,0.0204663552721906,0.0123790434931505,966,"tags=21%, list=6%, signal=20%",6505/124975/1756/5125,0.431707695803346
GO:0007612,learning,75,-0.608729971635696,-1.77804175137027,0.00031286981675147,0.00495320347143379,0.00299593749780246,2753,"tags=44%, list=16%, signal=37%",65009/85358/4130/8554/23208/9379/10396/1742/84446/5641/26047/5532/2258/54413/3643/9369/6869/7122/25/5649/6505/3815/57502/4915/2902/6833/2353/9607/5764/9378/5350/6865/590,0.49849310876659
GO:1903169,regulation of calcium ion transmembrane transport,100,-0.576780349508694,-1.77748729616563,0.000264028659329053,0.00433508508250328,0.00262206954140653,1319,"tags=29%, list=8%, signal=27%",3690/2946/6622/5566/477/801/775/5025/845/84502/10939/857/817/6717/57158/6262/2902/783/8787/782/5144/6546/5023/2852/5350/117/287/4842/1756,0.49849310876659
GO:0090592,DNA synthesis involved in DNA replication,27,0.697009465057212,1.77727561363559,0.00277332904422782,0.0250794278799556,0.0151692533614497,2521,"tags=37%, list=15%, signal=32%",10721/51514/5111/9768/5424/7083/5425/10459/7398/5427,0.431707695803346
GO:0030239,myofibril assembly,48,-0.648047433695416,-1.77582641891368,0.000791570858659954,0.00998466417854766,0.00603920876418529,2598,"tags=52%, list=15%, signal=44%",9948/4633/7273/10398/5156/88/29767/4089/4604/84665/25802/2314/7168/1465/58/84033/4629/9172/8736/4892/7140/4621/2318/5239/7111,0.477270815362862
GO:1990874,vascular associated smooth muscle cell proliferation,55,-0.6315143130752,-1.77521812560877,0.000557079633902851,0.00777794320209253,0.00470447697723622,1189,"tags=29%, list=7%, signal=27%",4209/7168/30008/2254/5592/1264/1026/9927/27250/9510/4208/2263/3248/2247/2852/93649,0.477270815362862
GO:0097479,synaptic vesicle localization,61,-0.629881958925096,-1.77416422897078,0.00058430252088818,0.00798727957623424,0.00483109376101304,1267,"tags=21%, list=7%, signal=20%",6622/6853/5071/5873/5864/120892/8120/4133/65018/3800/9378/6517/22871,0.477270815362862
GO:0050806,positive regulation of synaptic transmission,105,-0.576058897805964,-1.77389475900843,0.000112763103962255,0.00219477326188786,0.00132750523017797,2831,"tags=36%, list=16%, signal=30%",4776/286097/25769/85358/57616/22883/1742/5621/107/5641/2043/9495/6285/27065/54413/259232/27020/818/6869/25/5649/801/817/4915/2902/6844/1139/815/816/5152/4355/5764/9211/9378/2852/6865/22871/11170,0.538434096309916
GO:0033605,positive regulation of catecholamine secretion,7,-0.924462737962297,-1.77332836172647,0.000442426977283228,0.00650146443117703,0.00393240075686896,479,"tags=43%, list=3%, signal=42%",6387/9607/3745,0.49849310876659
GO:0071415,cellular response to purine-containing compound,9,-0.905378335468398,-1.77234321143466,0.000382330863959628,0.00582369850167514,0.00352245507734293,1296,"tags=78%, list=7%, signal=72%",2946/845/6261/5028/6262/6546/6263,0.49849310876659
GO:0007095,mitotic G2 DNA damage checkpoint signaling,33,0.65305062008582,1.77171722316702,0.0049263412339677,0.0387126119963398,0.0234152637957631,1823,"tags=30%, list=11%, signal=27%",5347/983/51514/641/90381/1111/63967/4361/672/11073,0.407017918923954
GO:0042255,ribosome assembly,65,0.589422804394406,1.77169356975735,0.00092767905649104,0.0113130653403617,0.00684269016279034,3065,"tags=37%, list=18%, signal=31%",55299/6223/51001/4869/84154/5591/23246/51154/57647/4839/85865/3692/26164/23212/6208/22868/1964/6209/7520/51388/55794/3921/83939/23195,0.477270815362862
GO:0008154,actin polymerization or depolymerization,161,-0.545776574849347,-1.76978309881815,1.49719103214441e-05,0.000429529171762952,0.000259800058589591,2471,"tags=29%, list=14%, signal=25%",382/64423/57553/5216/148170/88/51466/1073/832/3071/29767/11078/2150/5581/81553/23580/9645/2909/91663/10602/8976/118/25802/2314/25/57704/395/57026/57731/6356/25959/256949/130271/50853/6840/51474/10178/5063/6387/6710/57482/85477/23500/2934/51676/7111/11170,0.593325476396405
GO:0032633,interleukin-4 production,27,0.693908986969764,1.76936983276505,0.00302775606378128,0.0267224476620215,0.0161630313483851,3611,"tags=56%, list=21%, signal=44%",51176/50943/53832/7784/8140/3556/53833/6850/161882/5588/940/1649/84868/90865/1051,0.431707695803346
GO:0032673,regulation of interleukin-4 production,27,0.693908986969764,1.76936983276505,0.00302775606378128,0.0267224476620215,0.0161630313483851,3611,"tags=56%, list=21%, signal=44%",51176/50943/53832/7784/8140/3556/53833/6850/161882/5588/940/1649/84868/90865/1051,0.431707695803346
GO:0030833,regulation of actin filament polymerization,108,-0.566559272109958,-1.76929950842138,0.000128347428446294,0.00244943566366012,0.00148153739202032,2235,"tags=29%, list=13%, signal=25%",5216/148170/51466/832/3071/29767/11078/5581/81553/23580/91663/10602/118/25802/2314/57704/57731/6356/25959/256949/50853/6840/10178/5063/6710/57482/85477/23500/2934/51676/7111,0.518848077743792
GO:0007409,axonogenesis,309,-0.505400243255207,-1.76924728248828,4.64330400108177e-07,1.99221466557363e-05,1.20498797489058e-05,2239,"tags=30%, list=13%, signal=26%",91653/219699/575/23499/7431/8543/57463/6586/51466/59277/2043/5578/4853/5048/4135/10439/1954/7074/4131/6285/56963/334/23114/9723/91624/5802/4756/5532/57715/3897/144165/2258/2909/9252/54413/9637/84665/284656/8399/80031/1630/27020/9369/57451/64221/26050/57453/7869/4781/115557/25/5649/682/5592/1889/5979/57731/66008/5864/5797/10939/5794/79633/4915/8633/57549/10178/5063/5365/6387/54798/4133/4137/57556/54825/2045/1946/2263/9201/1908/9499/256158/6900/2596/23022/9211/3800/9378/1272/9423/2676/4684,0.674962860011025
GO:0055001,muscle cell development,110,-0.564498071608821,-1.76888051303131,9.30117506713979e-05,0.00186594904589241,0.00112861640912151,2271,"tags=36%, list=13%, signal=32%",7273/10398/858/5156/88/10611/29767/4211/4089/4205/27086/5532/4604/144165/84665/25802/2314/7168/1465/30008/58/84033/9734/4629/6261/9172/8736/84466/4892/57462/7140/4621/8470/6546/51676/287/2318/5239/1756/7111,0.538434096309916
GO:0033313,meiotic cell cycle checkpoint signaling,8,0.904818256843753,1.76887247145254,0.00117316400347229,0.0136598785860127,0.00826215654319124,548,"tags=50%, list=3%, signal=48%",7272/9319/57082/11130,0.45505986738723
GO:0003009,skeletal muscle contraction,39,-0.671265676695304,-1.76882338556044,0.000741007023488203,0.00946878105231229,0.00572717764911286,1366,"tags=33%, list=8%, signal=31%",342667/2946/4625/92241/23336/6769/1134/7140/4621/1760/4151/6329/1756,0.477270815362862
GO:0032212,positive regulation of telomere maintenance via telomerase,23,0.722537401491625,1.76820281559663,0.00590333143041091,0.0437024964080042,0.0264333877038201,3143,"tags=52%, list=18%, signal=43%",1736/10576/908/10575/545/25913/7203/22948/10694/3320/1499/10574,0.407017918923954
GO:0014897,striated muscle hypertrophy,61,-0.627563762275605,-1.76763465384489,0.000680879407254574,0.00889379812409419,0.00537940010975282,2984,"tags=48%, list=17%, signal=40%",4088/9472/5997/5999/6093/7273/8013/7132/10611/5578/9464/4211/4089/4205/27086/2308/493/9759/28999/5025/3727/3572/817/408/6262/23125/8470/5152/6548,0.477270815362862
GO:0007129,homologous chromosome pairing at meiosis,17,0.753781067829701,1.76760515143552,0.00648901931488619,0.0462893877826469,0.027998064971114,1137,"tags=35%, list=7%, signal=33%",9319/84057/10388/2177/57820/4439,0.407017918923954
GO:0150116,regulation of cell-substrate junction organization,71,-0.607078149066908,-1.76702850515353,0.000258125474325323,0.00425041592433507,0.00257085753137576,2984,"tags=35%, list=17%, signal=29%",4088/10979/5728/23603/382/10982/6093/90102/23499/5295/10395/22998/79834/25/7010/7414/94/395/1845/7094/58480/6422/1946/6548/11170,0.49849310876659
GO:0106300,protein-DNA covalent cross-linking repair,10,0.854490545535387,1.76599225900761,0.00192595945203221,0.0192530436378322,0.0116451738181294,1866,"tags=50%, list=11%, signal=45%",10293/93953/374393/83990/63901,0.45505986738723
GO:0071379,cellular response to prostaglandin stimulus,19,-0.76952330724011,-1.76517036702993,0.00249438316017499,0.0233616035488775,0.0141302299581522,964,"tags=32%, list=6%, signal=30%",112/5734/54331/6422/5729/11251,0.431707695803346
GO:0033688,regulation of osteoblast proliferation,20,-0.758927524810152,-1.7634709503023,0.00250851197043962,0.0233616035488775,0.0141302299581522,2995,"tags=50%, list=17%, signal=41%",10855/4088/4330/3491/10516/3690/30812/650/6422/2263,0.431707695803346
GO:0040001,establishment of mitotic spindle localization,34,0.647860650159795,1.76319359236692,0.0068857849886419,0.0482990980468223,0.0292136351318971,1433,"tags=24%, list=8%, signal=22%",89958/51203/1058/9700/54908/29899/10403/5314,0.407017918923954
GO:0099518,vesicle cytoskeletal trafficking,54,-0.616375391173256,-1.76105077545734,0.00172274010550085,0.017827933697419,0.0107831982636023,2903,"tags=30%, list=17%, signal=25%",80128/26115/8499/2647/5048/23095/4644/8976/22906/66008/8120/10749/4133/1780/79443/547,0.45505986738723
GO:0031573,mitotic intra-S DNA damage checkpoint signaling,17,0.750833069980462,1.76069214126966,0.00746479450817196,0.0511075799875519,0.0309123411121093,3308,"tags=59%, list=19%, signal=48%",10926/8914/2177/8317/4361/11200/144715/146956/9656/54962,0.407017918923954
GO:0021762,substantia nigra development,40,-0.658165514666549,-1.76040927220149,0.00165282338428946,0.0174109244674793,0.010530970872559,1091,"tags=18%, list=6%, signal=16%",2254/4129/801/57447/1152/11240/5354,0.45505986738723
GO:0042745,circadian sleep/wake cycle,17,-0.771525023501424,-1.75886464078571,0.00301378925888972,0.0266792970839665,0.0161369317876478,1110,"tags=35%, list=6%, signal=33%",153/3737/8863/9607/5350/22871,0.431707695803346
GO:0006470,protein dephosphorylation,78,-0.602491793831459,-1.75873508431366,0.000399937515857895,0.00599702224033854,0.00362728967396625,1769,"tags=27%, list=10%, signal=24%",5784/5792/5802/5532/5500/8897/4659/4534/5801/5494/57026/1845/5794/7957/23371/5516/78986/1843/11099/5523/5803,0.49849310876659
GO:0006066,alcohol metabolic process,281,-0.51026625953286,-1.75826811851591,8.00111538793526e-07,3.22127097604681e-05,1.94838079303207e-05,1712,"tags=21%, list=10%, signal=20%",6770/338/2805/5467/3419/3705/57104/654/84869/1910/130/8912/1576/5563/8630/6622/79947/3158/3632/5566/5105/441282/57704/2770/37/8824/3707/3706/114876/8613/1727/1181/4779/51474/125/5028/80168/79153/27163/9971/54657/54659/3291/653/27284/650/10449/126/1589/5593/8611/57016/54884/5959/2852/124/117/10170/6799/343,0.659444398037935
GO:0031579,membrane raft organization,24,-0.74640582309373,-1.75738319858853,0.00103140158623513,0.0122973195210752,0.00743801478944351,2161,"tags=33%, list=12%, signal=29%",858/3611/81035/91663/857/11252/4118/2934,0.45505986738723
GO:0010649,regulation of cell communication by electrical coupling,13,-0.830257470930497,-1.75570261014857,0.00224195506515894,0.0216036260213184,0.0130669199557501,1169,"tags=62%, list=7%, signal=57%",2702/801/845/857/817/6717/5144/6546,0.431707695803346
GO:0007098,centrosome cycle,137,0.521195584156937,1.75501282877345,8.36270676398027e-05,0.00172545345484486,0.00104363786706831,2503,"tags=30%, list=14%, signal=26%",4751/5347/675/983/7516/6790/56992/1111/6491/151648/899/10733/284403/92421/4869/9768/1017/2648/3832/10403/91147/163786/348654/80071/11190/23354/282809/5314/55835/672/4957/55722/55226/84612/221908/22995/9793/55559/85459/134359/51175,0.538434096309916
GO:0045911,positive regulation of DNA recombination,61,0.587598953218021,1.75391454378052,0.00266784370557225,0.024399317887871,0.0147578898792775,4282,"tags=41%, list=25%, signal=31%",10635/2187/55257/8914/8089/149840/86/6502/4436/10856/10459/3276/8607/112441434/7037/55183/22976/9025/9643/5395/64769/4683/54799/84787/2068,0.431707695803346
GO:0009214,cyclic nucleotide catabolic process,14,-0.819471819618118,-1.75360484069441,0.00166521999564565,0.0174716745124882,0.0105677154438017,1276,"tags=57%, list=7%, signal=53%",5143/8622/5151/8654/27115/5144/5152/5138,0.45505986738723
GO:0014014,negative regulation of gliogenesis,25,-0.723595921280584,-1.7531749671976,0.000732001729799978,0.00941511196447324,0.00569471598391837,1118,"tags=32%, list=6%, signal=30%",4916/474/257194/6833/1271/54857/23500/6663,0.477270815362862
GO:0032970,regulation of actin filament-based process,341,-0.493029647096417,-1.75283666568064,2.17533270808621e-07,1.15194645568746e-05,6.967530411295e-06,3032,"tags=32%, list=17%, signal=27%",154/23075/51763/4088/253725/3759/10979/5580/55704/7016/85358/10391/55114/10174/9948/2475/387680/5999/382/6093/90102/2316/5216/84952/7082/148170/5156/88/51466/5295/1073/832/1824/3071/29767/10395/487/11078/54795/2150/22998/4089/5581/23370/81553/10788/54509/348110/23580/2258/2909/4739/85458/91663/10602/6331/389/3690/118/1398/25802/2314/7168/2702/5154/6869/26084/477/5071/25/57704/395/57026/57731/6356/25959/256949/775/130271/5734/9839/50853/857/6840/51474/817/55616/6717/6262/171024/10178/5063/6387/9912/6710/6422/1902/1946/5144/57482/6548/85477/5350/23500/2934/51676/287/11346/7111/11170,0.690132458796796
GO:0032543,mitochondrial translation,129,0.524929697960336,1.75262379084472,0.000101605290315623,0.00199744446981684,0.00120815121393957,4918,"tags=48%, list=28%, signal=35%",6472/51649/2617/55037/63875/283459/28998/26164/51067/84300/51373/11222/80222/28977/51642/65005/84311/22868/54938/10352/55278/23395/10102/78988/10240/9617/54534/64983/65993/10128/60488/55157/7818/124454/64949/57038/6150/51253/29088/219402/84881/9801/51073/6183/122704/90480/28973/63931/9553/51650/23107/51258/57129/79072/115416/285367/3396/26995/29093/55173/10884/708,0.538434096309916
GO:0140115,export across plasma membrane,64,-0.605792361762589,-1.75190914433396,0.00133140923225204,0.0149054169490995,0.00901551850549384,2960,"tags=44%, list=17%, signal=36%",159371/805/30819/19/5174/5243/23327/483/478/53826/9429/222962/10928/23704/490/3752/343450/477/3737/801/8671/8787/6546/6548/3741/55532/5348/3745,0.45505986738723
GO:0050879,multicellular organismal movement,42,-0.655266573073753,-1.7507697981124,0.00190506419133201,0.0191176195454568,0.0115632627642441,1366,"tags=31%, list=8%, signal=29%",342667/2946/4625/92241/23336/6769/1134/7140/4621/1760/4151/6329/1756,0.45505986738723
GO:0050881,musculoskeletal movement,42,-0.655266573073753,-1.7507697981124,0.00190506419133201,0.0191176195454568,0.0115632627642441,1366,"tags=31%, list=8%, signal=29%",342667/2946/4625/92241/23336/6769/1134/7140/4621/1760/4151/6329/1756,0.45505986738723
GO:0051053,negative regulation of DNA metabolic process,120,0.533978217380386,1.7504719875513,0.000135213099994508,0.00253115478269974,0.00153096507542362,4152,"tags=42%, list=24%, signal=33%",5347/990/10721/1602/641/6282/55010/81620/2187/26271/3009/8914/149840/545/51750/80119/4361/25913/7291/3007/23560/4436/10459/1677/55226/6188/65057/112441434/54552/7520/115004/55183/116028/2956/79000/10111/10923/3008/54962/55086/92797/56893/3183/84464/8091/57662/6921/167227/7515/23244/4683,0.518848077743792
GO:1902570,protein localization to nucleolus,22,0.733708834629581,1.74906305066938,0.00456203755552886,0.0363355782539277,0.021977518594399,3229,"tags=59%, list=19%, signal=48%",55127/27042/4869/84154/5901/705/55035/23212/51068/785/10280/25885/7015,0.407017918923954
GO:0051552,flavone metabolic process,9,-0.893383126516702,-1.74886172715077,0.000807726046675838,0.010091923981833,0.00610408469115313,1327,"tags=89%, list=8%, signal=82%",54577/54600/54579/54657/54659/54575/54658/54576,0.477270815362862
GO:0061640,cytoskeleton-dependent cytokinesis,122,0.526978436350748,1.7484123395976,8.20846696421738e-05,0.00172319174341678,0.00104226987439131,1692,"tags=22%, list=10%, signal=20%",24137/5347/1894/128239/26586/54443/55165/51203/1058/332/9700/6242/9212/55143/29127/9493/10112/92421/11113/27443/5921/3925/8451/3619/9585/114327/285643,0.538434096309916
GO:0001912,positive regulation of leukocyte mediated cytotoxicity,47,0.609953120048775,1.74832247773372,0.00341901154505882,0.0291260142925446,0.0176168249262948,244,"tags=9%, list=1%, signal=8%",154064/80328/563/79465,0.431707695803346
GO:0050909,sensory perception of taste,29,0.684357459134032,1.74810230194909,0.00323984936802517,0.0280882516006666,0.0169891357590017,1472,"tags=31%, list=8%, signal=28%",1469/1470/563/259292/259289/50832/259295/54429/259290,0.431707695803346
GO:0006705,mineralocorticoid biosynthetic process,10,-0.887457193853657,-1.74746346886913,0.000571293512067584,0.00787626191996021,0.00476394490244753,1469,"tags=60%, list=8%, signal=55%",654/8912/1181/653/650/1589,0.477270815362862
GO:0019985,translesion synthesis,26,0.687755129950454,1.74711940899637,0.00555325045731646,0.0418800648582444,0.0253310927852705,2521,"tags=35%, list=15%, signal=30%",10721/51514/5111/9768/5424/5425/10459/7398/5427,0.407017918923954
GO:0141193,nuclear receptor-mediated signaling pathway,159,-0.527718051531638,-1.74654899346875,7.51317231547652e-05,0.001617671313933,0.000978446004990862,2241,"tags=29%, list=13%, signal=25%",2033/2099/55625/8013/29966/9611/55809/7376/8031/6899/51341/167465/23558/440503/27086/5467/1408/8399/55885/6934/5139/133522/57178/85315/6256/8648/2874/4306/25959/10365/367/3727/7068/5241/10370/9971/5187/81285/6943/2908/650/6422/56603/8611/2852/11240,0.538434096309916
GO:0051952,regulation of amine transport,45,-0.635722333840059,-1.74603684918772,0.00134818506331702,0.0150372519965417,0.00909525873107398,1267,"tags=24%, list=7%, signal=23%",6622/477/5071/3737/2865/5028/6387/9607/1113/6865/3745,0.45505986738723
GO:2000241,regulation of reproductive process,88,0.552329205336519,1.74600771069171,0.000444749702790994,0.00650308147513796,0.00393337882342046,1673,"tags=28%, list=10%, signal=26%",3624/259266/7272/6662/9319/10635/991/994/9088/225689/57082/26271/7784/56729/11130/3066/7422/57647/993/7076/55726/995/3625/64682/8881,0.49849310876659
GO:0061178,regulation of insulin secretion involved in cellular response to glucose stimulus,46,-0.642918022272751,-1.74572441305088,0.000964912390240168,0.0116943402676942,0.00707330371588891,2579,"tags=39%, list=15%, signal=33%",5019/781/222546/54795/5532/5467/572/9854/8622/5071/2822/6717/111/9971/2641/6833/1946/9607,0.477270815362862
GO:0140238,presynaptic endocytosis,72,-0.598757282440248,-1.74569304693947,0.000308003291769641,0.00490635053935488,0.00296759857393093,3707,"tags=44%, list=21%, signal=35%",2580/58513/5289/8867/84162/161/1785/805/23208/382/6093/10396/23396/273/6453/11037/5532/6623/85439/54413/6622/5071/1212/801/824/120892/8120/4638/6844/22848/6517/22871,0.49849310876659
GO:0051016,barbed-end actin filament capping,25,-0.720502856920581,-1.74568089094813,0.000820430212881931,0.0101955365567019,0.00616675459762551,1950,"tags=40%, list=11%, signal=36%",832/11078/118/2314/50853/6840/57482/85477/2934/51676,0.477270815362862
GO:0070884,regulation of calcineurin-NFAT signaling cascade,28,-0.704945266546224,-1.74557361708929,0.00215094819947292,0.0210370607595704,0.0127242338290016,3924,"tags=54%, list=23%, signal=42%",3479/10519/8445/151651/9472/5336/5621/9495/1827/5532/493/11261/6548/9455/63928,0.431707695803346
GO:0106056,regulation of calcineurin-mediated signaling,28,-0.704945266546224,-1.74557361708929,0.00215094819947292,0.0210370607595704,0.0127242338290016,3924,"tags=54%, list=23%, signal=42%",3479/10519/8445/151651/9472/5336/5621/9495/1827/5532/493/11261/6548/9455/63928,0.431707695803346
GO:0033173,calcineurin-NFAT signaling cascade,36,-0.66935874217317,-1.7454941936265,0.00214145363120354,0.0210370607595704,0.0127242338290016,3924,"tags=47%, list=23%, signal=37%",3479/10519/8445/4772/151651/9472/4776/5336/5621/9495/1827/5532/493/11261/6548/9455/63928,0.431707695803346
GO:0090670,RNA localization to Cajal body,19,0.745009031096387,1.74529471344939,0.00974536442021032,0.061069565098077,0.0369378324768993,2107,"tags=53%, list=12%, signal=46%",1736/10576/908/10575/7203/55651/10856/22948/10694/8607,0.380730400722792
GO:0090671,telomerase RNA localization to Cajal body,19,0.745009031096387,1.74529471344939,0.00974536442021032,0.061069565098077,0.0369378324768993,2107,"tags=53%, list=12%, signal=46%",1736/10576/908/10575/7203/55651/10856/22948/10694/8607,0.380730400722792
GO:0090672,telomerase RNA localization,19,0.745009031096387,1.74529471344939,0.00974536442021032,0.061069565098077,0.0369378324768993,2107,"tags=53%, list=12%, signal=46%",1736/10576/908/10575/7203/55651/10856/22948/10694/8607,0.380730400722792
GO:0090685,RNA localization to nucleus,19,0.745009031096387,1.74529471344939,0.00974536442021032,0.061069565098077,0.0369378324768993,2107,"tags=53%, list=12%, signal=46%",1736/10576/908/10575/7203/55651/10856/22948/10694/8607,0.380730400722792
GO:0006450,regulation of translational fidelity,17,0.744207781217277,1.74515593978178,0.00892846057302203,0.0577989991720523,0.0349596357092272,2874,"tags=59%, list=17%, signal=49%",92675/3376/27000/283459/7407/6193/80222/16/23395/112487,0.380730400722792
GO:0030835,negative regulation of actin filament depolymerization,41,-0.656093004275174,-1.74378578579093,0.00184031671032418,0.0187151931198712,0.0113198557599747,1950,"tags=41%, list=11%, signal=37%",832/29767/11078/118/25802/2314/57731/130271/50853/6840/51474/6710/57482/85477/2934/51676/7111,0.45505986738723
GO:0006805,xenobiotic metabolic process,106,-0.56114598191126,-1.74349814788423,0.000238311394481223,0.00402527119758802,0.00243467908985119,1810,"tags=28%, list=10%, signal=26%",5581/405/79799/2052/1576/54577/2946/54600/23491/9915/1806/66002/316/7367/30/8824/7366/9153/2902/54659/27284/54575/56603/134147/54658/54576/8647/4842/6799/590,0.518848077743792
GO:0050965,detection of temperature stimulus involved in sensory perception of pain,11,-0.861282758301249,-1.74334241380627,0.00173952125730722,0.0179699577336587,0.010869101283378,479,"tags=27%, list=3%, signal=27%",6387/9607/6335,0.45505986738723
GO:0007274,neuromuscular synaptic transmission,16,-0.770122366372595,-1.74308737299252,0.0032098941543445,0.0279108843775695,0.0168818554670407,1816,"tags=44%, list=10%, signal=39%",23095/23504/1134/1139/1837/9378/22871,0.431707695803346
GO:0003254,regulation of membrane depolarization,37,-0.664962023420921,-1.7428297809841,0.00264030428924471,0.0242117139035576,0.014644417898047,1873,"tags=41%, list=11%, signal=36%",54795/2805/6331/2702/610/7871/4092/7223/120892/596/23171/1181/2776/817/2273,0.431707695803346
GO:0032228,"regulation of synaptic transmission, GABAergic",21,-0.746366550494043,-1.74242676489974,0.00247503680426178,0.0232400420694102,0.0140567036843528,1307,"tags=29%, list=8%, signal=26%",259232/6869/5334/23228/9378/22871,0.431707695803346
GO:0002181,cytoplasmic translation,208,0.491181959737336,1.74160404605461,2.53931025099029e-05,0.00068041793267629,0.000411549739565221,3971,"tags=46%, list=23%, signal=36%",5317/200916/6201/6223/8894/6173/6227/4869/10322/24140/6059/8662/25873/6167/26986/3646/6222/6170/6129/1968/6210/28985/55139/6147/6141/7884/6233/6193/6144/8667/6161/6188/10973/6205/6158/6157/6168/6208/6187/6156/6206/6137/6132/55854/6160/6209/6217/51095/11224/6224/6165/51121/6191/6128/6181/10480/6228/16/90850/5315/6136/23521/6159/9349/10492/6146/6143/6232/6130/2058/6175/4736/6202/3921/8562/2597/728689/8663/10399/116832/138428/1973/6204/6152/6138/4686/6134/6142/9045/22916/255308/6207/6189/6133/6169/6125,0.575610261071129
GO:0051450,myoblast proliferation,15,-0.803528011383926,-1.74151729595315,0.00389752741158355,0.0324040539254429,0.019599542154069,1967,"tags=60%, list=11%, signal=53%",4212/5467/23060/25/84913/6665/84466/2353/3741,0.431707695803346
GO:0010458,exit from mitosis,23,0.71158840242837,1.74140828436316,0.00857260710267525,0.0561133458235246,0.0339400708752212,588,"tags=22%, list=3%, signal=21%",11065/54443/332/27338/9735,0.380730400722792
GO:0060078,regulation of postsynaptic membrane potential,91,-0.572126741946466,-1.74112548335412,0.000415198671976039,0.00619425836008923,0.00374658763749431,2609,"tags=36%, list=15%, signal=31%",3751/2561/5999/1742/207/10497/9699/388135/116443/9127/54413/2894/6785/5071/5649/3737/22999/5025/120892/1134/57502/84866/2743/2902/89832/1139/4208/5023/4355/9378/2899/4842/22871,0.49849310876659
GO:0015801,aromatic amino acid transport,14,0.781469598700657,1.740836100726,0.00601187758547408,0.0441722705592708,0.0267175298763343,1753,"tags=64%, list=10%, signal=58%",11254/6541/92745/8140/10991/117247/6520/23428/123096,0.407017918923954
GO:0001942,hair follicle development,34,0.639409638913869,1.74019363261606,0.0087956805166498,0.0571913828283932,0.0345921198987534,867,"tags=21%, list=5%, signal=20%",1001/3624/6662/3872/79651/3066/55612,0.380730400722792
GO:0070593,dendrite self-avoidance,14,-0.813146591848014,-1.74006935384714,0.00246629109117252,0.0231949744542593,0.014029444606678,1612,"tags=71%, list=9%, signal=65%",91624/63923/84665/27020/64221/57453/682/57549/6900/23022,0.431707695803346
GO:0032271,regulation of protein polymerization,173,-0.524375563016269,-1.73993763032882,5.57600434669374e-05,0.00126951859703083,0.000767866369903288,2002,"tags=25%, list=12%, signal=22%",51466/832/3071/29767/11078/4131/5581/1639/81553/57606/6249/23580/91663/10602/118/6622/25802/2314/25999/25/57704/11076/57731/6356/25959/256949/122060/50853/6840/5516/10178/5063/4133/65018/4137/6710/57482/85477/23500/2934/11075/51676/7111,0.557332238758646
GO:0022404,molting cycle process,35,0.633572091256921,1.73765017896011,0.00607318220299915,0.0444318749261177,0.0268745511781474,867,"tags=20%, list=5%, signal=19%",1001/3624/6662/3872/79651/3066/55612,0.407017918923954
GO:0022405,hair cycle process,35,0.633572091256921,1.73765017896011,0.00607318220299915,0.0444318749261177,0.0268745511781474,867,"tags=20%, list=5%, signal=19%",1001/3624/6662/3872/79651/3066/55612,0.407017918923954
GO:0050768,negative regulation of neurogenesis,78,-0.595144349334531,-1.73728714336393,0.000563015740669583,0.00780520406522597,0.00472096566835398,1774,"tags=26%, list=10%, signal=23%",56963/5080/5802/2258/80031/1630/4916/6356/66008/474/257194/55198/6833/4133/1271/2045/54857/5764/23500/6663,0.477270815362862
GO:0086012,membrane depolarization during cardiac muscle cell action potential,19,-0.757155197184217,-1.73679978856737,0.00391392520907919,0.0324485929181488,0.0196264814952714,1873,"tags=58%, list=11%, signal=52%",54795/8913/6331/610/7871/477/775/783/6330/6546/287,0.407017918923954
GO:0001937,negative regulation of endothelial cell proliferation,36,-0.66591107806939,-1.73650368181936,0.00229305714146182,0.0220238396691382,0.0133210855340172,1242,"tags=25%, list=7%, signal=23%",407004/55333/94/84913/5797/857/498/4208/7857,0.431707695803346
GO:0090030,regulation of steroid hormone biosynthetic process,12,-0.841223441849873,-1.73627832870981,0.0015627902375087,0.016611358076087,0.0100473543710828,1469,"tags=42%, list=8%, signal=38%",654/2494/1181/653/650,0.45505986738723
GO:0032341,aldosterone metabolic process,10,-0.881679510561338,-1.73608681818902,0.000806212104275468,0.010091923981833,0.00610408469115313,1469,"tags=60%, list=8%, signal=55%",654/1910/8912/1181/653/650,0.477270815362862
GO:0000910,cytokinesis,174,0.497524015384139,1.73555377876118,6.20307535198723e-05,0.00138112412571898,0.000835370802193873,1805,"tags=21%, list=10%, signal=19%",24137/5347/1894/128239/26586/9928/54443/144455/55165/51203/6790/990/1058/994/332/9700/6242/9212/55143/29127/9493/10112/92421/9055/11113/27443/5921/3925/8451/1813/3619/9585/114327/285643/79733/10807,0.538434096309916
GO:0045913,positive regulation of carbohydrate metabolic process,64,-0.59984869995798,-1.734720490063,0.00170382598814835,0.0176945038133145,0.010702493403521,2597,"tags=33%, list=15%, signal=28%",5663/2475/5745/207/51422/9878/26137/405/2308/5563/3643/6622/5566/10891/8671/2822/5028/2641/2852/10580/117,0.45505986738723
GO:0031343,positive regulation of cell killing,49,0.60180844474619,1.73435642324035,0.00396016314802213,0.0326685852795627,0.0197595435365526,244,"tags=8%, list=1%, signal=8%",154064/80328/563/79465,0.407017918923954
GO:0051797,regulation of hair follicle development,13,0.790373669892165,1.7337691757578,0.00633437548394818,0.045685225883003,0.0276326385757872,1605,"tags=31%, list=9%, signal=28%",1001/3872/55612/11187,0.407017918923954
GO:0016048,detection of temperature stimulus,12,-0.839853093461784,-1.73344994080399,0.00160364692427644,0.0169536629872246,0.0102543969698522,479,"tags=25%, list=3%, signal=24%",6387/9607/6335,0.45505986738723
GO:0050961,detection of temperature stimulus involved in sensory perception,12,-0.839853093461784,-1.73344994080399,0.00160364692427644,0.0169536629872246,0.0102543969698522,479,"tags=25%, list=3%, signal=24%",6387/9607/6335,0.45505986738723
GO:0032467,positive regulation of cytokinesis,38,0.644395608909295,1.73305761411365,0.00435375345761421,0.0350720233854403,0.0212132593765283,1591,"tags=34%, list=9%, signal=31%",1894/9928/990/994/332/9212/55143/29127/9493/11113/1813/3619/9585,0.407017918923954
GO:0007613,memory,65,-0.593575349770925,-1.7323861429527,0.00109032277248336,0.0129212041464863,0.0078153704451017,2831,"tags=46%, list=16%, signal=39%",4776/85358/4130/814/5663/23208/1979/5621/55450/6326/5641/6722/55902/5532/2258/3643/8850/6869/5649/6505/1958/22849/9867/6833/1139/4137/2353/5764/4593/6517,0.45505986738723
GO:0050951,sensory perception of temperature stimulus,14,-0.809218993294192,-1.73166460377349,0.00273816036026517,0.0248074296241352,0.0150047356349624,479,"tags=21%, list=3%, signal=21%",6387/9607/6335,0.431707695803346
GO:0010959,regulation of metal ion transport,245,-0.504765861154844,-1.73130941905847,4.86238713547524e-06,0.000166169253385602,0.000100507217212229,2526,"tags=33%, list=15%, signal=29%",781/5999/65268/51669/2316/5621/150094/7881/23327/483/1230/130497/1193/57463/53826/88/57628/9495/487/5581/80333/7225/154043/3958/5532/493/2258/51719/6331/3690/2946/6622/490/5566/818/7871/6786/477/801/57731/775/5025/845/596/84502/23171/10939/4638/857/162514/817/6717/57158/6262/2902/783/65267/3781/2641/6833/6387/6330/815/5187/816/8787/11261/2273/782/5144/6546/5023/30818/9455/2852/5350/117/287/4842/1804/1756/5348,0.610526878385931
GO:1903490,positive regulation of mitotic cytokinesis,13,0.789154405159967,1.73109458816677,0.00652778782831986,0.0465094992180172,0.0281311990340945,1591,"tags=46%, list=9%, signal=42%",1894/332/9212/55143/3619/9585,0.407017918923954
GO:0030837,negative regulation of actin filament polymerization,51,-0.621311894281347,-1.73075620453459,0.00217717460621147,0.0212229391962041,0.0128366621153732,1950,"tags=35%, list=11%, signal=31%",832/29767/11078/91663/118/25802/2314/57731/25959/256949/50853/6840/6710/57482/85477/2934/51676/7111,0.431707695803346
GO:0035272,exocrine system development,13,-0.81708181365087,-1.72784072791782,0.00347202788333907,0.0294921674830449,0.0178382921201394,2218,"tags=54%, list=13%, signal=47%",55727/3321/2255/5154/2494/79971/2263,0.431707695803346
GO:0030509,BMP signaling pathway,108,-0.553044906950106,-1.72709569884484,0.000257771651791,0.00425041592433507,0.00257085753137576,4254,"tags=44%, list=25%, signal=33%",6497/8646/92/23090/57045/9110/100532736/656/2200/10468/4681/1003/79176/7323/657/79639/5046/28996/168667/4086/51232/4087/3491/4093/151556/4926/388585/3611/1954/4089/56963/91851/654/5595/4092/4774/348093/7049/94/23111/857/27250/25928/653/650/55273/64388,0.49849310876659
GO:0042551,neuron maturation,30,-0.681345345716593,-1.72691269217987,0.0039626916135298,0.0326685852795627,0.0197595435365526,1753,"tags=27%, list=10%, signal=24%",26047/1910/57731/120892/163175/6900/577/3745,0.407017918923954
GO:0051017,actin filament bundle assembly,147,-0.532041428650001,-1.72601123272038,0.000108059446307931,0.00211724475132672,0.00128061222986445,3270,"tags=37%, list=19%, signal=30%",1785/5357/2039/9788/23075/51763/4088/83543/10979/55704/7016/85358/10174/9124/6093/90102/2316/800/7798/5216/10398/84952/7082/3611/51466/55742/5295/10395/22998/23370/4082/4739/8976/56776/389/118/7168/6869/5071/25/395/57026/5734/9839/51474/55616/408/171024/6422/1902/6548/10580/11346/11170,0.538434096309916
GO:0061572,actin filament bundle organization,151,-0.531221786570671,-1.72571611249704,6.88676597993835e-05,0.00149374208229069,0.000903487599931926,3270,"tags=36%, list=19%, signal=30%",1785/5357/2039/9788/23075/51763/4088/83543/10979/55704/7016/359845/85358/10174/9124/6093/90102/2316/800/7798/5216/10398/84952/7082/3611/51466/55742/5295/10395/22998/23370/4082/4739/8976/56776/389/118/7168/6869/5071/25/395/57026/5734/9839/51474/55616/408/171024/6422/1902/6548/10580/11346/11170,0.538434096309916
GO:1903523,negative regulation of blood circulation,17,-0.756892899368005,-1.72550742621208,0.0055515171051414,0.0418800648582444,0.0253310927852705,1054,"tags=29%, list=6%, signal=28%",477/57731/6717/5144/5350,0.407017918923954
GO:0071869,response to catecholamine,42,-0.645801917760634,-1.72548171940876,0.00219830638247443,0.0213934518479879,0.0129397964304231,2521,"tags=45%, list=15%, signal=39%",5999/2316/207/8013/858/5064/3360/1816/5071/25/9630/6505/112/120892/2775/54331/8787/2774/2767,0.431707695803346
GO:0031023,microtubule organizing center organization,147,0.512177608513713,1.7247121201735,9.52746976167402e-05,0.00189838872064813,0.00114823749647996,2503,"tags=29%, list=14%, signal=25%",4751/5347/675/983/7516/6790/56992/1111/6491/151648/899/10733/284403/92421/4869/9768/1017/2648/3832/10403/91147/163786/348654/80071/11190/23354/2302/282809/5314/55835/672/4957/55722/55226/84612/221908/22995/9793/55559/85459/134359/124093/51175,0.538434096309916
GO:0099003,vesicle-mediated transport in synapse,208,-0.513046134186681,-1.72438793895631,1.49801769668944e-05,0.000429529171762952,0.000259800058589591,3788,"tags=38%, list=22%, signal=30%",22930/57555/57617/2580/51760/127833/58513/9143/5289/8867/84162/6854/415117/525/161/23096/1785/9342/51382/805/8927/5728/2060/8676/5663/23208/6616/382/6093/8499/10396/84446/10497/23396/9699/440073/273/6453/9751/11037/8650/9900/26503/6571/160622/9114/9783/5532/6623/85439/54413/9098/3690/6622/8447/6853/5071/1212/22999/801/824/5906/5864/120892/8120/4638/5028/5865/112476/6844/22848/5579/9899/1902/6855/5023/9378/6517/22871,0.593325476396405
GO:1903350,response to dopamine,37,-0.657886266311437,-1.72428460129102,0.00350083410548284,0.0296084933410477,0.0179086516363524,3272,"tags=57%, list=19%, signal=46%",445329/2782/25942/5999/2316/207/858/5064/3360/1816/5071/25/9630/6505/112/120892/2775/54331/8787/2774/2767,0.431707695803346
GO:1903351,cellular response to dopamine,37,-0.657886266311437,-1.72428460129102,0.00350083410548284,0.0296084933410477,0.0179086516363524,3272,"tags=57%, list=19%, signal=46%",445329/2782/25942/5999/2316/207/858/5064/3360/1816/5071/25/9630/6505/112/120892/2775/54331/8787/2774/2767,0.431707695803346
GO:0006704,glucocorticoid biosynthetic process,12,-0.835326718893084,-1.72410754058037,0.00180793055027837,0.0184817665644109,0.0111786680670969,1712,"tags=50%, list=10%, signal=45%",6770/8912/2494/653/650/1589,0.45505986738723
GO:0034080,CENP-A containing chromatin assembly,11,0.822406401229446,1.72402113211216,0.00526682000768162,0.0406277795343209,0.024573649934088,2616,"tags=91%, list=15%, signal=77%",55355/1058/387103/2491/55839/401541/55320/11339/23421/4678,0.407017918923954
GO:0006301,DNA damage tolerance,37,0.640789556763104,1.72392247690421,0.00585875989837303,0.0434272265859226,0.026266891175514,1967,"tags=30%, list=11%, signal=26%",10721/51514/5111/9768/56852/5424/4436/672/5425/10459/7398,0.407017918923954
GO:0031167,rRNA methylation,28,0.657719469326463,1.72355734933027,0.00608500498732983,0.0444318749261177,0.0268745511781474,3942,"tags=50%, list=23%, signal=39%",51602/10528/4839/55695/2091/27292/51504/114049/221078/64216/55006/51106/29081/79922,0.407017918923954
GO:0006418,tRNA aminoacylation for protein translation,44,0.618259463070574,1.72195726206059,0.00548985718725577,0.0416686568166013,0.0252032229565934,3770,"tags=52%, list=22%, signal=41%",9521/2617/3376/92935/1615/7407/51067/8565/79587/80222/79731/4141/10056/16/54938/10352/23395/2058/55157/124454/3735/57038/5917,0.407017918923954
GO:0097485,neuron projection guidance,164,-0.521206869139992,-1.72168710178292,6.03854934438849e-05,0.00134960429833899,0.000816306083105195,2005,"tags=33%, list=12%, signal=29%",6586/51466/59277/2043/4853/1954/23114/9723/91624/4756/57715/3897/2909/9252/9637/84665/284656/8399/80031/1630/27020/9369/57451/64221/57453/7869/4781/115557/5649/682/1889/5979/5797/5794/8633/57549/10178/6387/57556/2045/1946/1908/9499/256158/6900/2596/23022/9211/3800/9378/1272/9423/2676/4684,0.557332238758646
GO:0003044,regulation of systemic arterial blood pressure mediated by a chemical signal,40,-0.643685310256885,-1.72167876211231,0.00305762619356448,0.0268920214144808,0.0162655977716232,1902,"tags=40%, list=11%, signal=36%",5137/2150/1910/554/7168/6869/153/1889/3291/81285/9607/1511/1215/1908/290/5125,0.431707695803346
GO:0045910,negative regulation of DNA recombination,40,0.633385910846333,1.72145701602569,0.0019124720003737,0.0191507843580862,0.0115833224501297,3517,"tags=50%, list=20%, signal=40%",5347/10721/641/55010/2187/3009/149840/51750/3007/4436/10459/112441434/115004/55183/116028/2956/3008/55086/92797/56893,0.45505986738723
GO:0051893,regulation of focal adhesion assembly,63,-0.593295110233985,-1.72136307011554,0.00137295075270645,0.0151410966686839,0.00915806902122502,2984,"tags=33%, list=17%, signal=28%",4088/10979/5728/23603/6093/90102/23499/10395/22998/79834/25/7010/7414/94/395/1845/7094/6422/1946/6548/11170,0.45505986738723
GO:0090109,regulation of cell-substrate junction assembly,63,-0.593295110233985,-1.72136307011554,0.00137295075270645,0.0151410966686839,0.00915806902122502,2984,"tags=33%, list=17%, signal=28%",4088/10979/5728/23603/6093/90102/23499/10395/22998/79834/25/7010/7414/94/395/1845/7094/6422/1946/6548/11170,0.45505986738723
GO:2000234,positive regulation of rRNA processing,13,0.784361928204998,1.7205817774083,0.00749485096108705,0.0511075799875519,0.0309123411121093,2582,"tags=69%, list=15%, signal=59%",55127/84128/23160/84135/79084/27292/83732/51504/114049,0.407017918923954
GO:0007096,regulation of exit from mitosis,13,0.784082539154483,1.7199689076452,0.00749485096108705,0.0511075799875519,0.0309123411121093,588,"tags=31%, list=3%, signal=30%",11065/54443/332/9735,0.407017918923954
GO:0046165,alcohol biosynthetic process,122,-0.536560385923853,-1.71875076372954,0.000227277643236074,0.00388354065971408,0.00234895359211036,1627,"tags=19%, list=9%, signal=17%",2805/654/8912/1576/5563/6622/79947/3158/5566/5105/2770/3707/3706/1727/1181/5028/653/650/10449/1589/2852/117/343,0.518848077743792
GO:0033198,response to ATP,27,-0.6852821722218,-1.71859979226651,0.00672677691749159,0.0475812210842546,0.0287794283557432,1873,"tags=41%, list=11%, signal=36%",54795/4907/5029/9127/5030/64805/57026/5025/5028/5023/6263,0.407017918923954
GO:1903405,protein localization to nuclear body,12,0.789101203280212,1.71856044970674,0.0086935010842583,0.0567152046318205,0.0343041042492902,1990,"tags=58%, list=11%, signal=52%",1736/10576/908/10575/7203/22948/10694,0.380730400722792
GO:1904867,protein localization to Cajal body,12,0.789101203280212,1.71856044970674,0.0086935010842583,0.0567152046318205,0.0343041042492902,1990,"tags=58%, list=11%, signal=52%",1736/10576/908/10575/7203/22948/10694,0.380730400722792
GO:0032342,aldosterone biosynthetic process,9,-0.87789792786276,-1.7185483370056,0.00172011298720292,0.017827933697419,0.0107831982636023,1469,"tags=56%, list=8%, signal=51%",654/8912/1181/653/650,0.45505986738723
GO:0046676,negative regulation of insulin secretion,27,-0.685149505382847,-1.71826708085053,0.00672677691749159,0.0475812210842546,0.0287794283557432,2113,"tags=37%, list=12%, signal=33%",90007/3033/2308/8622/5071/2775/2781/6833/1113/3745,0.407017918923954
GO:0071870,cellular response to catecholamine stimulus,41,-0.646425518368694,-1.71809122054149,0.00285373036664884,0.0255743862579848,0.0154686281747683,2521,"tags=46%, list=15%, signal=40%",5999/2316/207/8013/858/5064/3360/1816/5071/25/9630/6505/112/120892/2775/54331/8787/2774/2767,0.431707695803346
GO:0000027,ribosomal large subunit assembly,27,0.673540134001404,1.71743213683229,0.00556610520374543,0.04189189038107,0.0253382454345547,3065,"tags=44%, list=18%, signal=37%",55299/84154/23246/51154/4839/85865/3692/26164/23212/22868/55794/23195,0.407017918923954
GO:0034650,cortisol metabolic process,10,-0.871464552739574,-1.71597287269036,0.00127324873625191,0.0145323418867742,0.00878986462812709,1379,"tags=50%, list=8%, signal=46%",8912/3291/653/650/1589,0.45505986738723
GO:0007292,female gamete generation,76,0.555579795910134,1.71571404682521,0.00195330433174903,0.0194602082407133,0.0117704770094011,1740,"tags=24%, list=10%, signal=21%",7153/3624/9319/891/2069/221150/23397/25879/163589/220134/80336/7784/1909/78995/10403/84515/3625/221400,0.431707695803346
GO:0071867,response to monoamine,44,-0.631340993733181,-1.71567555021604,0.00395613631262355,0.0326685852795627,0.0197595435365526,3272,"tags=52%, list=19%, signal=43%",445329/2782/25942/8932/5999/2316/207/8013/858/5064/3360/1816/5071/25/9630/6505/112/120892/2775/54331/8787/2774/2767,0.407017918923954
GO:0047496,vesicle transport along microtubule,43,-0.635982327455526,-1.71545548582113,0.00396902246055409,0.0326749496122366,0.0197633929933771,2209,"tags=26%, list=13%, signal=22%",2647/5048/23095/22906/66008/8120/10749/4133/1780/79443/547,0.407017918923954
GO:0007411,axon guidance,163,-0.524024576199866,-1.71512245099007,4.79933393552625e-05,0.00112841939492093,0.000682522734627856,2005,"tags=33%, list=12%, signal=30%",6586/51466/59277/2043/4853/1954/23114/9723/91624/4756/57715/3897/2909/9252/9637/84665/284656/8399/80031/1630/27020/9369/57451/64221/57453/7869/4781/115557/5649/682/1889/5979/5797/5794/8633/57549/10178/6387/57556/2045/1946/1908/9499/256158/6900/2596/23022/9211/3800/9378/1272/9423/2676/4684,0.557332238758646
GO:0030041,actin filament polymerization,134,-0.540419540042019,-1.71481066527604,8.36601283822365e-05,0.00172545345484486,0.00104363786706831,2235,"tags=26%, list=13%, signal=23%",5216/148170/51466/832/3071/29767/11078/5581/81553/23580/91663/10602/8976/118/25802/2314/25/57704/395/57731/6356/25959/256949/50853/6840/10178/5063/6710/57482/85477/23500/2934/51676/7111/11170,0.538434096309916
GO:0007063,regulation of sister chromatid cohesion,17,0.731170775252467,1.71458435887296,0.0122119576617532,0.0719257386130112,0.0435041723221362,3452,"tags=53%, list=20%, signal=42%",699/8313/9700/8260/2237/9555/1663/1499/286053,0.380730400722792
GO:0051591,response to cAMP,69,-0.587831020224548,-1.71405438661768,0.00121489421261403,0.0139203668260142,0.00841971245432186,1258,"tags=20%, list=7%, signal=19%",83606/3158/610/682/5906/2354/5187/2353/5144/1261/1843/5138/1811/343,0.45505986738723
GO:2000105,positive regulation of DNA-templated DNA replication,11,0.817529417293043,1.71379744786705,0.00627436222009442,0.0455291317367298,0.0275382252716085,1949,"tags=55%, list=11%, signal=48%",144455/10926/8317/6742/79733/80174,0.407017918923954
GO:0007269,neurotransmitter secretion,115,-0.550460374692144,-1.71335716884108,0.000202301005936903,0.00354962779969289,0.00214698691254523,2548,"tags=28%, list=15%, signal=24%",23208/6616/9379/8499/84446/10497/23396/9699/9751/9900/9783/6622/8447/6853/5071/22999/5906/5864/120892/5028/112476/6844/5579/9899/815/4208/6855/5023/9378/2852/6865/22871,0.518848077743792
GO:0099643,signal release from synapse,115,-0.550460374692144,-1.71335716884108,0.000202301005936903,0.00354962779969289,0.00214698691254523,2548,"tags=28%, list=15%, signal=24%",23208/6616/9379/8499/84446/10497/23396/9699/9751/9900/9783/6622/8447/6853/5071/22999/5906/5864/120892/5028/112476/6844/5579/9899/815/4208/6855/5023/9378/2852/6865/22871,0.518848077743792
GO:0150115,cell-substrate junction organization,98,-0.564633832607117,-1.71317828445052,0.000378222746420617,0.00578956589442809,0.00350181002237215,2993,"tags=34%, list=17%, signal=28%",3915/4088/10979/5728/10391/23603/382/10982/6093/90102/10420/23499/88/5295/10395/22998/79834/144165/25/7010/7414/94/395/1845/7094/441631/667/58480/6422/1946/6548/10580/11170,0.49849310876659
GO:0006700,C21-steroid hormone biosynthetic process,17,-0.751248878756599,-1.71264061310443,0.00725965164736416,0.0502832480832018,0.0304137452282293,1712,"tags=41%, list=10%, signal=37%",6770/654/8912/1958/1181/653/650,0.407017918923954
GO:1902932,positive regulation of alcohol biosynthetic process,23,-0.731895545248155,-1.71248634486342,0.00252046282358492,0.0233679502792305,0.01413406876824,2690,"tags=43%, list=16%, signal=37%",6721/5745/2246/654/6622/5566/2770/5028/2852/117,0.431707695803346
GO:0050905,neuromuscular process,73,-0.58079318844051,-1.71172640608949,0.000775741554165582,0.00982433676293642,0.00594223497356158,2878,"tags=40%, list=17%, signal=33%",3759/5728/85358/4130/2548/283383/1742/7273/5048/487/1639/26047/342667/2946/4625/92241/23336/6769/1134/2743/64072/112476/7140/4621/1760/4151/9378/6329/1756,0.477270815362862
GO:0072657,protein localization to membrane,399,-0.479646223198199,-1.71171966443414,2.86431013265642e-07,1.3577753999802e-05,8.21248361359342e-06,3011,"tags=28%, list=17%, signal=24%",51763/2534/26119/3915/10133/10979/30846/163882/64121/55704/284217/6342/64083/85358/9254/5174/9368/9379/11337/22883/382/6093/2316/1742/5621/207/5780/1956/483/51560/286/64114/51100/5284/55625/23499/23682/5064/10490/353116/7132/88/57628/5295/23555/9495/10439/8650/64398/5581/4644/80333/582/22979/3958/91851/493/27065/2258/51548/91663/342667/79849/1398/1363/25999/818/83667/7871/9863/5071/5649/682/57731/5906/6769/367/5961/81693/857/817/5028/408/55022/1740/257194/783/65267/6844/57554/9215/158866/815/55670/9912/816/54857/8174/30818/5764/5593/4593/9211/23136/9378/2852/2934/10580/287/1804/22871/3745,0.674962860011025
GO:0050667,homocysteine metabolic process,15,0.733348564924733,1.71033939331851,0.0209909505408873,0.105818874167526,0.0640043832081793,7,"tags=7%, list=0%, signal=7%",1800,0.352487857583619
GO:0045214,sarcomere organization,27,-0.681343752589041,-1.70872274097715,0.00741084898382148,0.0508889840267555,0.0307801236815929,2598,"tags=52%, list=15%, signal=44%",9948/7273/88/4604/84665/2314/7168/1465/84033/9172/8736/7140/4621/2318,0.407017918923954
GO:0008207,C21-steroid hormone metabolic process,25,-0.705222441149974,-1.70865851198005,0.00144266619273197,0.0157219601258448,0.00950940338946729,2800,"tags=48%, list=16%, signal=40%",6342/1645/1646/6770/654/1910/8912/1958/1181/653/650/10170,0.45505986738723
GO:0033500,carbohydrate homeostasis,187,-0.511944298195291,-1.70793234929863,4.4670512645395e-05,0.00106304968959365,0.000642983968950296,1958,"tags=24%, list=11%, signal=21%",6722/5295/54795/26137/4089/5080/2308/5532/5467/55777/22877/51548/572/5563/1408/3643/6934/9854/5164/8622/4760/5566/5166/5105/5071/10891/2822/2776/6717/408/111/55198/79901/9971/2641/6833/389125/1946/9607/1215/2981/2852/6517/3745,0.557332238758646
GO:0016064,immunoglobulin mediated immune response,142,0.505180771833229,1.70753737097235,0.000125894347782931,0.00242625238120678,0.00146751501930241,3110,"tags=36%, list=18%, signal=30%",3502/3500/3503/3501/3329/54209/7784/717/4179/28378/722/149840/2214/28467/28444/28388/28391/4436/725/2302/28392/102723169/28457/28468/28461/28454/10538/3542/28439/28424/28434/10459/3539/127943/3538/112441434/1604/28442/3426/7037/55183/2956/28395/51010/28450/22976/9025/28448/2212/28452/50615,0.518848077743792
GO:0032222,"regulation of synaptic transmission, cholinergic",10,-0.867134807742711,-1.7074473108222,0.00154683369624223,0.0165314335754761,0.00999901215987458,1602,"tags=50%, list=9%, signal=45%",3339/259232/6869/43/6865,0.45505986738723
GO:1901655,cellular response to ketone,87,-0.566872014295614,-1.7065954399993,0.000893349275179119,0.0109626451764152,0.00663073906584709,1155,"tags=24%, list=7%, signal=23%",610/5105/2770/112/6338/5906/120892/6340/5734/367/7832/54331/111/498/2353/2908/6422/5729/11251/6663/687,0.477270815362862
GO:0014029,neural crest formation,12,0.783459852437941,1.70627431657179,0.00983085007301918,0.0615344593742299,0.03721902306446,2702,"tags=50%, list=16%, signal=42%",6662/1909/84172/6949/9221/84541,0.380730400722792
GO:0140448,signaling receptor ligand precursor processing,36,-0.654268439224402,-1.70614304376085,0.00320268187631434,0.0279108843775695,0.0168818554670407,1178,"tags=19%, list=7%, signal=18%",4224/1889/1511/1215/290/5125/590,0.431707695803346
GO:0009127,purine nucleoside monophosphate biosynthetic process,21,0.690960940422867,1.70572899532234,0.02516605849771,0.120001467746813,0.0725827031107084,3597,"tags=76%, list=21%, signal=60%",5471/471/3614/10606/271/2618/3251/8833/132/100/272/3615/353/1716/1633/5198,0.352487857583619
GO:0000966,RNA 5'-end processing,39,0.622577115819673,1.70532699530159,0.00505149078032716,0.0392760090036548,0.0237560336086931,4907,"tags=64%, list=28%, signal=46%",10799/6635/6628/6636/27340/6633/87178/10940/6637/96764/6741/54931/10248/8602/6632/3028/4686/29777/55783/79897/51367/10775/9692/10607/10556,0.407017918923954
GO:0007009,plasma membrane organization,124,-0.534875228327645,-1.70484786095153,0.000350021472029173,0.00544292648832666,0.00329214571099375,3270,"tags=36%, list=19%, signal=30%",1785/123720/9788/4627/6711/7357/5728/30846/347735/9368/23208/79643/51100/858/3611/55113/51652/64398/92154/81035/55362/225/50636/8976/57132/257364/9525/5205/85377/94121/727910/5864/367/857/57088/6609/57716/11252/8436/79026/1191/23136/2934/203859/287,0.49849310876659
GO:0006265,DNA topological change,10,0.824878924129686,1.70479334410754,0.00509440137291955,0.0394530846772347,0.0238631375573773,1984,"tags=50%, list=11%, signal=44%",7153/116447/3146/3148/7150,0.407017918923954
GO:0071868,cellular response to monoamine stimulus,43,-0.631967100544767,-1.70462508577143,0.0044883195672375,0.0359922816046685,0.0217698761443529,3272,"tags=53%, list=19%, signal=44%",445329/2782/25942/8932/5999/2316/207/8013/858/5064/3360/1816/5071/25/9630/6505/112/120892/2775/54331/8787/2774/2767,0.407017918923954
GO:0072659,protein localization to plasma membrane,262,-0.487380565470673,-1.70430817496258,1.66682886228454e-05,0.000473314978382053,0.000286283836346397,3011,"tags=29%, list=17%, signal=24%",51763/26119/10133/30846/163882/55704/6342/64083/5174/9368/382/6093/2316/5621/207/5780/1956/483/286/64114/55625/23499/5064/10490/353116/7132/88/57628/5295/23555/9495/8650/64398/5581/4644/80333/582/22979/3958/493/27065/2258/51548/342667/79849/25999/818/83667/7871/682/57731/5906/6769/367/5961/81693/817/5028/55022/783/65267/6844/57554/815/9912/816/30818/5593/23136/9378/2852/10580/287/1804/3745,0.575610261071129
GO:0002790,peptide secretion,171,-0.515583287063339,-1.70424988787246,9.60045715048389e-05,0.00190646915981569,0.00115312493767643,2113,"tags=28%, list=12%, signal=25%",90007/222546/1393/6453/5578/54795/3033/4826/2308/5532/5467/51548/572/114131/8447/6934/9854/8622/4760/5566/818/5071/5697/5864/7432/338557/2822/2865/2775/2781/3572/6717/1374/84417/5567/111/9971/2641/6833/1946/9607/1908/3570/1113/3741/2852/6865/3745,0.538434096309916
GO:0042692,muscle cell differentiation,289,-0.491127512660044,-1.70418455399337,2.00322383809574e-06,7.40562875492249e-05,4.47928315677573e-05,2271,"tags=28%, list=13%, signal=25%",7273/4811/10398/575/858/1793/728264/51177/5156/88/10611/6722/6899/23462/29767/4853/11149/4211/4089/6604/55544/4205/28514/63976/1827/27086/5532/4604/64091/144165/10290/1910/51548/79365/8912/84665/3908/9759/407004/25802/840/2314/7168/1465/30008/58/84033/9734/348093/3815/824/4629/81029/6261/9172/8736/84466/8516/4892/57462/27250/7140/4621/650/4208/2263/8470/6546/56603/23345/1760/221662/2852/51676/287/93649/2318/4842/577/5239/1756/7111,0.627256739718528
GO:0097120,receptor localization to synapse,63,-0.587372392102264,-1.70417912895238,0.00188424954417327,0.019070690212906,0.0115348776296648,1505,"tags=22%, list=9%, signal=20%",27065/3690/5649/5906/57576/56899/1740/57554/9912/9211/3800/23136/9378/22871,0.45505986738723
GO:0008334,histone mRNA metabolic process,28,0.650255685042419,1.70399846312344,0.00744801968905247,0.0510845504460332,0.0308984117293591,3977,"tags=46%, list=23%, signal=36%",6635/6628/25888/6636/6637/51692/6741/7884/54512/1478/4686/22916/167227,0.407017918923954
GO:0000244,spliceosomal tri-snRNP complex assembly,38,0.633590203891972,1.70399722142949,0.00576732232803767,0.0429117982838044,0.0259551351601089,5373,"tags=76%, list=31%, signal=53%",6635/6628/51691/6636/6633/6637/25980/23658/10772/51690/24148/11218/9129/100151683/27339/6632/9128/8899/11157/57819/9343/338657/10713/26121/25804/6634/23020/9733/9410,0.407017918923954
GO:0035987,endodermal cell differentiation,39,0.621822213314194,1.70325921030163,0.00510225910669358,0.0394619460909801,0.0238684973698454,1429,"tags=21%, list=8%, signal=19%",3624/1301/1294/7448/4318/4323/6657/1290,0.407017918923954
GO:0043647,inositol phosphate metabolic process,33,-0.669465173024072,-1.70277848164058,0.00242285962870044,0.0229332832487942,0.0138711610837378,1536,"tags=24%, list=9%, signal=22%",3705/6622/3632/3707/3706/5028/2852/117,0.431707695803346
GO:1902412,regulation of mitotic cytokinesis,20,0.703895426250348,1.70239378275702,0.0120699812784256,0.0713756035760419,0.0431714239915625,1591,"tags=35%, list=9%, signal=32%",1894/332/9212/55143/8451/3619/9585,0.380730400722792
GO:1990173,protein localization to nucleoplasm,14,0.764128870991096,1.70220713184499,0.0089929172913118,0.0581310533975055,0.0351604781965339,1990,"tags=50%, list=11%, signal=44%",1736/10576/908/10575/7203/22948/10694,0.380730400722792
GO:1904861,excitatory synapse assembly,39,-0.645723026911571,-1.70151704496357,0.00214421901800392,0.0210370607595704,0.0127242338290016,1898,"tags=36%, list=11%, signal=32%",57622/23266/5802/144165/57524/9369/4916/387804/5649/23284/94030/2260/9378/22871,0.431707695803346
GO:0051961,negative regulation of nervous system development,85,-0.558871622242987,-1.70149801590385,0.00133140923225204,0.0149054169490995,0.00901551850549384,1774,"tags=24%, list=10%, signal=21%",56963/5080/5802/2258/80031/1630/4916/6356/66008/474/257194/55198/6833/4133/1271/2045/54857/5764/23500/6663,0.45505986738723
GO:0035592,establishment of protein localization to extracellular region,276,-0.487749221924618,-1.7011991820708,9.23015899006248e-06,0.000284056934783179,0.000171811399902256,2626,"tags=27%, list=15%, signal=23%",399979/5019/6616/781/382/64693/4253/10497/9699/84976/90007/222546/399687/7376/284119/5578/5137/6400/54795/2150/162/3033/4826/55691/2308/5532/5467/6623/654/1910/51548/572/114131/8447/6934/9854/8622/4760/5566/94121/818/379/5071/5873/682/79971/5864/7432/2822/2775/2781/3572/6717/1374/5567/257194/111/9971/2641/84830/6833/81285/54857/1946/9607/3570/1113/54474/7857/43/3741/2852/6865/5125/3745,0.593325476396405
GO:0042593,glucose homeostasis,182,-0.510668602816111,-1.7001451109186,7.79130478280319e-05,0.00165932208381584,0.00100363840906309,1958,"tags=24%, list=11%, signal=21%",6722/5295/54795/26137/4089/5080/2308/5532/5467/55777/22877/51548/572/5563/1408/3643/6934/9854/5164/8622/4760/5566/5166/5105/5071/10891/2822/2776/6717/408/111/55198/9971/2641/6833/389125/1946/9607/1215/2981/2852/6517/3745,0.538434096309916
GO:0032570,response to progesterone,27,-0.677770247489471,-1.69976084853236,0.00891327423015959,0.0577643064221368,0.0349386518528254,2504,"tags=37%, list=14%, signal=32%",5732/55809/23558/6869/8648/857/2354/10628/2353/6663,0.380730400722792
GO:0051693,actin filament capping,37,-0.648411642290037,-1.69945212014695,0.00435566129148885,0.0350720233854403,0.0212132593765283,1950,"tags=41%, list=11%, signal=36%",832/29767/11078/118/25802/2314/57731/50853/6840/6710/57482/85477/2934/51676/7111,0.407017918923954
GO:0071692,protein localization to extracellular region,275,-0.48815033869805,-1.69938578728521,1.30982129402828e-05,0.000383041271955135,0.000231681923925519,2626,"tags=27%, list=15%, signal=24%",399979/5019/6616/781/382/64693/4253/10497/9699/84976/90007/222546/399687/7376/284119/5578/5137/6400/54795/2150/162/3033/4826/55691/2308/5532/5467/6623/654/1910/51548/572/114131/8447/6934/9854/8622/4760/5566/94121/818/379/5071/5873/682/79971/5864/7432/2822/2775/2781/3572/6717/1374/5567/257194/111/9971/2641/84830/6833/81285/54857/1946/9607/3570/1113/54474/7857/43/3741/2852/6865/5125/3745,0.593325476396405
GO:0035418,protein localization to synapse,70,-0.578853876601408,-1.69929000487348,0.00223206590367493,0.0215551836797799,0.0130376196800127,3303,"tags=40%, list=19%, signal=33%",4884/23096/4218/3798/8927/4130/9254/9379/11337/22883/1742/10439/3339/3315/27065/9369/5649/5906/1740/57554/158866/4137/9912/9211/3800/23136/9378/22871,0.431707695803346
GO:0071371,cellular response to gonadotropin stimulus,14,0.762769332535519,1.69917856409554,0.00929102206245229,0.0591045754146045,0.0357493114905393,2912,"tags=50%, list=17%, signal=42%",3624/890/1909/7150/7849/2623/26012,0.380730400722792
GO:0015844,monoamine transport,45,-0.61860236900419,-1.69901618014867,0.00258061045314005,0.0238129171798386,0.0144032063133663,1749,"tags=33%, list=10%, signal=30%",6571/222962/3690/6622/5071/3737/7432/2865/5028/5865/6387/9607/1113/4842/3745,0.431707695803346
GO:0016358,dendrite development,172,-0.51293041178089,-1.69847820877626,0.000205911583520273,0.00360222704741715,0.00217880148659254,2766,"tags=31%, list=16%, signal=26%",4086/85358/4130/26115/5663/22924/382/8499/8322/1742/23327/29904/115207/6453/10611/2043/5048/4135/4131/4205/124925/22903/116443/5802/144165/8976/1630/25/5649/23769/66008/120892/9148/153090/22849/238/5063/158866/4133/1139/815/9912/816/653/4208/1902/1501/80258/1608/5764/547/577/22871,0.518848077743792
GO:0046473,phosphatidic acid metabolic process,34,-0.657417077216608,-1.69817539585814,0.00550099994720698,0.0416686568166013,0.0252032229565934,3012,"tags=41%, list=17%, signal=34%",1607/1606/5320/10555/9162/63874/254531/79575/8399/200879/51099/9971/1608/84803,0.407017918923954
GO:0016486,peptide hormone processing,33,-0.667625415665609,-1.69809907579893,0.00258044062909022,0.0238129171798386,0.0144032063133663,1178,"tags=21%, list=7%, signal=20%",4224/1889/1511/1215/290/5125/590,0.431707695803346
GO:0010828,positive regulation of D-glucose transmembrane transport,31,-0.661443529117164,-1.6977372461107,0.00670241357096059,0.0475362902988864,0.0287522520393519,2457,"tags=39%, list=14%, signal=33%",23596/207/55625/8013/5295/3643/388581/25999/55600/5906/5797/10580,0.407017918923954
GO:0098704,carbohydrate import across plasma membrane,54,-0.59411114826972,-1.69743943926235,0.00331853541268769,0.0284764250449317,0.0172239218694516,2779,"tags=33%, list=16%, signal=28%",10999/6518/23596/207/51422/55625/5295/53916/51548/3643/388581/55600/5906/55022/55198/9607/10580/6517,0.431707695803346
GO:0098708,D-glucose import across plasma membrane,54,-0.59411114826972,-1.69743943926235,0.00331853541268769,0.0284764250449317,0.0172239218694516,2779,"tags=33%, list=16%, signal=28%",10999/6518/23596/207/51422/55625/5295/53916/51548/3643/388581/55600/5906/55022/55198/9607/10580/6517,0.431707695803346
GO:0140271,hexose import across plasma membrane,54,-0.59411114826972,-1.69743943926235,0.00331853541268769,0.0284764250449317,0.0172239218694516,2779,"tags=33%, list=16%, signal=28%",10999/6518/23596/207/51422/55625/5295/53916/51548/3643/388581/55600/5906/55022/55198/9607/10580/6517,0.431707695803346
GO:1905168,positive regulation of double-strand break repair via homologous recombination,41,0.618373970589134,1.69653510826047,0.00496650394424139,0.0388206252450145,0.0234805954430153,2107,"tags=24%, list=12%, signal=21%",10635/2187/55257/8914/8089/86/6502/10856/3276/8607,0.407017918923954
GO:0016556,mRNA modification,24,0.677476593380222,1.69627473472678,0.00718992126459743,0.0499743989485236,0.0302269383043703,1465,"tags=29%, list=8%, signal=27%",1736/51602/83448/54517/80324/10528/2091,0.407017918923954
GO:0002437,inflammatory response to antigenic stimulus,53,0.572267560140761,1.69600766200708,0.00402537903763193,0.0330463379653638,0.0199880266672808,2211,"tags=28%, list=13%, signal=25%",3500/54209/7784/79651/5004/2214/3559/5005/5335/3146/3148/171389/5682/4067/6850,0.407017918923954
GO:0009306,protein secretion,274,-0.489935693790495,-1.69576176731852,1.01379313254832e-05,0.000307168867686549,0.000185790616954661,2626,"tags=27%, list=15%, signal=24%",399979/5019/6616/781/382/64693/4253/10497/9699/84976/90007/222546/399687/7376/284119/5578/5137/6400/54795/2150/162/3033/4826/55691/2308/5532/5467/6623/654/1910/51548/572/114131/8447/6934/9854/8622/4760/5566/94121/818/379/5071/5873/682/79971/5864/7432/2822/2775/2781/3572/6717/1374/5567/257194/111/9971/2641/84830/6833/81285/54857/1946/9607/3570/1113/54474/7857/43/3741/2852/6865/5125/3745,0.593325476396405
GO:0035773,insulin secretion involved in cellular response to glucose stimulus,52,-0.617141064813415,-1.69548471647045,0.00139182221661252,0.0152633040844186,0.00923198598858174,2579,"tags=35%, list=15%, signal=30%",5019/781/222546/54795/5532/5467/572/9854/8622/5071/2822/6717/111/9971/2641/6833/1946/9607,0.45505986738723
GO:0071318,cellular response to ATP,17,-0.74372094512096,-1.69547899697199,0.0080338129628974,0.0536013082813972,0.0324206688333405,1873,"tags=47%, list=11%, signal=42%",54795/5029/5030/64805/57026/5025/5028/6263,0.380730400722792
GO:0032963,collagen metabolic process,84,0.52872892255622,1.69455353619606,0.00296993859668025,0.0263307678299947,0.015926124404693,1234,"tags=19%, list=7%, signal=18%",4312/4316/4320/5653/3624/4322/4314/3673/4319/4321/57332/4318/4602/4323/652/2149,0.431707695803346
GO:0033762,response to glucagon,26,-0.693410208902615,-1.69453611846675,0.00643403289085224,0.0461773447282411,0.0279302959020664,1192,"tags=31%, list=7%, signal=29%",3158/5566/5577/112/111/2641/115/9340,0.407017918923954
GO:0071468,cellular response to acidic pH,19,-0.738623985356326,-1.6942919844814,0.00755389333640361,0.051390954897431,0.0310837399902979,1447,"tags=32%, list=8%, signal=29%",3777/6338/6340/2776/11261/6548,0.407017918923954
GO:0010817,regulation of hormone levels,379,-0.478204087888222,-1.69412435261227,1.03114660154283e-06,4.06783874085149e-05,2.46042600289198e-05,1576,"tags=24%, list=9%, signal=23%",2308/5532/5467/57104/654/1910/51548/130/8912/572/1576/114131/54577/10050/1408/8630/54600/30812/8447/6934/9854/51170/8622/4760/4224/5566/818/6869/5071/441282/2494/1889/10404/7367/1958/8824/5864/7432/338557/1181/2822/2865/2775/7366/2776/9060/2781/3572/125/5028/6717/1374/7173/84417/54579/5567/111/9971/54657/2641/6833/54659/653/27284/650/126/1946/9607/1511/54575/1215/56603/1908/1589/54658/3570/1113/54576/57016/54884/5959/3741/290/2852/79154/124/3294/10170/6865/5125/590/3745,0.643551836150722
GO:0006177,GMP biosynthetic process,12,0.777865889279009,1.69409138768752,0.0113288420771188,0.0685091910795309,0.0414376788038283,1440,"tags=67%, list=8%, signal=61%",5471/471/3614/10606/271/2618/3251/8833,0.380730400722792
GO:0071027,nuclear RNA surveillance,34,0.622299746635484,1.69362798238882,0.0129765216232182,0.0746340451088814,0.0451422873386733,3334,"tags=38%, list=19%, signal=31%",56915/22894/11340/55726/25896/23404/55656/54512/23016/51010/26512/1797/84186,0.380730400722792
GO:0006515,protein quality control for misfolded or incompletely synthesized proteins,30,-0.668113812747738,-1.69337653850308,0.00584963977450697,0.0434143719628181,0.0262591160765097,982,"tags=13%, list=6%, signal=13%",79699/10939/10444/164832,0.407017918923954
GO:0007218,neuropeptide signaling pathway,46,-0.623369782334183,-1.69264480023758,0.00215558413647391,0.0210473813192585,0.0127304762036478,1913,"tags=35%, list=11%, signal=31%",5540/100996758/57537/1363/2770/5697/6752/2776/2743/84417/10178/114815/4886/9607/11251/4888,0.431707695803346
GO:0097106,postsynaptic density organization,43,-0.62741188262148,-1.69233815068178,0.005749474709875,0.0428760656244715,0.0259335223160962,2860,"tags=42%, list=16%, signal=35%",5728/85358/26115/9379/382/8499/57622/5802/144165/57524/3690/9369/4916/5649/94030/2260/9378/22871,0.407017918923954
GO:0046629,gamma-delta T cell activation,17,0.721442114135678,1.69177079636718,0.0156735513154456,0.0845997563197328,0.051170032429512,1763,"tags=35%, list=10%, signal=32%",51176/6659/6932/3714/64127/1525,0.352487857583619
GO:0071466,cellular response to xenobiotic stimulus,142,-0.519011415792814,-1.69169312373525,0.000275929478713849,0.00450531521077779,0.00272503297254652,1810,"tags=25%, list=10%, signal=22%",5581/405/79799/2052/1576/54577/3690/2946/54600/23491/9915/1806/66002/316/7367/30/8824/2822/7366/9153/2902/54659/27284/4208/54575/56603/134147/5138/54658/54576/8647/6663/4842/6799/590,0.49849310876659
GO:0045778,positive regulation of ossification,46,-0.622971908114914,-1.69156444673396,0.00223326077934433,0.0215551836797799,0.0130376196800127,1572,"tags=26%, list=9%, signal=24%",116039/654/490/6869/6256/6575/55603/650/4208/6546/5764/7704,0.431707695803346
GO:0008038,neuron recognition,38,-0.645812382746218,-1.69129823172003,0.00453311415891988,0.0361610691287954,0.021871967018594,2053,"tags=50%, list=12%, signal=44%",57463/2043/1954/26047/91624/63923/2909/27242/84665/27020/64221/57453/682/57549/55118/1946/6900/2596/23022,0.407017918923954
GO:0099563,modification of synaptic structure,38,-0.645705584473379,-1.69101854100051,0.00461334419191371,0.036644915081174,0.0221646204983574,2540,"tags=34%, list=15%, signal=29%",116987/5216/6453/2043/54583/388/85458/27145/25/57026/3706/9912/6710,0.407017918923954
GO:0010459,negative regulation of heart rate,8,-0.882704839110413,-1.69064291585689,0.00284262645700293,0.0255488659239499,0.0154531922399974,905,"tags=38%, list=5%, signal=36%",57731/6717/5350,0.431707695803346
GO:0048489,synaptic vesicle transport,46,-0.622274134695547,-1.68966977268413,0.00231093749037723,0.0221232745414289,0.0133812285635138,1267,"tags=22%, list=7%, signal=20%",6622/5071/5873/5864/120892/8120/4133/65018/3800/6517,0.431707695803346
GO:0001556,oocyte maturation,15,0.724377351393534,1.68941643711165,0.0256555029652314,0.121419522085049,0.0734404110951156,579,"tags=27%, list=3%, signal=26%",891/2069/80336/1909,0.352487857583619
GO:0060236,regulation of mitotic spindle organization,42,0.601254916737291,1.68927540822255,0.00808007135247124,0.053844773184984,0.0325679282056359,1491,"tags=31%, list=9%, signal=28%",22974/5347/6491/8480/84722/79866/92421/29899/10460/1104/163786/26151/55835,0.380730400722792
GO:0035973,aggrephagy,16,-0.746257518578151,-1.68907191172911,0.00640290300412204,0.0460255669833286,0.0278384933666088,694,"tags=12%, list=4%, signal=12%",84971/26353,0.407017918923954
GO:0044027,negative regulation of gene expression via chromosomal CpG island methylation,13,0.769951057182556,1.68896999057089,0.0107687711900049,0.0657992069177224,0.0397985490536299,1871,"tags=46%, list=11%, signal=41%",29128/3070/4609/672/1786/115426,0.380730400722792
GO:0045822,negative regulation of heart contraction,15,-0.779165648281885,-1.68871580538728,0.0087310290341579,0.0568338744881286,0.0343758815292713,1054,"tags=33%, list=6%, signal=31%",477/57731/6717/5144/5350,0.380730400722792
GO:0071467,cellular response to pH,24,-0.717026336208708,-1.68821035047101,0.00269137545987354,0.0245269844234677,0.0148351087868824,1447,"tags=29%, list=8%, signal=27%",3777/6338/6340/2822/2776/11261/6548,0.431707695803346
GO:1905063,regulation of vascular associated smooth muscle cell differentiation,11,-0.833926452381224,-1.68796988029649,0.00610154980769223,0.0444974066620533,0.0269141879477891,1120,"tags=36%, list=6%, signal=34%",30008/3815/27250/2852,0.407017918923954
GO:0000959,mitochondrial RNA metabolic process,63,0.571269671879548,1.68761871899896,0.00239014547324937,0.0227334548410353,0.013750295178797,5012,"tags=57%, list=29%, signal=41%",80324/51001/2617/56652/87178/51654/26024/51067/7019/54931/54802/80222/22868/51095/9238/54938/10352/64216/10128/55157/124454/55006/25996/6832/3028/64172/51106/84881/84705/25821/9692/79072/26995/708/55687/55149,0.431707695803346
GO:0061448,connective tissue development,172,-0.509603988565885,-1.68746334747327,0.00025393703217758,0.00422844723835641,0.00255756980546657,1572,"tags=21%, list=9%, signal=19%",116039/654/7227/7482/3690/30812/3158/5310/4781/4092/4774/8648/2494/10891/94/51222/6660/1958/81029/2822/38/9971/7483/389125/653/650/4208/651/2247/3570/85477/5593/2981/4969/7704/1836,0.49849310876659
GO:0031943,regulation of glucocorticoid metabolic process,10,-0.856945114887479,-1.68738311375801,0.00226052480586117,0.0217469145807724,0.0131535878204462,984,"tags=30%, list=6%, signal=28%",2494/653/650,0.431707695803346
GO:0006939,smooth muscle contraction,66,-0.576123995995685,-1.6872009585034,0.00236833905295758,0.0225991833657219,0.013669081283568,1548,"tags=27%, list=9%, signal=25%",493/1910/490/6869/5592/3815/4629/1264/4638/857/624/6525/6546/1908/2852/93649/3778/6865,0.431707695803346
GO:0051954,positive regulation of amine transport,22,-0.702766115585036,-1.68638709712143,0.00802762215164285,0.0536013082813972,0.0324206688333405,479,"tags=18%, list=3%, signal=18%",6387/9607/6865/3745,0.380730400722792
GO:0097699,vascular endothelial cell response to fluid shear stress,25,-0.695791086615494,-1.68580761662488,0.00211816080077124,0.0208899134464641,0.0126352320030966,2583,"tags=44%, list=15%, signal=38%",2475/207/107/5566/25/5577/112/824/5567/111/115,0.431707695803346
GO:0045055,regulated exocytosis,181,-0.508956603710199,-1.68578883981178,6.58838051259016e-05,0.00143431483900018,0.000867543123273165,2651,"tags=27%, list=15%, signal=23%",387695/140/23208/6616/8499/2624/84446/10497/23396/9699/8013/2205/1393/9751/3071/9900/2150/6571/9783/5532/6622/8447/6853/5873/2770/22999/3815/5906/5864/120892/634/2776/5028/11126/112476/6844/5579/9899/6855/5023/9145/85477/1113/5729/7166/57126/22871/3745,0.538434096309916
GO:0002062,chondrocyte differentiation,73,-0.57168968667774,-1.68489636630019,0.00125963966938936,0.0144049843904099,0.00871283264242641,1572,"tags=27%, list=9%, signal=25%",116039/654/7227/7482/4781/4092/2494/94/51222/6660/81029/2822/7483/389125/650/4208/85477/5593/7704/1836,0.45505986738723
GO:0051481,negative regulation of cytosolic calcium ion concentration,11,-0.832111300107116,-1.68429578846489,0.00659294268953635,0.0469168488245698,0.0283775838167961,1627,"tags=73%, list=9%, signal=66%",2805/3777/490/477/9607/6546/3741/4842,0.407017918923954
GO:0019724,B cell mediated immunity,145,0.500034945793713,1.68427555527129,0.000225765936120807,0.00386895677118981,0.00234013254957787,3110,"tags=35%, list=18%, signal=29%",3502/3500/3503/3501/3329/54209/7784/717/4179/28378/722/149840/2214/28467/28444/28388/28391/4436/725/2302/28392/102723169/28457/28468/28461/28454/10538/3542/28439/28424/28434/10459/3539/127943/3538/112441434/1604/28442/3426/7037/55183/2956/28395/51010/28450/22976/9025/28448/2212/28452/50615,0.518848077743792
GO:0019755,one-carbon compound transport,12,-0.815990348693466,-1.68419743006362,0.0034826388122162,0.0295396117434442,0.0178669887080356,2502,"tags=67%, list=14%, signal=57%",3047/358/364/3045/3043/3040/3039/343,0.431707695803346
GO:0034651,cortisol biosynthetic process,9,-0.860339094722464,-1.68417565820628,0.003600647774714,0.030192022282124,0.0182615982184393,1379,"tags=44%, list=8%, signal=41%",8912/653/650/1589,0.431707695803346
GO:1902645,tertiary alcohol biosynthetic process,9,-0.860339094722464,-1.68417565820628,0.003600647774714,0.030192022282124,0.0182615982184393,1379,"tags=44%, list=8%, signal=41%",8912/653/650/1589,0.431707695803346
GO:0036465,synaptic vesicle recycling,78,-0.57660580437873,-1.68317123712303,0.00136048489521935,0.0151170703480139,0.009143536738139,2548,"tags=29%, list=15%, signal=25%",23208/382/6093/10396/23396/273/6453/11037/5532/6623/85439/54413/6622/5071/1212/824/5864/120892/8120/4638/6844/6517/22871,0.45505986738723
GO:0090087,regulation of peptide transport,149,-0.51568962931159,-1.68233195005299,0.00020865301714077,0.00363935440579657,0.00220125791217747,2113,"tags=30%, list=12%, signal=26%",90007/222546/1393/6453/5578/54795/3033/4826/2308/5532/5467/51548/572/114131/8447/6934/9854/8622/4760/5566/5071/5697/338557/2822/2865/2775/2781/3572/6717/1374/84417/5567/111/9971/2641/6833/1946/9607/3570/1113/3741/2852/760/3745,0.518848077743792
GO:0099084,postsynaptic specialization organization,52,-0.612353024231578,-1.68233043118431,0.00170327432389594,0.0176945038133145,0.010702493403521,2874,"tags=46%, list=17%, signal=39%",23229/5728/85358/26115/9379/382/8499/57622/388135/5802/144165/57524/3690/1398/9369/4916/25/5649/94030/2260/2596/22866/9378/22871,0.45505986738723
GO:0050796,regulation of insulin secretion,124,-0.52772375286688,-1.68205342778989,0.000520902693579394,0.00737799044062574,0.00446256616490264,2113,"tags=30%, list=12%, signal=26%",90007/222546/5578/54795/3033/4826/2308/5532/5467/51548/572/114131/8447/6934/9854/8622/4760/5566/5071/2822/2775/2781/3572/6717/1374/5567/111/9971/2641/6833/1946/9607/3570/1113/3741/2852/3745,0.477270815362862
GO:0043516,"regulation of DNA damage response, signal transduction by p53 class mediator",35,0.613228798083672,1.6818561698632,0.0100844437770799,0.0626606545025779,0.0379002004548739,2440,"tags=34%, list=14%, signal=30%",6659/9521/960/545/7291/4487/4282/56950/6615/23028/5366/5716,0.380730400722792
GO:0022410,circadian sleep/wake cycle process,15,-0.775800669234223,-1.68142275632241,0.009692217611944,0.0609966328940116,0.036893719545497,1110,"tags=40%, list=6%, signal=37%",153/3737/8863/9607/5350/22871,0.380730400722792
GO:0030072,peptide hormone secretion,169,-0.512160632050625,-1.68141837666332,0.00011707428835749,0.00227116391737732,0.0013737100006023,2113,"tags=28%, list=12%, signal=25%",90007/222546/1393/6453/5578/54795/3033/4826/2308/5532/5467/51548/572/114131/8447/6934/9854/8622/4760/5566/818/5071/5864/7432/338557/2822/2865/2775/2781/3572/6717/1374/84417/5567/111/9971/2641/6833/1946/9607/1908/3570/1113/3741/2852/6865/3745,0.538434096309916
GO:0015833,peptide transport,193,-0.499385627816768,-1.68117887067432,4.93570096409601e-05,0.00115585857637276,0.000699119281306113,2113,"tags=26%, list=12%, signal=23%",90007/222546/1393/6453/5578/54795/3033/4826/2308/5532/5467/51548/572/114131/8447/6934/9854/8622/4760/5566/818/5071/30835/5697/5864/7432/338557/2822/2865/2775/2781/3572/6717/1374/84417/5567/111/9971/2641/6833/1946/9607/1908/3570/1113/3741/2852/6865/760/3745,0.557332238758646
GO:0008090,retrograde axonal transport,14,-0.785560576379924,-1.68103746391241,0.00539650552890465,0.0412492321182074,0.0249495345731725,1905,"tags=50%, list=11%, signal=45%",5048/23095/1740/667/10749/4747/547,0.407017918923954
GO:0048488,synaptic vesicle endocytosis,68,-0.585537409558278,-1.68021522028078,0.00117880640573827,0.0136667141083423,0.00826629099835394,2548,"tags=32%, list=15%, signal=28%",23208/382/6093/10396/23396/273/6453/11037/5532/6623/85439/54413/6622/5071/1212/824/120892/8120/4638/6844/6517/22871,0.45505986738723
GO:0035303,regulation of dephosphorylation,17,-0.737018749767758,-1.68019983678495,0.00925797847162393,0.0589581770923136,0.0356607626905766,2052,"tags=41%, list=12%, signal=36%",23293/8897/66036/7957/11261/650/63928,0.380730400722792
GO:1904872,regulation of telomerase RNA localization to Cajal body,12,0.77141272566872,1.68003723124975,0.012826838670091,0.0741358482820008,0.0448409537545503,1990,"tags=58%, list=11%, signal=52%",1736/10576/908/10575/7203/22948/10694,0.380730400722792
GO:0051255,spindle midzone assembly,13,0.765877936516812,1.68003516476834,0.0119123290936907,0.0708027577644324,0.0428249390838946,1692,"tags=69%, list=10%, signal=63%",24137/332/9212/55143/29127/9493/9055/3619/285643,0.380730400722792
GO:0030258,lipid modification,152,-0.51212689618999,-1.6798707411824,0.000242838814617249,0.00406670687325585,0.00245974139451846,3269,"tags=39%, list=19%, signal=32%",114757/55862/23409/54677/90809/1607/51763/5728/8310/6342/2053/285440/1892/1606/5825/10162/207/51422/1962/128/81537/1632/9162/154141/3033/5264/254013/440503/5467/34/2108/225/8897/55268/1576/66036/1891/4534/3632/3030/5166/3032/10891/37/30/1384/8613/51/38/10455/1376/1374/35/55198/10449/2110/1608/8647/8611/32,0.518848077743792
GO:0033152,immunoglobulin V(D)J recombination,10,0.812359915812732,1.67892006570358,0.00738912432789137,0.0507991494729187,0.0307257873899404,930,"tags=50%, list=5%, signal=47%",7518/23397/10051/5591/10592,0.407017918923954
GO:0010524,positive regulation of calcium ion transport into cytosol,8,-0.876531050581593,-1.67881827031539,0.00351642306735663,0.0296976074567849,0.017962552172129,840,"tags=50%, list=5%, signal=48%",5025/857/2902/117,0.431707695803346
GO:0002183,cytoplasmic translational initiation,50,0.586259397872044,1.67868463562131,0.00584219963202084,0.0434139689469261,0.0262588723129675,3714,"tags=42%, list=21%, signal=33%",5317/8894/8662/3646/1968/28985/7884/8667/6188/10480/23521/10492/2058/8562/2597/728689/8663/1973/4686/22916/255308,0.407017918923954
GO:2000291,regulation of myoblast proliferation,9,-0.857222555334307,-1.67807480819543,0.00397965921527593,0.0327166949194292,0.0197886425781957,1967,"tags=67%, list=11%, signal=59%",4212/5467/23060/6665/84466/3741,0.407017918923954
GO:0042572,retinol metabolic process,42,-0.627904127744391,-1.67766162373929,0.00601950036683533,0.0441730626170513,0.0267180089512641,1512,"tags=31%, list=9%, signal=28%",57104/130/1576/8630/441282/8824/125/126/57016/54884/5959/124/10170,0.407017918923954
GO:0006972,hyperosmotic response,24,-0.712352716515925,-1.67720649644071,0.00322553206589489,0.0280054320285527,0.0169390424682498,1068,"tags=25%, list=6%, signal=23%",92241/3954/65267/7098/79085/6750,0.431707695803346
GO:0007044,cell-substrate junction assembly,88,-0.548324256567652,-1.67625413516373,0.00168629049772396,0.017605711448706,0.0106487874784195,3241,"tags=34%, list=19%, signal=28%",2039/123720/3915/4088/10979/5728/10391/23603/6093/90102/10420/23499/88/10395/22998/79834/25/7010/7414/94/395/1845/7094/441631/667/6422/1946/6548/10580/11170,0.45505986738723
GO:0003091,renal water homeostasis,25,-0.691756873106359,-1.67603326338636,0.0023853093948914,0.0227242279143787,0.0137447142864069,2134,"tags=40%, list=12%, signal=35%",107/358/554/5566/5577/66002/112/5567/111/115,0.431707695803346
GO:0071045,nuclear histone mRNA catabolic process,12,0.768798025089591,1.67434275127122,0.014324838412473,0.0801164914802712,0.0484583365901254,2594,"tags=58%, list=15%, signal=50%",6635/6628/6636/6637/51692/6741/1478,0.380730400722792
GO:1901978,positive regulation of cell cycle checkpoint,25,0.668027077293507,1.67425740961605,0.0103227283679604,0.063803362089244,0.0385913653802924,1497,"tags=36%, list=9%, signal=33%",4085/332/57082/9212/55143/9675/10403/348654/3619,0.380730400722792
GO:0045835,negative regulation of meiotic nuclear division,5,0.940133028643357,1.67386487361141,0.00329744196814904,0.0284198883999708,0.0171897257667445,548,"tags=80%, list=3%, signal=77%",9319/57082/26271/11130,0.431707695803346
GO:0043153,entrainment of circadian clock by photoperiod,20,-0.720256104081908,-1.67361266366519,0.00825613930897621,0.0547120483181084,0.0330924982353599,2535,"tags=40%, list=15%, signal=34%",3398/150094/5158/5500/1408/8863/5187/9099,0.380730400722792
GO:0051293,establishment of spindle localization,48,0.58840210480503,1.67350271222431,0.00388094162747529,0.0323118624451838,0.0195437802790968,1433,"tags=21%, list=8%, signal=19%",89958/51203/1058/221150/9700/220134/54908/29899/10403/5314,0.431707695803346
GO:0046324,regulation of D-glucose import across plasma membrane,37,-0.638372134501475,-1.67313910896126,0.00620581260278421,0.0451457505930267,0.0273063377767792,2457,"tags=35%, list=14%, signal=30%",23596/207/51422/5295/51548/3643/388581/55600/5906/55022/55198/9607/10580,0.407017918923954
GO:0034086,maintenance of sister chromatid cohesion,13,0.762521732800695,1.67267297296941,0.0122935156193166,0.0721890957146283,0.0436634634598004,2098,"tags=38%, list=12%, signal=34%",699/79075/5925/8260/9555,0.380730400722792
GO:0034088,maintenance of mitotic sister chromatid cohesion,13,0.762521732800695,1.67267297296941,0.0122935156193166,0.0721890957146283,0.0436634634598004,2098,"tags=38%, list=12%, signal=34%",699/79075/5925/8260/9555,0.380730400722792
GO:0070198,"protein localization to chromosome, telomeric region",15,0.717027924714852,1.67227586499075,0.0292436302999095,0.133769695644255,0.0809103945681922,2465,"tags=40%, list=14%, signal=34%",26354/545/9555/65057/54552/7520,0.352487857583619
GO:0043248,proteasome assembly,15,0.716894164781305,1.6719639057199,0.0296024433754111,0.134365376185843,0.0812706910271496,3251,"tags=53%, list=19%, signal=43%",51633/11047/51371/8624/5716/84262/7979/389362,0.352487857583619
GO:0003014,renal system process,98,-0.550959510745915,-1.67168847297566,0.000773907634689255,0.00982433676293642,0.00594223497356158,2134,"tags=31%, list=12%, signal=27%",107/5641/358/4881/5137/2150/9429/3512/1910/554/2702/1187/5566/6869/5577/66002/112/1188/81693/3043/5567/111/65267/1139/81285/6446/115/2934/3778/5125,0.477270815362862
GO:0090231,regulation of spindle checkpoint,31,0.644720005797895,1.67154419555055,0.0103377292456408,0.0638289627162569,0.0386068498801474,1497,"tags=39%, list=9%, signal=35%",4085/891/332/221150/57082/9212/55143/220134/11130/10403/348654/3619,0.380730400722792
GO:0014889,muscle atrophy,6,-0.919533953852344,-1.67031066434921,0.00266906454608728,0.024399317887871,0.0147578898792775,101,"tags=33%, list=1%, signal=33%",2934/51676,0.431707695803346
GO:0006654,phosphatidic acid biosynthetic process,31,-0.650523044497391,-1.66970747082616,0.0102902739976937,0.0636697163773091,0.03851052997708,2093,"tags=32%, list=12%, signal=28%",10555/9162/63874/254531/79575/200879/51099/9971/1608/84803,0.380730400722792
GO:0051101,regulation of DNA binding,37,0.620513961637671,1.66937484297286,0.00989581292798469,0.0618146529125335,0.0373884976949465,1056,"tags=22%, list=6%, signal=20%",51176/55355/8904/1869/4318/7023/5925/51042,0.380730400722792
GO:0071372,cellular response to follicle-stimulating hormone stimulus,9,0.839977760248354,1.66924410800806,0.00546078880680563,0.041578389386533,0.0251486248404183,579,"tags=22%, list=3%, signal=21%",3624/1909,0.407017918923954
GO:0048251,elastic fiber assembly,11,-0.824528821138576,-1.66894791686263,0.00831282095416091,0.0549637362975903,0.0332447313224569,1596,"tags=55%, list=9%, signal=50%",10516/30008/4629/4239/8425/7148,0.380730400722792
GO:0097700,vascular endothelial cell response to laminar fluid shear stress,20,-0.718043893409333,-1.66847229237874,0.00885116082089018,0.0574885340388867,0.0347718513511698,2583,"tags=50%, list=15%, signal=43%",2475/207/107/5566/5577/112/824/5567/111/115,0.380730400722792
GO:0044557,relaxation of smooth muscle,9,-0.852062346264447,-1.66797332779076,0.00485542164835568,0.0382063834659099,0.0231090722481073,988,"tags=56%, list=6%, signal=52%",5592/2770/6833/9607/6546,0.407017918923954
GO:1904356,regulation of telomere maintenance via telomere lengthening,54,0.568460667857334,1.66733958877087,0.00560502901635904,0.0421308958544226,0.025482807527335,4972,"tags=50%, list=29%, signal=36%",1736/10576/908/10575/545/51750/80119/25913/7203/55226/22948/10694/65057/54552/3320/1499/10574/3183/84464/26272/167227/10728/548593/6950/3181/3192/79008,0.407017918923954
GO:0001991,regulation of systemic arterial blood pressure by circulatory renin-angiotensin,20,-0.717429645453838,-1.66704500401406,0.00914867194298668,0.0587073075118731,0.0355090246108804,1902,"tags=40%, list=11%, signal=36%",5137/2150/1910/81285/1511/1215/290/5125,0.380730400722792
GO:0048041,focal adhesion assembly,80,-0.556489754082579,-1.66651545275731,0.00189996082697655,0.0191176195454568,0.0115632627642441,3241,"tags=35%, list=19%, signal=29%",2039/123720/4088/10979/5728/10391/23603/6093/90102/10420/23499/88/10395/22998/79834/25/7010/7414/94/395/1845/7094/441631/6422/1946/6548/10580/11170,0.45505986738723
GO:0001523,retinoid metabolic process,69,-0.571421947889671,-1.66620723080549,0.00250749303203989,0.0233616035488775,0.0141302299581522,1512,"tags=29%, list=9%, signal=27%",57104/130/1576/54577/8630/54600/441282/8824/125/54659/126/56603/54658/7276/54576/57016/54884/5959/124/10170,0.431707695803346
GO:0019395,fatty acid oxidation,91,-0.547489954854392,-1.66614954762344,0.00159471741591598,0.016920124495946,0.0102341112650107,2816,"tags=42%, list=16%, signal=35%",8310/6342/285440/1892/5825/207/51422/1962/128/1632/3033/5264/254013/440503/5467/34/2108/225/55268/1891/3030/5166/3032/10891/37/30/1384/51/38/10455/1376/1374/35/55198/10449/2110/8647/32,0.45505986738723
GO:1902905,positive regulation of supramolecular fiber organization,152,-0.50793179150028,-1.66611002352264,0.00029763818525099,0.00476707698339325,0.002883359177919,3523,"tags=37%, list=20%, signal=30%",9639/2241/10810/10163/2242/6366/123720/9788/23075/4088/9659/253725/10979/55704/7016/10174/79998/5663/382/2316/4926/5216/148170/88/51466/1073/3071/2150/22998/4131/5581/1639/57606/6249/23580/10602/389/25802/7168/6869/25/57026/6356/122060/51474/171024/10178/4137/6422/1902/57482/85477/1191/2934/11075/11346,0.49849310876659
GO:0097553,calcium ion transmembrane import into cytosol,137,-0.520112598140601,-1.66579772718023,0.000212385315644855,0.00369349374367,0.00223400400738164,1574,"tags=28%, list=9%, signal=25%",5532/2811/493/8912/3690/2946/6622/5566/477/3954/801/775/5025/845/6261/84502/3708/857/5334/162514/817/6717/57158/6262/2902/23228/5144/6546/5023/2247/773/51196/2852/6263/117/287/4842/1756,0.518848077743792
GO:0036261,7-methylguanosine cap hypermethylation,10,0.805944428295791,1.66566105265554,0.00858238478650254,0.0561148584817152,0.0339409858042001,1603,"tags=60%, list=9%, signal=54%",6635/6628/6636/6633/6637/96764,0.380730400722792
GO:0045653,negative regulation of megakaryocyte differentiation,18,0.712496556926855,1.66403988477952,0.0133773561970018,0.0760831134406441,0.0460187540893415,1870,"tags=50%, list=11%, signal=45%",8363/8362/8294/8370/4602/554313/8368/8360/3276,0.380730400722792
GO:0050849,negative regulation of calcium-mediated signaling,16,-0.735144059636903,-1.66391781830626,0.00838765303248203,0.0552101058509847,0.0333937475677188,2393,"tags=44%, list=14%, signal=38%",5621/1827/493/3632/3708/11261/9455,0.380730400722792
GO:0019226,transmission of nerve impulse,32,-0.651244748671063,-1.66384332631248,0.00555740908292457,0.0418800648582444,0.0253310927852705,2609,"tags=50%, list=15%, signal=43%",3751/2475/6326/5048/26047/3779/259232/3737/57731/1134/57578/6330/9607/5023/2852/6335,0.407017918923954
GO:0030011,maintenance of cell polarity,12,-0.805907100792897,-1.66338568856689,0.00535613360272399,0.0411547102180544,0.0248923631473134,3325,"tags=83%, list=19%, signal=67%",10015/9231/9124/9948/9368/286/3071/1822/667/6548,0.407017918923954
GO:0051447,negative regulation of meiotic cell cycle,11,0.793355086785428,1.66312048744032,0.0114632329848169,0.0688757729527099,0.0416594052857315,548,"tags=55%, list=3%, signal=53%",7272/9319/9088/57082/26271/11130,0.380730400722792
GO:0007622,rhythmic behavior,36,-0.636630745888562,-1.6601490358142,0.0054156396031986,0.0413417267371446,0.0250054798011077,3019,"tags=47%, list=17%, signal=39%",148523/5728/3751/463/2475/3398/114781/9611/153/3737/1958/8863/9607/285382/5350/9099/22871,0.407017918923954
GO:0031145,anaphase-promoting complex-dependent catabolic process,24,0.66293100075144,1.65985529010106,0.00996496461500248,0.0620487944989243,0.0375301178731824,1673,"tags=29%, list=10%, signal=26%",11065/5347/991/27338/1017/64682/8881,0.380730400722792
GO:0120254,olefinic compound metabolic process,129,-0.517199406980127,-1.65935755810524,0.000643540859114807,0.00859981418712496,0.00520158437785381,1619,"tags=25%, list=9%, signal=23%",2052/57104/654/57406/1910/130/8912/1576/2946/8630/8399/441282/66002/30/1958/8824/1181/27306/125/2902/3291/11343/653/650/126/5742/1589/57016/54884/5959/124/10170,0.477270815362862
GO:0060253,negative regulation of glial cell proliferation,11,-0.819677508568946,-1.65912826253453,0.00944268557466232,0.059746077295872,0.0361373229162932,543,"tags=27%, list=3%, signal=26%",257194/6833/6663,0.380730400722792
GO:0042755,eating behavior,17,-0.727519944324366,-1.65854517554239,0.0120123628309439,0.0711780934680324,0.0430519603066577,1117,"tags=53%, list=6%, signal=50%",6869/2770/5697/5028/1374/4886/9607/6900/2981,0.380730400722792
GO:0006887,exocytosis,302,-0.473002091870513,-1.65816856686619,1.93193459735385e-05,0.000540757693487901,0.000327076458798615,2880,"tags=26%, list=17%, signal=22%",51150/6352/326624/6284/8676/6355/140775/387695/140/91828/399979/23208/6616/644150/201475/8499/2624/84446/57553/10497/23396/9699/286/1230/8013/10490/94120/2205/219931/1393/6453/5414/9751/9515/3071/5578/9900/2150/6571/9783/5532/8492/55362/54843/6622/8447/9525/23233/94121/10066/6853/5071/5873/2770/22999/3815/5906/5864/120892/634/2776/5028/5865/11126/112476/6844/5579/9899/9912/9607/6855/5023/9145/85477/1113/5729/7166/57126/22871/3745,0.575610261071129
GO:0051489,regulation of filopodium assembly,42,-0.620108911260094,-1.65683402448234,0.00747643171819158,0.0511075799875519,0.0309123411121093,2825,"tags=38%, list=16%, signal=32%",5580/9750/382/5064/5295/26051/2823/8976/57451/9148/10178/9912/2596/9378/23500/22871,0.407017918923954
GO:0046847,filopodium assembly,59,-0.581677907121479,-1.6563325024012,0.0049593905116516,0.038816641048586,0.0234781856079363,3471,"tags=41%, list=20%, signal=33%",50649/653464/6366/2039/55785/5580/9750/382/121512/9294/5064/5295/26051/2823/8976/57451/387804/9148/10178/9912/2596/9378/23500/22871,0.407017918923954
GO:1990481,mRNA pseudouridine synthesis,11,0.79006765958948,1.65622901146491,0.0129073916429192,0.0744177379786454,0.0450114543037993,551,"tags=36%, list=3%, signal=35%",1736/83448/54517/80324,0.380730400722792
GO:0045475,locomotor rhythm,12,-0.802332807224786,-1.65600837576982,0.00630831903190582,0.0456354874186328,0.0276025543421495,3019,"tags=83%, list=17%, signal=69%",148523/5728/3751/463/2475/3398/9611/1958/5350/9099,0.407017918923954
GO:0051412,response to corticosterone,12,-0.802084855395261,-1.65549660521428,0.00646701681507313,0.0462446774197079,0.0279710219768898,1914,"tags=67%, list=11%, signal=59%",5578/114131/4916/5071/2354/2353/4747/9607,0.407017918923954
GO:0099504,synaptic vesicle cycle,181,-0.499805480689766,-1.65547808060927,0.000136741513360237,0.00255164004930626,0.00154335555740824,3788,"tags=38%, list=22%, signal=30%",22930/57555/57617/2580/127833/58513/9143/5289/8867/84162/6854/415117/525/161/1785/9342/51382/8927/5728/8676/5663/23208/6616/382/6093/8499/10396/84446/10497/23396/9699/273/6453/9751/11037/9900/26503/6571/9114/9783/5532/6623/85439/54413/6622/8447/6853/5071/1212/22999/824/5906/5864/120892/8120/4638/5028/5865/112476/6844/5579/9899/1902/6855/5023/9378/6517/22871,0.518848077743792
GO:0086091,regulation of heart rate by cardiac conduction,35,-0.635808412798578,-1.65541065417497,0.00909868974316278,0.0585161415027327,0.0353933981444145,1929,"tags=37%, list=11%, signal=33%",1824/54795/8913/6331/23704/3752/775/857/817/783/6330/3741/287,0.380730400722792
GO:0043269,regulation of monoatomic ion transport,283,-0.481141731638916,-1.65482239420029,1.03834221151258e-05,0.000311396710166885,0.00018834782097317,2526,"tags=31%, list=15%, signal=27%",781/5999/65268/51669/2316/5621/150094/7881/23327/483/1230/130497/1193/57463/53826/88/57628/9495/487/5581/80333/7225/154043/3958/5532/493/2258/51719/342667/6331/3690/2946/6622/490/5205/5566/818/7871/6786/477/801/57731/6769/775/5025/845/596/84502/23171/10939/4638/857/162514/817/6717/57158/6262/2902/783/65267/3781/2641/6833/6387/6330/815/5187/816/8787/11261/2273/782/5144/6546/5023/30818/9455/2852/5350/117/287/4842/1804/1756/6865/760/5348,0.593325476396405
GO:0060252,positive regulation of glial cell proliferation,11,0.789378209728035,1.65478370883973,0.0132684317581541,0.0759414234415093,0.0459330531113947,1942,"tags=45%, list=11%, signal=40%",1869/3553/8140/4602/4067,0.380730400722792
GO:0035590,purinergic nucleotide receptor signaling pathway,25,-0.682856698615162,-1.6544693453725,0.00295777261959958,0.0263022503146843,0.0159088756294397,1831,"tags=36%, list=11%, signal=32%",5029/9127/5030/64805/5025/5028/9934/1511/5023,0.431707695803346
GO:0050891,multicellular organismal-level water homeostasis,30,-0.652526175537356,-1.65386869023065,0.00795862897389755,0.0532811174357287,0.0322270018930414,2134,"tags=40%, list=12%, signal=35%",107/358/554/5566/5577/66002/112/6338/6340/5567/111/115,0.380730400722792
GO:0043392,negative regulation of DNA binding,13,0.753918949741387,1.65380184825698,0.0153430148707887,0.0837477527121811,0.0506546993585311,1056,"tags=38%, list=6%, signal=36%",51176/8904/1869/7023/51042,0.380730400722792
GO:0014819,regulation of skeletal muscle contraction,13,-0.782061102673965,-1.65378423842607,0.01179084172579,0.0704335037237742,0.0426015963456035,3207,"tags=69%, list=18%, signal=56%",113246/3759/283383/487/2946/4625/1760/6329/1756,0.380730400722792
GO:0086009,membrane repolarization,43,-0.612771611858086,-1.65284847980452,0.01118514780152,0.0677796894611696,0.0409964408725055,2972,"tags=47%, list=17%, signal=39%",9472/3759/30819/3751/781/2316/23327/483/6331/23704/2702/3752/477/845/857/3781/6330/3741/287/4842,0.380730400722792
GO:0099622,cardiac muscle cell membrane repolarization,32,-0.645984944086182,-1.65040522830997,0.00646472816482524,0.0462446774197079,0.0279710219768898,1365,"tags=31%, list=8%, signal=29%",6331/23704/2702/3752/845/3781/6330/3741/287/4842,0.407017918923954
GO:0060079,excitatory postsynaptic potential,67,-0.570140608874283,-1.64994273561816,0.0028965301712451,0.0258358184318342,0.0156267550228342,1425,"tags=30%, list=8%, signal=28%",9127/54413/6785/5071/5649/22999/5025/120892/1134/57502/84866/2743/2902/89832/1139/4208/5023/4355/9378/22871,0.431707695803346
GO:0032230,"positive regulation of synaptic transmission, GABAergic",9,-0.842707656295458,-1.64966084933606,0.0071793367198683,0.0499743989485236,0.0302269383043703,1307,"tags=44%, list=8%, signal=41%",259232/6869/9378/22871,0.407017918923954
GO:0016180,snRNA processing,37,0.613145846953972,1.64955233122688,0.0121289168953942,0.0715800938866738,0.0432951096412824,3062,"tags=32%, list=18%, signal=27%",1736/56915/11340/55726/25896/55651/23404/55656/54512/23016/51010/26512,0.380730400722792
GO:0001709,cell fate determination,16,-0.728782327882525,-1.64951873736066,0.0114101597660802,0.0688757729527099,0.0416594052857315,1909,"tags=44%, list=11%, signal=39%",4853/28514/57453/4208/9314/56603/7148,0.380730400722792
GO:0055002,striated muscle cell development,94,-0.540346248060962,-1.64950145863919,0.00222776070694784,0.0215551836797799,0.0130376196800127,2271,"tags=37%, list=13%, signal=33%",7273/10398/858/5156/88/10611/29767/4211/4089/27086/5532/4604/144165/84665/25802/2314/7168/1465/58/84033/9734/4629/6261/9172/8736/4892/57462/7140/4621/8470/6546/51676/2318/5239/7111,0.431707695803346
GO:0014706,striated muscle tissue development,199,-0.492634949157086,-1.64914722746947,0.000166486682843302,0.00299392066449185,0.00181086830693034,2271,"tags=32%, list=13%, signal=28%",7273/4637/858/728264/5156/88/4729/10611/1073/6899/23462/4853/11149/4211/4089/6285/8913/28514/1827/27086/5532/23414/64091/144165/51548/6331/4625/7168/2702/58/4092/9734/25/7049/4629/9148/1134/6261/6665/8736/84466/93986/4892/857/6840/57462/57158/6262/653/6943/650/4208/654463/2263/8470/6546/56603/2247/221662/51676/93649/5239/1756,0.518848077743792
GO:0003073,regulation of systemic arterial blood pressure,62,-0.566500991429425,-1.64894536093981,0.00495474445151809,0.038816641048586,0.0234781856079363,1902,"tags=31%, list=11%, signal=27%",5137/2150/3777/1910/554/9283/7168/6869/153/1889/170690/3291/81285/9607/1511/1215/1908/290/5125,0.407017918923954
GO:0032210,regulation of telomere maintenance via telomerase,45,0.582502742123756,1.6489171736898,0.00908100090977295,0.0585161415027327,0.0353933981444145,3977,"tags=42%, list=23%, signal=33%",1736/10576/908/10575/545/80119/25913/7203/55226/22948/10694/65057/54552/3320/1499/10574/3183/26272/167227,0.380730400722792
GO:0060292,long-term synaptic depression,22,-0.687030180540252,-1.64862648625508,0.0135951608913746,0.0769868552210984,0.0465653809145888,3284,"tags=41%, list=19%, signal=33%",23096/5728/25769/85358/1742/57537/80863/4137/3745,0.380730400722792
GO:0090266,regulation of mitotic cell cycle spindle assembly checkpoint,30,0.630396986901007,1.64794741515179,0.0114714837905245,0.0688757729527099,0.0416594052857315,1497,"tags=37%, list=9%, signal=34%",4085/891/332/221150/57082/9212/55143/220134/10403/348654/3619,0.380730400722792
GO:1903504,regulation of mitotic spindle checkpoint,30,0.630396986901007,1.64794741515179,0.0114714837905245,0.0688757729527099,0.0416594052857315,1497,"tags=37%, list=9%, signal=34%",4085/891/332/221150/57082/9212/55143/220134/10403/348654/3619,0.380730400722792
GO:0030073,insulin secretion,143,-0.512292295028427,-1.64777322480898,0.000383684571896043,0.00582369850167514,0.00352245507734293,2113,"tags=27%, list=12%, signal=24%",90007/222546/5578/54795/3033/4826/2308/5532/5467/51548/572/114131/8447/6934/9854/8622/4760/5566/818/5071/5864/2822/2775/2781/3572/6717/1374/5567/111/9971/2641/6833/1946/9607/3570/1113/3741/2852/3745,0.49849310876659
GO:0007200,phospholipase C-activating G protein-coupled receptor signaling pathway,100,-0.534474630863931,-1.64711205451553,0.00221370508075112,0.0215076999415787,0.0130088992140287,1436,"tags=22%, list=8%, signal=20%",1910/2894/5030/64805/3632/6869/1816/9630/338557/3708/2776/5028/5579/1902/1608/2767/1113/2596/8611/51196/9378/6865,0.431707695803346
GO:0021954,central nervous system neuron development,47,-0.60431106511175,-1.6470538477303,0.0064453604135474,0.0462022298912581,0.0279453476546244,3927,"tags=55%, list=23%, signal=43%",8829/9693/8828/26128/25987/4858/9353/23334/113246/5728/2043/5578/5048/64398/9723/2909/4967/79625/4781/57178/57704/57731/4915/4133/4137/2263,0.407017918923954
GO:1905065,positive regulation of vascular associated smooth muscle cell differentiation,5,-0.924845080933365,-1.64695581987776,0.00562719643712787,0.0421358734489651,0.0254858182177346,1120,"tags=60%, list=6%, signal=56%",30008/3815/2852,0.407017918923954
GO:0031946,regulation of glucocorticoid biosynthetic process,8,-0.859819043027743,-1.64680979372299,0.00676435092151328,0.0476177900798264,0.0288015470564432,984,"tags=38%, list=6%, signal=35%",2494/653/650,0.407017918923954
GO:0050807,regulation of synapse organization,264,-0.477262364862299,-1.64667860059465,5.08199688413262e-05,0.00118343514723311,0.000715798927756693,2630,"tags=29%, list=15%, signal=25%",26115/5663/116987/9379/22924/22883/382/6093/8499/1400/5621/207/23327/9294/29904/1793/1600/57463/8404/6453/3360/285025/10611/2043/5578/5048/57622/4131/1639/54583/5802/2823/388/144165/57524/9252/4739/54413/2894/8976/55799/6622/26050/4916/387804/25/10672/5649/57026/145581/120892/9148/153090/22849/10882/57502/57549/257194/5063/94030/158866/9912/2045/816/4208/4747/55118/1946/2260/1760/4593/9378/547/9423/577/22871,0.557332238758646
GO:0051443,positive regulation of ubiquitin-protein transferase activity,9,0.828532118767914,1.64649878008658,0.00771726924676013,0.0522003551581773,0.0315733044925207,433,"tags=33%, list=2%, signal=33%",11065/991/27338,0.407017918923954
GO:0090232,positive regulation of spindle checkpoint,20,0.680574855008454,1.64599222932737,0.0214290352774894,0.10738266782701,0.0649502413967824,1497,"tags=40%, list=9%, signal=37%",4085/332/57082/9212/55143/10403/348654/3619,0.352487857583619
GO:0098659,inorganic cation import across plasma membrane,97,-0.535956241528125,-1.64594322587877,0.00138295538035616,0.0151944144406233,0.00919031819353823,2393,"tags=32%, list=14%, signal=28%",5621/6560/23327/483/478/53826/9495/54795/3768/8913/5532/493/8912/610/477/6549/6338/775/6340/285195/162514/6833/6546/1261/6548/5023/6550/773/287/5348/343,0.45505986738723
GO:0099587,inorganic ion import across plasma membrane,97,-0.535956241528125,-1.64594322587877,0.00138295538035616,0.0151944144406233,0.00919031819353823,2393,"tags=32%, list=14%, signal=28%",5621/6560/23327/483/478/53826/9495/54795/3768/8913/5532/493/8912/610/477/6549/6338/775/6340/285195/162514/6833/6546/1261/6548/5023/6550/773/287/5348/343,0.45505986738723
GO:0060632,regulation of microtubule-based movement,39,-0.624523169971544,-1.64565421147167,0.00437821768652619,0.0351573272696734,0.0212648552996428,1699,"tags=23%, list=10%, signal=21%",582/4134/55130/6869/324/284076/4133/4137/6865,0.407017918923954
GO:0015721,bile acid and bile salt transport,25,-0.679170998258164,-1.64553939232489,0.00318675840479194,0.0278332331402185,0.0168348882356172,1180,"tags=32%, list=7%, signal=30%",5205/6256/8648/634/9971/8647/200931/123264,0.431707695803346
GO:0031032,actomyosin structure organization,169,-0.501113126438678,-1.64514952312445,0.000246996630976585,0.00412456305931922,0.0024947356196309,3011,"tags=38%, list=17%, signal=32%",51763/4088/9578/10979/55704/7016/10174/9124/9948/4633/6093/90102/7798/7273/5216/10398/84952/7082/54566/399687/5156/88/51466/5295/29767/10395/22998/4089/23370/10788/4604/84665/389/64097/25802/2314/7168/1465/6869/58/84033/8476/25/395/4629/5734/9839/9172/1264/8736/4892/55616/408/7140/4621/6422/1902/6548/257019/23136/10580/11346/2318/5239/7111,0.49849310876659
GO:0060142,regulation of syncytium formation by plasma membrane fusion,59,0.556512294285684,1.64509414319364,0.00726835254743059,0.0502832480832018,0.0304137452282293,4108,"tags=64%, list=24%, signal=49%",54209/6173/25873/6167/6170/6129/6147/6141/6144/6161/6158/6157/6168/6156/6137/6132/6160/11224/6165/6128/6181/6136/23521/6159/9349/6143/6130/6175/4736/6152/6138/6134/6142/9045/6133/6169/6125/6155,0.407017918923954
GO:0034762,regulation of transmembrane transport,278,-0.477518855800774,-1.64484887998704,1.26517937141553e-05,0.000373704740963843,0.00022603473752231,3033,"tags=37%, list=17%, signal=31%",4947/51763/2534/9472/50488/5997/1318/805/389816/3759/967/30819/113451/623/3755/781/5999/65268/23596/2316/5621/207/51422/7881/23327/483/55625/8013/130497/1193/57463/1393/53826/57628/5295/9495/487/5581/80333/7225/5532/493/2258/51548/51719/342667/6331/3690/2946/3643/6622/80863/388581/25999/5566/7871/6786/477/55600/801/5906/6769/775/5025/338557/845/1612/84502/5797/10939/857/817/6717/55022/57158/6262/2902/783/65267/55198/6844/3781/5579/8787/11261/2273/9607/782/5144/6546/5023/30818/2852/5350/10580/117/287/4842/1804/1756/760/5348,0.593325476396405
GO:0071492,cellular response to UV-A,9,0.827640989882754,1.64472788600888,0.00780752868285677,0.0526291899057708,0.0318326845297199,1222,"tags=44%, list=7%, signal=41%",4312/4314/4318/7076,0.407017918923954
GO:1903170,negative regulation of calcium ion transmembrane transport,26,-0.672922573730777,-1.64446901917268,0.012230328267237,0.0719618313862051,0.0435260029804636,1574,"tags=19%, list=9%, signal=18%",5532/477/801/5350/4842,0.380730400722792
GO:0003353,positive regulation of cilium movement,7,-0.856964701271989,-1.64385187997274,0.0108389163170679,0.0659702064930103,0.0399019778836119,1117,"tags=29%, list=6%, signal=27%",6869/6865,0.380730400722792
GO:1902093,positive regulation of flagellated sperm motility,7,-0.856964701271989,-1.64385187997274,0.0108389163170679,0.0659702064930103,0.0399019778836119,1117,"tags=29%, list=6%, signal=27%",6869/6865,0.380730400722792
GO:2000155,positive regulation of cilium-dependent cell motility,7,-0.856964701271989,-1.64385187997274,0.0108389163170679,0.0659702064930103,0.0399019778836119,1117,"tags=29%, list=6%, signal=27%",6869/6865,0.380730400722792
GO:0019218,regulation of steroid metabolic process,79,-0.543085094676597,-1.64320456741696,0.00470771989511351,0.0373440992489571,0.0225875209663498,1857,"tags=19%, list=11%, signal=17%",2672/6770/654/5566/2494/2770/37/1958/1181/9971/653/650/54658/54576/343,0.407017918923954
GO:0032418,lysosome localization,73,-0.557530988825187,-1.64316754187108,0.00259626480929032,0.023882385835694,0.0144452243229634,4389,"tags=41%, list=25%, signal=31%",729991/9842/23207/3965/54785/81565/9846/26001/2242/4627/5293/90809/7942/6284/387695/140/2624/201163/2647/8013/2205/4135/6571/94121/2770/3815/5864/2776/1113/5729,0.431707695803346
GO:2000104,negative regulation of DNA-templated DNA replication,15,0.704495697799257,1.64304779745925,0.0385413828982344,0.158939494000686,0.0961343083732776,606,"tags=20%, list=3%, signal=19%",81620/26271/8914,0.321775918075361
GO:0008202,steroid metabolic process,243,-0.480943000097047,-1.6424980642991,4.68892292565499e-05,0.00110688710670683,0.000669498963235027,2800,"tags=29%, list=16%, signal=25%",6342/1645/19/2053/54578/285440/6721/23780/5825/3931/10162/2246/51422/84681/55911/5641/8029/1646/10901/2672/6770/338/412/5467/654/1910/114881/8912/1576/5563/54577/8630/54600/51170/3158/5566/441282/57704/2494/2770/37/7367/30/1958/114876/5087/1727/1181/4779/7366/51474/54579/9971/54657/54659/3291/653/650/10449/54575/10826/1589/54658/54576/8647/5959/79154/3294/10170/6799/343,0.557332238758646
GO:0032288,myelin assembly,17,-0.720286330622955,-1.64205452782914,0.0146137341999677,0.0811138145679038,0.0490615659250183,2018,"tags=35%, list=12%, signal=31%",5376/64398/11076/23136/1272/287,0.380730400722792
GO:0090235,regulation of metaphase plate congression,15,0.703935119561766,1.64174039864717,0.0385413828982344,0.158939494000686,0.0961343083732776,1497,"tags=40%, list=9%, signal=37%",983/332/9212/55143/10615/3619,0.321775918075361
GO:0023061,signal release,337,-0.464194905500653,-1.64173526638207,3.20151982162703e-05,0.000800788660064837,0.000484355788802024,2066,"tags=24%, list=12%, signal=22%",222546/1393/6453/9751/5578/5137/9900/54795/2150/3033/6571/9783/4826/2308/5532/5467/654/1910/51548/572/114131/1408/8399/6622/8447/6934/9854/8622/4760/5566/818/6869/8792/6853/5071/3737/22999/79971/5906/5864/7432/5025/120892/338557/2822/2865/2775/2776/2781/3572/5028/6717/1374/84417/5567/112476/111/6844/9971/2641/6833/6387/5579/9899/815/81285/4208/1946/9607/6855/5023/1908/3570/1113/3741/9378/2852/6865/22871/5125/3745,0.557332238758646
GO:0001990,regulation of systemic arterial blood pressure by hormone,34,-0.635254618226517,-1.64092750274281,0.0108416501313794,0.0659702064930103,0.0399019778836119,1902,"tags=38%, list=11%, signal=34%",5137/2150/1910/554/6869/1889/3291/81285/1511/1215/1908/290/5125,0.380730400722792
GO:0032330,regulation of chondrocyte differentiation,35,-0.630200135856777,-1.64080876905653,0.0106539862177805,0.0653014921669591,0.0394975070525046,1469,"tags=31%, list=8%, signal=29%",654/7227/4092/2494/94/51222/6660/7483/85477/5593/7704,0.380730400722792
GO:0006303,double-strand break repair via nonhomologous end joining,69,0.535849310336189,1.64066623630488,0.00532520496496345,0.0409706214450984,0.0247810173362632,2966,"tags=35%, list=17%, signal=29%",5347/10721/7518/5422/149840/5591/4361/25913/3146/10459/3148/9937/10213/11073/112441434/64421/286257/7520/55183/27434/27339/9025/79000/64858,0.407017918923954
GO:0071025,RNA surveillance,39,0.598950400098928,1.64061007091568,0.0092553373084171,0.0589581770923136,0.0356607626905766,3439,"tags=41%, list=20%, signal=33%",56915/22894/11340/55726/25896/23404/55656/54512/23016/51095/51010/26512/1797/84186/25996/6832,0.380730400722792
GO:1901739,regulation of myoblast fusion,54,0.559220159368102,1.64023645482399,0.00732184375257619,0.0505732051441162,0.030589125310343,4108,"tags=69%, list=24%, signal=52%",6173/25873/6167/6170/6129/6147/6141/6144/6161/6158/6157/6168/6156/6137/6132/6160/11224/6165/6128/6181/6136/23521/6159/9349/6143/6130/6175/4736/6152/6138/6134/6142/9045/6133/6169/6125/6155,0.407017918923954
GO:0000479,"endonucleolytic cleavage of tricistronic rRNA transcript (SSU-rRNA, 5.8S rRNA, LSU-rRNA)",22,0.687992479661675,1.64008141720435,0.0123949516962436,0.0724950508164379,0.0438485199323322,3910,"tags=64%, list=23%, signal=49%",10799/6227/23246/27340/6167/54881/10171/23212/81887/8602/57418/23195/29777/9790,0.380730400722792
GO:0009757,hexose mediated signaling,8,0.838000106584591,1.63824647480311,0.0127191588481266,0.0735858422335512,0.0445082834424843,27,"tags=12%, list=0%, signal=12%",3651,0.380730400722792
GO:0010182,sugar mediated signaling pathway,8,0.838000106584591,1.63824647480311,0.0127191588481266,0.0735858422335512,0.0445082834424843,27,"tags=12%, list=0%, signal=12%",3651,0.380730400722792
GO:0010255,glucose mediated signaling pathway,8,0.838000106584591,1.63824647480311,0.0127191588481266,0.0735858422335512,0.0445082834424843,27,"tags=12%, list=0%, signal=12%",3651,0.380730400722792
GO:0001731,formation of translation preinitiation complex,12,0.752166148346891,1.63812067296797,0.0197441779123156,0.100531626914457,0.0608063998430747,3714,"tags=75%, list=21%, signal=59%",8894/1968/28985/23521/10492/2058/8562/2597/255308,0.352487857583619
GO:0045738,negative regulation of DNA repair,39,0.598034669866606,1.63810175596816,0.00965556429384652,0.060831089945584,0.0367935911478749,3517,"tags=44%, list=20%, signal=35%",5347/10721/55010/2187/149840/4361/7291/10459/6188/112441434/115004/55183/116028/79000/55086/92797/56893,0.380730400722792
GO:0060766,negative regulation of androgen receptor signaling pathway,15,-0.755650076184763,-1.63774959767433,0.0165761036563769,0.0884159140582426,0.0534782295654195,2929,"tags=47%, list=17%, signal=39%",9063/9611/51341/27086/6934/6943/6422,0.352487857583619
GO:0086005,ventricular cardiac muscle cell action potential,29,-0.662707422261846,-1.63755027949557,0.00521654451619262,0.0402928366178452,0.0243710602264614,2297,"tags=45%, list=13%, signal=39%",23327/1824/54795/6331/23704/3752/775/845/23171/857/6262/287/4842,0.407017918923954
GO:0008306,associative learning,40,-0.612227057945778,-1.63753670692763,0.0081506684241759,0.0541351740082553,0.0327435766967283,2753,"tags=40%, list=16%, signal=34%",65009/85358/4130/8554/84446/5641/6869/25/5649/6505/3815/2902/6833/2353/9607/5350,0.380730400722792
GO:0050680,negative regulation of epithelial cell proliferation,81,-0.541882173582387,-1.6370411470088,0.00245649851449981,0.0231770437692293,0.014018599259429,1242,"tags=23%, list=7%, signal=22%",407004/4781/55333/7049/94/153090/634/84913/3727/5797/857/388364/498/4208/6422/2263/7857/1030/687,0.431707695803346
GO:2000178,negative regulation of neural precursor cell proliferation,16,-0.72325641598154,-1.63701144283259,0.0138281746112241,0.078080701599208,0.0472269922131986,528,"tags=31%, list=3%, signal=30%",55198/1271/54857/5152/5764,0.380730400722792
GO:0050803,regulation of synapse structure or activity,266,-0.475597972649242,-1.63659154345492,8.43054898599281e-05,0.00173268415872957,0.00104801134718651,2630,"tags=29%, list=15%, signal=25%",26115/5663/116987/9379/22924/22883/382/6093/8499/1400/5621/207/23327/9294/29904/1793/1600/57463/8404/6453/3360/285025/10611/2043/5578/5048/57622/4131/1639/54583/5802/2823/388/144165/57524/9252/4739/54413/2894/8976/55799/6622/26050/4916/387804/25/10672/5649/57026/145581/120892/9148/153090/22849/10882/57502/57549/257194/5063/94030/158866/9912/2045/816/4208/4747/55118/1946/2260/1760/4593/9378/547/9423/577/22871,0.538434096309916
GO:0006109,regulation of carbohydrate metabolic process,133,-0.510156097263659,-1.63586410143837,0.0003522199326042,0.00545586455273136,0.00329997127934009,2597,"tags=29%, list=15%, signal=25%",5663/2475/5745/950/207/51422/150094/201163/26471/2033/9878/9611/51341/26137/405/2308/34/5507/51548/5563/3643/9759/6622/6934/5164/388581/5566/5166/5071/10891/8671/863/2822/5028/2641/2852/32/10580/117,0.49849310876659
GO:0099509,regulation of presynaptic cytosolic calcium ion concentration,10,-0.830744852641711,-1.63579301852146,0.00568131646104695,0.0424330090953418,0.0256655402562189,637,"tags=50%, list=4%, signal=48%",5028/783/9899/5023/1268,0.407017918923954
GO:0071103,DNA conformation change,18,0.700289836685157,1.63553101810914,0.0185005249951283,0.0957271883110601,0.0579004425467879,1984,"tags=39%, list=11%, signal=34%",7153/641/116447/3149/3146/3148/7150,0.352487857583619
GO:0043535,regulation of blood vessel endothelial cell migration,90,-0.540872315744154,-1.63551387597032,0.00285516877157973,0.0255743862579848,0.0154686281747683,2677,"tags=28%, list=15%, signal=24%",506/57608/2624/207/3162/90627/10000/57381/5578/493/3315/407004/9734/25/7049/94/5025/2549/22915/498/4208/9314/4223/2247/2260,0.431707695803346
GO:0099010,modification of postsynaptic structure,31,-0.637030818264771,-1.63507676691914,0.0148150110540138,0.0818662611107571,0.0495166820586129,2540,"tags=35%, list=15%, signal=30%",116987/5216/6453/54583/388/85458/27145/57026/3706/9912/6710,0.380730400722792
GO:0044857,plasma membrane raft organization,11,-0.807615677922984,-1.634713631276,0.0133165272573662,0.0760065103936808,0.045972420854261,2161,"tags=45%, list=12%, signal=40%",858/3611/81035/857/11252,0.380730400722792
GO:0060732,positive regulation of inositol phosphate biosynthetic process,7,-0.851957994497948,-1.63424788539658,0.0121627291116413,0.0717076446521841,0.0433722585255287,1267,"tags=57%, list=7%, signal=53%",6622/5028/2852/117,0.380730400722792
GO:0010611,regulation of cardiac muscle hypertrophy,47,-0.599539539906884,-1.6340490238872,0.00819302548451788,0.0543550832934494,0.0328765884894858,2984,"tags=45%, list=17%, signal=37%",4088/9472/5997/5999/6093/8013/7132/5578/9464/4089/4205/27086/2308/493/5025/3727/3572/817/408/5152/6548,0.380730400722792
GO:0086067,AV node cell to bundle of His cell communication,11,-0.807144864140043,-1.63376064617454,0.0134779377446273,0.0765442686598252,0.0462976831140464,1873,"tags=73%, list=11%, signal=65%",54795/8913/6331/2702/775/6262/783/6330,0.380730400722792
GO:0071353,cellular response to interleukin-4,22,0.68524796178038,1.63353885618899,0.0131294542948403,0.0753661448682339,0.0455850967515766,379,"tags=14%, list=2%, signal=13%",51176/6932/53832,0.380730400722792
GO:0014743,regulation of muscle hypertrophy,48,-0.595967713640597,-1.63311380567857,0.00504371478116396,0.0392760090036548,0.0237560336086931,2984,"tags=44%, list=17%, signal=36%",4088/9472/5997/5999/6093/8013/7132/5578/9464/4089/4205/27086/2308/493/5025/3727/3572/817/408/5152/6548,0.407017918923954
GO:1901880,negative regulation of protein depolymerization,62,-0.56104219185029,-1.63305613500995,0.00595335679178546,0.04396209952527,0.0265904082498261,2108,"tags=40%, list=12%, signal=36%",146057/10297/832/29767/11078/4131/10634/89927/2258/118/25802/2314/324/57731/130271/50853/6840/51474/6710/57482/85477/2934/11075/51676/7111,0.407017918923954
GO:0099565,"chemical synaptic transmission, postsynaptic",76,-0.546179403848982,-1.63302433070211,0.00497355263110085,0.0388240934470263,0.0234826931796653,1425,"tags=26%, list=8%, signal=24%",9127/54413/6785/5071/5649/22999/5025/120892/1134/57502/84866/2743/2902/89832/1139/4208/5023/4355/9378/22871,0.407017918923954
GO:0045197,establishment or maintenance of epithelial cell apical/basal polarity,31,-0.635997168035024,-1.6324236810286,0.0148150110540138,0.0818662611107571,0.0495166820586129,3761,"tags=52%, list=22%, signal=40%",56288/23616/2011/10015/9231/4649/117583/9948/9368/4478/1742/286/64398/1740/23255/57554,0.380730400722792
GO:0040029,epigenetic regulation of gene expression,306,0.43914727471841,1.632285666166,2.74057804928667e-05,0.000705175432614523,0.000426524275306497,3038,"tags=30%, list=18%, signal=25%",84733/100170841/8336/1058/2146/29028/8356/29128/8329/8332/25879/8969/3070/11335/163589/90853/92815/1111/85235/8355/8358/4609/57332/4001/10196/8354/79723/8968/8330/8535/55795/8337/3066/3012/10322/723790/1017/5925/7027/3014/84823/58487/55791/6839/26013/8451/8352/9271/8351/84661/672/3146/8335/3013/317772/55320/1786/115426/653604/11339/333932/55196/23028/10919/126961/9555/8334/5987/3720/8338/2876/55632/3481/1459/10155/51504/440686/3015/55183/339/10138/51132/51535/23133/8357/9025/11146/11091/3930/54107/84159,0.575610261071129
GO:0031126,sno(s)RNA 3'-end processing,11,0.778082805666404,1.63110500781201,0.0161567572850009,0.0868887642463271,0.0525545353516312,2785,"tags=55%, list=16%, signal=46%",1736/56915/2091/23404/54512/51010,0.352487857583619
GO:0043144,sno(s)RNA processing,11,0.778082805666404,1.63110500781201,0.0161567572850009,0.0868887642463271,0.0525545353516312,2785,"tags=55%, list=16%, signal=46%",1736/56915/2091/23404/54512/51010,0.352487857583619
GO:0061303,cornea development in camera-type eye,7,-0.850233478166899,-1.63093987351624,0.0124936826896033,0.072927375222928,0.0441100106843451,1717,"tags=71%, list=10%, signal=64%",5080/144165/7482/10218/7483,0.380730400722792
GO:0010596,negative regulation of endothelial cell migration,50,-0.584081429378237,-1.63074705830596,0.00598227561366162,0.0440649324023847,0.0266526065573117,2197,"tags=26%, list=13%, signal=23%",575/90627/493/407004/55333/94/153090/5797/22915/4208/9314/4223/2247,0.407017918923954
GO:0060537,muscle tissue development,217,-0.477755555203492,-1.6305962823457,0.000190301979756738,0.0033794411994263,0.00204404980925385,2271,"tags=32%, list=13%, signal=28%",7273/4637/858/728264/130497/5156/88/4729/10611/1073/6899/23462/4853/11149/4211/4089/6285/8913/28514/1827/27086/5532/63923/23414/64091/144165/51548/6331/4625/7168/2702/1465/30008/58/4092/9734/25/7049/4629/9148/1134/6261/6665/8736/4638/84466/8516/93986/4892/857/6840/57462/57158/6262/653/6943/650/4208/654463/2263/8470/6546/56603/2247/221662/51676/93649/5239/1756,0.518848077743792
GO:1903241,U2-type prespliceosome assembly,25,0.650596547843263,1.63057176560917,0.0163358140470841,0.0873720791344499,0.0528468676179965,3289,"tags=52%, list=19%, signal=42%",6635/6628/23450/6636/6633/6629/6637/6627/6632/10946/23451/51639/51634,0.352487857583619
GO:0030858,positive regulation of epithelial cell differentiation,45,0.575731446805644,1.62974935810588,0.0106984848501574,0.0655059311971093,0.0396211616853041,703,"tags=18%, list=4%, signal=17%",2118/51176/6662/6820/5317/7161/1594/3976,0.380730400722792
GO:0032506,cytokinetic process,52,0.562375858606829,1.62974739766107,0.00631195156028386,0.0456354874186328,0.0276025543421495,626,"tags=19%, list=4%, signal=19%",5347/1894/128239/54443/55165/6242/9212/29127/10112/92421,0.407017918923954
GO:0086070,SA node cell to atrial cardiac muscle cell communication,12,-0.789594838398403,-1.62971731191597,0.00993060293373335,0.0619004072582022,0.0374403660789671,1695,"tags=50%, list=10%, signal=45%",8913/6331/2702/6262/3741/287,0.380730400722792
GO:0031100,animal organ regeneration,44,0.585104414160989,1.62961483844399,0.0149135304020267,0.0821571993468723,0.049692655603037,2480,"tags=39%, list=14%, signal=33%",9076/3651/6790/890/7448/471/5111/8431/8140/790/87178/2950/7150/595/285/6209/1459,0.380730400722792
GO:0033539,fatty acid beta-oxidation using acyl-CoA dehydrogenase,11,-0.804952302219415,-1.6293226307211,0.0147692224108538,0.0818223273619212,0.0494901087982339,1631,"tags=55%, list=9%, signal=49%",254013/34/2108/37/35/2110,0.380730400722792
GO:0048660,regulation of smooth muscle cell proliferation,117,-0.511955233611249,-1.62911992834626,0.00113035482447824,0.0132619274616429,0.00802145641797574,2860,"tags=36%, list=16%, signal=30%",5728/6352/8490/65009/3398/207/3162/4921/8013/388585/5295/4881/5578/80310/3606/27086/5467/3690/6934/4209/7168/30008/6869/2254/5592/10891/348093/1264/1026/9927/27250/9510/650/4208/2263/9314/3248/2247/3570/4969/2852/93649,0.45505986738723
GO:0034394,protein localization to cell surface,57,-0.577191625944997,-1.62740524567836,0.00537803219560573,0.0411902738467817,0.0249138737534245,2935,"tags=37%, list=17%, signal=31%",284/8729/4130/382/2316/207/83700/23327/88/10516/2255/257364/30851/80863/7414/59353/338328/23171/79608/57126/287,0.407017918923954
GO:0070509,calcium ion import,57,-0.577128479278279,-1.62722720217938,0.00537803219560573,0.0411902738467817,0.0249138737534245,1894,"tags=32%, list=11%, signal=28%",9495/487/8913/3958/5532/493/8912/7223/775/162514/783/65267/2641/6387/6546/5023/773/5350,0.407017918923954
GO:0030038,contractile actin filament bundle assembly,95,-0.53087201942244,-1.62706617445921,0.00250319937958776,0.0233616035488775,0.0141302299581522,3011,"tags=35%, list=17%, signal=29%",51763/4088/10979/55704/7016/10174/9124/6093/90102/7798/5216/10398/84952/7082/51466/5295/10395/22998/23370/389/7168/6869/25/395/5734/9839/55616/408/6422/1902/6548/10580/11346,0.431707695803346
GO:0043149,stress fiber assembly,95,-0.53087201942244,-1.62706617445921,0.00250319937958776,0.0233616035488775,0.0141302299581522,3011,"tags=35%, list=17%, signal=29%",51763/4088/10979/55704/7016/10174/9124/6093/90102/7798/5216/10398/84952/7082/51466/5295/10395/22998/23370/389/7168/6869/25/395/5734/9839/55616/408/6422/1902/6548/10580/11346,0.431707695803346
GO:0030488,tRNA methylation,40,0.598531810817302,1.6267282985017,0.00771607673178037,0.0522003551581773,0.0315733044925207,5297,"tags=62%, list=31%, signal=44%",4234/24140/6894/80745/55621/51605/54482/131965/54931/10785/55798/51504/221078/55006/63892/3028/84705/55039/93587/25917/54888/339175/9836/55152/6301,0.407017918923954
GO:0086016,AV node cell action potential,9,-0.830879550345674,-1.62650648119737,0.0105507567001031,0.0648039162833921,0.0391965490449893,1873,"tags=89%, list=11%, signal=79%",54795/8913/6331/2702/775/6262/783/6330,0.380730400722792
GO:0086027,AV node cell to bundle of His cell signaling,9,-0.830879550345674,-1.62650648119737,0.0105507567001031,0.0648039162833921,0.0391965490449893,1873,"tags=89%, list=11%, signal=79%",54795/8913/6331/2702/775/6262/783/6330,0.380730400722792
GO:0071478,cellular response to radiation,136,0.477328675890771,1.62628109925129,0.000995000829554065,0.0119603576198748,0.00723420390201295,1623,"tags=17%, list=9%, signal=15%",4312/675/1894/4314/10635/641/9212/92815/4157/4609/4318/79913/5111/4869/63979/9293/545/7076/8451/25896/79823/672/10856,0.45505986738723
GO:1902430,negative regulation of amyloid-beta formation,16,-0.718335294177484,-1.62587302424852,0.0153394362240674,0.0837477527121811,0.0506546993585311,2836,"tags=44%, list=16%, signal=37%",57142/10313/6093/5621/4915/1139/1191,0.380730400722792
GO:0030901,midbrain development,63,-0.560131382319077,-1.62514313586129,0.00562711164962368,0.0421358734489651,0.0254858182177346,1091,"tags=17%, list=6%, signal=16%",2254/4129/801/79971/57447/1152/6422/1215/2263/11240/5354,0.407017918923954
GO:0002711,positive regulation of T cell mediated immunity,55,0.557943397495064,1.62495477820729,0.00814875393169329,0.0541351740082553,0.0327435766967283,537,"tags=13%, list=3%, signal=12%",154064/80328/563/79465/3329/7784/3553,0.380730400722792
GO:0071772,response to BMP,115,-0.522030611033464,-1.62486698569157,0.00110108452358567,0.0129702902397526,0.00784506009308114,4254,"tags=43%, list=25%, signal=33%",6497/8646/92/23090/57045/9110/100532736/656/2200/10468/4681/1003/79176/6692/7323/657/79639/5046/28996/168667/4086/51232/4087/3491/4093/151556/4926/388585/3611/1954/4089/56963/91851/654/5595/4092/4774/348093/7049/94/23111/857/27250/25928/653/650/6422/55273/64388/222008,0.45505986738723
GO:0071773,cellular response to BMP stimulus,115,-0.522030611033464,-1.62486698569157,0.00110108452358567,0.0129702902397526,0.00784506009308114,4254,"tags=43%, list=25%, signal=33%",6497/8646/92/23090/57045/9110/100532736/656/2200/10468/4681/1003/79176/6692/7323/657/79639/5046/28996/168667/4086/51232/4087/3491/4093/151556/4926/388585/3611/1954/4089/56963/91851/654/5595/4092/4774/348093/7049/94/23111/857/27250/25928/653/650/6422/55273/64388/222008,0.45505986738723
GO:0048813,dendrite morphogenesis,108,-0.520301667011436,-1.62484232275612,0.00145039822847133,0.0157586705858678,0.00953160765472282,2984,"tags=31%, list=17%, signal=26%",4088/50488/5728/85358/26115/22924/8499/8322/1742/23327/29904/115207/10611/2043/5048/4135/4205/22903/8976/5649/66008/120892/5063/158866/4133/1139/9912/816/1501/80258/5764/547/577/22871,0.45505986738723
GO:1903307,positive regulation of regulated secretory pathway,39,-0.616601516695339,-1.62478020278373,0.00552033562364708,0.0417613034694949,0.0252592601420332,1244,"tags=18%, list=7%, signal=17%",8447/5873/5864/11126/57126/22871/3745,0.407017918923954
GO:1904706,negative regulation of vascular associated smooth muscle cell proliferation,21,-0.695945884370948,-1.62471741940616,0.0153666338060249,0.0837477527121811,0.0506546993585311,1172,"tags=43%, list=7%, signal=40%",7168/30008/5592/1264/1026/27250/4208/2852/93649,0.380730400722792
GO:0050810,regulation of steroid biosynthetic process,59,-0.570264875981305,-1.62383380475952,0.00733985541125386,0.0505787457296016,0.0305924765249481,1857,"tags=20%, list=11%, signal=18%",2672/6770/654/5566/2494/2770/1958/1181/9971/653/650/343,0.407017918923954
GO:0006694,steroid biosynthetic process,130,-0.511079529963813,-1.62346205691166,0.0012798200270463,0.0145508358200738,0.00880105065522528,1469,"tags=18%, list=8%, signal=17%",654/8912/1576/5563/8630/51170/3158/5566/441282/2494/2770/1958/5087/1727/1181/9971/653/650/10449/10826/1589/79154/3294/343,0.45505986738723
GO:0071028,nuclear mRNA surveillance,11,0.774311993005965,1.62320020466102,0.0168788396449164,0.0894921282393759,0.0541291760568203,3334,"tags=64%, list=19%, signal=51%",56915/22894/11340/54512/23016/1797/84186,0.352487857583619
GO:0099560,synaptic membrane adhesion,25,-0.669934335474765,-1.623160208728,0.00417457890280908,0.0338925066170052,0.0204998304741581,2046,"tags=36%, list=12%, signal=32%",8404/5792/5802/57451/26050/145581/10178/94030/1946,0.407017918923954
GO:0009749,response to glucose,131,-0.500975259105983,-1.62289015786515,0.00145681548294744,0.0157991907910795,0.00955611623849339,2066,"tags=24%, list=12%, signal=22%",222546/6722/54795/26137/4089/5532/5467/572/5563/114131/6934/9854/8622/4760/5566/5105/5071/1958/2822/6717/111/10628/6844/9971/2641/6833/1946/9607/1215/2981/2852/3745,0.45505986738723
GO:0016101,diterpenoid metabolic process,72,-0.55661470174759,-1.62282521342364,0.00182601741166124,0.0186019590047569,0.0112513662796904,1512,"tags=28%, list=9%, signal=25%",57104/130/1576/54577/8630/54600/441282/8824/125/54659/126/56603/54658/7276/54576/57016/54884/5959/124/10170,0.45505986738723
GO:0002320,lymphoid progenitor cell differentiation,16,0.719139657096658,1.62250561480118,0.0147522660591197,0.0818054904674583,0.0494799250285263,1518,"tags=31%, list=9%, signal=29%",6659/6469/55795/652/10538,0.380730400722792
GO:0048002,antigen processing and presentation of peptide antigen,63,0.549226117003276,1.62249865806508,0.00508320771379139,0.0394183310576065,0.0238421168840234,280,"tags=8%, list=2%, signal=8%",154064/80328/563/79465/54209,0.407017918923954
GO:0000712,resolution of meiotic recombination intermediates,12,0.744675868614027,1.62180781163583,0.0249107438614396,0.119167073413432,0.0720780209821128,21,"tags=8%, list=0%, signal=8%",7153,0.352487857583619
GO:0090083,regulation of inclusion body assembly,18,-0.703959064326894,-1.62168673291501,0.0221027425966325,0.109507368351443,0.0662353632395371,545,"tags=17%, list=3%, signal=16%",5516/3306/1191,0.352487857583619
GO:0007015,actin filament organization,405,-0.451167863984115,-1.62150408646384,3.61204773079067e-06,0.0001271354285125,7.68976683022329e-05,2889,"tags=28%, list=17%, signal=24%",83543/4640/10979/5580/55704/7016/359845/85358/10391/10174/11034/23603/9124/9948/387680/5999/644150/382/6093/64423/90102/2316/800/57553/7798/10486/7273/5216/10398/84952/7082/148170/88/3611/51466/55742/5295/1073/832/3071/29767/57381/10395/11078/2150/22998/5581/4644/23370/81553/10788/4082/10634/7169/54509/348110/388/23580/9645/2909/4739/91663/10602/8976/56776/389/118/25802/2314/7168/6869/58/57619/5071/25/10755/57704/4641/395/57026/57731/6356/25959/256949/130271/5734/9839/1264/50853/4892/6840/51474/162514/55616/408/171024/10178/5063/6387/58480/6710/6422/1902/57482/6548/85477/23500/2934/51676/10580/84940/11346/7111/11170,0.627256739718528
GO:1902903,regulation of supramolecular fiber organization,332,-0.46204947331843,-1.62113805736286,1.24817167093861e-05,0.000370543084938239,0.000224122414740319,3026,"tags=31%, list=17%, signal=26%",23075/51763/4088/9659/253725/10979/5580/55704/7016/85358/4130/10174/79998/9948/5663/387680/5999/22924/382/6093/90102/2316/4926/5216/84952/7082/148170/146057/10297/88/51466/5295/1073/832/3071/29767/10395/11078/2150/22998/4131/4089/5581/1639/23370/81553/57606/10634/3339/6249/348110/23580/89927/2258/2909/91663/10602/389/118/6622/25802/2314/7168/25999/6869/324/5071/25/1410/57704/395/57026/57731/6356/25959/256949/130271/122060/5734/50853/6840/51474/55616/5516/171024/10178/5063/6387/4133/1139/4137/6710/6422/1902/57482/6548/85477/1191/23500/2934/11075/51676/11346/7111,0.593325476396405
GO:1901731,positive regulation of platelet aggregation,11,-0.80089794948756,-1.62111612129101,0.0154148651863553,0.083767466506382,0.0506666232166183,660,"tags=36%, list=4%, signal=35%",3572/22915/1511/3570,0.380730400722792
GO:0070141,response to UV-A,12,0.744163130043586,1.62069113328768,0.025279785218573,0.120222150092858,0.072716182488132,1222,"tags=33%, list=7%, signal=31%",4312/4314/4318/7076,0.352487857583619
GO:0002028,regulation of sodium ion transport,54,-0.567068611595048,-1.62017600392205,0.00782350372303097,0.0526722172289153,0.0318587095399143,2487,"tags=43%, list=14%, signal=37%",65268/150094/23327/483/130497/53826/5581/154043/493/2258/6331/7871/57731/5025/23171/817/65267/6330/5187/11261/4842/1756/5348,0.380730400722792
GO:0016073,snRNA metabolic process,58,0.559397673576761,1.62003838413767,0.00829516513966333,0.054908762039348,0.0332114802269523,3334,"tags=29%, list=19%, signal=24%",1736/10208/56915/84524/11340/55726/25896/55651/23404/55656/1022/54512/23016/51010/26512/6617/84186,0.380730400722792
GO:0140058,neuron projection arborization,25,-0.668546714877196,-1.61979819185631,0.00424979452398738,0.0344081159944874,0.0208116960127184,3142,"tags=40%, list=18%, signal=33%",10251/4649/6093/8322/1742/23499/120892/1139/5764/22871,0.407017918923954
GO:0033144,negative regulation of intracellular steroid hormone receptor signaling pathway,34,-0.62691843164016,-1.6193942821332,0.0133837936879255,0.0760831134406441,0.0460187540893415,2118,"tags=32%, list=12%, signal=28%",29966/9611/51341/167465/27086/1408/6934/25959/5187/6943/6422,0.380730400722792
GO:1990849,vacuolar localization,74,-0.55268456234608,-1.61909022987636,0.00290377513128202,0.0258611973055693,0.0156421053955604,4389,"tags=41%, list=25%, signal=30%",729991/9842/23207/3965/54785/81565/9846/26001/2242/4627/5293/90809/7942/6284/387695/140/2624/201163/2647/8013/2205/4135/6571/94121/2770/3815/5864/2776/1113/5729,0.431707695803346
GO:2000242,negative regulation of reproductive process,25,0.645428880031841,1.61762018562418,0.0183401846369522,0.0952328668692624,0.0576014529833689,548,"tags=28%, list=3%, signal=27%",7272/9319/9088/57082/26271/7784/11130,0.352487857583619
GO:0072578,neurotransmitter-gated ion channel clustering,12,-0.783032892646111,-1.61617350935761,0.0119636013115159,0.0710323722314045,0.0429638210409163,2748,"tags=50%, list=16%, signal=42%",85358/1742/91851/5649/9378/22871,0.380730400722792
GO:0060996,dendritic spine development,76,-0.540500778993866,-1.61604578393161,0.00607876817340908,0.0444318749261177,0.0268745511781474,3099,"tags=42%, list=18%, signal=35%",9231/4088/5728/85358/26115/5663/22924/382/8499/1742/29904/6453/10611/2043/5048/116443/5802/8976/5649/120892/9148/22849/5063/158866/815/9912/816/4208/1902/1501/547/22871,0.407017918923954
GO:0007099,centriole replication,42,0.574858302578351,1.61511193792444,0.0155338319309135,0.0843031366620529,0.0509906224859969,3200,"tags=45%, list=18%, signal=37%",6491/10733/284403/4869/1017/2648/163786/80071/282809/55835/672/55722/221908/22995/85459/134359/284001/152185/197335,0.380730400722792
GO:0009303,rRNA transcription,43,0.587936507572627,1.61451596175839,0.0195082863243588,0.0999785947644849,0.0604718991981594,2914,"tags=42%, list=17%, signal=35%",2971/84365/84172/9533/51082/9330/6949/30834/9014/7150/221830/9555/11137/1663/4141/25926/5440/25885,0.352487857583619
GO:0042790,nucleolar large rRNA transcription by RNA polymerase I,30,0.617594732515714,1.61448050071415,0.0150624772612975,0.0829000387096504,0.0501419608485464,2914,"tags=47%, list=17%, signal=39%",84172/9533/51082/6949/30834/9014/221830/9555/11137/1663/4141/25926/5440/25885,0.380730400722792
GO:0090189,regulation of branching involved in ureteric bud morphogenesis,13,0.735991152467153,1.61447530754929,0.0208480115092593,0.105278875989198,0.063677766140956,1121,"tags=38%, list=6%, signal=36%",6662/4070/183/7422/652,0.352487857583619
GO:0051580,regulation of neurotransmitter uptake,15,-0.74485498006986,-1.6143529688957,0.02415355789401,0.116277324570836,0.0703301608413588,1319,"tags=40%, list=8%, signal=37%",3690/6622/477/5071/5865/4842,0.352487857583619
GO:0009746,response to hexose,138,-0.497775848752403,-1.61432961633896,0.00102492178445552,0.0122698375743983,0.00742139237628465,2066,"tags=24%, list=12%, signal=21%",222546/6722/54795/26137/4089/5532/5467/572/5563/114131/6934/9854/8622/4760/5566/5105/5071/1958/759/2822/6717/111/10628/6844/9971/2641/6833/1946/9607/1215/2981/2852/3745,0.45505986738723
GO:0071380,cellular response to prostaglandin E stimulus,13,-0.763290439104413,-1.61409088524691,0.0186815940128626,0.0964942087940302,0.058364373705636,3314,"tags=54%, list=19%, signal=44%",6366/2782/5732/112/5734/54331/6422,0.352487857583619
GO:0015671,oxygen transport,8,-0.842723209034533,-1.61406617507419,0.0118593529214897,0.0706274331028535,0.0427188942321248,894,"tags=62%, list=5%, signal=59%",3045/3043/3040/3039/4151,0.380730400722792
GO:0098534,centriole assembly,45,0.57014543737999,1.6139367855491,0.0126981480136263,0.0735858422335512,0.0445082834424843,3200,"tags=44%, list=18%, signal=36%",6491/10733/284403/4869/1017/2648/163786/80071/282809/55835/672/55722/221908/22995/85459/134359/124093/284001/152185/197335,0.380730400722792
GO:0006751,glutathione catabolic process,11,0.769803597794011,1.61374919770667,0.0190345562960167,0.0978872457637675,0.0592069499732031,7,"tags=9%, list=0%, signal=9%",1800,0.352487857583619
GO:0071044,histone mRNA catabolic process,22,0.67658212683725,1.61288067274231,0.0171692282839688,0.090268983768487,0.0545990559281927,2594,"tags=36%, list=15%, signal=31%",6635/6628/6636/6637/51692/6741/54512/1478,0.352487857583619
GO:0010761,fibroblast migration,39,-0.612047004163197,-1.6127788022111,0.00628174988745965,0.0455291317367298,0.0275382252716085,3479,"tags=44%, list=20%, signal=35%",2241/59/114757/2039/9590/23603/9124/207/4921/79899/5581/90355/7145/3690/9839/55198/2247,0.407017918923954
GO:0106072,negative regulation of adenylate cyclase-activating G protein-coupled receptor signaling pathway,12,-0.781295079681873,-1.61258667756115,0.0124327555930571,0.0726438741312027,0.0439385354852612,1548,"tags=42%, list=9%, signal=38%",493/5140/5139/5144/5138,0.380730400722792
GO:0010977,negative regulation of neuron projection development,92,-0.531058289428167,-1.61233644951873,0.00304912432086405,0.0268706937901633,0.0162526977908733,3834,"tags=39%, list=22%, signal=31%",10519/152559/8408/9706/2580/25987/23258/83999/9353/56920/157285/80128/5728/57142/382/1400/5780/5376/2043/5048/2672/56963/5802/2258/80031/1630/112/66008/120892/4133/81618/2045/1902/129807/11075/22871,0.431707695803346
GO:0002791,regulation of peptide secretion,147,-0.496950139780695,-1.61217055134198,0.000953267036835805,0.011577073641572,0.00700237517752652,2113,"tags=29%, list=12%, signal=26%",90007/222546/1393/6453/5578/54795/3033/4826/2308/5532/5467/51548/572/114131/8447/6934/9854/8622/4760/5566/5071/5697/338557/2822/2865/2775/2781/3572/6717/1374/84417/5567/111/9971/2641/6833/1946/9607/3570/1113/3741/2852/3745,0.477270815362862
GO:0019216,regulation of lipid metabolic process,267,-0.466446397922513,-1.61202801213049,0.000101248336114351,0.00199710644187972,0.00120794675826196,2825,"tags=32%, list=16%, signal=27%",5580/6342/5336/53345/2053/54578/6721/2475/3398/950/10162/2246/207/23399/51422/150094/23682/12/9611/7376/8816/63924/27141/2672/26137/57605/6770/254013/440503/5467/57104/5140/654/225/57406/51548/8897/54577/66036/54600/5164/8850/5566/5154/5166/5105/6256/2494/2770/2874/51228/10891/51099/37/80816/824/338328/1958/1917/2168/634/114898/1181/2822/857/1374/238/55198/9971/54657/54659/653/11261/650/9607/54575/3248/54658/54576/8647/8611/2852/32/10580/343,0.538434096309916
GO:0001764,neuron migration,103,-0.522106674455998,-1.61191791415263,0.00232824845797125,0.0222527551804147,0.013459544728762,2451,"tags=33%, list=14%, signal=29%",2624/347733/2316/1600/23245/5414/5048/4131/9723/4756/2823/63923/57630/4929/2258/23060/7280/1630/79625/4916/57178/5649/153090/387119/4915/23284/6387/815/57556/816/4208/285313/2260/340533,0.431707695803346
GO:0043217,myelin maintenance,13,-0.762084388561354,-1.61154051242816,0.0189853531305252,0.097805351184248,0.0591574161627985,1819,"tags=38%, list=10%, signal=34%",64398/225/57716/1191/23136,0.352487857583619
GO:0030514,negative regulation of BMP signaling pathway,35,-0.618938681103782,-1.61148809351284,0.0153198953398122,0.0837477527121811,0.0506546993585311,4254,"tags=51%, list=25%, signal=39%",6497/8646/9110/100532736/2200/4681/7323/79639/28996/51232/151556/91851/4092/348093/23111/857/25928/64388,0.380730400722792
GO:0048169,regulation of long-term neuronal synaptic plasticity,16,-0.711964786575374,-1.61145408013566,0.0177221914418854,0.092596481151469,0.0560068391387812,2748,"tags=56%, list=16%, signal=47%",85358/1742/9513/27020/3815/9148/816/6855/9145,0.352487857583619
GO:0009820,alkaloid metabolic process,15,-0.743512651462546,-1.6114436882566,0.0260479285986263,0.122684073960517,0.0742052733511246,1353,"tags=20%, list=8%, signal=18%",1576/8824/590,0.352487857583619
GO:0045921,positive regulation of exocytosis,69,-0.552632612741167,-1.61141947509872,0.00598227561366162,0.0440649324023847,0.0266526065573117,1267,"tags=16%, list=7%, signal=15%",6622/8447/9525/94121/5873/5864/11126/9607/57126/22871/3745,0.407017918923954
GO:2000780,negative regulation of double-strand break repair,37,0.598903230766929,1.61123528015197,0.0167863354132492,0.0892134534892213,0.0539606200630086,3517,"tags=43%, list=20%, signal=35%",5347/10721/55010/2187/149840/4361/7291/10459/112441434/115004/55183/116028/79000/55086/92797/56893,0.352487857583619
GO:0009168,purine ribonucleoside monophosphate biosynthetic process,19,0.687631322428364,1.61087887762957,0.0338399576242515,0.145866668717818,0.0882272301171468,3146,"tags=68%, list=18%, signal=56%",5471/471/3614/10606/271/2618/3251/8833/132/100/272/3615/353,0.321775918075361
GO:0032956,regulation of actin cytoskeleton organization,304,-0.463611027933251,-1.61077600670293,3.72803031862725e-05,0.000913056758870458,0.000552260975608611,3026,"tags=30%, list=17%, signal=25%",23075/51763/4088/253725/10979/5580/55704/7016/85358/10391/55114/10174/9948/2475/387680/5999/382/6093/90102/2316/5216/84952/7082/148170/5156/88/51466/5295/1073/832/3071/29767/10395/11078/2150/22998/4089/5581/23370/81553/10788/54509/348110/23580/2909/4739/85458/91663/10602/389/3690/118/1398/25802/2314/7168/5154/6869/26084/5071/25/57704/395/57026/57731/6356/25959/256949/130271/5734/50853/6840/51474/55616/171024/10178/5063/6387/9912/6710/6422/1902/1946/57482/6548/85477/23500/2934/51676/11346/7111/11170,0.557332238758646
GO:2000779,regulation of double-strand break repair,138,0.473217632291285,1.61061097848527,0.00166750755384584,0.0174716745124882,0.0105677154438017,3795,"tags=33%, list=22%, signal=26%",5347/2305/10635/10721/55010/2187/1111/55257/8914/8089/149840/86/63979/5591/6502/545/51750/4361/25913/7291/10856/10459/3276/23028/8607/112441434/1663/115004/55183/116028/6599/9025/79000/84501/5888/10111/7913/55086/92797/56893/7334/6603/9643/8091/7336,0.45505986738723
GO:0051216,cartilage development,114,-0.516160956586973,-1.61005341643836,0.00155116124778173,0.0165348610283757,0.0100010852494868,1572,"tags=23%, list=9%, signal=21%",116039/654/7227/7482/5310/4781/4092/4774/2494/94/51222/6660/81029/2822/7483/389125/653/650/4208/651/2247/85477/5593/4969/7704/1836,0.45505986738723
GO:0009156,ribonucleoside monophosphate biosynthetic process,33,0.593347946896824,1.60974470357252,0.0170197296864023,0.0899521456302963,0.0544074168678526,3597,"tags=61%, list=21%, signal=48%",5471/471/3614/10606/271/790/2618/3251/7372/8833/54963/132/5631/100/272/3615/5634/353/1633/5198,0.352487857583619
GO:0046886,positive regulation of hormone biosynthetic process,9,-0.822280744307427,-1.6096736999044,0.0139858264342302,0.0785663488252965,0.0475207351905936,1756,"tags=44%, list=10%, signal=40%",405/654/2494/1958,0.380730400722792
GO:0031644,regulation of nervous system process,89,-0.531665105528635,-1.60941766729165,0.00320740296655411,0.0279108843775695,0.0168818554670407,1518,"tags=25%, list=9%, signal=23%",58494/27242/54413/644139/259232/6785/5071/5649/11076/22999/120892/57502/84866/57578/2902/1139/11343/9607/55273/9378/6663/22871,0.431707695803346
GO:0071482,cellular response to light stimulus,86,0.504721764972156,1.6088668631795,0.00505825066197278,0.0392766147834557,0.0237564000136736,1623,"tags=19%, list=9%, signal=17%",4312/4314/9212/92815/4157/4609/4318/79913/5111/4869/9293/545/7076/8451/79823/10856,0.407017918923954
GO:0045777,positive regulation of blood pressure,20,-0.692149926035505,-1.60830415015298,0.0165647931978482,0.0884159140582426,0.0534782295654195,1241,"tags=35%, list=7%, signal=33%",554/7168/6869/153/3291/81285/9607,0.352487857583619
GO:0048709,oligodendrocyte differentiation,62,-0.552401316620248,-1.60790466777406,0.00756650444364588,0.0514172406008676,0.0310996388575735,1434,"tags=23%, list=8%, signal=21%",27242/30812/11076/1181/4915/1902/2840/5764/5803/1191/1272/23500/6663/5354,0.407017918923954
GO:1901844,regulation of cell communication by electrical coupling involved in cardiac conduction,8,-0.839424461623707,-1.60774809037111,0.0125136519465281,0.072971474346917,0.044136683971631,935,"tags=62%, list=5%, signal=59%",801/857/817/6717/5144,0.380730400722792
GO:0051209,release of sequestered calcium ion into cytosol,94,-0.526506144181568,-1.60725212014799,0.00460829403343152,0.036644915081174,0.0221646204983574,1319,"tags=28%, list=8%, signal=26%",3690/2946/6622/5566/477/3954/801/775/845/6261/84502/3708/5334/817/6717/57158/6262/23228/5144/6546/2247/51196/2852/6263/287/1756,0.407017918923954
GO:0009649,entrainment of circadian clock,23,-0.686842471921248,-1.60707133944718,0.0102317661215655,0.0633744165042802,0.0383319183032803,2535,"tags=43%, list=15%, signal=37%",3398/150094/5158/5500/1408/2776/8863/5187/2767/9099,0.380730400722792
GO:0071375,cellular response to peptide hormone stimulus,273,-0.463056758981962,-1.60682033178581,0.000151159438720603,0.00276569533334151,0.00167282656657281,2590,"tags=29%, list=15%, signal=25%",2690/2475/645/6093/5320/51043/6655/207/9663/29904/55625/4921/8013/858/107/132864/6430/1393/88/10000/5295/5578/4131/4644/79746/2805/2308/55777/4929/5140/55799/3690/1398/3643/5164/28999/490/5595/3158/388581/8850/5566/5166/5105/324/9734/5577/8648/112/10365/6338/634/2549/6340/8835/2822/2865/80318/857/55022/23371/111/55198/6844/9971/2641/5579/815/2353/9314/6548/115/2852/10580/6517/760/55532/9340,0.518848077743792
GO:1903044,protein localization to membrane raft,9,-0.820650932385227,-1.60648322584172,0.0144765516872847,0.080530729233485,0.0487088876577356,1384,"tags=44%, list=8%, signal=41%",91663/857/257194/54857,0.380730400722792
GO:0014061,regulation of norepinephrine secretion,9,-0.820577167530426,-1.60633882583288,0.0144765516872847,0.080530729233485,0.0487088876577356,731,"tags=33%, list=4%, signal=32%",2865/5028/3745,0.380730400722792
GO:0048243,norepinephrine secretion,9,-0.820577167530426,-1.60633882583288,0.0144765516872847,0.080530729233485,0.0487088876577356,731,"tags=33%, list=4%, signal=32%",2865/5028/3745,0.380730400722792
GO:2000351,regulation of endothelial cell apoptotic process,44,-0.590894744154961,-1.60576245699369,0.0144582689425212,0.080530729233485,0.0487088876577356,1319,"tags=18%, list=8%, signal=17%",3690/79625/7010/5598/27250/11126/7857/2852,0.380730400722792
GO:0051937,catecholamine transport,36,-0.615519738580035,-1.60509762861362,0.0100845490233819,0.0626606545025779,0.0379002004548739,1749,"tags=36%, list=10%, signal=33%",6571/222962/6622/5071/3737/7432/2865/5028/5865/6387/9607/1113/3745,0.380730400722792
GO:0055057,neuroblast division,11,-0.792701331558794,-1.60452515677064,0.0176557829038717,0.0923315764314574,0.0558466119265124,1882,"tags=45%, list=11%, signal=41%",8650/2258/6660/2263/2260,0.352487857583619
GO:0006360,transcription by RNA polymerase I,68,0.521197063784909,1.60444332591566,0.00735243701200271,0.050606117981911,0.0306090325896375,3960,"tags=46%, list=23%, signal=35%",55127/84172/84128/9533/23160/51082/9188/84135/9015/55646/80758/6949/30834/9014/221830/9555/11137/1663/4141/25926/5440/23133/25885/23451/7913/64431/10849/10514/2965/54700/64425,0.407017918923954
GO:0048262,determination of dorsal/ventral asymmetry,8,-0.837192955579002,-1.60347409104652,0.0133315264062411,0.0760065103936808,0.045972420854261,512,"tags=25%, list=3%, signal=24%",25928/64388,0.380730400722792
GO:0035725,sodium ion transmembrane transport,138,-0.494345003140638,-1.60320309082744,0.00132038763264731,0.0148682729975112,0.00899305204353205,2303,"tags=36%, list=13%, signal=32%",9058/23327/483/9963/6574/6534/478/6326/130497/219931/53826/54795/5581/28968/493/2258/3777/6331/10050/259232/610/7871/477/55089/6549/6338/26504/6575/6340/8671/285195/57578/6535/162514/817/2902/65267/6330/11261/6332/6546/1261/6548/6550/340024/6335/6329/4842/1756/5348,0.45505986738723
GO:0043537,negative regulation of blood vessel endothelial cell migration,34,-0.620583251608047,-1.60302986564372,0.0166518236349648,0.0886588943173214,0.0536251958012299,1548,"tags=24%, list=9%, signal=21%",493/407004/94/22915/4208/9314/4223/2247,0.352487857583619
GO:0051294,establishment of spindle orientation,36,0.594657606221974,1.60264077297604,0.016288319104534,0.0872768821298548,0.0527892878562545,1433,"tags=22%, list=8%, signal=20%",89958/1058/221150/220134/54908/29899/10403/5314,0.352487857583619
GO:1905207,regulation of cardiocyte differentiation,20,-0.689611718007219,-1.60240627983285,0.0168579677922238,0.0894921282393759,0.0541291760568203,2455,"tags=45%, list=14%, signal=39%",64321/1956/4089/28514/144165/650/4208/2852/93649,0.352487857583619
GO:0009124,nucleoside monophosphate biosynthetic process,40,0.589455766541797,1.60206084090867,0.00944139050047849,0.059746077295872,0.0361373229162932,3597,"tags=60%, list=21%, signal=48%",5471/471/3614/10606/271/790/2618/3251/7372/8833/54963/132/7083/5631/100/1854/272/1635/3615/5634/353/1716/1633/5198,0.380730400722792
GO:0051302,regulation of cell division,157,0.464556838440979,1.60186737785499,0.00146755278892498,0.015857123700921,0.00959115686986503,1805,"tags=23%, list=10%, signal=21%",5347/346389/1894/6469/9928/3552/144455/6790/2069/990/994/332/641/9212/55143/29127/9493/146909/3553/4609/10112/92421/9055/10322/7422/5228/2648/5008/11113/8451/1813/3619/9585/114327/79733/10807,0.45505986738723
GO:0006721,terpenoid metabolic process,91,-0.526199142511414,-1.60135625408581,0.00339154246493674,0.0289339428285895,0.0175006507968774,1512,"tags=23%, list=9%, signal=21%",57104/130/1576/54577/8630/54600/3158/441282/8824/125/54659/126/56603/54658/7276/54576/57016/54884/5959/124/10170,0.431707695803346
GO:1901879,regulation of protein depolymerization,79,-0.529077575025962,-1.60082222164145,0.00802254095154328,0.0536013082813972,0.0324206688333405,2108,"tags=37%, list=12%, signal=32%",146057/10297/88/1073/832/29767/11078/2150/4131/10634/89927/2258/118/25802/2314/324/57026/57731/130271/50853/6840/51474/6710/57482/85477/2934/11075/51676/7111,0.380730400722792
GO:0097090,presynaptic membrane organization,10,-0.812928177901646,-1.60071077628982,0.0091026594209853,0.0585161415027327,0.0353933981444145,1410,"tags=50%, list=8%, signal=46%",54413/57502/6900/9378/22871,0.380730400722792
GO:0060353,regulation of cell adhesion molecule production,6,0.878199999086318,1.60041886112552,0.0154195982919199,0.083767466506382,0.0506666232166183,537,"tags=33%, list=3%, signal=32%",3576/3553,0.380730400722792
GO:0051147,regulation of muscle cell differentiation,102,-0.515188561089189,-1.60025243846851,0.00484357665133559,0.0381642675020786,0.0230835984721912,2993,"tags=38%, list=17%, signal=32%",3915/9472/5997/4303/284217/8554/3398/5999/150094/4811/6722/6899/23462/4853/4089/6604/55544/28514/63976/1827/27086/79365/3908/9759/407004/30008/9734/348093/3815/84466/27250/650/4208/2263/56603/1760/221662/2852/93649,0.407017918923954
GO:0034440,lipid oxidation,97,-0.520861133978969,-1.59958554200592,0.00251182943907631,0.0233616035488775,0.0141302299581522,2816,"tags=39%, list=16%, signal=33%",8310/6342/285440/1892/5825/207/51422/1962/128/1632/3033/5264/254013/440503/5467/34/2108/225/55268/1891/3030/5166/3032/10891/37/30/1384/51/38/10455/1376/1374/35/55198/10449/2110/8647/32,0.431707695803346
GO:1903861,positive regulation of dendrite extension,18,-0.694235413677862,-1.59928668715651,0.0291145493687853,0.133282960428131,0.080615993521698,2297,"tags=44%, list=13%, signal=39%",23327/9699/9362/79594/5071/57699/22999/144402,0.352487857583619
GO:0051146,striated muscle cell differentiation,209,-0.47218029455209,-1.59827093937675,0.000460279489701156,0.0066968387140183,0.00405057259120732,2202,"tags=27%, list=13%, signal=24%",10398/575/858/1793/728264/51177/5156/88/10611/6899/29767/11149/4211/4089/55544/28514/27086/5532/4604/64091/144165/51548/79365/8912/84665/9759/25802/840/2314/7168/1465/58/84033/9734/824/4629/6261/9172/8736/4892/57462/7140/4621/650/4208/8470/6546/56603/1760/221662/51676/93649/2318/4842/577/5239/7111,0.49849310876659
GO:0000245,spliceosomal complex assembly,78,0.521620497991831,1.59824968275737,0.00422548952007447,0.0342585205503417,0.0207212134385214,4553,"tags=49%, list=26%, signal=36%",6635/6732/6628/23450/6636/6633/6629/6431/6637/6627/10772/24148/51340/6631/9129/100151683/27339/6632/10946/9128/55692/23451/51639/51634/8487/79833/11338/4686/57035/55015/22889/8683/7919/22827/6426/8175/9879/10713,0.407017918923954
GO:0099625,ventricular cardiac muscle cell membrane repolarization,22,-0.66589258206867,-1.59790381688316,0.0261672798891118,0.123049016950559,0.0744260085570844,1365,"tags=36%, list=8%, signal=34%",6331/23704/2702/3752/845/6330/287/4842,0.352487857583619
GO:0085029,extracellular matrix assembly,35,-0.613593483548809,-1.59757117010784,0.0167060602891903,0.0888671695745344,0.0537511707700652,3956,"tags=49%, list=23%, signal=38%",11117/2200/1605/2824/5768/4088/1296/59277/4089/10516/144165/30008/7049/4629/4239/8425/7148,0.352487857583619
GO:0043931,ossification involved in bone maturation,16,-0.705786394046204,-1.59746996738523,0.0195092630477823,0.0999785947644849,0.0604718991981594,795,"tags=19%, list=5%, signal=18%",6261/650/7704,0.352487857583619
GO:0072583,clathrin-dependent endocytosis,48,-0.582611302847767,-1.59651360341789,0.008510161325278,0.0558289378013215,0.0337680471206333,2335,"tags=27%, list=13%, signal=24%",23396/6453/11037/28514/6614/85439/8976/9863/1212/389337/8522/22848/9892,0.380730400722792
GO:1902414,protein localization to cell junction,98,-0.526150039141302,-1.59641305455898,0.00285851850484791,0.0255743862579848,0.0154686281747683,2888,"tags=36%, list=17%, signal=30%",8927/10979/4130/9254/9379/11337/22883/2316/1742/91862/57493/83700/84952/55625/7082/10439/23370/3339/3315/27065/143098/9369/5649/7414/5906/1740/57554/158866/4137/9912/9211/3800/23136/9378/22871,0.431707695803346
GO:0046184,aldehyde biosynthetic process,16,-0.705009037934325,-1.59571050722396,0.0198071086505539,0.100714692602038,0.0609171268425101,1469,"tags=38%, list=8%, signal=34%",654/8912/5105/1181/653/650,0.352487857583619
GO:0001522,pseudouridine synthesis,18,0.683216723680766,1.59565666261865,0.0259908110270075,0.122513221505012,0.074101933506317,4904,"tags=78%, list=28%, signal=56%",1736/83448/54517/80324/55651/113000/54433/84881/83480/126789/285367/142940/26995/150962,0.352487857583619
GO:0043501,skeletal muscle adaptation,5,-0.895849723037455,-1.59532114676266,0.0169273075519493,0.0895577981911415,0.054168896426094,1132,"tags=60%, list=7%, signal=56%",818/816/51676,0.352487857583619
GO:0090281,negative regulation of calcium ion import,7,-0.831578518815756,-1.59515544744283,0.0200573703161354,0.101635536826072,0.06147409805444,1574,"tags=29%, list=9%, signal=26%",5532/5350,0.352487857583619
GO:0032967,positive regulation of collagen biosynthetic process,19,0.680626185828915,1.59446830089331,0.0400164508830869,0.162667149578689,0.098388975113588,3150,"tags=53%, list=18%, signal=43%",3624/3673/57332/4602/652/2149/861/51430/5345/25824,0.321775918075361
GO:0051014,actin filament severing,16,-0.704243929025484,-1.59397876726132,0.0201049543377283,0.1017889074911,0.0615668640651779,1951,"tags=38%, list=11%, signal=33%",1073/2314/50853/6840/85477/2934,0.352487857583619
GO:0070373,negative regulation of ERK1 and ERK2 cascade,60,-0.557365316440568,-1.59386039946084,0.00921287314960414,0.0589262985564452,0.0356414810072106,2784,"tags=35%, list=16%, signal=29%",10318/2192/27330/9368/65268/201163/2043/4089/154043/55885/5801/467/55333/8000/1845/153090/78986/57556/9314/1843/2852,0.380730400722792
GO:0034644,cellular response to UV,77,0.51689773437271,1.59366369118265,0.00414927947030861,0.0337336994833666,0.0204037762237461,1623,"tags=18%, list=9%, signal=17%",4312/4314/9212/92815/4157/4609/4318/79913/5111/4869/545/7076/8451/10856,0.407017918923954
GO:0090169,regulation of spindle assembly,34,0.585560228074333,1.59363906702918,0.0283079209126244,0.130096918783742,0.0786889211357093,1491,"tags=29%, list=9%, signal=27%",5347/225689/6491/92421/29899/10615/1104/163786/26151/55835,0.352487857583619
GO:0051926,negative regulation of calcium ion transport,34,-0.61692251206749,-1.59357380185429,0.0172412535966308,0.0905000057666473,0.0547387892282878,1574,"tags=15%, list=9%, signal=13%",5532/477/801/5350/4842,0.352487857583619
GO:0051446,positive regulation of meiotic cell cycle,10,0.770939719421468,1.59331613880733,0.0226401869553775,0.111363195752058,0.0673578575870877,1432,"tags=50%, list=8%, signal=46%",10635/994/225689/993/995,0.352487857583619
GO:0006284,base-excision repair,46,0.558153618845602,1.5932403473566,0.0118485137320325,0.0706274331028535,0.0427188942321248,4288,"tags=43%, list=25%, signal=33%",10721/7518/3159/3978/4913/5424/3146/2237/6188/4350/1763/7374/55247/6996/2073/8091/5423/7515/27301/5426,0.380730400722792
GO:0030501,positive regulation of bone mineralization,37,-0.607774756382471,-1.59294502279151,0.0145097218569074,0.0806126134923458,0.0487584152257057,1572,"tags=27%, list=9%, signal=25%",116039/654/490/6256/6575/55603/650/4208/6546/5764,0.380730400722792
GO:0051384,response to glucocorticoid,101,-0.51299472044855,-1.59288315503665,0.00307308328732688,0.0269203927912182,0.0162827581551855,2045,"tags=35%, list=12%, signal=31%",358/6586/5578/6285/2805/210/654/114131/54577/54600/178/4760/3158/4916/7538/5105/5071/6752/2354/54579/54657/498/54659/3291/2353/2908/4747/9607/54575/1843/54658/54576/687/590/11170,0.431707695803346
GO:0035886,vascular associated smooth muscle cell differentiation,21,-0.682187898858127,-1.59259877452213,0.019543853939711,0.0999815260727772,0.0604736721954693,1120,"tags=24%, list=6%, signal=22%",30008/3815/27250/2852/93649,0.352487857583619
GO:0099054,presynapse assembly,33,-0.626143041351974,-1.59258904003479,0.00925797847162393,0.0589581770923136,0.0356607626905766,1410,"tags=24%, list=8%, signal=22%",54413/6622/4916/145581/57502/94030/9378/22871,0.380730400722792
GO:0034310,primary alcohol catabolic process,12,-0.77153481009717,-1.59244156067637,0.0161814345217013,0.0869155521643435,0.0525707379826227,343,"tags=25%, list=2%, signal=25%",27284/57016/6799,0.352487857583619
GO:0030593,neutrophil chemotaxis,68,0.517221101068938,1.59220379640373,0.00833932736878115,0.0550640565605543,0.0333054098791397,1190,"tags=15%, list=7%, signal=14%",1800/3576/6374/6372/3627/4283/6348/64065/2921/5478,0.380730400722792
GO:0048659,smooth muscle cell proliferation,120,-0.506589250180843,-1.59165235912113,0.00273903059306971,0.0248074296241352,0.0150047356349624,2386,"tags=31%, list=14%, signal=27%",207/3162/4921/8013/388585/5295/4881/5578/80310/3606/27086/5467/3690/6934/4209/7168/30008/6869/2254/5592/10891/348093/1264/1026/9927/27250/9510/650/4208/2263/9314/3248/2247/3570/4969/2852/93649,0.431707695803346
GO:0007616,long-term memory,21,-0.68148807519674,-1.59096500425535,0.019842227637523,0.100806062276024,0.0609723916492228,2831,"tags=57%, list=16%, signal=48%",4776/814/5621/55450/6722/55902/6869/5649/1958/22849/9867/6517,0.352487857583619
GO:0060074,synapse maturation,34,-0.615909194532725,-1.59095629925911,0.0175359687647378,0.0918684709439649,0.0555665032850205,2482,"tags=47%, list=14%, signal=40%",22883/6093/5216/5064/1600/124925/91851/84966/5649/9148/153090/57549/816/4747/9378/577,0.352487857583619
GO:0099172,presynapse organization,43,-0.589669878272568,-1.59053543445654,0.0206034775525574,0.104223099013711,0.0630391810619425,2888,"tags=37%, list=17%, signal=31%",8927/5728/382/8499/23002/10486/54413/55799/6622/4916/145581/83660/57502/94030/9378/22871,0.352487857583619
GO:0051127,positive regulation of actin nucleation,11,-0.785773647806989,-1.59050267135855,0.0217912704341575,0.10864214386088,0.0657120335378112,209,"tags=18%, list=1%, signal=18%",85477/2934,0.352487857583619
GO:0071071,regulation of phospholipid biosynthetic process,18,-0.690280604146752,-1.59017612594236,0.0309437194975529,0.138002415179526,0.0834705484658735,2800,"tags=39%, list=16%, signal=33%",6342/23682/57605/5154/824/9971/11261,0.352487857583619
GO:0072577,endothelial cell apoptotic process,49,-0.5743588185828,-1.59013365585821,0.0132968095946099,0.0760065103936808,0.045972420854261,1319,"tags=18%, list=8%, signal=17%",3690/79625/7010/153090/5598/27250/11126/7857/2852,0.380730400722792
GO:0030330,"DNA damage response, signal transduction by p53 class mediator",70,0.520556073076292,1.59010051702353,0.00942526908416332,0.059746077295872,0.0361373229162932,2440,"tags=29%, list=14%, signal=25%",6659/144455/2305/51512/7023/9521/960/545/7291/835/4487/4282/10538/56950/6615/23028/4646/11200/5366/5716,0.380730400722792
GO:0000212,meiotic spindle organization,13,0.724689233454222,1.58968333944868,0.0264824730053847,0.12393628688348,0.0749626724106976,1161,"tags=38%, list=7%, signal=36%",6790/221150/25879/220134/10403,0.352487857583619
GO:0034765,regulation of monoatomic ion transmembrane transport,198,-0.471631531954872,-1.58932028903694,0.000588772385221844,0.00801658546483612,0.00484881938263855,2526,"tags=32%, list=15%, signal=27%",781/5999/65268/2316/5621/7881/23327/483/130497/1193/57463/53826/57628/9495/487/5581/80333/7225/5532/493/2258/51719/342667/6331/3690/2946/6622/5566/7871/6786/477/801/6769/775/5025/845/84502/10939/857/817/6717/57158/6262/2902/783/65267/3781/8787/11261/2273/782/5144/6546/5023/30818/2852/5350/117/287/4842/1804/1756/5348,0.477270815362862
GO:0071732,cellular response to nitric oxide,14,0.71342327108824,1.58925310398948,0.0229656838639112,0.112493574793392,0.0680415656108329,924,"tags=29%, list=5%, signal=27%",1800/4314/890/1017,0.352487857583619
GO:1902170,cellular response to reactive nitrogen species,14,0.71342327108824,1.58925310398948,0.0229656838639112,0.112493574793392,0.0680415656108329,924,"tags=29%, list=5%, signal=27%",1800/4314/890/1017,0.352487857583619
GO:0033687,osteoblast proliferation,23,-0.679058241090641,-1.5888578264818,0.0136177670675832,0.0770406494930262,0.0465979182971867,2995,"tags=48%, list=17%, signal=40%",10855/4088/4330/3491/10516/116039/3690/30812/650/6422/2263,0.380730400722792
GO:0006970,response to osmotic stress,68,-0.55356874265273,-1.58848027759401,0.0041170677033101,0.0335255898603456,0.020277901438497,1385,"tags=21%, list=8%, signal=19%",51719/572/92241/3954/1181/4638/162514/65267/7098/6332/79085/60676/3778/6750,0.407017918923954
GO:0002923,regulation of humoral immune response mediated by circulating immunoglobulin,9,0.799318663622181,1.58844440033473,0.0153874741288118,0.0837477527121811,0.0506546993585311,1337,"tags=56%, list=8%, signal=51%",54209/4179/722/725/2302,0.380730400722792
GO:0006405,RNA export from nucleus,89,0.50223049906934,1.5873212483974,0.00640505508546492,0.0460255669833286,0.0278384933666088,4248,"tags=39%, list=24%, signal=30%",8480/11260/55795/29107/5901/10212/55110/57122/57510/84321/57187/9631/79902/11052/6741/65083/4116/7514/9688/10189/79228/23279/55916/7979/26097/23511/4686/26993/22916/9984/23049/6428/9775/7919/80145,0.407017918923954
GO:1900272,negative regulation of long-term synaptic potentiation,11,-0.784196357968657,-1.58731004240189,0.0233818468294694,0.113773589125514,0.0688157803099559,2393,"tags=45%, list=14%, signal=39%",5621/2043/25/5764/11170,0.352487857583619
GO:0042749,regulation of circadian sleep/wake cycle,15,-0.732302405717483,-1.58714728964906,0.0320467789167902,0.141008130851277,0.0852885509647941,1110,"tags=33%, list=6%, signal=31%",153/3737/8863/9607/22871,0.321775918075361
GO:0042921,nuclear receptor-mediated glucocorticoid signaling pathway,12,-0.768622154621294,-1.58642986350987,0.0171060607255461,0.0901788564526993,0.0545445425599247,1315,"tags=33%, list=8%, signal=31%",1408/55885/5187/2908,0.352487857583619
GO:0008300,isoprenoid catabolic process,8,-0.828067273470288,-1.58599568929106,0.0175701668558725,0.0919656640951191,0.0556252904129371,265,"tags=25%, list=2%, signal=25%",56603/57016,0.352487857583619
GO:0007193,adenylate cyclase-inhibiting G protein-coupled receptor signaling pathway,62,-0.544796269069029,-1.58576824070856,0.0105220289902624,0.0648039162833921,0.0391965490449893,3138,"tags=42%, list=18%, signal=34%",1128/9590/154/5997/140/23596/2316/5064/3360/9495/3690/64805/9283/5566/1132/2770/112/5734/2865/2775/2781/5028/4886/1902/5138/2899,0.380730400722792
GO:0048799,animal organ maturation,18,-0.688194562959544,-1.58537058327796,0.0309437194975529,0.138002415179526,0.0834705484658735,795,"tags=17%, list=5%, signal=16%",6261/650/7704,0.352487857583619
GO:0070977,bone maturation,18,-0.688194562959544,-1.58537058327796,0.0309437194975529,0.138002415179526,0.0834705484658735,795,"tags=17%, list=5%, signal=16%",6261/650/7704,0.352487857583619
GO:0006720,isoprenoid metabolic process,101,-0.510569541518945,-1.5853528111346,0.00333702591081332,0.0285933502970272,0.0172946439282593,1871,"tags=25%, list=11%, signal=22%",10901/729920/5264/57104/130/1576/54577/8630/54600/79947/3158/441282/8824/125/54659/126/56603/54658/7276/54576/57016/54884/5959/124/10170,0.431707695803346
GO:0033555,multicellular organismal response to stress,34,-0.613680558130131,-1.58519950401245,0.0184201149462538,0.0955634913098677,0.0578014306675105,1436,"tags=32%, list=8%, signal=30%",1910/3158/6869/477/5649/5979/824/5025/4208/117/4842,0.352487857583619
GO:0046325,negative regulation of D-glucose import across plasma membrane,10,-0.804860882190924,-1.58482572330396,0.0115192382020769,0.0690214904707523,0.0417475423022921,1429,"tags=40%, list=8%, signal=37%",51548/55022/55198/9607,0.380730400722792
GO:0021782,glial cell development,83,-0.517834332771773,-1.5844495684999,0.00899953361546955,0.0581310533975055,0.0351604781965339,2143,"tags=19%, list=12%, signal=17%",388585/7132/3075/64398/28514/5595/11076/9839/163175/57716/4137/1902/1191/1272/6663/5354,0.380730400722792
GO:0106074,aminoacyl-tRNA metabolism involved in translational fidelity,13,0.722200283889574,1.58422356238425,0.0268581046667266,0.124997576588297,0.075604591855564,2874,"tags=54%, list=17%, signal=45%",92675/3376/7407/80222/16/23395/112487,0.352487857583619
GO:0060291,long-term synaptic potentiation,61,-0.56238841359884,-1.5840577620248,0.00852419909385046,0.0558586870386321,0.033786040901043,2939,"tags=44%, list=17%, signal=37%",805/4776/25769/85358/57616/5621/107/5641/2043/9495/6285/27065/27020/818/25/5649/801/817/4915/6844/1139/815/816/5152/4355/5764/11170,0.380730400722792
GO:0032201,telomere maintenance via semi-conservative replication,10,0.766303966579238,1.58373533808715,0.0254924383277406,0.12093991322878,0.0731503204164147,2856,"tags=60%, list=16%, signal=50%",641/3978/5111/51750/2237/1763,0.352487857583619
GO:0006167,AMP biosynthetic process,12,0.727009550168988,1.58333285297987,0.0304463726821662,0.13696676161692,0.0828441350021746,1562,"tags=50%, list=9%, signal=46%",5471/471/10606/2618/3251/132,0.352487857583619
GO:0061436,establishment of skin barrier,24,0.632316969483671,1.58320347913804,0.0180098983759248,0.0938494527071684,0.0567646970561974,62,"tags=8%, list=0%, signal=8%",9076/57822,0.352487857583619
GO:0032717,negative regulation of interleukin-8 production,15,-0.730416561157383,-1.58306002589177,0.0339135245389717,0.145866668717818,0.0882272301171468,1854,"tags=33%, list=11%, signal=30%",23005/56957/408/9314/3570,0.321775918075361
GO:0006959,humoral immune response,186,0.456568318122582,1.5826297238982,0.000924172571850394,0.0112937346722175,0.00683099803790899,1448,"tags=24%, list=8%, signal=22%",5068/3502/3576/6374/3500/3503/8348/3501/6372/3627/54209/8970/629/8547/414062/8343/8341/6373/8339/7784/4283/2919/717/8346/3553/4179/6348/6700/6223/8345/8342/8344/128312/722/8340/6367/6364/2921/3017/725/2302/440689/124976/6170,0.477270815362862
GO:0090276,regulation of peptide hormone secretion,145,-0.492807245432695,-1.5823800348526,0.00120023439228396,0.0138570635897959,0.00838142358930502,2113,"tags=29%, list=12%, signal=26%",90007/222546/1393/6453/5578/54795/3033/4826/2308/5532/5467/51548/572/114131/8447/6934/9854/8622/4760/5566/5071/338557/2822/2865/2775/2781/3572/6717/1374/84417/5567/111/9971/2641/6833/1946/9607/3570/1113/3741/2852/3745,0.45505986738723
GO:0001765,membrane raft assembly,11,-0.781746967173978,-1.58235217366575,0.024972424901362,0.119339767130249,0.0721824745109918,2161,"tags=36%, list=12%, signal=32%",858/3611/857/11252,0.352487857583619
GO:0014013,regulation of gliogenesis,58,-0.560840321105943,-1.58182293850957,0.0114666968814345,0.0688757729527099,0.0416594052857315,1261,"tags=22%, list=7%, signal=21%",30812/4916/474/1181/257194/6833/1271/54857/650/5764/5803/23500/6663,0.380730400722792
GO:1903779,regulation of cardiac conduction,20,-0.680736150977759,-1.58178269706343,0.0215487752139187,0.107890716105123,0.0652575336160239,1892,"tags=50%, list=11%, signal=45%",487/54795/493/490/2702/5566/6262/489/6546/287,0.352487857583619
GO:0070306,lens fiber cell differentiation,21,-0.677326993548071,-1.58125076929831,0.021930845696435,0.109060500003083,0.0659650756066646,806,"tags=24%, list=5%, signal=23%",81029/9839/1946/2247/7111,0.352487857583619
GO:0086014,atrial cardiac muscle cell action potential,15,-0.729560387541407,-1.58120440774351,0.0339135245389717,0.145866668717818,0.0882272301171468,1873,"tags=60%, list=11%, signal=54%",54795/6331/2702/775/6262/783/3781/3741/287,0.321775918075361
GO:0086026,atrial cardiac muscle cell to AV node cell signaling,15,-0.729560387541407,-1.58120440774351,0.0339135245389717,0.145866668717818,0.0882272301171468,1873,"tags=60%, list=11%, signal=54%",54795/6331/2702/775/6262/783/3781/3741/287,0.321775918075361
GO:0086066,atrial cardiac muscle cell to AV node cell communication,15,-0.729560387541407,-1.58120440774351,0.0339135245389717,0.145866668717818,0.0882272301171468,1873,"tags=60%, list=11%, signal=54%",54795/6331/2702/775/6262/783/3781/3741/287,0.321775918075361
GO:0015693,magnesium ion transport,19,-0.689269887762795,-1.58108113076983,0.0262363702618573,0.123176824599998,0.0745033128171793,2623,"tags=42%, list=15%, signal=36%",9772/7991/57185/54805/348938/84102/26504/140803,0.352487857583619
GO:1903830,magnesium ion transmembrane transport,19,-0.689269887762795,-1.58108113076983,0.0262363702618573,0.123176824599998,0.0745033128171793,2623,"tags=42%, list=15%, signal=36%",9772/7991/57185/54805/348938/84102/26504/140803,0.352487857583619
GO:0046628,positive regulation of insulin receptor signaling pathway,18,-0.686110833842631,-1.58057036685186,0.0339478739037044,0.145866668717818,0.0882272301171468,1181,"tags=22%, list=7%, signal=21%",388581/80318/9971/10580,0.321775918075361
GO:1905244,regulation of modification of synaptic structure,18,-0.685826214023811,-1.57991469778317,0.0339478739037044,0.145866668717818,0.0882272301171468,2540,"tags=39%, list=15%, signal=33%",116987/6453/2043/54583/388/25/57026,0.321775918075361
GO:0071073,positive regulation of phospholipid biosynthetic process,13,-0.746887632338273,-1.57940471660479,0.0259718340914144,0.122513221505012,0.074101933506317,2136,"tags=38%, list=12%, signal=34%",23682/57605/824/9971/11261,0.352487857583619
GO:0035791,platelet-derived growth factor receptor-beta signaling pathway,14,-0.738010585906378,-1.57928424742201,0.0233399518954426,0.113705500971205,0.0687745972945948,1133,"tags=21%, list=7%, signal=20%",5154/25/93649,0.352487857583619
GO:0032252,secretory granule localization,19,-0.688435662426338,-1.57916754370953,0.0268573422763794,0.124997576588297,0.075604591855564,3197,"tags=58%, list=18%, signal=47%",3798/80128/26115/6616/8499/10497/23095/5864/10749/4133/547,0.352487857583619
GO:0032253,dense core granule localization,19,-0.688435662426338,-1.57916754370953,0.0268573422763794,0.124997576588297,0.075604591855564,3197,"tags=58%, list=18%, signal=47%",3798/80128/26115/6616/8499/10497/23095/5864/10749/4133/547,0.352487857583619
GO:0051298,centrosome duplication,77,0.512134772083588,1.57897885207834,0.0045339754930116,0.0361610691287954,0.021871967018594,2648,"tags=34%, list=15%, signal=29%",675/6491/899/10733/284403/92421/4869/1017/2648/10403/91147/163786/348654/80071/282809/5314/55835/672/55722/55226/221908/22995/9793/85459/134359/284001,0.407017918923954
GO:1903859,regulation of dendrite extension,19,-0.688134061607716,-1.57847571693483,0.027478314450877,0.127079097043474,0.0768635962998739,2297,"tags=42%, list=13%, signal=37%",23327/9699/9362/79594/5071/57699/22999/144402,0.352487857583619
GO:0048012,hepatocyte growth factor receptor signaling pathway,12,0.724697757582767,1.57829806746683,0.0311844576358041,0.138388553493076,0.0837041036306414,1386,"tags=25%, list=8%, signal=23%",11082/4233/3925,0.352487857583619
GO:1990778,protein localization to cell periphery,323,-0.4485593402827,-1.57765481497391,4.52723363111506e-05,0.00107302739047155,0.000649018965972797,2858,"tags=28%, list=16%, signal=23%",30846/163882/55704/6342/64083/9254/5174/8554/9368/11337/22883/382/6093/2316/1742/5621/207/5780/4926/1956/483/286/64114/55625/23499/23682/5064/10490/353116/7132/88/3611/57628/5295/23555/9495/10439/8650/64398/5581/4644/80333/582/22979/3958/493/27065/2258/51548/91663/342667/79849/6622/25999/818/83667/7871/682/2770/57731/5906/6769/367/5961/81693/857/817/5028/408/55022/257194/783/65267/6844/57554/815/9912/816/54857/30818/5593/9211/23136/9378/2852/10580/287/1804/3745,0.557332238758646
GO:0035929,steroid hormone secretion,18,0.675372673937822,1.57733683846854,0.0316002504042815,0.139449153060335,0.0843456056468682,676,"tags=28%, list=4%, signal=27%",3624/3784/1588/56729/183,0.321775918075361
GO:0042776,proton motive force-driven mitochondrial ATP synthesis,67,-0.545013424278717,-1.57722661078038,0.00691838829742022,0.0484699480479571,0.0293169734921827,5467,"tags=57%, list=32%, signal=39%",4694/515/539/126328/4695/4708/4722/4712/4537/4728/4536/4538/4539/51079/4535/4698/10476/4508/4714/4719/4723/513/4731/4713/4720/4716/4541/6390/506/4705/4540/374291/4707/4729/6392/4700/6389/498,0.407017918923954
GO:0099519,dense core granule cytoskeletal transport,9,-0.805609499653822,-1.57703853940799,0.0217611095801082,0.108583872760506,0.0656767883524163,3197,"tags=89%, list=18%, signal=73%",3798/80128/26115/8499/23095/10749/4133/547,0.352487857583619
GO:1901950,dense core granule transport,9,-0.805609499653822,-1.57703853940799,0.0217611095801082,0.108583872760506,0.0656767883524163,3197,"tags=89%, list=18%, signal=73%",3798/80128/26115/8499/23095/10749/4133/547,0.352487857583619
GO:0035360,positive regulation of peroxisome proliferator activated receptor signaling pathway,9,-0.805506842291819,-1.57683758023819,0.0217611095801082,0.108583872760506,0.0656767883524163,1256,"tags=56%, list=7%, signal=52%",55885/2874/3727/10370/650,0.352487857583619
GO:0050708,regulation of protein secretion,200,-0.468408565949097,-1.57677879617652,0.00101001633438307,0.0121160734969463,0.00732838841064701,2113,"tags=25%, list=12%, signal=22%",90007/222546/399687/7376/5578/5137/54795/2150/3033/4826/55691/2308/5532/5467/654/51548/572/114131/8447/6934/9854/8622/4760/5566/94121/5071/682/79971/2822/2775/2781/3572/6717/1374/5567/111/9971/2641/84830/6833/81285/1946/9607/3570/1113/54474/43/3741/2852/3745,0.45505986738723
GO:0038203,TORC2 signaling,23,-0.673699159303059,-1.57631866779745,0.0158131501702853,0.0851967889101163,0.0515311466731032,3132,"tags=43%, list=18%, signal=36%",79109/2475/207/2033/3071/79899/23387/83667/56957/65018,0.352487857583619
GO:0033077,T cell differentiation in thymus,52,0.543777395517078,1.575849641637,0.0110466759052502,0.0670096604448512,0.0405306900068912,3210,"tags=35%, list=19%, signal=28%",6469/3552/3714/3553/5688/84524/652/5896/2302/5698/5683/5682/5686/5691/7535/3549/5690/101,0.380730400722792
GO:1902904,negative regulation of supramolecular fiber organization,133,-0.491370687261623,-1.57562689557538,0.00108926482839107,0.0129212041464863,0.0078153704451017,2235,"tags=33%, list=13%, signal=29%",5216/84952/7082/146057/10297/5295/832/29767/10395/11078/4131/4089/23370/10634/3339/348110/89927/2258/91663/118/6622/25802/2314/25999/324/5071/1410/395/57731/25959/256949/130271/50853/6840/51474/4133/6710/57482/85477/1191/2934/11075/51676/7111,0.45505986738723
GO:0051648,vesicle localization,203,-0.468227079498736,-1.57516738695898,0.000589174025316298,0.00801658546483612,0.00484881938263855,3450,"tags=26%, list=20%, signal=21%",6854/23265/10015/9230/1785/9342/55062/3798/80128/8927/4640/5728/8729/7016/26115/23208/6616/122553/8499/23596/84446/10497/51128/2647/5048/4033/23095/4644/22878/8976/6622/22906/9525/23233/6853/5071/5873/51228/66008/5864/120892/8120/10749/4133/65018/1780/79443/3800/9378/547/6517/22871,0.477270815362862
GO:0051047,positive regulation of secretion,237,-0.459723579430721,-1.57490433862405,0.000330656118032422,0.0051829244314522,0.0031348838669794,2066,"tags=25%, list=12%, signal=22%",222546/399687/358/6453/7376/4881/5578/54795/2150/5029/4826/55691/5532/5467/654/51548/572/114131/8399/6622/8447/9525/6934/9854/4760/5566/94121/6869/8792/5071/5873/682/79971/5864/5025/338557/2822/2776/5028/84417/5567/11126/9971/2641/6833/6387/81285/650/1946/9607/1908/85477/8647/43/2852/57126/6865/22871/3745,0.49849310876659
GO:0070885,negative regulation of calcineurin-NFAT signaling cascade,9,-0.804423951784452,-1.57471774418262,0.0220834905357649,0.109507368351443,0.0662353632395371,2393,"tags=56%, list=14%, signal=48%",5621/1827/493/11261/9455,0.352487857583619
GO:0106057,negative regulation of calcineurin-mediated signaling,9,-0.804423951784452,-1.57471774418262,0.0220834905357649,0.109507368351443,0.0662353632395371,2393,"tags=56%, list=14%, signal=48%",5621/1827/493/11261/9455,0.352487857583619
GO:0090183,regulation of kidney development,23,0.643347898371928,1.57440924575114,0.0499072113759835,0.185785046528202,0.112371799510125,1121,"tags=30%, list=6%, signal=29%",6662/4070/2146/4609/183/7422/652,0.321775918075361
GO:0031960,response to corticosteroid,119,-0.496816625974562,-1.57415708399146,0.00342663389679346,0.0291487033941418,0.0176305483944823,1627,"tags=30%, list=9%, signal=28%",2805/210/57630/654/114131/54577/54600/178/4760/3158/610/4916/7538/5105/5071/6338/6340/6752/2354/54579/54657/498/54659/3291/2353/2908/4747/9607/54575/1843/54658/54576/2852/687/590/11170,0.431707695803346
GO:0071900,regulation of protein serine/threonine kinase activity,103,0.487540158376661,1.57405519320846,0.00194415408688713,0.0194019316175256,0.011735228483541,1447,"tags=17%, list=8%, signal=15%",57214/57761/6997/990/9088/2146/1033/641/4485/7023/183/3656/993/51654/9134/995/3654,0.45505986738723
GO:0043303,mast cell degranulation,41,-0.592147200108073,-1.57382850284329,0.0135160425688406,0.0766865812930939,0.046383760691291,3383,"tags=34%, list=19%, signal=28%",2242/5293/6284/387695/140/2624/8013/2205/6571/2770/3815/2776/1113/5729,0.380730400722792
GO:0006814,sodium ion transport,175,-0.477720613759883,-1.57318330408035,0.000975760768160731,0.0117531184328868,0.00710885559865894,2359,"tags=34%, list=14%, signal=30%",150094/9058/23327/483/9963/6574/6534/478/6326/130497/219931/53826/54795/5581/28968/154043/493/2258/3777/1910/6331/10050/259232/610/7871/477/55089/6549/1188/57731/6338/5025/26504/6575/6340/23171/8671/285195/57578/6535/162514/817/2902/65267/6330/5187/6446/11261/6332/6546/1261/6548/6550/6584/340024/6335/6329/4842/1756/5348,0.477270815362862
GO:0034472,snRNA 3'-end processing,22,0.659908164323486,1.57313219164927,0.0233429051749167,0.113705500971205,0.0687745972945948,3062,"tags=41%, list=18%, signal=34%",56915/11340/25896/23404/55656/54512/23016/51010/26512,0.352487857583619
GO:0015986,proton motive force-driven ATP synthesis,75,-0.538461012171533,-1.57279287325622,0.00618406201840359,0.0450432670931552,0.0272443507895816,5467,"tags=53%, list=32%, signal=37%",4694/515/539/126328/4695/4708/4722/4712/4537/4728/4536/4538/4539/51079/4535/4698/516/10476/4508/4714/4719/518/4723/513/4731/4713/4720/4716/4541/6390/506/4705/4540/374291/4707/4729/6392/4700/6389/498,0.407017918923954
GO:0007431,salivary gland development,8,-0.82112930949894,-1.57270741996374,0.0243401593797681,0.11707975191021,0.0708155077828196,2218,"tags=50%, list=13%, signal=44%",55727/2255/5154/2263,0.352487857583619
GO:1902992,negative regulation of amyloid precursor protein catabolic process,17,-0.689826943416866,-1.57261551094068,0.034771585706034,0.148537340683189,0.0898425819458229,3402,"tags=47%, list=20%, signal=38%",2319/57142/10313/6093/5621/4915/1139/1191,0.321775918075361
GO:0097237,cellular response to toxic substance,120,-0.500431366308445,-1.57230490871787,0.00355189420128347,0.0299112236606651,0.0180917576043374,2902,"tags=29%, list=17%, signal=24%",4259/23530/4257/217/847/2947/3029/6415/84293/128/1193/2954/9429/1356/10516/4056/222962/2878/3240/2946/94241/83667/5071/2168/54996/7173/3043/65018/9588/3040/3039/5742/4151/57016/343,0.431707695803346
GO:0000963,mitochondrial RNA processing,30,0.601427793355144,1.57221782155455,0.0196509872466282,0.100216376232266,0.0606157209530531,5226,"tags=73%, list=30%, signal=51%",80324/87178/51654/54931/54802/22868/51095/9238/10128/55006/6832/3028/64172/84881/84705/25821/9692/79072/26995/55687/55149/90806,0.352487857583619
GO:1902004,positive regulation of amyloid-beta formation,18,-0.682472931171917,-1.57218985327417,0.0363512025467415,0.153170156680822,0.092644733573103,1934,"tags=22%, list=11%, signal=20%",2043/114134/1139/1191,0.321775918075361
GO:0050805,negative regulation of synaptic transmission,43,-0.582855703810151,-1.57215534359825,0.0266547611423899,0.124544265496795,0.0753304073394152,1616,"tags=21%, list=9%, signal=19%",57537/3339/80863/5071/4137/43/2899/590/3745,0.352487857583619
GO:0043299,leukocyte degranulation,65,-0.538509198122272,-1.57167219467525,0.00834672922685503,0.0550640565605543,0.0333054098791397,2803,"tags=28%, list=16%, signal=23%",6284/387695/140/2624/8013/2205/3071/2150/6571/2770/3815/634/2776/11126/6844/1113/5729/57126,0.380730400722792
GO:0031333,negative regulation of protein-containing complex assembly,127,-0.491971545341995,-1.57152187443436,0.00169301877273426,0.0176446176349858,0.0106723198253228,1384,"tags=20%, list=8%, signal=18%",91663/118/6622/25802/2314/25999/1410/8780/57731/25959/256949/80772/5734/50853/6840/112476/4133/6710/57482/85477/1191/2934/11075/51676/7111,0.45505986738723
GO:0045070,positive regulation of viral genome replication,29,0.615163333885792,1.57135489017855,0.0196579587947946,0.100216376232266,0.0606157209530531,1729,"tags=28%, list=10%, signal=25%",7153/6732/10465/51495/5478/26986/55254/6895,0.352487857583619
GO:0036152,phosphatidylethanolamine acyl-chain remodeling,11,-0.776259230375148,-1.57124431828958,0.0294260501080448,0.133874862643256,0.0809740046657091,3061,"tags=64%, list=18%, signal=52%",8605/10162/154141/63874/254531/5920/54979,0.352487857583619
GO:1904062,regulation of monoatomic cation transmembrane transport,189,-0.472864957177074,-1.5694923604724,0.000572161252096463,0.00787626191996021,0.00476394490244753,2526,"tags=32%, list=15%, signal=28%",781/5999/65268/2316/5621/7881/23327/483/130497/1193/57463/53826/57628/9495/5581/80333/5532/493/2258/51719/342667/6331/3690/2946/6622/5566/7871/6786/477/801/6769/775/5025/845/84502/10939/857/817/6717/57158/6262/2902/783/65267/3781/8787/11261/2273/782/5144/6546/5023/30818/2852/5350/117/287/4842/1804/1756/5348,0.477270815362862
GO:0042303,molting cycle,45,0.554381430649221,1.56931289016664,0.0184972011690826,0.0957271883110601,0.0579004425467879,867,"tags=16%, list=5%, signal=15%",1001/3624/6662/3872/79651/3066/55612,0.352487857583619
GO:0042633,hair cycle,45,0.554381430649221,1.56931289016664,0.0184972011690826,0.0957271883110601,0.0579004425467879,867,"tags=16%, list=5%, signal=15%",1001/3624/6662/3872/79651/3066/55612,0.352487857583619
GO:1904869,regulation of protein localization to Cajal body,10,0.759276814487144,1.56921218594422,0.0294142922522623,0.133874862643256,0.0809740046657091,1990,"tags=60%, list=11%, signal=53%",10576/908/10575/7203/22948/10694,0.352487857583619
GO:1904871,positive regulation of protein localization to Cajal body,10,0.759276814487144,1.56921218594422,0.0294142922522623,0.133874862643256,0.0809740046657091,1990,"tags=60%, list=11%, signal=53%",10576/908/10575/7203/22948/10694,0.352487857583619
GO:0043242,negative regulation of protein-containing complex disassembly,71,-0.538881141741873,-1.56852678656142,0.00564940821916401,0.0422483734252494,0.0255538636552774,2108,"tags=35%, list=12%, signal=31%",146057/10297/832/29767/11078/4131/10634/89927/2258/118/25802/2314/324/57731/130271/50853/6840/51474/6710/57482/85477/2934/11075/51676/7111,0.407017918923954
GO:1901317,regulation of flagellated sperm motility,8,-0.818694476287794,-1.56804398850021,0.025952067632477,0.122513221505012,0.074101933506317,1117,"tags=25%, list=6%, signal=23%",6869/6865,0.352487857583619
GO:0039692,single stranded viral RNA replication via double stranded DNA intermediate,12,0.719660562438974,1.56732770737158,0.032660628141174,0.143054524749494,0.0865263091651792,134,"tags=17%, list=1%, signal=17%",7153/3576,0.321775918075361
GO:0015701,bicarbonate transport,27,-0.624913329846686,-1.56720247861852,0.0299665494081565,0.135796142473658,0.0821360878146987,1251,"tags=19%, list=7%, signal=17%",54831/8671/1811/266675/762,0.352487857583619
GO:0015820,L-leucine transport,8,0.801588454612605,1.56706359545005,0.0289240540480579,0.132617464660284,0.0802134694305682,2022,"tags=62%, list=12%, signal=55%",8140/6520/23428/9057/9056,0.352487857583619
GO:1901072,glucosamine-containing compound catabolic process,9,0.788011663097602,1.56597458637285,0.0191075564557614,0.0981767629781166,0.0593820640147986,1154,"tags=33%, list=7%, signal=31%",5016/10007/1116,0.352487857583619
GO:0003183,mitral valve morphogenesis,11,0.746974533577417,1.56589233633385,0.0293521055878812,0.133874862643256,0.0809740046657091,1185,"tags=27%, list=7%, signal=25%",6659/8313/7291,0.352487857583619
GO:1900271,regulation of long-term synaptic potentiation,33,-0.615642061145737,-1.56587989391066,0.0120123628309439,0.0711780934680324,0.0430519603066577,2393,"tags=36%, list=14%, signal=31%",5621/107/5641/2043/9495/27065/25/5649/1139/5152/5764/11170,0.380730400722792
GO:0002934,desmosome organization,10,0.75756783723225,1.56568020935451,0.0304838900140753,0.13696676161692,0.0828441350021746,90,"tags=20%, list=1%, signal=20%",5317/1830,0.352487857583619
GO:0009648,photoperiodism,22,-0.65232877278374,-1.5653555302503,0.0348961385378861,0.148853049583233,0.0900335379882075,2535,"tags=36%, list=15%, signal=31%",3398/150094/5158/5500/1408/8863/5187/9099,0.321775918075361
GO:0015669,gas transport,9,-0.799624563098625,-1.56532259563187,0.0262744494457041,0.123257153904109,0.0745518998731619,2502,"tags=78%, list=14%, signal=67%",3047/358/3045/3043/3040/3039/4151,0.352487857583619
GO:0009113,purine nucleobase biosynthetic process,10,0.757351747318156,1.56523361211884,0.0304838900140753,0.13696676161692,0.0828441350021746,2215,"tags=70%, list=13%, signal=61%",5471/10606/2618/3251/8833/5631/100,0.352487857583619
GO:2000278,regulation of DNA biosynthetic process,78,0.510693380729576,1.56476890168169,0.0064885649480156,0.0462893877826469,0.027998064971114,2337,"tags=33%, list=13%, signal=29%",1736/1602/890/63922/79075/5984/5983/9767/10576/7422/908/10575/545/80119/25913/7203/2264/11232/55226/22948/7398/10694/65057/54552/5982/3320,0.407017918923954
GO:0009190,cyclic nucleotide biosynthetic process,19,-0.682118459158887,-1.56467683250521,0.030272690951872,0.136354695337244,0.0824739276547487,2134,"tags=42%, list=12%, signal=37%",107/4881/1910/112/111/9607/115/117,0.352487857583619
GO:0043255,regulation of carbohydrate biosynthetic process,76,-0.52289746039871,-1.5634135400857,0.0112542727554999,0.068128337030719,0.0412073198184553,2556,"tags=29%, list=15%, signal=25%",5745/207/51422/150094/2033/9878/2308/34/5507/51548/3643/6622/6934/5164/388581/5566/10891/5028/2641/2852/10580/117,0.380730400722792
GO:1903305,regulation of regulated secretory pathway,97,-0.50895566214475,-1.56302335801016,0.00452913431224668,0.0361610691287954,0.021871967018594,1244,"tags=16%, list=7%, signal=15%",8447/6853/5873/22999/5906/5864/120892/634/5028/11126/5579/9899/5023/57126/22871/3745,0.407017918923954
GO:0000388,spliceosome conformational change to release U4 (or U4atac) and U1 (or U11),35,0.5698671531634,1.56293147116595,0.0321339503615842,0.14127401662333,0.0854493715648806,4005,"tags=46%, list=23%, signal=35%",6635/6628/23450/6636/6633/6637/24148/9129/6632/9128/23451/8899/51639/9343/338657/154007,0.321775918075361
GO:0010975,regulation of neuron projection development,333,-0.444871886885542,-1.56248901358349,6.38690098621126e-05,0.00141136105251691,0.000853659560839601,2944,"tags=29%, list=17%, signal=24%",5997/2889/80128/5728/57142/55704/4086/65009/85358/26115/23303/5663/6616/22924/950/382/8499/8322/1400/347733/207/84446/5780/23327/29904/115207/2033/4921/23499/7431/57463/5376/154141/10611/2043/5048/4135/1954/7074/2672/4131/23413/56963/124925/5802/63923/3897/4058/2258/2909/80031/1630/79625/27020/64221/8850/818/4916/9863/25/5649/112/5979/51761/66008/9760/5906/120892/153090/4915/238/5063/57554/5365/6387/158866/4133/4137/81618/9912/2045/816/653/6422/1902/129807/1946/80258/1608/5764/11075/547/9423/577/1756/22871,0.538434096309916
GO:0035249,"synaptic transmission, glutamatergic",60,-0.546391493168544,-1.56247928939167,0.0138566752617514,0.0781665424074611,0.0472789128939803,1723,"tags=27%, list=10%, signal=24%",127262/116443/54413/2894/477/5071/5649/120892/2902/2908/4208/5023/9455/9378/2899/22871,0.380730400722792
GO:0051987,positive regulation of attachment of spindle microtubules to kinetochore,11,0.745305490888884,1.56239350064735,0.0300636631753207,0.13599758825259,0.0822579319841053,1497,"tags=55%, list=9%, signal=50%",891/332/9212/55143/55920/3619,0.352487857583619
GO:0099173,postsynapse organization,210,-0.465777146527939,-1.56221665257761,0.00063132172887845,0.00849178288866711,0.00513624181321807,3005,"tags=33%, list=17%, signal=27%",2534/3915/4088/91107/23229/5728/57142/284217/85358/26115/5663/9379/22924/382/8499/1400/1742/5621/207/9294/9362/29904/1793/5641/6453/3360/88/10611/2043/5048/57622/4131/388135/5802/91851/144165/57524/9252/4739/54413/2894/8976/3690/1398/3643/9369/4916/25/10672/5649/120892/22849/5063/9215/94030/158866/1139/9912/2045/816/4747/1501/2260/4593/2596/22866/9378/547/22871,0.477270815362862
GO:0090435,protein localization to nuclear envelope,10,0.755665704970831,1.56174903554945,0.0308404226987238,0.137960429697944,0.0834451536119449,2554,"tags=70%, list=15%, signal=60%",4001/84823/9631/55726/10430/10204/199953,0.352487857583619
GO:0003081,regulation of systemic arterial blood pressure by renin-angiotensin,24,-0.66324595040266,-1.56158654408454,0.0133267833026314,0.0760065103936808,0.045972420854261,1902,"tags=38%, list=11%, signal=33%",5137/2150/1910/6869/81285/1511/1215/290/5125,0.380730400722792
GO:0086015,SA node cell action potential,10,-0.792931485994153,-1.5613359322426,0.0153857805350603,0.0837477527121811,0.0506546993585311,1695,"tags=50%, list=10%, signal=45%",8913/6331/6262/3741/287,0.380730400722792
GO:0086018,SA node cell to atrial cardiac muscle cell signaling,10,-0.792931485994153,-1.5613359322426,0.0153857805350603,0.0837477527121811,0.0506546993585311,1695,"tags=50%, list=10%, signal=45%",8913/6331/6262/3741/287,0.380730400722792
GO:0071880,adenylate cyclase-activating adrenergic receptor signaling pathway,12,-0.756301089277029,-1.5609992850457,0.0248113174068736,0.118983715746329,0.0719671173793133,1548,"tags=42%, list=9%, signal=38%",493/153/1816/1113/115,0.352487857583619
GO:0006353,DNA-templated transcription termination,46,0.546790358026392,1.56080410578543,0.0157652996837462,0.0850169096706973,0.0514223469919353,4386,"tags=43%, list=25%, signal=33%",84172/8458/9533/51082/22803/10622/30834/51728/221830/10621/5440/80742/25885/55718/10623/10849/55703/64425/11128/1660,0.352487857583619
GO:0030534,adult behavior,46,-0.574794109513771,-1.56074658773578,0.0115408592157026,0.0690806216597759,0.0417833077109831,2860,"tags=43%, list=16%, signal=36%",5728/85358/9379/22924/114781/1393/5048/26047/124925/54413/6622/9369/5071/6505/57502/2354/6387/9607/2247/9378,0.380730400722792
GO:0010919,regulation of inositol phosphate biosynthetic process,8,-0.814794841923597,-1.56057502614706,0.0294982700390431,0.133996005633304,0.0810472778168267,1267,"tags=50%, list=7%, signal=46%",6622/5028/2852/117,0.352487857583619
GO:0002279,mast cell activation involved in immune response,44,-0.574260864179796,-1.56055971954768,0.0225275943195726,0.11096684803637,0.0671181272811464,3479,"tags=34%, list=20%, signal=27%",2241/2242/5293/6284/387695/140/2624/8013/2205/6571/2770/3815/2776/1113/5729,0.352487857583619
GO:0022604,regulation of cell morphogenesis,195,-0.464616501641973,-1.56054397909268,0.00177650853869439,0.018316206184528,0.0110785291260859,3438,"tags=33%, list=20%, signal=27%",2011/23654/2242/56990/283149/2039/1436/4627/157285/10251/2534/6239/55785/10979/4649/23603/9948/9368/22924/4478/8322/1742/121512/23327/9699/9362/29904/148170/23499/79594/5064/55742/5168/2043/5048/11149/23370/3679/6285/9723/348110/23580/10602/1398/7168/6357/57619/5071/5649/57699/22999/3815/6356/4352/54751/5028/5365/58480/144402/6710/816/1902/1946/6900/23136,0.45505986738723
GO:0007158,neuron cell-cell adhesion,17,-0.684481173232133,-1.56042862669287,0.0389321923768724,0.15958397963128,0.0965241245152203,1410,"tags=41%, list=8%, signal=38%",54413/4685/9369/5979/57502/9378/22871,0.321775918075361
GO:0097107,postsynaptic density assembly,27,-0.622197392175149,-1.56039125528992,0.0311302630229209,0.138388553493076,0.0837041036306414,2860,"tags=48%, list=16%, signal=40%",5728/85358/9379/57622/5802/144165/57524/9369/4916/5649/94030/2260/9378,0.352487857583619
GO:1900452,regulation of long-term synaptic depression,10,-0.792373490430365,-1.56023720109222,0.0155468867202561,0.0843031366620529,0.0509906224859969,427,"tags=20%, list=2%, signal=20%",4137/3745,0.380730400722792
GO:0045980,negative regulation of nucleotide metabolic process,21,-0.668289674045902,-1.56015273459525,0.0252129657480969,0.120001467746813,0.0725827031107084,2353,"tags=38%, list=14%, signal=33%",201163/26471/9611/51548/9759/5566/863/55022,0.352487857583619
GO:1900543,negative regulation of purine nucleotide metabolic process,21,-0.668289674045902,-1.56015273459525,0.0252129657480969,0.120001467746813,0.0725827031107084,2353,"tags=38%, list=14%, signal=33%",201163/26471/9611/51548/9759/5566/863/55022,0.352487857583619
GO:0046068,cGMP metabolic process,16,-0.689087809821227,-1.55967455644747,0.0275511159418685,0.127315612819421,0.0770066525030094,2010,"tags=44%, list=12%, signal=39%",10900/4881/1910/8654/5152/5138/2981,0.352487857583619
GO:0006403,RNA localization,190,0.441774762216368,1.55874373069246,0.000736991912393341,0.00943799228986505,0.0057085551135238,3744,"tags=37%, list=22%, signal=29%",1736/51602/8480/11260/9818/55795/10576/29107/908/10575/5901/545/10212/55110/57122/57510/79023/348995/87178/84321/23225/129401/57187/9631/55706/7203/55651/2091/79902/11052/6741/10856/11097/7884/144983/22948/65083/10694/4116/7514/23165/9688/8607/24148/65109/9793/65110/10189/79228/23279/9804/10204/55916/7979/6780/10574/10128/6432/347862/26097/23511/4686/4600/26993/22916/55164/9984/23049/10644/399664,0.477270815362862
GO:0099175,regulation of postsynapse organization,131,-0.480820317623682,-1.55759899713528,0.00392288725291143,0.0324770862994555,0.0196437156731097,3005,"tags=33%, list=17%, signal=27%",2534/4088/91107/57142/85358/26115/5663/9379/22924/8499/1400/5621/207/9294/29904/1793/6453/3360/10611/2043/5048/57622/4131/5802/144165/57524/9252/4739/2894/8976/10672/5649/120892/22849/5063/94030/158866/9912/2045/816/2260/547/22871,0.407017918923954
GO:0033700,phospholipid efflux,10,0.752880530378404,1.55599286095407,0.0311969554292791,0.138388553493076,0.0837041036306414,297,"tags=20%, list=2%, signal=20%",344/341,0.352487857583619
GO:0062111,zinc ion import into organelle,8,-0.812306853770212,-1.55580978712277,0.0314325641684188,0.138940887307809,0.0840381818885624,863,"tags=25%, list=5%, signal=24%",7782/55532,0.321775918075361
GO:0007215,glutamate receptor signaling pathway,41,-0.585311172512922,-1.55565948157036,0.0153628594619187,0.0837477527121811,0.0506546993585311,1610,"tags=29%, list=9%, signal=27%",116443/54413/2894/6505/2776/2902/4208/9455/9378/2899/22871/3745,0.380730400722792
GO:0098911,regulation of ventricular cardiac muscle cell action potential,11,-0.768537290299986,-1.55561416022575,0.0335430055256425,0.145509805520094,0.0880113819611375,1929,"tags=45%, list=11%, signal=40%",1824/54795/775/857/6262,0.321775918075361
GO:0086069,bundle of His cell to Purkinje myocyte communication,12,-0.753479590148312,-1.55517573383688,0.0272770081179035,0.126346929643055,0.0764207459743759,2907,"tags=58%, list=17%, signal=49%",51086/781/1824/54795/6331/2702/3741,0.352487857583619
GO:0015670,carbon dioxide transport,6,-0.856146217712177,-1.5551684107975,0.0213977368787055,0.107317318577671,0.064910715003878,2502,"tags=100%, list=14%, signal=86%",3047/358/3045/3043/3040/3039,0.352487857583619
GO:0051491,positive regulation of filopodium assembly,25,-0.641851017739564,-1.55511813137345,0.012526415324464,0.0729735077078287,0.0441379138468496,2110,"tags=32%, list=12%, signal=28%",5064/5295/2823/8976/57451/9148/10178/22871,0.380730400722792
GO:1902423,regulation of attachment of mitotic spindle microtubules to kinetochore,10,0.752440465382793,1.55508337005359,0.0311969554292791,0.138388553493076,0.0837041036306414,1497,"tags=50%, list=9%, signal=46%",983/332/9212/55143/3619,0.352487857583619
GO:0046112,nucleobase biosynthetic process,20,0.642985143616582,1.55508030039207,0.0375496057279661,0.156314860105513,0.0945468026005183,2338,"tags=50%, list=13%, signal=43%",5471/10606/790/2618/3251/7372/8833/5631/100/56474,0.321775918075361
GO:1903579,negative regulation of ATP metabolic process,19,-0.677795056060611,-1.55475959807968,0.0327384684927396,0.143085851596357,0.0865452571602994,2353,"tags=42%, list=14%, signal=36%",201163/26471/9611/51548/9759/5566/863/55022,0.321775918075361
GO:0002456,T cell mediated immunity,106,0.480830136510624,1.55441924586511,0.00429520611456925,0.0346802493701072,0.0209762954662084,777,"tags=11%, list=4%, signal=11%",154064/80328/563/50943/79465/3329/1512/7784/3553/4179/941/722,0.407017918923954
GO:0097119,postsynaptic density protein 95 clustering,10,-0.789418581409026,-1.55441878460477,0.016191311605981,0.0869155521643435,0.0525707379826227,1003,"tags=30%, list=6%, signal=28%",5649/9378/22871,0.352487857583619
GO:0021955,central nervous system neuron axonogenesis,20,-0.668927268904777,-1.55434315928087,0.0274123067450348,0.126873652793161,0.076739333661206,3569,"tags=60%, list=21%, signal=48%",26128/25987/9353/23334/113246/5728/2043/5578/5048/2909/4781/57731,0.352487857583619
GO:0031293,membrane protein intracellular domain proteolysis,13,0.708424524357067,1.5540049605255,0.0328682208987048,0.14348445483552,0.086786351716144,15,"tags=8%, list=0%, signal=8%",4316,0.321775918075361
GO:0031998,regulation of fatty acid beta-oxidation,17,-0.68155494101459,-1.55375762287396,0.0401209388631237,0.162754229563451,0.0984416453083744,1631,"tags=35%, list=9%, signal=32%",254013/440503/225/1374/8647/32,0.321775918075361
GO:0046460,neutral lipid biosynthetic process,41,-0.584587808607827,-1.55373690094926,0.015644738955022,0.0845218525529591,0.0511229124560557,2376,"tags=29%, list=14%, signal=25%",23399/150094/9663/10555/7376/440503/57104/5105/2822/80168/51196/84803,0.352487857583619
GO:0046463,acylglycerol biosynthetic process,41,-0.584587808607827,-1.55373690094926,0.015644738955022,0.0845218525529591,0.0511229124560557,2376,"tags=29%, list=14%, signal=25%",23399/150094/9663/10555/7376/440503/57104/5105/2822/80168/51196/84803,0.352487857583619
GO:0141212,phospholipase C/protein kinase C signal transduction,12,-0.75222179779316,-1.55257966066581,0.0282016427845796,0.129909976664493,0.0785758494825443,1024,"tags=33%, list=6%, signal=31%",25/395/5333/1608,0.352487857583619
GO:1990748,cellular detoxification,111,-0.504184615987931,-1.55232558859995,0.00306868053672528,0.0269203927912182,0.0162827581551855,2902,"tags=30%, list=17%, signal=25%",4259/23530/4257/217/847/2947/3029/6415/84293/128/1193/2954/9429/1356/10516/4056/222962/2878/3240/2946/94241/83667/2168/54996/7173/3043/9588/3040/3039/5742/4151/57016/343,0.431707695803346
GO:0031958,nuclear receptor-mediated corticosteroid signaling pathway,13,-0.73366502369215,-1.55144354874326,0.033825318402247,0.145866668717818,0.0882272301171468,1315,"tags=31%, list=8%, signal=28%",1408/55885/5187/2908,0.321775918075361
GO:1900078,positive regulation of cellular response to insulin stimulus,19,-0.676211396842361,-1.55112692276339,0.033350384832605,0.144888072465671,0.0876353276798808,1628,"tags=26%, list=9%, signal=24%",79746/388581/80318/9971/10580,0.321775918075361
GO:2000042,negative regulation of double-strand break repair via homologous recombination,25,0.618710858977452,1.55065756353733,0.0310103586216443,0.138194759649754,0.0835868877227146,3517,"tags=52%, list=20%, signal=42%",5347/10721/55010/2187/149840/10459/112441434/115004/55183/116028/55086/92797/56893,0.352487857583619
GO:0032488,Cdc42 protein signal transduction,13,-0.733196988663884,-1.55045381923219,0.033825318402247,0.145866668717818,0.0882272301171468,1331,"tags=31%, list=8%, signal=28%",30851/10928/25/9423,0.321775918075361
GO:0010762,regulation of fibroblast migration,32,-0.606580118280656,-1.54973116287632,0.0180621345255251,0.0940005310127748,0.056856076536867,3479,"tags=44%, list=20%, signal=35%",2241/59/114757/2039/9590/23603/4921/79899/5581/90355/3690/9839/55198/2247,0.352487857583619
GO:0002712,regulation of B cell mediated immunity,36,0.574908941237513,1.54941684144841,0.0221324861520098,0.109507368351443,0.0662353632395371,2902,"tags=33%, list=17%, signal=28%",54209/4179/722/149840/4436/725/2302/10459/112441434/7037/55183/22976,0.352487857583619
GO:0002889,regulation of immunoglobulin mediated immune response,36,0.574908941237513,1.54941684144841,0.0221324861520098,0.109507368351443,0.0662353632395371,2902,"tags=33%, list=17%, signal=28%",54209/4179/722/149840/4436/725/2302/10459/112441434/7037/55183/22976,0.352487857583619
GO:0002002,regulation of angiotensin levels in blood,13,-0.732489794030443,-1.54895835125113,0.0344239811132002,0.147266492709891,0.0890739115047303,311,"tags=23%, list=2%, signal=23%",1511/1215/290,0.321775918075361
GO:0002003,angiotensin maturation,13,-0.732489794030443,-1.54895835125113,0.0344239811132002,0.147266492709891,0.0890739115047303,311,"tags=23%, list=2%, signal=23%",1511/1215/290,0.321775918075361
GO:0017157,regulation of exocytosis,144,-0.481175108905583,-1.54865289481675,0.00205867361744119,0.0204062116750747,0.0123426657309828,2064,"tags=19%, list=12%, signal=17%",219931/5414/3071/5578/2150/9783/6622/8447/9525/94121/6853/5071/5873/22999/5906/5864/120892/634/5028/11126/6844/5579/9899/9607/5023/57126/22871/3745,0.431707695803346
GO:0050709,negative regulation of protein secretion,49,-0.559334798153923,-1.54853909901097,0.0199733129737581,0.101384398669905,0.0613221975271289,2113,"tags=27%, list=12%, signal=23%",90007/5137/3033/55691/2308/8622/5071/2775/2781/84830/6833/1113/3745,0.352487857583619
GO:0032206,positive regulation of telomere maintenance,71,0.503027697282361,1.5481593827992,0.00694562005531143,0.0485450115161957,0.0293623755154406,2337,"tags=31%, list=13%, signal=27%",4751/1736/225689/9212/4609/10576/26354/86/908/10575/545/51750/4361/25913/7203/10856/22948/10694/79035/8607/65057/3320,0.407017918923954
GO:0006103,2-oxoglutarate metabolic process,16,-0.683726776147034,-1.54754044567272,0.0299338928757827,0.135764986360996,0.0821172430878976,1651,"tags=31%, list=10%, signal=28%",1743/5264/2805/4967/137872,0.352487857583619
GO:0042446,hormone biosynthetic process,47,-0.567458580353756,-1.54661215416665,0.0211838572019252,0.106517290532863,0.0644268192720434,1756,"tags=36%, list=10%, signal=33%",405/6770/654/8912/8630/51170/441282/2494/1958/1181/2865/7173/653/650/1589/79154/3294,0.352487857583619
GO:0022602,ovulation cycle process,24,0.617439801160609,1.54595383096234,0.0232429355596066,0.11347340134499,0.0686342121928287,2145,"tags=29%, list=12%, signal=26%",3624/2069/7784/56729/835/6092/268,0.352487857583619
GO:0044725,epigenetic programming in the zygotic pronuclei,9,0.777532806715147,1.54515050018525,0.0236652066683676,0.114962053550963,0.0695346211889022,1334,"tags=33%, list=8%, signal=31%",25879/79723/6839,0.352487857583619
GO:1905209,positive regulation of cardiocyte differentiation,10,-0.784505639999564,-1.54474486940392,0.0185750109503324,0.0960280689235301,0.0580824297222511,336,"tags=30%, list=2%, signal=29%",4208/2852/93649,0.352487857583619
GO:0045933,positive regulation of muscle contraction,40,-0.577519205419092,-1.54470287707081,0.0212652090220971,0.10683495609563,0.0646189587988652,1368,"tags=28%, list=8%, signal=25%",55799/6869/3815/775/783/782/1908/1113/2852/93649/6865,0.352487857583619
GO:0060295,regulation of cilium movement involved in cell motility,15,-0.71270647473984,-1.54467627153347,0.0494698193724498,0.185351097358972,0.112109326022869,1699,"tags=27%, list=10%, signal=24%",582/6869/284076/6865,0.321775918075361
GO:1902019,regulation of cilium-dependent cell motility,15,-0.71270647473984,-1.54467627153347,0.0494698193724498,0.185351097358972,0.112109326022869,1699,"tags=27%, list=10%, signal=24%",582/6869/284076/6865,0.321775918075361
GO:0032372,negative regulation of sterol transport,12,0.709200715434486,1.54454751226204,0.0374581867601956,0.156174986965683,0.094462200547126,647,"tags=33%, list=4%, signal=32%",344/6469/341/255738,0.321775918075361
GO:0032375,negative regulation of cholesterol transport,12,0.709200715434486,1.54454751226204,0.0374581867601956,0.156174986965683,0.094462200547126,647,"tags=33%, list=4%, signal=32%",344/6469/341/255738,0.321775918075361
GO:0002204,somatic recombination of immunoglobulin genes involved in immune response,35,0.563093244610766,1.54435318533049,0.0377062542221837,0.156634178316605,0.0947399417291363,2939,"tags=34%, list=17%, signal=29%",3329/149840/4436/10538/10459/112441434/7037/55183/2956/51010/22976/9025,0.321775918075361
GO:0002208,somatic diversification of immunoglobulins involved in immune response,35,0.563093244610766,1.54435318533049,0.0377062542221837,0.156634178316605,0.0947399417291363,2939,"tags=34%, list=17%, signal=29%",3329/149840/4436/10538/10459/112441434/7037/55183/2956/51010/22976/9025,0.321775918075361
GO:0045190,isotype switching,35,0.563093244610766,1.54435318533049,0.0377062542221837,0.156634178316605,0.0947399417291363,2939,"tags=34%, list=17%, signal=29%",3329/149840/4436/10538/10459/112441434/7037/55183/2956/51010/22976/9025,0.321775918075361
GO:0007512,adult heart development,5,-0.867039255563822,-1.5440157248522,0.028431014675386,0.130560550204624,0.0789693478872026,1853,"tags=80%, list=11%, signal=71%",9464/4625/80274/4209,0.352487857583619
GO:0030511,positive regulation of transforming growth factor beta receptor signaling pathway,29,-0.624752239085344,-1.54376300817325,0.0148328628926431,0.0818662611107571,0.0495166820586129,2353,"tags=34%, list=14%, signal=30%",201163/2033/4089/2805/10755/7049/9839/10370/1030/93649,0.380730400722792
GO:1903846,positive regulation of cellular response to transforming growth factor beta stimulus,29,-0.624752239085344,-1.54376300817325,0.0148328628926431,0.0818662611107571,0.0495166820586129,2353,"tags=34%, list=14%, signal=30%",201163/2033/4089/2805/10755/7049/9839/10370/1030/93649,0.380730400722792
GO:0099550,"trans-synaptic signaling, modulating synaptic transmission",18,-0.670123521032704,-1.543740934016,0.046565383009185,0.179718530090604,0.108702476377883,2266,"tags=50%, list=13%, signal=44%",5327/4756/2894/84966/9369/26050/10882/4915/9378,0.321775918075361
GO:0001935,endothelial cell proliferation,125,-0.48895222517753,-1.54367118250489,0.00542449879153576,0.0413556470773634,0.0250138994974687,3439,"tags=32%, list=20%, signal=26%",1950/947/3586/9982/441478/7060/5293/51162/168667/7026/2324/57608/2624/207/3162/858/10000/8742/5578/26051/405/654/51548/3690/407004/55333/7010/94/6356/84913/9839/5797/857/498/5365/6387/4208/2247/2260/7857,0.407017918923954
GO:0045722,positive regulation of gluconeogenesis,17,-0.676907936609093,-1.54316373222177,0.0442815563009497,0.175252848165215,0.106001415537017,2370,"tags=35%, list=14%, signal=31%",51422/9878/2308/5566/10891/2641,0.321775918075361
GO:0002449,lymphocyte mediated immunity,280,0.420446591179008,1.54307370200052,0.000290079596592985,0.00467147361307826,0.00282553362649661,1721,"tags=17%, list=10%, signal=16%",154064/80328/563/3502/50943/3500/3503/3501/79465/3329/54209/1512/3002/7784/717/3553/4179/28378/941/722/149840/2214/28467/28444/11006/28388/28391/4436/725/2302/28392/81607/102723169/28457/28468/28461/5272/28454/259307/10538/3542/28439/28424/3146/28434/10459/3635/3539,0.49849310876659
GO:0002714,positive regulation of B cell mediated immunity,24,0.616268688072593,1.543021582731,0.0239636325215481,0.115552282167071,0.0698916200591228,2902,"tags=33%, list=17%, signal=28%",54209/149840/4436/10459/112441434/7037/55183/22976,0.352487857583619
GO:0002891,positive regulation of immunoglobulin mediated immune response,24,0.616268688072593,1.543021582731,0.0239636325215481,0.115552282167071,0.0698916200591228,2902,"tags=33%, list=17%, signal=28%",54209/149840/4436/10459/112441434/7037/55183/22976,0.352487857583619
GO:0016239,positive regulation of macroautophagy,84,-0.518437512950828,-1.54280440451332,0.00575522554911671,0.0428760656244715,0.0259335223160962,3849,"tags=31%, list=22%, signal=24%",112574/5305/22930/8408/9517/401548/3099/55062/26086/154/8678/9531/10133/140775/51100/10241/79594/55187/5563/83667/5071/291/7957/65018/79443/26353,0.407017918923954
GO:0045161,neuronal ion channel clustering,11,-0.762207838415918,-1.5428025698168,0.0373047339305822,0.155958197755307,0.0943310759268215,2841,"tags=55%, list=16%, signal=46%",30819/65009/26047/57731/6900/3745,0.321775918075361
GO:0007416,synapse assembly,221,-0.453788419639418,-1.5426106720044,0.000657146253719069,0.00873915312072553,0.00528586331743004,2523,"tags=25%, list=15%, signal=22%",2561/9379/22883/382/1400/9294/29904/1793/57463/3360/285025/10611/5578/57622/9495/4131/23266/5802/2823/7855/221935/144165/57524/2258/54413/1398/6622/5362/9369/26050/4916/387804/25/10672/5649/145581/22849/57502/23284/257194/5365/94030/4137/2045/4208/55118/1946/84623/2260/4593/2596/43/9378/9423/22871,0.477270815362862
GO:0051650,establishment of vesicle localization,185,-0.459602917063606,-1.54212576408066,0.00133382941735732,0.0149054169490995,0.00901551850549384,3325,"tags=23%, list=19%, signal=19%",10015/9230/1785/9342/55062/3798/80128/8729/7016/26115/23208/6616/122553/8499/10497/51128/2647/5048/4033/23095/4644/22878/8976/6622/22906/9525/23233/5071/5873/51228/66008/5864/120892/8120/10749/4133/65018/1780/79443/3800/547/6517/22871,0.45505986738723
GO:0001678,intracellular glucose homeostasis,121,-0.483931682296171,-1.54195142584004,0.00673865596369794,0.047603287977331,0.0287927754820644,2066,"tags=24%, list=12%, signal=21%",222546/6722/5295/54795/26137/4089/2308/5532/5467/572/5563/9854/8622/5566/5105/5071/10891/2822/6717/408/111/9971/2641/6833/1946/9607/1215/2852/3745,0.407017918923954
GO:0051960,regulation of nervous system development,285,-0.441356696184242,-1.54090154996092,0.000386303696063319,0.00583725739192851,0.00353065615124852,2151,"tags=24%, list=12%, signal=21%",23499/7431/388585/57463/9513/23462/2043/5578/5048/4135/8650/1954/7074/4131/6604/6285/56963/5080/28514/5802/3897/58494/2258/27242/79365/54413/30812/80031/1630/27020/64221/26050/4916/387804/5649/11076/3815/6356/66008/9148/474/1181/4915/257194/163175/55198/6833/5365/6387/94030/4133/1271/4137/2045/816/54857/650/1946/5764/5803/9378/2852/23500/6663/9423/4842/22871,0.49849310876659
GO:1903671,negative regulation of sprouting angiogenesis,12,-0.746540314819152,-1.5408531261068,0.0318911931270208,0.140522063868537,0.0849945540982345,1835,"tags=42%, list=11%, signal=37%",30832/22905/55333/10365/57556,0.321775918075361
GO:0031000,response to caffeine,11,-0.761173244916952,-1.54070842511181,0.0379316896139911,0.157015825035944,0.0949707801600578,1296,"tags=55%, list=7%, signal=51%",2946/845/6261/6262/6546/6263,0.321775918075361
GO:1904749,regulation of protein localization to nucleolus,12,0.707280379943201,1.540365269716,0.0396401503931402,0.16192133704717,0.0979378715515408,3229,"tags=58%, list=19%, signal=48%",4869/705/51068/785/10280/25885/7015,0.321775918075361
GO:0036017,response to erythropoietin,8,-0.803954856797823,-1.53981322305175,0.0358989011395495,0.15159033110508,0.091689178504621,939,"tags=38%, list=5%, signal=35%",3815/4502/4501,0.321775918075361
GO:0099623,regulation of cardiac muscle cell membrane repolarization,21,-0.659573678297993,-1.53980484485681,0.031461436033803,0.138940887307809,0.0840381818885624,1365,"tags=38%, list=8%, signal=35%",6331/23704/2702/845/6330/3741/287/4842,0.321775918075361
GO:0014044,Schwann cell development,26,-0.630065013733734,-1.53973493474194,0.0282446946424771,0.129909976664493,0.0785758494825443,4854,"tags=69%, list=28%, signal=50%",22933/57211/6647/6654/10397/5594/6497/2885/56288/1605/9639/8506/5605/5894/64398/5595/163175/57716,0.352487857583619
GO:0050767,regulation of neurogenesis,234,-0.450107642831067,-1.53970580593075,0.000810375658289418,0.010091923981833,0.00610408469115313,2151,"tags=24%, list=12%, signal=21%",23499/7431/388585/57463/9513/23462/2043/5048/4135/8650/1954/7074/4131/6604/56963/5080/28514/5802/3897/2258/79365/30812/80031/1630/27020/64221/4916/5649/3815/6356/66008/9148/474/1181/4915/257194/55198/6833/5365/6387/4133/1271/4137/2045/816/54857/650/1946/5764/5803/2852/23500/6663/9423/4842,0.477270815362862
GO:0006171,cAMP biosynthetic process,11,-0.760357911808092,-1.53905809044952,0.0379316896139911,0.157015825035944,0.0949707801600578,964,"tags=45%, list=6%, signal=43%",112/111/9607/115/117,0.321775918075361
GO:0051592,response to calcium ion,104,-0.494569061837516,-1.53891540395364,0.00632405151453539,0.0456667995115959,0.0276214934133957,2271,"tags=32%, list=13%, signal=28%",7273/9362/29904/107/8604/5641/1393/4205/3779/6331/5563/118/6786/57699/801/3707/3706/845/6261/857/817/6609/6262/10628/144402/4208/1843/63928/9378/6263/3778/22871/3745,0.407017918923954
GO:0072224,metanephric glomerulus development,11,-0.760243199462168,-1.53882589852868,0.0379316896139911,0.157015825035944,0.0949707801600578,2126,"tags=64%, list=12%, signal=56%",130497/358/5156/55366/5979/1958/6943,0.321775918075361
GO:0097091,synaptic vesicle clustering,16,-0.679854627949276,-1.53877626360948,0.0331667723802563,0.144517633840731,0.0874112684476101,1060,"tags=25%, list=6%, signal=23%",6853/5864/9378/22871,0.321775918075361
GO:1902476,chloride transmembrane transport,75,-0.526720351576899,-1.53849953187558,0.00915896824631488,0.0587092860979704,0.0355102213556368,1390,"tags=23%, list=8%, signal=21%",50636/57348/54831/1187/53405/6505/1188/1181/22802/54102/2743/57101/203859/1811/266675/1836/5348,0.380730400722792
GO:0032966,negative regulation of collagen biosynthetic process,11,-0.760061531859097,-1.53845818091841,0.0379316896139911,0.157015825035944,0.0949707801600578,1627,"tags=45%, list=9%, signal=41%",2805/5467/28999/5906/3570,0.321775918075361
GO:0047484,regulation of response to osmotic stress,9,-0.785870454692048,-1.53839793915539,0.0390757154926004,0.159949203109683,0.0967450293741335,1370,"tags=33%, list=8%, signal=31%",572/3954/79085,0.321775918075361
GO:0106049,regulation of cellular response to osmotic stress,9,-0.785870454692048,-1.53839793915539,0.0390757154926004,0.159949203109683,0.0967450293741335,1370,"tags=33%, list=8%, signal=31%",572/3954/79085,0.321775918075361
GO:0061035,regulation of cartilage development,43,-0.570220241287697,-1.53807330615115,0.0360630876723716,0.152174321132951,0.0920424039743458,1469,"tags=28%, list=8%, signal=26%",654/7227/4092/2494/94/51222/6660/7483/650/85477/5593/7704,0.321775918075361
GO:0043434,response to peptide hormone,357,-0.429066563862514,-1.53747558356964,0.000151506277192237,0.00276569533334151,0.00167282656657281,2461,"tags=25%, list=14%, signal=22%",6093/5320/51043/6655/207/9663/29904/55625/4921/8013/858/107/132864/6430/1393/88/10000/5295/5578/4131/3033/4644/79746/2805/2308/55777/4929/5140/1910/55799/3690/1408/1398/3643/5164/28999/490/5595/3158/388581/8850/5566/5166/8792/5105/324/9734/5577/8648/682/2770/112/7049/10365/6338/1958/634/2549/6340/3727/7832/8835/2822/2865/80318/857/55022/23371/111/55198/6844/9971/2641/6833/6387/3291/5579/815/2353/4747/9607/9314/6548/115/2852/5350/10580/6517/760/55532/9340,0.518848077743792
GO:0009636,response to toxic substance,212,-0.455739099918196,-1.53744167952989,0.000794238101676622,0.00999685559240939,0.00604658272209964,2902,"tags=32%, list=17%, signal=27%",4259/23530/6352/4257/217/847/2947/2053/5174/4583/3029/5243/6415/22977/84293/128/9963/4489/1193/2954/6722/5578/9429/4131/5581/2052/1356/10516/210/4056/222962/2878/54577/10928/79849/3240/2946/94241/83667/5071/7782/2168/8824/596/54996/7173/4494/3043/65018/9588/4502/3040/3039/4495/2353/4747/4496/54575/5742/4493/4501/4151/57016/4499/140803/55532/343,0.477270815362862
GO:0010613,positive regulation of cardiac muscle hypertrophy,22,-0.640591597968274,-1.53719051243497,0.0429251485747969,0.171525508716965,0.103746940007302,2461,"tags=45%, list=14%, signal=39%",6093/8013/5578/9464/4205/3572/817/408/5152/6548,0.321775918075361
GO:0014742,positive regulation of muscle hypertrophy,22,-0.640591597968274,-1.53719051243497,0.0429251485747969,0.171525508716965,0.103746940007302,2461,"tags=45%, list=14%, signal=39%",6093/8013/5578/9464/4205/3572/817/408/5152/6548,0.321775918075361
GO:0070341,fat cell proliferation,17,-0.674193459393473,-1.53697547150781,0.0466590547396501,0.179875382034042,0.108797348034511,660,"tags=29%, list=4%, signal=28%",3572/55022/3570/6517/222008,0.321775918075361
GO:0006821,chloride transport,85,-0.504769020673955,-1.53678135189524,0.0120454344355446,0.0713021788641807,0.0431270131675778,1390,"tags=22%, list=8%, signal=21%",50636/57348/5030/54831/5205/1187/53405/6505/1188/1181/22802/54102/2743/57101/203859/1811/266675/1836/5348,0.380730400722792
GO:0051457,maintenance of protein location in nucleus,21,-0.658206672861396,-1.53661350829583,0.0320494832965814,0.141008130851277,0.0852885509647941,886,"tags=14%, list=5%, signal=14%",25777/5241/23345,0.321775918075361
GO:0051963,regulation of synapse assembly,142,-0.471424061322471,-1.5365843960953,0.003570348275163,0.0300236153954336,0.0181597375721659,2519,"tags=26%, list=15%, signal=22%",9379/22883/382/1400/9294/29904/1793/57463/3360/285025/10611/5578/57622/4131/5802/144165/57524/54413/6622/26050/4916/387804/10672/145581/22849/57502/257194/94030/2045/4208/55118/1946/2260/4593/9378/9423/22871,0.431707695803346
GO:0030521,androgen receptor signaling pathway,39,-0.583067189309008,-1.53641533540067,0.0144812828853,0.080530729233485,0.0487088876577356,3119,"tags=36%, list=18%, signal=30%",3275/9604/9063/2033/55625/9611/51341/27086/6934/57178/367/6943/6422/8611,0.380730400722792
GO:0032024,positive regulation of insulin secretion,65,-0.526391925124958,-1.53630718863343,0.0129262522075871,0.0744177379786454,0.0450114543037993,2066,"tags=35%, list=12%, signal=31%",222546/5578/54795/4826/5532/5467/51548/572/114131/8447/6934/9854/4760/5566/5071/2822/5567/9971/2641/6833/1946/9607/2852,0.380730400722792
GO:0007620,copulation,7,-0.800850525156086,-1.53621221434318,0.0401728358280935,0.162852364825885,0.0985010022708488,1436,"tags=43%, list=8%, signal=39%",1910/6869/5028,0.321775918075361
GO:0120180,cell-substrate junction disassembly,12,-0.744190857781447,-1.53600386592708,0.0337134934179853,0.145866668717818,0.0882272301171468,2471,"tags=50%, list=14%, signal=43%",382/10982/5295/144165/1845/58480,0.321775918075361
GO:0120181,focal adhesion disassembly,12,-0.744190857781447,-1.53600386592708,0.0337134934179853,0.145866668717818,0.0882272301171468,2471,"tags=50%, list=14%, signal=43%",382/10982/5295/144165/1845/58480,0.321775918075361
GO:0035335,peptidyl-tyrosine dephosphorylation,19,-0.669220803605135,-1.53509155656432,0.0370218889405928,0.155328096497362,0.0939499601505412,2697,"tags=42%, list=16%, signal=36%",63904/5780/5792/5802/1845/7957/23371/5803,0.321775918075361
GO:0032957,inositol trisphosphate metabolic process,8,-0.801365162849508,-1.53485318710999,0.0378049889832911,0.156933421782334,0.0949209386789128,1536,"tags=50%, list=9%, signal=46%",3705/3707/5028/2852,0.321775918075361
GO:0090128,regulation of synapse maturation,24,-0.651564419915225,-1.53408283929386,0.0171432282219915,0.090254624622961,0.054590370821117,1003,"tags=33%, list=6%, signal=31%",5649/9148/153090/57549/816/4747/9378/577,0.352487857583619
GO:0010713,negative regulation of collagen metabolic process,12,-0.743147519703881,-1.53385042463732,0.0349283617888515,0.148882458734495,0.0900513260680945,1627,"tags=42%, list=9%, signal=38%",2805/5467/28999/5906/3570,0.321775918075361
GO:0060976,coronary vasculature development,17,-0.672727093425796,-1.53363256081478,0.0478478045901685,0.182375406576593,0.110309484032083,950,"tags=24%, list=5%, signal=22%",7049/2247/2852/93649,0.321775918075361
GO:0062012,regulation of small molecule metabolic process,275,-0.440446379600766,-1.53331516587916,0.000493756425099805,0.00709608867172776,0.00429205831376973,2704,"tags=28%, list=16%, signal=24%",2053/54578/6721/5663/2475/5745/10162/2246/207/51422/150094/201163/26471/2033/9878/9611/7376/8816/51341/4200/2672/26137/405/6770/254013/440503/2308/5467/493/34/654/225/51548/5563/54577/54600/3643/9759/6622/6934/5164/388581/8850/5566/5166/5071/2770/10891/37/338328/1958/634/8671/863/1181/2822/857/5028/1374/55022/55198/9971/54657/2641/54659/65018/653/650/54575/54658/54576/8647/2852/32/10580/117/343,0.477270815362862
GO:0045987,positive regulation of smooth muscle contraction,20,-0.659746166045659,-1.53300962260642,0.0326467358795206,0.143054524749494,0.0865263091651792,1117,"tags=30%, list=6%, signal=28%",6869/3815/1908/2852/93649/6865,0.321775918075361
GO:0051338,regulation of transferase activity,263,0.417591873436471,1.53296452150163,0.00120704072109039,0.0138573932784557,0.00838162300098358,2440,"tags=21%, list=14%, signal=18%",57214/22974/57761/6997/11065/1894/9928/4085/2069/990/991/9088/2146/1033/641/63922/79075/26271/5984/5983/27338/4485/7023/9933/183/3656/79092/10464/5933/55732/5925/993/5478/51654/9134/995/3654/219736/10459/6895/11232/80725/4067/9966/9370/11116/6187/8797/144097/51135/5982/54465/8795/5716,0.45505986738723
GO:0006362,transcription elongation by RNA polymerase I,13,0.698812176811594,1.53291924813925,0.0358732840436819,0.15159033110508,0.091689178504621,3960,"tags=69%, list=23%, signal=53%",84172/9533/51082/30834/221830/5440/25885/10849/64425,0.321775918075361
GO:0043244,regulation of protein-containing complex disassembly,114,-0.491388113955418,-1.53277984623738,0.00546787412743081,0.041578478811175,0.0251486789287755,2183,"tags=28%, list=13%, signal=25%",10241/146057/10297/88/1073/832/29767/11078/2150/4131/10634/89927/2258/118/3643/25802/2314/324/57026/57731/130271/50853/6840/51474/79443/6710/57482/85477/2934/11075/51676/7111,0.407017918923954
GO:0001936,regulation of endothelial cell proliferation,111,-0.497747643207219,-1.53250690067541,0.00406862512354996,0.0333547816962715,0.0201745883832931,3439,"tags=32%, list=20%, signal=26%",1950/3586/9982/7060/5293/51162/7026/2324/57608/2624/207/3162/858/10000/8742/5578/26051/405/654/51548/3690/407004/55333/7010/94/6356/84913/5797/857/498/5365/6387/4208/2247/2260/7857,0.407017918923954
GO:0006760,folic acid-containing compound metabolic process,25,0.611447161919578,1.53245276460968,0.0349606723764679,0.148912197267303,0.0900693133739024,2923,"tags=44%, list=17%, signal=37%",8836/2348/6472/471/10797/25902/6573/81034/441024/60496/2356,0.321775918075361
GO:0060998,regulation of dendritic spine development,46,-0.564173635320409,-1.53190866371556,0.0156096523831252,0.0845218525529591,0.0511229124560557,2748,"tags=41%, list=16%, signal=35%",85358/26115/5663/22924/382/8499/29904/6453/5048/116443/5802/5649/9148/22849/816/4208/1902/547/22871,0.380730400722792
GO:0051602,response to electrical stimulus,22,-0.638360904823617,-1.53183764744424,0.0460132372736125,0.178660525362107,0.108062543845889,2110,"tags=27%, list=12%, signal=24%",5064/144165/6869/7832/6548/6865,0.321775918075361
GO:0051897,positive regulation of phosphatidylinositol 3-kinase/protein kinase B signal transduction,162,-0.470210918969797,-1.53179079390634,0.00163975096420596,0.0173042301034159,0.0104664369506345,3005,"tags=28%, list=17%, signal=23%",2534/10855/8678/284/10979/6352/57142/55704/284217/2475/207/1956/219699/4921/5156/1646/558/2150/80310/3606/9723/4058/64805/3643/6934/5154/4916/5649/7010/5979/3815/5025/2549/57462/4915/84830/9215/65018/1946/2247/2260/9378/2852/2651/23551,0.45505986738723
GO:0072384,organelle transport along microtubule,87,-0.50877132370751,-1.53168051896253,0.0123126539708042,0.0722293213975918,0.0436877939022424,1905,"tags=16%, list=11%, signal=14%",5048/23095/51309/22906/25777/66008/8120/10749/4133/1780/4137/79443/4747/547,0.380730400722792
GO:0051145,smooth muscle cell differentiation,45,-0.55749850371317,-1.53119196705005,0.016535984861852,0.0883622900163326,0.0534457951461858,1958,"tags=36%, list=11%, signal=32%",6722/23462/4853/6604/1827/1910/407004/30008/348093/3815/8516/27250/4208/2263/2852/93649,0.352487857583619
GO:0030520,estrogen receptor signaling pathway,44,-0.563349960042879,-1.5309092269545,0.0299869671539312,0.135796142473658,0.0821360878146987,3278,"tags=36%, list=19%, signal=30%",8626/10474/9325/23543/55325/2099/29966/8031/167465/23558/133522/8648/25959/367/2852/11240,0.352487857583619
GO:0008360,regulation of cell shape,116,-0.481921719671501,-1.53090694619774,0.00733365264024001,0.0505787457296016,0.0305924765249481,4052,"tags=39%, list=23%, signal=30%",54873/391/2059/1613/2185/221472/161176/2011/23654/2242/56990/2039/1436/4627/157285/2534/55785/10979/9948/9368/4478/121512/148170/5064/55742/11149/23370/3679/6285/9723/23580/10602/1398/7168/6357/57619/3815/6356/54751/5028/5365/58480/6710/1902/23136,0.407017918923954
GO:0090280,positive regulation of calcium ion import,18,-0.664507369573253,-1.53080319548352,0.0495695608513262,0.185467777647419,0.112179899915791,1894,"tags=39%, list=11%, signal=35%",9495/3958/5532/162514/2641/6387/5023,0.321775918075361
GO:0051781,positive regulation of cell division,77,0.496494818045252,1.53075881700136,0.00763605532340007,0.0517701651568,0.0313131047321558,1591,"tags=27%, list=9%, signal=25%",346389/1894/6469/9928/3552/2069/990/994/332/9212/55143/29127/9493/3553/7422/5228/5008/11113/1813/3619/9585,0.407017918923954
GO:0032231,regulation of actin filament bundle assembly,91,-0.502963938409837,-1.5306456876918,0.0091732902537673,0.0587370371586538,0.0355270065419883,3523,"tags=41%, list=20%, signal=33%",9639/79822/10163/9788/23075/51763/4088/10979/55704/7016/85358/10174/6093/90102/2316/5216/84952/7082/51466/5295/10395/22998/23370/389/7168/6869/5071/25/395/5734/51474/55616/171024/6422/1902/6548/11346,0.380730400722792
GO:0016137,glycoside metabolic process,16,-0.676123796138257,-1.53033193566303,0.0442477876106195,0.175252848165215,0.106001415537017,2798,"tags=50%, list=16%, signal=42%",1645/4668/1646/84869/57704/2517/57733/57016,0.287857117255149
GO:1902358,sulfate transmembrane transport,11,-0.755914685524178,-1.5300644530404,0.038558645533341,0.158939494000686,0.0961343083732776,72,"tags=18%, list=0%, signal=18%",1811/1836,0.321775918075361
GO:0045600,positive regulation of fat cell differentiation,49,-0.55260836956651,-1.52991673240926,0.022806362464904,0.111993148344783,0.0677388834434388,2535,"tags=29%, list=15%, signal=24%",3398/51043/207/54795/5467/51548/2487/55885/7538/338557/650/6422/7704/222008,0.352487857583619
GO:0016079,synaptic vesicle exocytosis,80,-0.510706488284006,-1.52940866979991,0.00991362446366354,0.0618601747318623,0.0374160314973194,2548,"tags=31%, list=15%, signal=27%",23208/6616/8499/84446/10497/23396/9699/9751/9900/9783/6622/8447/6853/22999/5906/5864/120892/5028/112476/6844/5579/9899/6855/5023/22871,0.380730400722792
GO:0045540,regulation of cholesterol biosynthetic process,24,-0.648925132631154,-1.52786874103019,0.0180868663789466,0.0940005310127748,0.056856076536867,2690,"tags=25%, list=16%, signal=21%",6721/10162/2246/5566/2770/343,0.352487857583619
GO:0106118,regulation of sterol biosynthetic process,24,-0.648925132631154,-1.52786874103019,0.0180868663789466,0.0940005310127748,0.056856076536867,2690,"tags=25%, list=16%, signal=21%",6721/10162/2246/5566/2770/343,0.352487857583619
GO:0050772,positive regulation of axonogenesis,54,-0.534514152043094,-1.52716441218826,0.0224674456501001,0.110884672990166,0.0670684238308993,2151,"tags=30%, list=12%, signal=26%",23499/7431/57463/5048/4135/1954/7074/4131/3897/64221/4915/5365/6387/4137/1946/9423,0.352487857583619
GO:0120255,olefinic compound biosynthetic process,23,-0.652635385468935,-1.52703373185758,0.0294498847631883,0.133879677214246,0.0809769167515638,1469,"tags=30%, list=8%, signal=28%",654/8912/1958/1181/653/650/1589,0.352487857583619
GO:0033079,immature T cell proliferation,11,0.728337320939162,1.52682290741892,0.0396178147882555,0.16192133704717,0.0979378715515408,1121,"tags=36%, list=6%, signal=34%",6469/3552/3553/652,0.321775918075361
GO:0090394,negative regulation of excitatory postsynaptic potential,9,-0.779806130777968,-1.52652658891428,0.0441586298556818,0.175252848165215,0.106001415537017,1051,"tags=56%, list=6%, signal=52%",6785/5071/120892/57502/84866,0.321775918075361
GO:0030510,regulation of BMP signaling pathway,68,-0.531934745211153,-1.52640094468806,0.00902409646747951,0.0582257289087207,0.0352177425338076,4254,"tags=44%, list=25%, signal=33%",6497/8646/23090/57045/9110/100532736/2200/10468/4681/1003/79176/7323/79639/5046/28996/51232/4087/3491/151556/4926/388585/3611/91851/4092/348093/94/23111/857/25928/64388,0.380730400722792
GO:0032233,positive regulation of actin filament bundle assembly,58,-0.541160472685898,-1.52631688003676,0.0237361981426572,0.114993532835041,0.0695536613854373,3214,"tags=34%, list=19%, signal=28%",9788/23075/4088/10979/55704/7016/10174/2316/5216/51466/22998/389/7168/6869/25/51474/171024/6422/1902/11346,0.352487857583619
GO:0010469,regulation of signaling receptor activity,26,-0.624438232266477,-1.52598436645701,0.0306020939320797,0.137207557690896,0.0829897801369867,1250,"tags=31%, list=7%, signal=29%",80863/57732/8000/1612/3572/3590/66004/64388,0.352487857583619
GO:0090303,positive regulation of wound healing,55,0.523878901176901,1.52574531303944,0.0210358531028409,0.105954365499999,0.064086334932134,1768,"tags=18%, list=10%, signal=16%",9076/5068/5328/7448/55612/27346/2161/2149/3146/53905,0.352487857583619
GO:0110096,cellular response to aldehyde,22,-0.635698409979619,-1.52544861295396,0.0484837105115917,0.183389479013601,0.110922844185172,3122,"tags=45%, list=18%, signal=37%",216/6337/217/3029/128/610/6338/6340/72/57016,0.321775918075361
GO:0000045,autophagosome assembly,109,-0.491321469945364,-1.52427963614626,0.00785907788283971,0.0527347714558583,0.0318965453678235,4214,"tags=35%, list=24%, signal=27%",5899/64112/23241/79065/112574/5305/22930/162427/8408/9706/5289/401548/9638/55062/115201/8678/9531/140775/2475/51715/11337/26471/51100/81876/25989/23673/8897/9637/94241/4534/120892/54463/23710/84971/9927/58476/65018/8987,0.380730400722792
GO:1902895,positive regulation of miRNA transcription,54,-0.533433588224365,-1.52407712515806,0.0224674456501001,0.110884672990166,0.0670684238308993,3328,"tags=41%, list=19%, signal=33%",3586/657/4088/7003/4086/6721/57591/2624/1956/6722/4853/4089/5080/1958/84913/367/2353/2908/650/9314/2247/93649,0.352487857583619
GO:1990034,calcium ion export across plasma membrane,9,-0.778453173334781,-1.52387807740715,0.0454293601786234,0.177195606589216,0.107176489980295,2960,"tags=67%, list=17%, signal=55%",159371/805/490/801/8787/6546,0.321775918075361
GO:0051494,negative regulation of cytoskeleton organization,132,-0.477810669744888,-1.52356812454692,0.00549540626934043,0.0416686568166013,0.0252032229565934,2235,"tags=33%, list=13%, signal=29%",5216/84952/7082/146057/10297/5295/832/29767/10395/11078/4131/4089/23370/10634/348110/89927/2258/91663/118/6622/25802/2314/8850/25999/324/5071/395/57731/25959/256949/130271/50853/6840/51474/4133/6710/57482/85477/100505385/2934/11075/51676/7111,0.407017918923954
GO:2000622,"regulation of nuclear-transcribed mRNA catabolic process, nonsense-mediated decay",16,0.675226442312744,1.52342967475565,0.0340806554516598,0.14632996919014,0.0885074566949129,4103,"tags=62%, list=24%, signal=48%",9704/26986/4116/65110/10189/339/10492/56006/23049/9775,0.321775918075361
GO:0003352,regulation of cilium movement,21,-0.652313373800209,-1.52285533275731,0.0349897238462375,0.148928020831415,0.0900788842323064,1699,"tags=24%, list=10%, signal=22%",582/55130/6869/284076/6865,0.321775918075361
GO:0006940,regulation of smooth muscle contraction,38,-0.581370300767769,-1.52253284070191,0.0253986344641807,0.120689711706107,0.0729989864104307,1215,"tags=26%, list=7%, signal=25%",490/6869/5592/3815/1264/857/1908/2852/93649/6865,0.352487857583619
GO:0071320,cellular response to cAMP,44,-0.560164127655068,-1.52225169514664,0.031461436033803,0.138940887307809,0.0840381818885624,1155,"tags=14%, list=7%, signal=13%",610/5906/5144/5138/1811/343,0.321775918075361
GO:0034205,amyloid-beta formation,41,-0.572542578036148,-1.52172268692686,0.0226917576283969,0.111523537909463,0.0674548402942626,2836,"tags=24%, list=16%, signal=20%",57142/10313/5663/6093/5621/2043/114134/4915/1139/1191,0.352487857583619
GO:0009743,response to carbohydrate,159,-0.459628768861963,-1.52119898361486,0.00337785709003908,0.0288590755454211,0.0174553674358574,2066,"tags=24%, list=12%, signal=21%",222546/6722/54795/26137/4131/4089/2805/5532/5467/81035/572/5563/114131/6934/9854/8622/4760/3158/5566/5105/5071/1958/5906/759/2822/6717/111/10628/6844/9971/2641/6833/1946/9607/1215/2981/2852/3745,0.431707695803346
GO:0060306,regulation of membrane repolarization,30,-0.60017942939891,-1.52119256516557,0.0256532455794769,0.121419522085049,0.0734404110951156,2972,"tags=50%, list=17%, signal=42%",9472/3759/30819/781/2316/23327/6331/23704/2702/845/857/6330/3741/287/4842,0.352487857583619
GO:0060307,regulation of ventricular cardiac muscle cell membrane repolarization,17,-0.667244675463817,-1.52113415725611,0.0483870967741936,0.183243805139925,0.11083473356684,1365,"tags=41%, list=8%, signal=38%",6331/23704/2702/845/6330/287/4842,0.276500599254472
GO:0097484,dendrite extension,26,-0.622233739933608,-1.52059709088337,0.0323507335785939,0.141968160147448,0.0858692232073089,2297,"tags=31%, list=13%, signal=27%",23327/9699/9362/79594/5071/57699/22999/144402,0.321775918075361
GO:0030168,platelet activation,113,-0.485759569593179,-1.5204655437569,0.00776926799531499,0.0524916750304155,0.0317495088689665,3171,"tags=31%, list=18%, signal=25%",4627/11093/1607/10627/5580/5336/1606/2316/10398/9162/5156/3611/5578/558/375033/2811/3315/7450/3690/64805/1465/5154/5592/7414/634/7094/2776/3572/5028/22915/3043/1511/79987/1608/3570,0.407017918923954
GO:0002385,mucosal immune response,38,0.565273788705328,1.52026492736784,0.0293224660263051,0.133874862643256,0.0809740046657091,1799,"tags=53%, list=10%, signal=47%",9075/8348/8970/8343/8341/8339/8346/8345/8342/8344/128312/8340/3017/440689/6170/4843/2867/8347/3018/6036,0.352487857583619
GO:0050910,detection of mechanical stimulus involved in sensory perception of sound,10,0.735495777698217,1.5200634538724,0.0439177612018988,0.174779011743237,0.105714816306314,685,"tags=30%, list=4%, signal=29%",1301/3784/79955,0.321775918075361
GO:0046605,regulation of centrosome cycle,57,0.52029390196973,1.52005820865316,0.0282451429359003,0.129909976664493,0.0785758494825443,2410,"tags=33%, list=14%, signal=29%",6790/6491/899/10733/284403/92421/4869/2648/91147/163786/348654/80071/282809/5314/55835/672/55226/221908/85459,0.352487857583619
GO:0034284,response to monosaccharide,144,-0.472246464438304,-1.51991622318698,0.0033475560865195,0.0286418263123168,0.0173239645715132,2066,"tags=24%, list=12%, signal=21%",222546/6722/54795/26137/4089/5532/5467/572/5563/114131/6934/9854/8622/4760/3158/5566/5105/5071/1958/759/2822/6717/111/10628/6844/9971/2641/6833/1946/9607/1215/2981/2852/3745,0.431707695803346
GO:0010212,response to ionizing radiation,111,0.457921631297624,1.5194011967722,0.00964534426866614,0.060831089945584,0.0367935911478749,2939,"tags=27%, list=17%, signal=23%",675/1894/10635/3627/7518/641/90381/2177/63979/545/3014/64859/55159/4436/25896/2138/672/64782/11073/7150/79035/23028/595/144715/7520/375757/3934/221927/22976/9025,0.380730400722792
GO:1902003,regulation of amyloid-beta formation,33,-0.59731547303283,-1.51926638638557,0.0197540029068046,0.100531626914457,0.0608063998430747,2836,"tags=27%, list=16%, signal=23%",57142/10313/6093/5621/2043/114134/4915/1139/1191,0.352487857583619
GO:0000054,ribosomal subunit export from nucleus,13,0.692566464928457,1.51921861114165,0.0388673916235566,0.159540871482727,0.0964980506179021,2363,"tags=54%, list=14%, signal=47%",4869/5901/3692/84946/7514/6209/51068,0.321775918075361
GO:0033750,ribosome localization,13,0.692566464928457,1.51921861114165,0.0388673916235566,0.159540871482727,0.0964980506179021,2363,"tags=54%, list=14%, signal=47%",4869/5901/3692/84946/7514/6209/51068,0.321775918075361
GO:1903939,regulation of TORC2 signaling,12,-0.735988034897882,-1.51907330634156,0.0367506663109914,0.154410590833458,0.0933950082615686,2386,"tags=42%, list=14%, signal=36%",207/2033/3071/23387/56957,0.321775918075361
GO:1904752,regulation of vascular associated smooth muscle cell migration,23,-0.649140093223389,-1.51885546068122,0.0328808371322636,0.14348445483552,0.086786351716144,2181,"tags=35%, list=13%, signal=30%",4921/8013/7168/2254/5592/9510/4208/93649,0.321775918075361
GO:0061307,cardiac neural crest cell differentiation involved in heart development,10,0.734847835229859,1.5187243385488,0.0453231000465656,0.176898527273382,0.106996802013252,1121,"tags=40%, list=6%, signal=37%",2348/1909/655/652,0.321775918075361
GO:0061308,cardiac neural crest cell development involved in heart development,10,0.734847835229859,1.5187243385488,0.0453231000465656,0.176898527273382,0.106996802013252,1121,"tags=40%, list=6%, signal=37%",2348/1909/655/652,0.321775918075361
GO:0061309,cardiac neural crest cell development involved in outflow tract morphogenesis,10,0.734847835229859,1.5187243385488,0.0453231000465656,0.176898527273382,0.106996802013252,1121,"tags=40%, list=6%, signal=37%",2348/1909/655/652,0.321775918075361
GO:0000393,spliceosomal conformational changes to generate catalytic conformation,39,0.554380217756586,1.51852602188371,0.0258453034354803,0.122121136329383,0.073864781391171,4005,"tags=41%, list=23%, signal=32%",6635/6628/23450/6636/6633/6637/24148/9129/6632/9128/23451/8899/51639/9343/338657/154007,0.352487857583619
GO:0002824,positive regulation of adaptive immune response based on somatic recombination of immune receptors built from immunoglobulin superfamily domains,88,0.480287446820212,1.51827130883944,0.00924619098213674,0.0589581770923136,0.0356607626905766,3058,"tags=25%, list=18%, signal=21%",154064/80328/563/79465/3329/54209/7784/3553/149840/4436/10459/112441434/1604/51571/5817/7037/55183/5588/6885/22976/3122/353091,0.380730400722792
GO:0048265,response to pain,17,-0.665639130236899,-1.51747395617023,0.0483870967741936,0.183243805139925,0.11083473356684,3152,"tags=59%, list=18%, signal=48%",7060/2475/6328/207/1910/6869/5649/5979/824/5025,0.276500599254472
GO:0043536,positive regulation of blood vessel endothelial cell migration,55,-0.539696505391344,-1.51711370409484,0.0171511425151153,0.090254624622961,0.054590370821117,2935,"tags=33%, list=17%, signal=27%",284/506/57608/2624/207/3162/10000/57381/5578/3315/9734/25/7049/5025/2549/498/2247/2260,0.352487857583619
GO:0006264,mitochondrial DNA replication,14,0.680822776290722,1.5166308057716,0.0422191912986696,0.169452634092948,0.102493164980665,2856,"tags=43%, list=16%, signal=36%",56652/6742/92667/6240/11232/1763,0.321775918075361
GO:0003299,muscle hypertrophy in response to stress,13,-0.716956215023475,-1.51611029367579,0.0416079508748482,0.167629564936503,0.101390484406692,1820,"tags=46%, list=10%, signal=41%",4089/2308/493/9759/28999/23125,0.321775918075361
GO:0014887,cardiac muscle adaptation,13,-0.716956215023475,-1.51611029367579,0.0416079508748482,0.167629564936503,0.101390484406692,1820,"tags=46%, list=10%, signal=41%",4089/2308/493/9759/28999/23125,0.321775918075361
GO:0014898,cardiac muscle hypertrophy in response to stress,13,-0.716956215023475,-1.51611029367579,0.0416079508748482,0.167629564936503,0.101390484406692,1820,"tags=46%, list=10%, signal=41%",4089/2308/493/9759/28999/23125,0.321775918075361
GO:0006836,neurotransmitter transport,157,-0.465496366034173,-1.51555598234462,0.00411797820332928,0.0335255898603456,0.020277901438497,2548,"tags=29%, list=15%, signal=25%",23208/6616/9379/8499/84446/10497/23396/9699/6534/9751/9900/26503/6571/28968/9783/222962/3690/6622/8447/6853/477/5071/6505/22999/5906/5864/120892/6535/9153/5028/5865/112476/6844/5579/9899/815/4208/6855/5023/340024/9378/2852/4842/6865/22871,0.407017918923954
GO:1903532,positive regulation of secretion by cell,225,-0.444930309789917,-1.5151273541622,0.00144434475467101,0.0157219601258448,0.00950940338946729,2066,"tags=24%, list=12%, signal=21%",222546/399687/6453/7376/5578/54795/2150/4826/55691/5532/5467/654/51548/572/114131/8399/6622/8447/9525/6934/9854/4760/5566/94121/6869/8792/5071/5873/682/79971/5864/5025/338557/2822/2776/5028/84417/5567/11126/9971/2641/6833/6387/81285/650/1946/9607/1908/43/2852/57126/6865/22871/3745,0.45505986738723
GO:0010038,response to metal ion,261,-0.440823296619594,-1.5144308911857,0.000974711812056608,0.0117531184328868,0.00710885559865894,2503,"tags=28%, list=14%, signal=25%",3613/311/3931/1742/26149/5621/48/9058/7273/9362/29904/5066/4489/107/8604/5641/1393/358/4205/3779/2805/210/654/3777/8912/6331/5563/118/6622/3158/6786/5071/57699/682/7018/3815/801/7782/3707/5025/3706/120892/845/6261/596/3727/857/817/4494/6609/6262/1740/5516/10628/6833/4137/144402/4502/4495/4208/4496/1261/1843/4493/4501/4499/63928/9378/5350/6263/3778/55532/22871/3745,0.477270815362862
GO:0019646,aerobic electron transport chain,84,-0.508842163521561,-1.51424985938008,0.0075383713383122,0.0513447818384694,0.0310558122866351,4869,"tags=52%, list=28%, signal=38%",4722/4712/4537/4728/4513/4536/4538/4539/4535/10975/1327/4514/4698/4519/4512/1329/23479/7385/4714/4719/4723/4731/4713/4720/54205/4716/4541/6390/4705/4540/374291/1346/1351/4707/9377/4729/6392/4700/29796/7386/7384/6622/6389/65018,0.407017918923954
GO:0009756,carbohydrate mediated signaling,10,0.732652529283947,1.51418725697792,0.0488364508149702,0.18413127510609,0.111371518410253,27,"tags=10%, list=0%, signal=10%",3651,0.321775918075361
GO:0016540,protein autoprocessing,22,0.634765767714558,1.51319610414645,0.038159677253903,0.157848404573147,0.0954743646119779,1061,"tags=23%, list=6%, signal=21%",5653/6469/196446/255738/2161,0.321775918075361
GO:0000079,regulation of cyclin-dependent protein serine/threonine kinase activity,30,0.578826850944278,1.51313574248391,0.0312586355713353,0.138461386502117,0.083748156564086,1432,"tags=30%, list=8%, signal=28%",990/9088/1033/641/7023/993/51654/9134/995,0.321775918075361
GO:0001941,postsynaptic membrane organization,32,-0.592134840851454,-1.51282540893918,0.0233485096414162,0.113705500971205,0.0687745972945948,2993,"tags=38%, list=17%, signal=31%",3915/284217/85358/9379/1742/91851/54413/5649/9215/4593/9378/22871,0.352487857583619
GO:0016042,lipid catabolic process,282,-0.434072412010867,-1.51258403495911,0.000617152017498194,0.00835857041210687,0.0050556684517554,1633,"tags=24%, list=9%, signal=23%",5264/254013/440503/412/5467/34/2108/57104/5140/225/57406/51548/55268/1576/8630/1891/8399/51170/200879/2169/3030/5566/3032/57704/66002/51099/37/375775/338328/30/1384/2168/8613/51/23111/2822/2517/38/10455/3990/5920/1376/79153/84812/1374/6609/35/238/27163/84830/171586/113026/9588/11343/57733/5333/10449/129807/9607/2110/56603/3248/137872/8647/8611/57016/51196/32/54979,0.477270815362862
GO:0072337,modified amino acid transport,33,0.55733476576184,1.51204144548588,0.0331643309968913,0.144517633840731,0.0874112684476101,326,"tags=21%, list=2%, signal=21%",54716/64849/23657/2348/11254/55356/8884,0.321775918075361
GO:0097421,liver regeneration,24,0.603784778794566,1.51176420778129,0.0333327205720679,0.144888072465671,0.0876353276798808,1151,"tags=25%, list=7%, signal=23%",9076/6790/7448/5111/8140/87178,0.321775918075361
GO:0050848,regulation of calcium-mediated signaling,65,-0.517767871533546,-1.51113735814163,0.017032449487329,0.0899521456302963,0.0544074168678526,3097,"tags=32%, list=18%, signal=27%",151651/9472/805/5336/5621/5121/5156/9495/1827/5532/493/3632/5566/5025/120892/3708/4137/11261/6548/9455/63928,0.352487857583619
GO:0140694,membraneless organelle assembly,388,0.403151519885569,1.51081750288857,6.53704984792367e-05,0.00142843044632325,0.00086398395741731,2530,"tags=25%, list=15%, signal=22%",22974/4751/24137/10529/5347/55355/1063/9787/54443/1058/3833/332/221150/225689/29128/1062/25879/440145/64105/56992/9212/55143/29127/387103/220134/6491/9493/10733/2491/64946/9735/7139/284403/92421/55299/6223/51001/9055/10464/4869/7072/55839/29899/84154/10615/5591/54915/23246/1017/2648/3832/51154/57647/4839/5629/10403/85865/1104/3692/163786/80071/23354/26151/6713/282809/255967/55269/55835/3619/26164/401541/23212/672/2886/285643/55320/55722/550643/6188/11339/10146/6208/23421/10426/11200/221908/22868/1964/22995/6209/55559/85459/7520/51388/134359/124093/440686,0.538434096309916
GO:1990138,neuron projection extension,120,-0.480773023182242,-1.51054037620546,0.00871721736626754,0.0568068776928166,0.034359552559169,2297,"tags=27%, list=13%, signal=23%",23327/9699/9362/23499/7431/79594/6586/5048/10439/1954/4131/6285/5802/5532/63923/3897/144165/54413/80031/5071/25/57699/682/22999/23769/6387/4133/4137/144402/9201/1908/9423,0.380730400722792
GO:0045576,mast cell activation,54,-0.528568131475873,-1.51017599201324,0.0248169505792786,0.118983715746329,0.0719671173793133,3925,"tags=31%, list=23%, signal=24%",85480/9846/2241/2242/5293/6284/387695/140/2624/8013/2205/6571/2770/3815/2776/1113/5729,0.352487857583619
GO:0008088,axo-dendritic transport,77,-0.513325372125316,-1.50906937563675,0.0152352609614044,0.0836397143579948,0.0505893525262489,1905,"tags=21%, list=11%, signal=19%",5048/23095/51309/3315/66008/8120/320/57576/1740/667/10749/4133/4137/4747/3800/547,0.380730400722792
GO:0046686,response to cadmium ion,33,-0.593184412109669,-1.50875907109905,0.0209603314733932,0.105755217511249,0.0639658805775836,1627,"tags=30%, list=9%, signal=28%",2805/210/3815/4494/4502/4495/4496/4493/4501/4499,0.352487857583619
GO:0090049,regulation of cell migration involved in sprouting angiogenesis,41,-0.567599378855797,-1.50858448790498,0.0257924572200678,0.121969479919194,0.0737730522448341,2601,"tags=34%, list=15%, signal=29%",57608/2624/3162/90627/10000/57381/407004/9734/25/7049/22915/9314/4223/2247,0.352487857583619
GO:0044091,membrane biogenesis,62,-0.518043163696477,-1.50789651645351,0.0270032153048079,0.125573496488656,0.0759529361210816,3181,"tags=35%, list=18%, signal=29%",5824/6711/7357/5728/8800/79643/221035/9379/858/3611/51652/57515/54413/57132/9525/25999/727910/57502/857/11252/9378/22871,0.352487857583619
GO:0030856,regulation of epithelial cell differentiation,102,0.462375100740521,1.50731786266012,0.00843540256888231,0.055462300111734,0.0335462868782613,1520,"tags=18%, list=9%, signal=16%",2118/5068/51176/6662/6820/5317/7161/1594/3553/4318/3976/7422/652/399473/2302/4487/6431/5624,0.380730400722792
GO:0070327,thyroid hormone transport,9,0.758177873477649,1.50668744818965,0.0338323226373733,0.145866668717818,0.0882272301171468,1725,"tags=56%, list=10%, signal=50%",28231/8140/117247/6520/23428,0.321775918075361
GO:0016126,sterol biosynthetic process,62,-0.517401059469777,-1.5060275086285,0.028196715697342,0.129909976664493,0.0785758494825443,1346,"tags=13%, list=8%, signal=12%",5563/3158/5566/2770/1727/10449/10826/343,0.352487857583619
GO:2000766,negative regulation of cytoplasmic translation,11,-0.743949729209055,-1.50584590736252,0.0498438822788577,0.1856857316807,0.112311729077438,2383,"tags=45%, list=14%, signal=39%",80315/132864/23057/22849/221662,0.321775918075361
GO:0097306,cellular response to alcohol,82,-0.508313563514468,-1.5055893869164,0.00984048856954339,0.0615344593742299,0.03721902306446,1430,"tags=22%, list=8%, signal=20%",114881/610/2770/112/6338/5906/6340/5734/7832/2822/4779/54331/111/2353/6422/5729/11251/687,0.380730400722792
GO:0010661,positive regulation of muscle cell apoptotic process,20,-0.647918044682686,-1.50552537972635,0.0435540069686411,0.173566408787575,0.104981375274512,2391,"tags=50%, list=14%, signal=43%",573/4089/2308/4058/153/824/817/9927/27250/815,0.287857117255149
GO:1905037,autophagosome organization,115,-0.483482592184652,-1.50488282792877,0.00705855904454433,0.0492173310365736,0.0297690269427889,4709,"tags=38%, list=27%, signal=28%",79137/9776/23341/55626/23503/79142/5899/64112/23241/79065/112574/5305/22930/162427/8408/9706/5289/401548/9638/55062/115201/8678/9531/140775/2475/51715/11337/26471/51100/81876/25989/23673/8897/9637/94241/4534/120892/54463/23710/84971/9927/58476/65018/8987,0.407017918923954
GO:0048588,developmental cell growth,155,-0.460510048035151,-1.50477072475346,0.00670425053721961,0.0475362902988864,0.0287522520393519,2297,"tags=28%, list=13%, signal=24%",23327/9699/9362/23499/7431/79594/6586/10611/5048/10439/1954/4211/4131/6285/56963/5802/27086/5532/63923/3897/144165/2258/54413/80031/1630/4092/5071/25/57699/682/5592/22999/23769/6387/4133/4137/144402/2045/1946/9201/8470/1908/9423,0.407017918923954
GO:0007168,receptor guanylyl cyclase signaling pathway,12,-0.728737350804523,-1.50410795345989,0.0452547773185529,0.176898527273382,0.106996802013252,1926,"tags=42%, list=11%, signal=37%",4881/79849/5592/80318/5138,0.321775918075361
GO:0005513,detection of calcium ion,12,-0.728727341701318,-1.50408729475244,0.0452547773185529,0.176898527273382,0.106996802013252,2939,"tags=58%, list=17%, signal=48%",805/30819/3779/6786/801/845/6262,0.321775918075361
GO:0031115,negative regulation of microtubule polymerization,13,-0.711090148289355,-1.50370562520004,0.0446012787291154,0.175714689255858,0.10628075941002,1267,"tags=31%, list=7%, signal=29%",6622/25999/4133/11075,0.321775918075361
GO:0098815,modulation of excitatory postsynaptic potential,38,-0.574043446402259,-1.50334476663655,0.032245539717321,0.141658656545899,0.08568202043017,1410,"tags=32%, list=8%, signal=29%",54413/6785/5071/5649/22999/120892/57502/84866/2902/1139/9378/22871,0.321775918075361
GO:0070670,response to interleukin-4,24,0.600218003949097,1.50283367038126,0.0358551730209866,0.15159033110508,0.091689178504621,379,"tags=12%, list=2%, signal=12%",51176/6932/53832,0.321775918075361
GO:0090288,negative regulation of cellular response to growth factor stimulus,71,-0.516212922280937,-1.50254617103422,0.0135912949294291,0.0769868552210984,0.0465653809145888,4320,"tags=46%, list=25%, signal=35%",3087/1634/6497/8646/11117/9110/100532736/90993/2200/79812/4681/9353/7323/79639/10251/28996/284/7026/51232/151556/22905/91851/493/4092/348093/153090/23111/857/22915/25928/57556/2247/64388,0.380730400722792
GO:0046339,diacylglycerol metabolic process,22,-0.625946620340216,-1.50204780882151,0.0465549348230913,0.179718530090604,0.108702476377883,3012,"tags=32%, list=17%, signal=26%",1607/1606/9162/57104/80168/1608/51196,0.287857117255149
GO:0016125,sterol metabolic process,132,-0.470979994827078,-1.50178753396389,0.00705537331494633,0.0492173310365736,0.0297690269427889,2789,"tags=30%, list=16%, signal=25%",19/2053/54578/285440/6721/23780/3931/10162/2246/51422/55911/8029/6770/338/5467/1576/5563/54577/54600/3158/5566/57704/2770/37/114876/1727/4779/51474/54579/9971/54657/54659/10449/54575/10826/1589/54658/54576/343,0.407017918923954
GO:0009437,carnitine metabolic process,12,-0.727342455039841,-1.50122889996882,0.0464696526681177,0.179703038409997,0.108693106258707,1543,"tags=33%, list=9%, signal=30%",34/1384/1376/1374,0.321775918075361
GO:0016051,carbohydrate biosynthetic process,157,-0.46104282037587,-1.50105619618606,0.00529451878854369,0.0407879180066315,0.024670509442647,2584,"tags=27%, list=15%, signal=23%",2992/5745/51363/2131/207/51422/150094/124872/2033/9878/9526/54187/2683/8705/2805/2308/34/8402/5507/51548/10317/5091/6487/3643/6622/6934/178/5164/388581/5566/5105/10891/6484/5028/7957/2641/8708/7360/30815/2852/10580/117,0.407017918923954
GO:0032204,regulation of telomere maintenance,108,0.462631296718921,1.5006651447935,0.0068829454942271,0.0482990980468223,0.0292136351318971,4365,"tags=44%, list=25%, signal=33%",4751/1736/225689/9212/4609/10576/26354/86/908/10575/545/51750/80119/4361/25913/7203/10856/55226/22948/10694/79035/8607/65057/54552/3320/7520/197370/5588/493861/10111/1499/10574/286053/7874/3183/84464/23049/55869/26272/79677/167227/7515/8550/4683/2067/10728/548593/84250,0.407017918923954
GO:0086011,membrane repolarization during action potential,25,-0.619136905160931,-1.50008491130707,0.0267328072228828,0.124710667346115,0.0754310552419206,1245,"tags=28%, list=7%, signal=26%",23704/3752/845/857/3781/3741/4842,0.352487857583619
GO:0050770,regulation of axonogenesis,95,-0.489312163914543,-1.49968964558153,0.0141093321262598,0.0791361204562549,0.0478653606848252,2151,"tags=28%, list=12%, signal=25%",23499/7431/57463/2043/5048/4135/1954/7074/4131/56963/5802/3897/2258/2909/80031/1630/64221/66008/4915/5063/5365/6387/4133/4137/2045/1946/9423,0.380730400722792
GO:0001768,establishment of T cell polarity,11,-0.740548021319544,-1.49896043149991,0.0491493383742911,0.184836731263009,0.111798212481223,3402,"tags=55%, list=20%, signal=44%",2319/6366/9750/10758/25/2934,0.282013350011725
GO:0001778,plasma membrane repair,25,-0.618606153214306,-1.498798971186,0.0267328072228828,0.124710667346115,0.0754310552419206,2548,"tags=40%, list=15%, signal=34%",23208/79643/51652/57132/9525/94121/5864/6609/79026/203859,0.352487857583619
GO:0042181,ketone biosynthetic process,45,-0.545703972017214,-1.49879781340179,0.0238526306272305,0.115395689569433,0.0697969052674032,1469,"tags=18%, list=8%, signal=16%",654/51548/8912/1958/1181/653/650/1589,0.352487857583619
GO:0098884,postsynaptic neurotransmitter receptor internalization,31,-0.583898390469204,-1.49870094997644,0.046206386752299,0.178920382957848,0.108219718312809,4176,"tags=39%, list=24%, signal=29%",3084/1173/51760/161/23096/2060/440073/8650/160622/9098/3690/1902,0.321775918075361
GO:0099590,neurotransmitter receptor internalization,31,-0.583898390469204,-1.49870094997644,0.046206386752299,0.178920382957848,0.108219718312809,4176,"tags=39%, list=24%, signal=29%",3084/1173/51760/161/23096/2060/440073/8650/160622/9098/3690/1902,0.321775918075361
GO:0140239,postsynaptic endocytosis,31,-0.583898390469204,-1.49870094997644,0.046206386752299,0.178920382957848,0.108219718312809,4176,"tags=39%, list=24%, signal=29%",3084/1173/51760/161/23096/2060/440073/8650/160622/9098/3690/1902,0.321775918075361
GO:0072331,signal transduction by p53 class mediator,158,0.438118943067146,1.49825356924447,0.00686864525864951,0.0482941349645237,0.0292106332192058,2440,"tags=28%, list=14%, signal=24%",6659/7161/144455/2305/25788/6790/51512/112858/79915/9212/1111/4609/7023/6201/9521/960/84154/23246/55003/545/4839/6167/7291/835/83787/9816/83596/54541/4487/4282/10538/9141/23212/56950/64782/6615/51085/23028/4646/11200/5366/6209/6224/5716,0.407017918923954
GO:0035493,SNARE complex assembly,23,-0.639995610765947,-1.49745923625974,0.0426019110619481,0.170465645488176,0.103105883364266,1267,"tags=17%, list=7%, signal=16%",6622/120892/112476/6844,0.321775918075361
GO:0070307,lens fiber cell development,8,-0.781747760289132,-1.49728001293363,0.0478927203065134,0.182375406576593,0.110309484032083,806,"tags=38%, list=5%, signal=36%",81029/1946/7111,0.287857117255149
GO:0160165,"CD8-positive, alpha-beta T cell homeostasis",14,0.672134613137907,1.49727667083076,0.045261936351555,0.176898527273382,0.106996802013252,4881,"tags=79%, list=28%, signal=57%",5688/5698/5683/5682/5686/5691/5690/5696/5692/5684/5689,0.321775918075361
GO:0035088,establishment or maintenance of apical/basal cell polarity,34,-0.579555858349341,-1.49705192226095,0.0467584500198144,0.179875382034042,0.108797348034511,3761,"tags=50%, list=22%, signal=39%",56288/25932/23616/2011/10015/9231/4649/117583/9948/9368/4478/1742/286/64398/1740/23255/57554,0.321775918075361
GO:0061245,establishment or maintenance of bipolar cell polarity,34,-0.579555858349341,-1.49705192226095,0.0467584500198144,0.179875382034042,0.108797348034511,3761,"tags=50%, list=22%, signal=39%",56288/25932/23616/2011/10015/9231/4649/117583/9948/9368/4478/1742/286/64398/1740/23255/57554,0.321775918075361
GO:2000353,positive regulation of endothelial cell apoptotic process,21,-0.641255310936794,-1.49703978048155,0.0449865786467948,0.176640687565705,0.106840848062823,589,"tags=14%, list=3%, signal=14%",27250/11126/2852,0.321775918075361
GO:0031345,negative regulation of cell projection organization,144,-0.465130720743242,-1.49701433805581,0.00483350705228772,0.0381360462461037,0.0230665288889411,3834,"tags=40%, list=22%, signal=31%",10519/152559/9693/8408/9706/2580/26228/115704/25987/3985/23258/653464/83999/9353/56920/6366/157285/10251/2534/80128/5728/57142/5580/7016/382/1400/5621/207/5780/7798/5376/51466/2043/5048/2672/56963/5802/4134/348110/2258/80031/1630/83478/112/66008/120892/51474/5365/4133/81618/9912/2045/1902/129807/9378/11075/22871,0.407017918923954
GO:2001222,regulation of neuron migration,35,-0.574841634428729,-1.49667564464601,0.0498404327685465,0.1856857316807,0.112311729077438,1532,"tags=26%, list=9%, signal=23%",63923/23060/5649/153090/815/57556/816/285313/340533,0.321775918075361
GO:1902305,regulation of sodium ion transmembrane transport,34,-0.579169415322077,-1.49605370048737,0.0467584500198144,0.179875382034042,0.108797348034511,2487,"tags=47%, list=14%, signal=40%",65268/23327/483/130497/53826/5581/493/2258/6331/7871/817/65267/11261/4842/1756/5348,0.321775918075361
GO:0043534,blood vessel endothelial cell migration,112,-0.483894419801777,-1.49596404609024,0.00674964887717869,0.047603287977331,0.0287927754820644,3834,"tags=38%, list=22%, signal=30%",10519/375056/79812/3164/54345/23616/1003/1500/9353/9982/1647/4627/284/506/57608/2624/207/3162/90627/10000/6722/57381/5578/493/3315/407004/85377/9734/25/7049/94/5025/2549/2822/22915/498/84830/11252/4208/9314/4223/2247/2260,0.407017918923954
GO:0150117,positive regulation of cell-substrate junction organization,30,-0.589988451970319,-1.49536289101018,0.0309133273920991,0.138002415179526,0.0834705484658735,2984,"tags=37%, list=17%, signal=30%",4088/10979/382/10982/6093/5295/25/7010/1845/58480/6422,0.352487857583619
GO:0010560,positive regulation of glycoprotein biosynthetic process,15,-0.689691740354166,-1.49479554873777,0.0487804878048781,0.18403832305332,0.111315296504168,1413,"tags=27%, list=8%, signal=25%",8434/6934/11261/123264,0.282013350011725
GO:0048639,positive regulation of developmental growth,96,-0.491160841700903,-1.49462621915876,0.0168844454265852,0.0894921282393759,0.0541291760568203,2297,"tags=30%, list=13%, signal=26%",23327/9699/9362/23499/7431/79594/5048/1954/4131/28514/5467/3897/23414/3643/4092/5071/57699/7049/22999/6665/6387/4137/144402/4208/1946/2263/2247/32/9423,0.352487857583619
GO:0001838,embryonic epithelial tube formation,42,0.531958627745047,1.49458175397202,0.0352359198178043,0.149542770172602,0.0904507144253588,766,"tags=19%, list=4%, signal=18%",57822/6662/2348/9620/6491/153572/79977/655,0.321775918075361
GO:0060080,inhibitory postsynaptic potential,12,-0.724099808883026,-1.49453610472601,0.0495068429488918,0.185351097358972,0.112109326022869,3773,"tags=67%, list=22%, signal=52%",57555/2562/10497/9699/388135/54413/6785/22999,0.321775918075361
GO:0002448,mast cell mediated immunity,42,-0.559303192488942,-1.49437065407466,0.0302317401108835,0.136274668996759,0.082425523845849,3383,"tags=33%, list=19%, signal=27%",2242/5293/6284/387695/140/2624/8013/2205/6571/2770/3815/2776/1113/5729,0.352487857583619
GO:0002244,hematopoietic progenitor cell differentiation,61,0.50058923599034,1.49420065617045,0.0386327674316574,0.158999483776552,0.0961705930968988,1518,"tags=18%, list=9%, signal=17%",3624/6659/6469/54517/55795/5591/4602/5008/652/5134/10538,0.321775918075361
GO:1901343,negative regulation of vasculature development,92,-0.492089901740191,-1.49402523378391,0.0169124926781244,0.0895577981911415,0.054168896426094,1926,"tags=24%, list=11%, signal=21%",4881/30832/22905/9723/3339/10516/493/5140/23166/7122/55333/7010/10365/153090/5797/10218/11126/6833/9510/57556/9314/577,0.352487857583619
GO:0071333,cellular response to glucose stimulus,103,-0.483905729273687,-1.49397882068847,0.00932391899356644,0.0592497252369552,0.0358371051372343,2066,"tags=24%, list=12%, signal=22%",222546/6722/54795/26137/4089/5532/5467/572/5563/9854/8622/5566/5105/5071/2822/6717/111/9971/2641/6833/1946/9607/1215/2852/3745,0.380730400722792
GO:0001767,establishment of lymphocyte polarity,12,-0.723557825331312,-1.49341745509198,0.0495068429488918,0.185351097358972,0.112109326022869,3402,"tags=50%, list=20%, signal=40%",2319/6366/9750/10758/25/2934,0.321775918075361
GO:1904753,negative regulation of vascular associated smooth muscle cell migration,8,-0.779617102799143,-1.49319916865594,0.0498084291187739,0.1856857316807,0.112311729077438,1172,"tags=50%, list=7%, signal=47%",7168/5592/4208/93649,0.282013350011725
GO:1901888,regulation of cell junction assembly,233,-0.437818521304052,-1.49316276359443,0.00147729548203047,0.0159331061346332,0.00963711472797551,2519,"tags=26%, list=15%, signal=23%",9379/22883/382/6093/1400/90102/9294/29904/7082/23499/1793/57463/3360/285025/10611/5578/10395/57622/22998/4131/26047/5802/79834/151306/144165/57524/54413/6622/26050/5566/4916/7122/387804/25/10672/7010/7414/4641/94/395/145581/1845/5906/22849/7094/57502/857/257194/94030/2045/4208/6422/55118/1946/6548/2260/4593/9378/9423/22871/11170,0.45505986738723
GO:0061387,regulation of extent of cell growth,74,-0.509630905017974,-1.49296447806509,0.0123387531632231,0.072238238140862,0.0436931871806884,2151,"tags=26%, list=12%, signal=23%",23499/7431/5048/10439/1954/4131/56963/5802/3897/2258/80031/1630/25/6387/4133/4137/2045/1946/9423,0.380730400722792
GO:0002526,acute inflammatory response,79,0.465857914761921,1.49182937691753,0.0394822998984115,0.161501015172486,0.0976836405124214,1244,"tags=19%, list=7%, signal=18%",5068/145741/3552/3500/8600/1773/7784/3553/5004/3557/2214/5008/388125/2161/5005,0.321775918075361
GO:0060765,regulation of androgen receptor signaling pathway,29,-0.603733942475537,-1.49182678966759,0.0252118797990029,0.120001467746813,0.0725827031107084,3119,"tags=34%, list=18%, signal=28%",3275/9604/9063/2033/9611/51341/27086/6934/6943/6422,0.352487857583619
GO:0051646,mitochondrion localization,46,-0.549310255004231,-1.49154991659772,0.0218533515420306,0.10885932234242,0.0658433936081807,2121,"tags=30%, list=12%, signal=27%",79594/487/23095/51309/440503/4534/22906/5310/5071/66008/120892/9927/4137/4747,0.352487857583619
GO:1904738,vascular associated smooth muscle cell migration,24,-0.633143983090166,-1.49071264417286,0.024692360323029,0.118579815342128,0.071722818841346,2181,"tags=33%, list=13%, signal=29%",4921/8013/7168/2254/5592/9510/4208/93649,0.352487857583619
GO:0001910,regulation of leukocyte mediated cytotoxicity,71,0.484261985859938,1.49040448705393,0.0129229877550522,0.0744177379786454,0.0450114543037993,357,"tags=7%, list=2%, signal=7%",154064/80328/563/79465/1773,0.380730400722792
GO:0006904,vesicle docking involved in exocytosis,34,-0.576897905606608,-1.49018615909858,0.0479201358842943,0.182375406576593,0.110309484032083,2539,"tags=29%, list=15%, signal=25%",6616/10497/9699/10490/9751/9783/54843/23233/22999/3745,0.321775918075361
GO:0043302,positive regulation of leukocyte degranulation,21,-0.637926274797449,-1.48926799372788,0.0479268373228633,0.182375406576593,0.110309484032083,2648,"tags=24%, list=15%, signal=20%",140/2624/2150/11126/57126,0.321775918075361
GO:0072584,caveolin-mediated endocytosis,10,-0.75609504305511,-1.48880247507432,0.0341054878854187,0.14632996919014,0.0885074566949129,2297,"tags=50%, list=13%, signal=43%",23327/6453/5595/857/11252,0.321775918075361
GO:0098930,axonal transport,60,-0.520608894386289,-1.48875051226457,0.0261285025129392,0.122965042250646,0.0743752165890603,1905,"tags=22%, list=11%, signal=19%",5048/23095/51309/3315/8120/1740/667/10749/4133/4137/4747/3800/547,0.352487857583619
GO:0046883,regulation of hormone secretion,183,-0.449952948330069,-1.48792891254069,0.00362735573446378,0.0302863593851962,0.0183186578700684,2113,"tags=27%, list=12%, signal=24%",90007/222546/1393/6453/5578/54795/3033/4826/2308/5532/5467/654/51548/572/114131/1408/8447/6934/9854/8622/4760/5566/6869/5071/338557/2822/2865/2775/2776/2781/3572/5028/6717/1374/84417/5567/111/9971/2641/6833/1946/9607/1908/3570/1113/3741/2852/6865/3745,0.431707695803346
GO:0070372,regulation of ERK1 and ERK2 cascade,226,-0.433521904074675,-1.48729929080376,0.00252978406247088,0.0234174342034706,0.0141639990436717,2935,"tags=29%, list=17%, signal=24%",284/168667/10979/10318/65009/2192/2324/27330/9368/222166/3491/65268/5320/2246/6098/201163/1956/1230/4921/5156/2043/5578/4853/2150/9464/4089/80310/154043/151306/3690/55885/8622/5595/5801/5154/467/55333/8792/7010/8000/1845/5151/5906/153090/338557/634/152007/5028/6764/408/64762/2641/1139/78986/57556/2045/650/2263/9314/1843/2247/9378/2852/2651/55532,0.431707695803346
GO:0006384,transcription initiation at RNA polymerase III promoter,26,0.585207259697844,1.48661480980496,0.0471074445430425,0.180526109303607,0.10919093942218,4265,"tags=46%, list=25%, signal=35%",9533/51082/9330/10622/51728/10621/5440/55718/10623/9329/55703/11128,0.321775918075361
GO:0099174,regulation of presynapse organization,21,-0.636675591515302,-1.48634821654362,0.0443262411347518,0.175252848165215,0.106001415537017,1368,"tags=29%, list=8%, signal=26%",55799/6622/4916/145581/94030/9378,0.287857117255149
GO:2000027,regulation of animal organ morphogenesis,33,0.54782609291585,1.48624454868715,0.041458485149144,0.167371549249086,0.101234424015188,2105,"tags=36%, list=12%, signal=32%",6662/6469/89958/4070/183/7422/652/4487/5314/219736/147495/6092,0.321775918075361
GO:0035589,G protein-coupled purinergic nucleotide receptor signaling pathway,12,-0.719978637947864,-1.48603004149994,0.0494505494505495,0.185351097358972,0.112109326022869,1831,"tags=42%, list=11%, signal=37%",5029/5030/64805/5028/9934,0.276500599254472
GO:0051966,"regulation of synaptic transmission, glutamatergic",47,-0.545170957179635,-1.48586708821471,0.0370789492969455,0.155456536353385,0.0940276467998156,1723,"tags=26%, list=10%, signal=23%",127262/54413/477/5071/5649/120892/2902/4208/9455/9378/2899/22871,0.321775918075361
GO:0007507,heart development,350,-0.419108808917073,-1.48574139395855,0.000662636379110512,0.00879227231695619,0.00531799238153136,2600,"tags=29%, list=15%, signal=25%",9124/2475/5019/11096/4633/3398/5999/4087/6093/64321/57493/150094/1956/7273/728264/130497/5156/7132/88/3611/6586/4729/55742/10611/6722/10758/6899/23462/10395/4853/10439/1954/11149/9464/4211/4089/4205/8913/28514/27086/5467/23414/64091/144165/654/9645/51548/6331/3643/4625/80274/1363/4209/5310/7168/2702/8850/27129/4916/7122/4092/324/9734/25/7010/1889/7049/94/775/4629/6261/5463/4892/10370/1026/64236/27250/57158/6262/54798/4886/653/650/4208/2294/654463/2263/8470/6546/8814/5138/2247/221662/2852/32/51676/287/93649/5125/282996/11155,0.477270815362862
GO:0097305,response to alcohol,200,-0.441332868471849,-1.48563531850055,0.00426429483364059,0.0344780261790088,0.0208539810802497,2984,"tags=32%, list=17%, signal=27%",4088/5997/6337/51150/19/847/64083/5914/2690/5019/5999/4087/5732/207/151556/107/1393/1646/6586/5578/6285/116443/210/57630/114881/114131/3158/610/4916/6869/7122/8792/5071/2770/112/7049/6338/5906/6340/5734/3727/7832/2822/4779/2776/2354/54331/1374/72/2902/111/498/2353/6422/4747/9607/2263/3248/2247/5729/11251/117/687/6517,0.407017918923954
GO:0035357,peroxisome proliferator activated receptor signaling pathway,25,-0.613157474176662,-1.48559755944202,0.0451388888888889,0.176898527273382,0.106996802013252,1609,"tags=32%, list=9%, signal=29%",440503/55885/6256/8648/2874/3727/10370/650,0.282013350011725
GO:1902410,mitotic cytokinetic process,38,0.552380670488761,1.48558977380385,0.0366074663957082,0.154113642692115,0.0932153996352158,626,"tags=18%, list=4%, signal=18%",5347/1894/128239/55165/9212/10112/92421,0.321775918075361
GO:0045123,cellular extravasation,56,-0.534469952176362,-1.48554756550774,0.0195382746774056,0.0999815260727772,0.0604736721954693,3802,"tags=36%, list=22%, signal=28%",83483/56477/2241/6366/3695/5293/9750/64083/11035/6093/120425/83700/80310/58494/5734/6484/10894/6387/8174/57126,0.352487857583619
GO:0098917,retrograde trans-synaptic signaling,9,-0.758787397732829,-1.48538090719633,0.0498084291187739,0.1856857316807,0.112311729077438,1446,"tags=33%, list=8%, signal=31%",57406/57451/1268,0.282013350011725
GO:0009410,response to xenobiotic stimulus,288,-0.429441993260698,-1.48509284261372,0.000758986181621542,0.00967748541338703,0.00585341216075866,1829,"tags=20%, list=11%, signal=18%",4131/3033/5581/405/79799/2052/210/144165/3777/4524/1576/54577/3690/2946/54600/3158/23491/610/9915/5071/25/1806/66002/316/7367/30/8824/596/79762/2822/5797/7366/2354/9153/1374/6609/2902/10628/6833/54659/3291/2353/27284/4208/6422/54575/56603/134147/5138/54658/54576/8647/6663/117/4842/6799/590/6750,0.477270815362862
GO:0035023,regulation of Rho protein signal transduction,82,-0.501378614328786,-1.4850485502317,0.0130947644771166,0.0752404942292193,0.0455090971559174,3523,"tags=34%, list=20%, signal=27%",9639/79567/55619/56990/157285/10276/10979/9750/19/5894/57493/201163/90627/10395/2150/83892/23370/2909/30851/10928/25/7010/9754/25959/408/171024/57569/1902,0.380730400722792
GO:0002709,regulation of T cell mediated immunity,86,0.465769632159908,1.48470182794419,0.0232336048660402,0.11347340134499,0.0686342121928287,705,"tags=10%, list=4%, signal=10%",154064/80328/563/50943/79465/3329/7784/3553/941,0.352487857583619
GO:1990839,response to endothelin,10,-0.753806340584541,-1.48429586451763,0.0353570309336695,0.149840394973403,0.0906307323281437,1436,"tags=50%, list=8%, signal=46%",1910/1398/28999/10365/9314,0.321775918075361
GO:0007492,endoderm development,47,0.517665493028841,1.48379635690208,0.048527288480795,0.183436271183352,0.110951146357044,1429,"tags=19%, list=8%, signal=18%",3624/1301/1294/7448/4318/4323/6657/1844/1290,0.321775918075361
GO:0070278,extracellular matrix constituent secretion,10,-0.753342276943996,-1.48338209170166,0.0353570309336695,0.149840394973403,0.0906307323281437,2025,"tags=40%, list=12%, signal=35%",7132/144165/84830/650,0.321775918075361
GO:0031346,positive regulation of cell projection organization,292,-0.425487965775712,-1.48288334895708,0.000896013761350171,0.0109724351858673,0.00663666053799954,3468,"tags=32%, list=20%, signal=26%",79647/2011/9353/23654/10163/2896/2242/10801/6366/322/657/9638/285016/285282/8036/6239/5997/2889/55704/9750/4086/65009/23603/22924/950/382/8322/347733/1742/29904/2033/5216/4921/148170/23499/7431/5064/57463/202018/5168/5295/2043/5048/4135/1954/2150/7074/4131/56963/2823/63923/3897/4058/23580/2909/4739/10602/8976/64805/79625/27020/57451/64221/8850/4916/9863/324/25/5649/5979/3815/51761/9760/5906/9148/153090/4915/238/10178/57554/5365/6387/158866/4137/816/653/1946/5764/51196/11075/9423/1756/22871,0.477270815362862
GO:0071331,cellular response to hexose stimulus,106,-0.477226222993674,-1.48275682751452,0.01063723427391,0.0652668716722788,0.0394765668995706,2066,"tags=24%, list=12%, signal=21%",222546/6722/54795/26137/4089/5532/5467/572/5563/9854/8622/5566/5105/5071/2822/6717/111/9971/2641/6833/1946/9607/1215/2852/3745,0.380730400722792
GO:0051896,regulation of phosphatidylinositol 3-kinase/protein kinase B signal transduction,221,-0.436179891206223,-1.48275215049139,0.00230942881149961,0.0221232745414289,0.0133812285635138,3022,"tags=28%, list=17%, signal=23%",23239/51763/2534/10855/8678/284/10979/5728/6352/57142/55704/284217/2475/9368/207/201163/23396/1956/219699/4921/79594/5156/1646/558/2150/26051/80310/3606/9723/8395/4058/5140/64805/3643/6934/5154/4916/9863/5649/7010/5979/3815/5025/153090/634/2549/57462/2289/4915/84830/9215/65018/2045/1946/9314/2247/2260/9378/2852/2651/23551,0.431707695803346
GO:1903531,negative regulation of secretion by cell,104,-0.476320643221759,-1.48213309654192,0.0119128831964994,0.0708027577644324,0.0428249390838946,2113,"tags=24%, list=12%, signal=21%",90007/1393/7132/3071/5137/3033/55691/2308/1408/6622/9525/8622/5071/5906/338557/634/2775/2781/5028/84830/6833/9607/1113/6865/3745,0.380730400722792
GO:1902475,L-alpha-amino acid transmembrane transport,52,0.5111828223788,1.48139160269917,0.0221636160735778,0.109569163398226,0.0662727398784949,2284,"tags=33%, list=13%, signal=28%",54716/23657/6541/92745/8140/80727/10991/6520/6512/10166/387254/23428/9057/123096/6510/9056/23204,0.352487857583619
GO:0051150,regulation of smooth muscle cell differentiation,29,-0.599386952592184,-1.48108537609755,0.0276866358866964,0.127841355649648,0.0773246472448694,1958,"tags=45%, list=11%, signal=40%",6722/23462/4853/6604/1827/407004/30008/348093/3815/27250/2263/2852/93649,0.352487857583619
GO:2000300,regulation of synaptic vesicle exocytosis,38,-0.565512918470398,-1.48100442880431,0.0420724894299058,0.169037657463422,0.102242167004853,1060,"tags=26%, list=6%, signal=25%",6853/22999/5906/5864/120892/5028/5579/9899/5023/22871,0.321775918075361
GO:0000132,establishment of mitotic spindle orientation,29,0.579305313832913,1.47976023220976,0.0387429037621504,0.159252299520224,0.0963235083104309,1433,"tags=21%, list=8%, signal=19%",89958/1058/54908/29899/10403/5314,0.321775918075361
GO:0032364,intracellular oxygen homeostasis,9,-0.75571456912866,-1.47936562418905,0.0498084291187739,0.1856857316807,0.112311729077438,3498,"tags=67%, list=20%, signal=53%",212/23530/282679/54583/2034/64344,0.282013350011725
GO:0008277,regulation of G protein-coupled receptor signaling pathway,118,-0.474022954534882,-1.47918491087886,0.0107296946346235,0.0656286629160425,0.0396953957766436,2521,"tags=29%, list=15%, signal=25%",5999/6093/2869/115207/55625/858/5064/8786/6586/6003/22844/5578/6001/493/5140/3690/6622/5139/9737/3632/120892/2788/408/815/11343/8787/5144/6855/5138/1113/9378/2852/11240/4842,0.380730400722792
GO:1990845,adaptive thermogenesis,141,-0.459111507448926,-1.47870684246392,0.00808862448491679,0.053844773184984,0.0325679282056359,3560,"tags=31%, list=21%, signal=25%",948/7351/4858/283455/7253/3600/2271/216/154/3953/170394/11096/5565/3566/9658/51043/201163/7376/3033/6285/3606/63976/5608/57406/51548/55366/2034/153/133522/324/10891/338557/79071/291/857/5334/9927/1376/1152/55198/23228/4857/43/51316,0.380730400722792
GO:1905208,negative regulation of cardiocyte differentiation,9,-0.755375809990835,-1.47870247881135,0.0498084291187739,0.1856857316807,0.112311729077438,3227,"tags=67%, list=19%, signal=54%",55553/1956/4089/28514/144165/650,0.282013350011725
GO:0006809,nitric oxide biosynthetic process,60,-0.51698668712203,-1.4783923278802,0.029376080352282,0.133874862643256,0.0809740046657091,1548,"tags=18%, list=9%, signal=17%",493/3643/10365/5025/1727/54996/857/3043/9314/1191/4842,0.352487857583619
GO:0071326,cellular response to monosaccharide stimulus,107,-0.476194576623639,-1.47653451659586,0.0114292096377097,0.0688757729527099,0.0416594052857315,2066,"tags=23%, list=12%, signal=21%",222546/6722/54795/26137/4089/5532/5467/572/5563/9854/8622/5566/5105/5071/2822/6717/111/9971/2641/6833/1946/9607/1215/2852/3745,0.380730400722792
GO:0042178,xenobiotic catabolic process,26,-0.604090885176327,-1.47626009918121,0.0456942003514939,0.177874509712636,0.107587123489813,2187,"tags=35%, list=13%, signal=30%",7172/5581/1576/54577/2946/1806/30/54575/4842,0.282013350011725
GO:0071248,cellular response to metal ion,133,-0.460329575606651,-1.47609061541039,0.00436636854790031,0.0351101427148537,0.0212363157942667,2411,"tags=34%, list=14%, signal=29%",1742/26149/5621/9058/9362/29904/4489/107/5641/1393/358/4205/210/654/3777/8912/6331/5563/118/6622/5071/57699/7018/3707/5025/3706/120892/6261/817/4494/6609/1740/144402/4502/4495/4208/4496/4493/4501/4499/63928/9378/6263/22871/3745,0.407017918923954
GO:0010976,positive regulation of neuron projection development,125,-0.467447940804141,-1.47578000136641,0.0109703739110748,0.0666844445184049,0.0403339836542161,3438,"tags=39%, list=20%, signal=32%",2011/23654/2896/2242/322/657/9638/285016/8036/5997/2889/4086/65009/22924/950/382/347733/29904/2033/4921/57463/5048/56963/63923/4058/2909/79625/27020/64221/8850/4916/9863/25/5649/5979/51761/9760/5906/153090/4915/238/57554/5365/158866/816/653/5764/11075/1756,0.380730400722792
GO:0035107,appendage morphogenesis,55,-0.524988574520349,-1.47576897930903,0.0271191298034071,0.125813926585972,0.0760983598954743,1880,"tags=33%, list=11%, signal=29%",1954/4089/116039/144165/4154/5362/4774/1889/51222/775/6468/389125/4621/2263/56603/3899/7704/5125,0.352487857583619
GO:0035108,limb morphogenesis,55,-0.524988574520349,-1.47576897930903,0.0271191298034071,0.125813926585972,0.0760983598954743,1880,"tags=33%, list=11%, signal=29%",1954/4089/116039/144165/4154/5362/4774/1889/51222/775/6468/389125/4621/2263/56603/3899/7704/5125,0.352487857583619
GO:0042063,gliogenesis,198,-0.437808458214699,-1.47534212241598,0.00471685314046338,0.0373661223175792,0.0226008415855172,2143,"tags=23%, list=12%, signal=21%",388585/1600/7132/2043/5048/3075/64398/6285/28514/2255/27242/64805/30812/5595/4781/4916/57178/1435/5649/11076/25777/5025/153090/9839/474/1181/5028/4915/257194/163175/6833/57716/1271/4137/54857/2908/650/1902/2840/5764/5803/1191/1272/23500/6663/5354,0.407017918923954
GO:0036166,phenotypic switching,3,-0.946192949428209,-1.47529335279315,0.0213250508965349,0.107044106891402,0.0647454633358512,63,"tags=33%, list=0%, signal=33%",93649,0.352487857583619
GO:0046470,phosphatidylcholine metabolic process,62,-0.50668688339508,-1.47484117144295,0.0355777727053215,0.150667253574841,0.0911308564808698,2470,"tags=29%, list=14%, signal=25%",3931/10162/5320/23682/57153/7376/154141/5168/63874/254531/8399/375775/824/3990/5920/79153/171586/54979,0.321775918075361
GO:0008333,endosome to lysosome transport,63,-0.508264184958216,-1.47465769185996,0.0306891486914634,0.137493000006419,0.0831624294822978,5957,"tags=62%, list=34%, signal=41%",22863/55293/93343/84376/81609/1130/63971/29911/8943/5119/25978/254122/57724/27183/64400/29082/51510/23339/79156/91782/27243/57617/80700/6272/84067/154/22898/79643/201475/219931/51652/388/57132/4534/22906/9525/9737/66008/83547,0.352487857583619
GO:0051492,regulation of stress fiber assembly,79,-0.487314740488268,-1.47446102864741,0.0300777245199672,0.13599758825259,0.0822579319841053,3011,"tags=34%, list=17%, signal=28%",51763/4088/10979/55704/7016/10174/6093/90102/5216/84952/7082/51466/5295/10395/22998/23370/389/7168/6869/25/395/5734/55616/6422/1902/6548/11346,0.352487857583619
GO:0051100,negative regulation of binding,36,0.547030227775641,1.47428190257834,0.0396785919450254,0.161965807953375,0.0979647697107275,1056,"tags=17%, list=6%, signal=16%",51176/6790/8904/1869/7023/51042,0.321775918075361
GO:0099068,postsynapse assembly,81,-0.487984201796363,-1.47421387226985,0.0144128274858873,0.080530729233485,0.0487088876577356,2948,"tags=35%, list=17%, signal=29%",91107/23229/5728/57142/85358/9379/1400/9294/1793/3360/57622/4131/5802/144165/57524/54413/1398/9369/4916/25/10672/5649/22849/94030/2260/2596/9378/22871,0.380730400722792
GO:0010001,glial cell differentiation,141,-0.457177391317982,-1.47247743912607,0.00949530896005485,0.0600144366314004,0.0362996396474414,2025,"tags=22%, list=12%, signal=20%",7132/2043/3075/64398/6285/28514/2255/27242/30812/5595/4781/4916/5649/11076/9839/1181/4915/163175/57716/4137/2908/650/1902/2840/5764/5803/1191/1272/23500/6663/5354,0.380730400722792
GO:0019229,regulation of vasoconstriction,42,-0.551030924317059,-1.47226844732042,0.0366888199775155,0.154261004168695,0.0933045309975681,1241,"tags=24%, list=7%, signal=22%",554/490/2702/6869/25/1889/857/624/79987/1908,0.321775918075361
GO:0018107,peptidyl-threonine phosphorylation,29,0.57617274725011,1.47175849747111,0.0409153414734603,0.165292355450859,0.0999768268457536,855,"tags=14%, list=5%, signal=13%",57214/983/1111/5591,0.321775918075361
GO:0018210,peptidyl-threonine modification,29,0.57617274725011,1.47175849747111,0.0409153414734603,0.165292355450859,0.0999768268457536,855,"tags=14%, list=5%, signal=13%",57214/983/1111/5591,0.321775918075361
GO:0071322,cellular response to carbohydrate stimulus,114,-0.471703026974818,-1.47137643875075,0.0126982393877786,0.0735858422335512,0.0445082834424843,2066,"tags=23%, list=12%, signal=20%",222546/6722/54795/26137/4089/5532/5467/81035/572/5563/9854/8622/5566/5105/5071/2822/6717/111/9971/2641/6833/1946/9607/1215/2852/3745,0.380730400722792
GO:0032259,methylation,208,0.414952036283042,1.47131247592156,0.00452237544447805,0.0361610691287954,0.021871967018594,4039,"tags=34%, list=23%, signal=27%",2146/51602/4234/10196/79723/6635/6628/10322/24140/10528/4839/6636/6894/60487/6633/113802/80745/55621/110599564/1789/6839/155400/55695/2091/6637/79823/96764/56950/51605/27292/28989/54482/131965/1786/1312/3276/54931/221143/10919/260294/83852/10785/64754/438/25895/55798/51504/114049/51108/221078/6632/64216/2122/196483/79918/55006/63892/3028/79133/64783/138199/51106/54496/29081/51611/27037/124512/7298/79922/84705/55783,0.407017918923954
GO:0006112,energy reserve metabolic process,72,-0.504128775289505,-1.46980107565176,0.0123260422512991,0.0722357690459982,0.0436916937524595,4157,"tags=40%, list=24%, signal=31%",5167/2997/3479/79660/89801/55829/5236/8445/55062/51763/3953/2548/2992/5260/5502/5837/207/51422/34/5500/5507/3643/178/23710/7957/55022/7360/8987/10580,0.380730400722792
GO:0007528,neuromuscular junction development,40,-0.549315861250614,-1.46926679378341,0.0388954604035981,0.159544672890684,0.096500349893655,3184,"tags=32%, list=18%, signal=27%",8506/3915/284217/5894/23327/1639/23024/120892/1134/783/9215/339855/4593,0.321775918075361
GO:0051048,negative regulation of secretion,117,-0.461695285396343,-1.46918507885368,0.0116567115310851,0.0697031031329791,0.0421598146721875,2113,"tags=22%, list=12%, signal=20%",90007/1393/7132/3071/5137/3033/55691/2308/1408/6622/9525/8622/5071/5906/338557/634/2775/2781/5028/65267/84830/6833/9607/1113/6865/3745,0.380730400722792
GO:2000630,positive regulation of miRNA metabolic process,62,-0.504706552568088,-1.46907691439893,0.037341920568555,0.156002707250865,0.094357997426719,3328,"tags=37%, list=19%, signal=30%",3586/657/23053/4088/7003/4086/6721/57591/2624/1956/6722/4853/4089/5080/1958/84913/367/2353/2908/650/9314/2247/93649,0.321775918075361
GO:0060354,negative regulation of cell adhesion molecule production,4,0.896277604876277,1.46787305038579,0.0254506110551221,0.12083900790146,0.0730892879844561,134,"tags=25%, list=1%, signal=25%",3576,0.352487857583619
GO:0043270,positive regulation of monoatomic ion transport,134,-0.462458443494019,-1.46743152752923,0.00594588962832241,0.04396209952527,0.0265904082498261,2053,"tags=29%, list=12%, signal=26%",57463/53826/88/9495/487/7225/154043/3958/5532/2258/342667/6331/6622/490/6786/6769/5025/23171/4638/857/162514/6717/2902/783/65267/2641/6833/6387/6330/815/11261/2273/5023/2852/117/287/4842/6865/5348,0.407017918923954
GO:0051962,positive regulation of nervous system development,177,-0.440086699272204,-1.46636646091963,0.0069360919317841,0.0485361290178892,0.0293570029500082,2535,"tags=25%, list=15%, signal=21%",3398/22924/22883/8322/29904/23499/7431/57463/9513/2043/5578/5048/4135/8650/1954/7074/4131/6604/3897/54413/30812/27020/64221/26050/387804/5649/3815/9148/1181/4915/5365/6387/94030/4137/816/650/1946/5764/5803/9378/2852/6663/9423/22871,0.407017918923954
GO:0098703,calcium ion import across plasma membrane,31,-0.571044831909375,-1.46570952417594,0.0444444444444444,0.175449593313932,0.106120416537471,3005,"tags=45%, list=17%, signal=37%",2534/25769/777/781/5621/9495/8913/5532/493/8912/775/162514/5023/773,0.282013350011725
GO:1902656,calcium ion import into cytosol,31,-0.571044831909375,-1.46570952417594,0.0444444444444444,0.175449593313932,0.106120416537471,3005,"tags=45%, list=17%, signal=37%",2534/25769/777/781/5621/9495/8913/5532/493/8912/775/162514/5023/773,0.282013350011725
GO:0070935,3'-UTR-mediated mRNA stabilization,23,-0.626190027601913,-1.46515698656745,0.0482758620689655,0.183074527252503,0.110732346097114,1754,"tags=22%, list=10%, signal=20%",54502/55544/7538/1996/221662,0.271288554688953
GO:0140719,constitutive heterochromatin formation,51,0.507772373361841,1.4648539249218,0.034390211910831,0.147266492709891,0.0890739115047303,2789,"tags=31%, list=16%, signal=26%",2146/3070/163589/90853/79723/10322/6839/26013/9271/1786/55196/10919/55632/10155/55183/51535,0.321775918075361
GO:0010893,positive regulation of steroid biosynthetic process,23,-0.625936098619425,-1.46456284452368,0.0482758620689655,0.183074527252503,0.110732346097114,4311,"tags=48%, list=25%, signal=36%",22937/5594/9444/152559/6721/2246/6770/654/5566/2494/2770,0.271288554688953
GO:0010906,regulation of glucose metabolic process,72,-0.502320828658725,-1.46452995836408,0.0126014817021639,0.0733381281636828,0.044358453968502,2386,"tags=28%, list=14%, signal=24%",207/51422/150094/2033/9878/2308/34/51548/3643/6934/5164/388581/5566/5166/5071/10891/2822/2641/32/10580,0.380730400722792
GO:1901796,regulation of signal transduction by p53 class mediator,106,0.453020867472466,1.46451792786525,0.0115024853479426,0.0689914376277618,0.041729364886454,2440,"tags=32%, list=14%, signal=28%",6659/25788/6790/112858/79915/9212/1111/4609/6201/9521/960/84154/23246/55003/545/4839/6167/7291/83787/9816/83596/4487/4282/9141/23212/56950/6615/51085/23028/11200/5366/6209/6224/5716,0.380730400722792
GO:0030326,embryonic limb morphogenesis,40,-0.547462415794693,-1.4643093438815,0.0401014973981207,0.162754229563451,0.0984416453083744,2126,"tags=35%, list=12%, signal=31%",130497/1954/4089/116039/144165/4154/1889/775/6468/389125/4621/56603/3899/7704,0.321775918075361
GO:0035113,embryonic appendage morphogenesis,40,-0.547462415794693,-1.4643093438815,0.0401014973981207,0.162754229563451,0.0984416453083744,2126,"tags=35%, list=12%, signal=31%",130497/1954/4089/116039/144165/4154/1889/775/6468/389125/4621/56603/3899/7704,0.321775918075361
GO:0106027,neuron projection organization,81,-0.484580554034392,-1.46393135753157,0.0163344831397476,0.0873720791344499,0.0528468676179965,3005,"tags=40%, list=17%, signal=33%",2534/4088/5728/85358/4130/26115/5663/22924/8499/1742/5621/29904/478/5641/10611/2043/5048/1639/225/4739/8976/3643/5649/120892/5063/158866/1139/9912/816/1501/547/22871,0.352487857583619
GO:0048266,behavioral response to pain,10,-0.743385925346528,-1.46377735941678,0.0471698113207547,0.18057603599516,0.109221137504741,3152,"tags=70%, list=18%, signal=57%",7060/2475/6328/207/6869/824/5025,0.287857117255149
GO:0140029,exocytic process,75,-0.501090322620819,-1.46363668020708,0.0200407903824533,0.101635536826072,0.06147409805444,3726,"tags=39%, list=21%, signal=30%",57617/127833/9143/8867/415117/23265/4218/9342/8676/23208/6616/84446/10497/9699/10490/9751/9900/6571/9783/54843/6622/8447/23233/22999/5864/112476/6855/22871/3745,0.352487857583619
GO:1904707,positive regulation of vascular associated smooth muscle cell proliferation,34,-0.566507615330971,-1.46334697905079,0.0437828371278459,0.174360106122953,0.105461441886489,3328,"tags=38%, list=19%, signal=31%",3586/657/55810/26119/4921/8013/4209/2254/9927/9510/2263/3248/2247,0.287857117255149
GO:0051153,regulation of striated muscle cell differentiation,53,-0.53092749658232,-1.46302977285315,0.0337134934179853,0.145866668717818,0.0882272301171468,1943,"tags=26%, list=11%, signal=24%",6899/4089/55544/28514/27086/79365/9759/9734/650/4208/56603/1760/221662/93649,0.321775918075361
GO:0010594,regulation of endothelial cell migration,159,-0.441965362659259,-1.46273972827003,0.00784456828149952,0.0526975684098905,0.0318740431627172,3439,"tags=35%, list=20%, signal=28%",1950/9353/2896/6237/6672/9982/1647/9564/5293/284/168667/7026/2324/506/57608/2624/2246/207/3162/575/90627/5641/10000/57381/5578/27086/388/493/3315/3690/23328/407004/55333/9734/25/682/7010/7049/94/5025/153090/634/2549/8613/84913/2822/5797/22915/498/4208/9314/4223/5764/2247/2260,0.380730400722792
GO:0021953,central nervous system neuron differentiation,89,-0.483155081324219,-1.46257167498658,0.0170870958441387,0.0901597391129688,0.0545329794664061,3569,"tags=44%, list=21%, signal=35%",26128/25987/4858/9353/567/23334/1436/113246/266727/25942/5728/57688/85358/8543/2043/5578/5048/64398/9723/4929/2909/4967/79625/4760/4781/57178/57704/26038/57731/339479/9760/93986/4915/4133/4137/650/6422/2263/9378,0.352487857583619
GO:0034764,positive regulation of transmembrane transport,133,-0.456096654910575,-1.46251735215217,0.00538178467409465,0.0411902738467817,0.0249138737534245,2487,"tags=31%, list=14%, signal=27%",65268/23596/2316/207/483/55625/8013/57463/53826/5295/9495/487/7225/5532/2258/342667/3643/6622/388581/25999/6786/55600/5906/6769/5025/5797/857/6717/2902/783/65267/11261/2273/5023/2852/10580/117/287/4842/760/5348,0.407017918923954
GO:0034198,cellular response to amino acid starvation,53,-0.530524828436582,-1.46192017598807,0.0343209274630858,0.147146908554353,0.0890015812122668,3635,"tags=36%, list=21%, signal=28%",26001/7351/23334/9681/7942/8678/64121/2475/355/151556/201163/51128/51100/652968/5595/467/83667/1026/220441,0.321775918075361
GO:0009411,response to UV,123,0.440913779119498,1.46182927287522,0.00749437709622389,0.0511075799875519,0.0309123411121093,2392,"tags=20%, list=14%, signal=18%",4312/4314/51514/9212/92815/4157/4609/4318/79913/5111/4869/9768/545/7076/5424/4436/8451/10856/2237/7398/23028/8372/595/2876/54929,0.407017918923954
GO:1901654,response to ketone,168,-0.448909805999495,-1.46177421271583,0.0039098495089724,0.0324485929181488,0.0196264814952714,2045,"tags=29%, list=12%, signal=25%",358/55809/1646/6586/8031/5578/23558/27086/57630/114131/10481/3158/610/4916/6869/5105/5071/8648/2770/112/7049/6338/5906/120892/6340/5734/367/3727/7832/2776/857/2354/54331/111/10628/498/2353/2908/6422/4747/9607/1843/2247/5729/11251/5350/6663/687,0.407017918923954
GO:2000181,negative regulation of blood vessel morphogenesis,91,-0.480326680487002,-1.4617548218172,0.021885265434819,0.108925986643409,0.0658837154080521,1926,"tags=23%, list=11%, signal=21%",4881/30832/22905/9723/3339/10516/493/5140/23166/7122/55333/7010/10365/153090/5797/11126/6833/9510/57556/9314/577,0.352487857583619
GO:0043247,telomere maintenance in response to DNA damage,30,0.558911025855462,1.46107294212524,0.0422334312599812,0.169452634092948,0.102493164980665,2966,"tags=37%, list=17%, signal=30%",149840/86/1017/51750/10856/10459/8607/65057/112441434/55183/64858,0.321775918075361
GO:0010508,positive regulation of autophagy,150,-0.455288621509621,-1.46097995133596,0.00599175894418154,0.044079548277721,0.0266614469470182,4004,"tags=29%, list=23%, signal=23%",79156/53373/112574/5305/22930/8408/4210/9517/9528/10645/401548/3099/55062/26086/9681/154/7942/10855/8678/9531/10133/326624/140775/6093/201163/51100/10241/79594/10346/2308/55187/572/5563/94241/83667/5071/120892/1612/291/7957/65018/79443/220441/26353,0.407017918923954
GO:0034219,carbohydrate transmembrane transport,90,-0.48308195653275,-1.4607648055589,0.0215714145946332,0.107912148925323,0.0652704972243415,2457,"tags=30%, list=14%, signal=26%",23596/207/51422/9963/55625/8013/358/364/5295/26503/282679/53916/5467/51548/3643/388581/25999/55600/5906/338557/5797/55022/55198/5579/9607/10580/6517,0.352487857583619
GO:0003205,cardiac chamber development,88,-0.477785291338899,-1.46061306012718,0.0228834109867449,0.112277704323945,0.0679109966895657,2005,"tags=28%, list=12%, signal=25%",6586/55742/6899/23462/4853/9464/4089/23414/6331/4625/1363/7168/2702/4092/7010/7049/10370/6262/653/650/4208/2294/2263/5138/287,0.352487857583619
GO:0010824,regulation of centrosome duplication,49,0.506419534284093,1.4594543825493,0.0398027325145568,0.162225824073306,0.0981220400607604,2410,"tags=35%, list=14%, signal=30%",6491/899/10733/92421/4869/2648/91147/163786/348654/80071/282809/5314/55835/672/55226/221908/85459,0.321775918075361
GO:0008361,regulation of cell size,125,-0.462204465955169,-1.45922582571539,0.0133460944084811,0.0760158361754381,0.0459780615390066,2903,"tags=26%, list=17%, signal=22%",80128/5728/57142/85358/2475/9368/4478/6560/23499/7431/51704/358/5048/10439/1954/4131/56963/282679/5802/3897/2258/2909/80031/1630/25/65267/6387/4133/4137/2045/1946/9423/3778,0.380730400722792
GO:0044088,regulation of vacuole organization,54,-0.510459261744252,-1.45843700382485,0.0384918386892956,0.158939494000686,0.0961343083732776,4416,"tags=50%, list=25%, signal=37%",79142/5899/64112/57192/112574/5305/22930/8408/2896/401548/9638/55062/7942/8678/140775/2475/950/201163/26471/51100/81876/5532/8897/9637/4534/120892/65018,0.321775918075361
GO:0003018,vascular process in circulatory system,199,-0.435460646324785,-1.45775024445046,0.00495049056483005,0.038816641048586,0.0234781856079363,1926,"tags=26%, list=11%, signal=23%",4881/54795/2150/114134/9429/5029/6542/5467/493/222962/654/1910/3643/554/490/5139/2702/8850/6869/7122/153/477/25/7010/5592/1889/6505/112/9194/10365/634/2549/9839/8671/857/9153/5028/624/3043/489/6833/55640/79987/6546/6584/1908/5138/2852/3778/6517/4842/6865,0.407017918923954
GO:0060560,developmental growth involved in morphogenesis,149,-0.446652195883713,-1.45711144259307,0.00835914561030122,0.0550841456248325,0.0333175607187557,2297,"tags=28%, list=13%, signal=24%",23327/9699/9362/23499/7431/79594/6586/5048/10439/1954/4131/6285/56963/5802/2255/5532/63923/3897/144165/2258/54413/80031/1630/5071/25/57699/682/5592/22999/23769/6387/4133/4137/144402/2045/1946/2263/9201/1908/5523/9423,0.380730400722792
GO:0001909,leukocyte mediated cytotoxicity,107,0.447643858325935,1.45693838645171,0.0178646808055854,0.0932580761769367,0.0564070038718856,1483,"tags=11%, list=9%, signal=10%",154064/80328/563/3500/79465/1512/1773/3002/2214/81607/5272/4843,0.352487857583619
GO:0046879,hormone secretion,210,-0.434153032567802,-1.45614936735374,0.00407888347355084,0.0333923078795708,0.0201972860375171,2113,"tags=25%, list=12%, signal=22%",90007/222546/1393/6453/5578/54795/3033/6571/4826/2308/5532/5467/654/51548/572/114131/1408/8447/6934/9854/8622/4760/5566/818/6869/5071/5864/7432/338557/2822/2865/2775/2776/2781/3572/5028/6717/1374/84417/5567/111/9971/2641/6833/1946/9607/1908/3570/1113/3741/2852/6865/3745,0.407017918923954
GO:0045063,T-helper 1 cell differentiation,33,0.536498818438594,1.45551381102969,0.0451933869500029,0.176898527273382,0.106996802013252,3231,"tags=33%, list=19%, signal=27%",51176/941/5688/5698/3146/5683/5682/5686/5691/5690/5696,0.321775918075361
GO:0106106,cold-induced thermogenesis,131,-0.449247399345717,-1.45531973803608,0.0138890728631379,0.0781992052581654,0.0472986689689679,3560,"tags=31%, list=21%, signal=25%",948/7351/4858/283455/7253/3600/2271/216/154/3953/170394/11096/5565/3566/9658/51043/201163/7376/3033/3606/63976/5608/57406/51548/55366/2034/153/133522/324/10891/338557/79071/857/5334/9927/1376/55198/23228/4857/43/51316,0.380730400722792
GO:0010907,positive regulation of glucose metabolic process,36,-0.558050210429401,-1.4552337045664,0.0448892285253875,0.176494237640286,0.106752268050788,2386,"tags=28%, list=14%, signal=24%",207/51422/9878/2308/3643/5566/10891/2822/2641/10580,0.321775918075361
GO:0043266,regulation of potassium ion transport,57,-0.516040555176093,-1.45498837600318,0.0302301934849884,0.136274668996759,0.082425523845849,2972,"tags=42%, list=17%, signal=35%",9472/3759/967/30819/3755/5999/2316/7881/23327/483/57463/88/57628/80333/51719/845/857/3781/6833/2273/30818/287/4842/1804,0.352487857583619
GO:0046209,nitric oxide metabolic process,67,-0.502712831347896,-1.45481197317659,0.0327037109857676,0.143085851596357,0.0865452571602994,1548,"tags=18%, list=9%, signal=16%",493/3643/10365/5025/1727/54996/857/3043/1139/9314/1191/4842,0.321775918075361
GO:0071389,cellular response to mineralocorticoid stimulus,10,-0.738813749845621,-1.45477443542627,0.0490566037735849,0.184606092817626,0.111658711172435,1155,"tags=40%, list=7%, signal=37%",610/6338/6340/2852,0.282013350011725
GO:0016525,negative regulation of angiogenesis,90,-0.48087935269492,-1.45410447365584,0.0229999648627385,0.112567688145859,0.0680863929580288,1926,"tags=23%, list=11%, signal=21%",4881/30832/22905/9723/3339/10516/493/5140/23166/7122/55333/7010/10365/153090/5797/11126/6833/9510/57556/9314/577,0.352487857583619
GO:0060997,dendritic spine morphogenesis,51,-0.521549740853252,-1.45285396636301,0.0494309450405195,0.185351097358972,0.112109326022869,2984,"tags=41%, list=17%, signal=34%",4088/5728/85358/26115/22924/8499/1742/29904/10611/2043/5048/8976/5649/120892/5063/158866/9912/816/1501/547/22871,0.321775918075361
GO:0051258,protein polymerization,252,-0.428359674481888,-1.45223869579996,0.00306069450940587,0.0268920214144808,0.0162655977716232,2002,"tags=21%, list=12%, signal=19%",51466/832/3071/29767/11078/51652/4131/5581/1639/81553/57606/6249/4134/23580/2258/91663/10602/8976/118/6622/25802/2314/25999/5071/25/57704/11076/395/57731/6356/25959/256949/845/122060/50853/6840/5516/10178/5063/4133/65018/4137/6710/4747/57482/85477/23500/2934/11075/51676/7111/11170,0.431707695803346
GO:1901379,regulation of potassium ion transmembrane transport,45,-0.528557899657391,-1.45170543900265,0.0366275533924609,0.154113642692115,0.0932153996352158,3723,"tags=56%, list=21%, signal=44%",9465/288/11060/9722/3790/9472/3759/967/30819/3755/5999/2316/7881/23327/483/57463/57628/80333/51719/857/3781/2273/30818/287/1804,0.321775918075361
GO:0040008,regulation of growth,417,-0.405656124611652,-1.45153202472259,0.00070743683026945,0.00913915096334907,0.0055278013970319,3175,"tags=27%, list=18%, signal=22%",694/9564/79960/79109/6909/10276/25942/4088/9472/6195/6595/7003/5997/1031/116224/80128/10235/5728/57142/623/984/2053/2690/2475/4633/5999/64321/6098/207/1956/23327/9699/9826/9362/4489/23499/7431/79594/9306/6586/10758/4881/5048/10439/1954/4131/4089/56963/28514/26524/5802/27086/5467/55777/3897/23414/2258/2487/1398/3643/80031/1630/29948/83667/4092/10071/5071/25/57699/1410/3371/10110/7049/22999/94/634/596/8835/6665/58189/1026/817/4494/8425/6387/4133/4137/144402/4502/54825/4495/2045/6446/4208/6422/2273/4496/1946/2263/6548/4493/4501/2247/4593/2596/4499/9211/60676/32/9423/11170,0.477270815362862
GO:0046854,phosphatidylinositol phosphate biosynthetic process,57,-0.514526793788983,-1.45072029048123,0.0313817857279027,0.138902211226364,0.0840147887202145,4000,"tags=39%, list=23%, signal=30%",375133/5305/5287/145567/5289/8867/3631/10380/5297/5293/57217/5298/8678/3613/23396/3612/5295/57605/22979/8395/3707/3706,0.321775918075361
GO:0005977,glycogen metabolic process,66,-0.49502594129544,-1.44970223153832,0.0255682245728689,0.121201632289777,0.0733086207877301,4157,"tags=41%, list=24%, signal=31%",5167/2997/3479/79660/89801/55829/5236/8445/55062/51763/2548/2992/5260/5502/5837/207/51422/34/5500/5507/3643/178/23710/7957/7360/8987/10580,0.352487857583619
GO:0098739,import across plasma membrane,203,-0.430696982102699,-1.44891201208635,0.00411523893520026,0.0335255898603456,0.020277901438497,2567,"tags=28%, list=15%, signal=24%",9368/781/5999/23596/5621/207/51422/6560/23327/483/6534/478/55625/53826/84230/5295/9495/54795/53916/3768/6542/8913/5532/493/51548/8912/3643/388581/610/477/55600/55089/6505/6549/6338/5906/775/6340/285195/162514/55022/206358/55198/6833/9607/6546/1261/6548/5023/6550/773/340024/10580/287/6517/5348/343,0.407017918923954
GO:0005976,polysaccharide metabolic process,81,-0.479560840020164,-1.44876666161035,0.019628761648766,0.100216376232266,0.0606157209530531,4157,"tags=37%, list=24%, signal=28%",5167/2997/3479/79660/89801/55829/5236/8445/1950/55062/51763/8972/2548/2992/5260/2131/5502/5837/207/51422/34/5500/5507/3643/178/23710/7957/7360/8987/10580,0.352487857583619
GO:0098656,monoatomic anion transmembrane transport,99,-0.470743838059885,-1.44797233013987,0.0172991540038009,0.090708677283088,0.0548650038739073,1390,"tags=18%, list=8%, signal=17%",50636/57348/54831/1187/53405/6505/1188/8671/1181/22802/54102/2743/57101/203859/1811/266675/1836/5348,0.352487857583619
GO:0070830,bicellular tight junction assembly,48,0.508754080977753,1.44697193877913,0.0351113893380905,0.149229751648081,0.0902613856524693,699,"tags=10%, list=4%, signal=10%",9076/1830/9080/1894/79977,0.321775918075361
GO:0032868,response to insulin,209,-0.427467332792503,-1.44692318467724,0.00639164442511101,0.0460255669833286,0.0278384933666088,2828,"tags=29%, list=16%, signal=24%",4303/5580/10999/847/5009/5894/2690/2475/645/51043/6655/207/9663/29904/55625/858/132864/6430/10000/5295/3033/4644/79746/2805/2308/5140/1408/3643/5164/490/5595/3158/388581/8850/5166/8792/5105/324/9734/8648/1958/634/2549/2822/2865/80318/55022/23371/55198/6844/9971/6833/3291/5579/2353/9607/6548/5350/10580/6517,0.407017918923954
GO:0090181,regulation of cholesterol metabolic process,40,-0.540706211390023,-1.44623838055415,0.0455286715531823,0.1773574405171,0.107274374982548,4311,"tags=42%, list=25%, signal=32%",22937/64801/5594/9444/152559/1066/2330/26119/2053/6721/10162/2246/5566/2770/37/9971/343,0.321775918075361
GO:0009612,response to mechanical stimulus,166,-0.435105147814225,-1.44598094810367,0.00910892641629814,0.0585161415027327,0.0353933981444145,2045,"tags=26%, list=12%, signal=23%",358/7132/4212/5578/83862/4131/26047/1827/2805/654/572/3690/5595/5310/6869/8792/477/7010/3815/51761/824/2549/5734/3727/7832/2354/5028/6262/10628/7098/6387/2353/6546/6548/5138/5764/2247/2596/3741/9378/2934/6335/1756,0.380730400722792
GO:0046329,negative regulation of JNK cascade,34,-0.559111800599456,-1.44424283490145,0.0490367775831874,0.184606092817626,0.111658711172435,2387,"tags=29%, list=14%, signal=25%",91862/10114/9611/2150/5071/2874/1845/27250/65018/5187,0.271288554688953
GO:0008643,carbohydrate transport,92,-0.475683560683484,-1.44421423899189,0.0316792118550048,0.13969272864495,0.084492931964413,2457,"tags=29%, list=14%, signal=25%",23596/207/51422/9963/55625/8013/358/364/5295/26503/282679/53916/5467/51548/3643/388581/25999/55600/5906/338557/5797/55022/55198/5579/9607/10580/6517,0.321775918075361
GO:0002708,positive regulation of lymphocyte mediated immunity,90,0.447897451804273,1.44390890059462,0.0356536633477475,0.150879937478805,0.0912594980129083,814,"tags=10%, list=5%, signal=10%",154064/80328/563/79465/3329/54209/7784/3553/149840,0.321775918075361
GO:0044042,glucan metabolic process,67,-0.498677308225612,-1.44313348201776,0.0350189595214682,0.148944604969023,0.0900889151224194,4157,"tags=42%, list=24%, signal=32%",5167/2997/3479/79660/89801/55829/5236/8445/55062/51763/8972/2548/2992/5260/5502/5837/207/51422/34/5500/5507/3643/178/23710/7957/7360/8987/10580,0.321775918075361
GO:0051098,regulation of binding,81,0.466623360942221,1.44282892127506,0.0178896061286834,0.093305328149424,0.0564355841547342,1121,"tags=12%, list=6%, signal=12%",51176/55355/6790/8904/1869/4318/7023/5925/51042/652,0.352487857583619
GO:0016482,cytosolic transport,133,-0.449770359515129,-1.44223148359544,0.00727131011750962,0.0502832480832018,0.0304137452282293,3823,"tags=30%, list=22%, signal=24%",5305/7109/2580/79735/1066/6272/23258/55275/55062/3798/253725/80128/2060/8729/26115/83874/387680/644150/27252/8499/51560/10490/219931/51479/23095/6642/1639/53916/25938/64145/9827/9905/92241/5071/120892/80148/27147/10749/4133/547,0.407017918923954
GO:0051453,regulation of intracellular pH,86,-0.472721413525392,-1.44206408950398,0.0301265142987866,0.136113490429106,0.082328035237223,961,"tags=15%, list=6%, signal=14%",6549/23335/120892/596/8671/285195/79641/11261/6548/6550/63928/1811/760,0.352487857583619
GO:0000082,G1/S transition of mitotic cell cycle,197,0.404462813952437,1.44110501858687,0.00722087258496473,0.0501113211976655,0.0303097555160704,1909,"tags=22%, list=11%, signal=20%",3624/983/9928/144455/10309/891/6241/990/10926/9133/1033/890/6491/899/1869/4609/27085/1019/8317/1871/5933/86/5591/6502/5688/1017/5925/7027/55159/993/1104/9134/163786/898/8451/1978/55835/51692/219736/5683/6240/5682/1022/645121,0.407017918923954
GO:0051402,neuron apoptotic process,185,-0.42931152977607,-1.44048774780281,0.0076067800374837,0.0516312390996873,0.0312290755202879,2597,"tags=23%, list=15%, signal=20%",5663/838/355/5621/207/80315/26471/64114/219699/6326/8737/5641/1822/9723/54583/3339/26355/27242/6622/79625/840/5071/25/6505/10891/1958/54463/596/7832/3572/4915/10752/65018/1271/2045/4208/2247/5803/1191/4842/164832/3745,0.407017918923954
GO:0043491,phosphatidylinositol 3-kinase/protein kinase B signal transduction,244,-0.42493813404498,-1.44024123812086,0.00246331369297783,0.0231949744542593,0.014029444606678,3022,"tags=26%, list=17%, signal=22%",23239/51763/2534/10855/8678/284/10979/5728/6352/57142/55704/284217/2475/9368/207/201163/23396/1956/219699/4921/79594/5156/1646/5295/558/2150/26051/80310/3606/9723/8395/375033/4058/5140/64805/3643/6934/5154/4916/9863/5649/7010/5979/3815/5025/153090/634/2549/57462/2289/4915/11126/84830/9215/65018/2045/1946/9314/2247/2260/9378/2852/2651/23551,0.431707695803346
GO:0001938,positive regulation of endothelial cell proliferation,76,-0.481601782818382,-1.43994340231363,0.0369458560311136,0.155119815536347,0.0938239817317697,3439,"tags=36%, list=20%, signal=29%",1950/3586/9982/7060/5293/51162/2324/57608/2624/207/3162/10000/8742/5578/26051/405/654/51548/3690/7010/94/6356/5365/6387/2247/2260/7857,0.321775918075361
GO:0007623,circadian rhythm,170,-0.435132518705524,-1.4397935068961,0.0114345724673395,0.0688757729527099,0.0416594052857315,2609,"tags=25%, list=15%, signal=21%",3751/463/2475/3398/3399/23596/8204/114781/150094/2033/107/9611/5158/3400/5500/51548/79365/5563/1408/55366/4916/153/8792/6785/3737/10891/1958/3727/2776/5602/4915/8863/85457/5187/9607/2767/285382/5350/6335/687/9099/22871,0.380730400722792
GO:2000785,regulation of autophagosome assembly,45,-0.524042986834477,-1.43930505012208,0.0423955609468733,0.169864905073844,0.102742526449065,4416,"tags=47%, list=25%, signal=35%",79142/5899/64112/112574/5305/22930/8408/401548/9638/55062/8678/140775/2475/26471/51100/81876/8897/9637/4534/120892/65018,0.321775918075361
GO:0099072,regulation of postsynaptic membrane neurotransmitter receptor levels,97,-0.468057895761097,-1.43742466857086,0.0211379733388982,0.106377574731202,0.0643423123844006,3749,"tags=33%, list=22%, signal=26%",55914/1605/51760/1500/2319/4884/161/23096/4218/2060/23732/9254/11337/22883/1742/440073/10439/8650/160622/27065/2894/9098/3690/5071/5906/1740/57554/9912/1902/9211/23136/6750,0.352487857583619
GO:0042180,ketone metabolic process,180,-0.426519269295612,-1.43705935279869,0.00719264061082868,0.0499743989485236,0.0302269383043703,2068,"tags=25%, list=12%, signal=22%",9611/7376/1646/8816/10901/6770/254013/440503/5467/654/84869/225/1910/51548/8912/54577/8630/54600/5164/8850/5166/66002/10891/37/338328/1958/634/1181/857/1374/55198/9971/54657/54659/3291/653/650/54575/1589/54658/54576/8647/57016/32/10170,0.407017918923954
GO:0048736,appendage development,79,-0.474419497097943,-1.4354440807609,0.0403743601567482,0.163387920724955,0.0988249324322982,1880,"tags=27%, list=11%, signal=24%",1954/4089/116039/144165/4154/5362/8850/4774/1889/51222/775/6468/64093/340419/389125/4621/2263/56603/3899/7704/5125,0.321775918075361
GO:0060173,limb development,79,-0.474419497097943,-1.4354440807609,0.0403743601567482,0.163387920724955,0.0988249324322982,1880,"tags=27%, list=11%, signal=24%",1954/4089/116039/144165/4154/5362/8850/4774/1889/51222/775/6468/64093/340419/389125/4621/2263/56603/3899/7704/5125,0.321775918075361
GO:0050919,negative chemotaxis,44,-0.528187253625441,-1.43535421582953,0.0443262411347518,0.175252848165215,0.106001415537017,2005,"tags=30%, list=12%, signal=26%",6586/9723/57715/3690/80031/64221/7869/5154/8633/57556/2045/1946/9423,0.287857117255149
GO:0046888,negative regulation of hormone secretion,45,-0.522441105113414,-1.4349054178233,0.0447027676888176,0.17599656294365,0.10645125027634,2113,"tags=33%, list=12%, signal=29%",90007/1393/3033/2308/1408/8622/5071/338557/2775/2781/6833/9607/1113/6865/3745,0.321775918075361
GO:0002821,positive regulation of adaptive immune response,95,0.451544245026683,1.43490182311396,0.0239546367575724,0.115552282167071,0.0698916200591228,814,"tags=9%, list=5%, signal=9%",154064/80328/563/79465/3329/54209/7784/3553/149840,0.352487857583619
GO:0019882,antigen processing and presentation,93,0.458016113324213,1.43462742385618,0.0156327833965091,0.0845218525529591,0.0511229124560557,282,"tags=6%, list=2%, signal=6%",154064/80328/563/79465/54209/1512,0.352487857583619
GO:0120161,regulation of cold-induced thermogenesis,130,-0.451414589992324,-1.433934281893,0.0162084983462922,0.0869284245250963,0.0525785238102162,4338,"tags=39%, list=25%, signal=30%",1778/7090/10062/3910/26027/9673/23090/9444/3717/23135/948/7351/4858/283455/7253/3600/2271/216/154/3953/170394/11096/5565/3566/9658/51043/201163/7376/3033/3606/63976/5608/57406/51548/55366/2034/153/133522/324/10891/338557/79071/857/5334/9927/1376/55198/23228/4857/43/51316,0.352487857583619
GO:0003007,heart morphogenesis,152,-0.437040360165791,-1.43357304453302,0.0105495095126315,0.0648039162833921,0.0391965490449893,2014,"tags=26%, list=12%, signal=23%",3611/6586/55742/6722/6899/23462/10395/4853/10439/1954/9464/4089/28514/23414/144165/9645/3643/4625/1363/7168/2702/7122/4092/324/7010/7049/94/6261/10370/27250/6262/54798/4886/653/650/4208/2294/2263/51676/282996,0.380730400722792
GO:0006695,cholesterol biosynthetic process,57,-0.508350082722812,-1.43330490962973,0.0371397625381579,0.155489689600636,0.0940476994903997,1346,"tags=12%, list=8%, signal=11%",5563/3158/5566/2770/1727/10449/343,0.321775918075361
GO:1902653,secondary alcohol biosynthetic process,57,-0.508350082722812,-1.43330490962973,0.0371397625381579,0.155489689600636,0.0940476994903997,1346,"tags=12%, list=8%, signal=11%",5563/3158/5566/2770/1727/10449/343,0.321775918075361
GO:0030641,regulation of cellular pH,88,-0.468845223933371,-1.43328283576146,0.031093863861858,0.138357102028767,0.0836850802608515,961,"tags=15%, list=6%, signal=14%",6549/23335/120892/596/8671/285195/79641/11261/6548/6550/63928/1811/760,0.352487857583619
GO:0043114,regulation of vascular permeability,44,-0.527062466209204,-1.43229759462422,0.0443262411347518,0.175252848165215,0.106001415537017,1469,"tags=27%, list=8%, signal=25%",654/5139/6869/7122/7010/5592/634/9839/624/6833/5138/6865,0.287857117255149
GO:0006885,regulation of pH,91,-0.470642477256206,-1.43228335720124,0.0308091850350774,0.137925658519562,0.0834241223182056,1219,"tags=16%, list=7%, signal=15%",5164/5166/6549/23335/120892/596/8671/285195/79641/11261/6548/6550/63928/1811/760,0.352487857583619
GO:0045022,early endosome to late endosome transport,42,-0.536063512207957,-1.43227786310124,0.0460176991150443,0.178660525362107,0.108062543845889,6554,"tags=62%, list=38%, signal=39%",55823/404636/55614/5604/22863/84376/5962/29911/124997/11267/64400/4771/7430/8724/5594/23317/9482/5289/84067/8678/5605/4478/51652/22853/5595/83547,0.282013350011725
GO:0002460,adaptive immune response based on somatic recombination of immune receptors built from immunoglobulin superfamily domains,316,0.384478733517039,1.43099532926376,0.00179202752270034,0.0183511111122519,0.0110996413179086,3110,"tags=25%, list=18%, signal=21%",154064/80328/563/51176/3502/50943/3500/3503/3501/79465/3329/54209/1512/2048/7784/717/3553/4179/28378/941/722/149840/2214/5688/28467/9466/28444/11006/28388/28391/4436/725/2302/5698/28392/102723169/28457/28468/28461/28454/259307/10538/3542/28439/28424/3146/28434/10459/3539/5683/5682/127943/3538/112441434/1604/5686/28442/51571/5817/3426/7037/55183/2956/55540/5588/5691/28395/51010/28450/6885/22976/3122/9025/28448/2212/353091/28452/50615,0.45505986738723
GO:2001057,reactive nitrogen species metabolic process,69,-0.490614621286975,-1.43058143381831,0.0372627158598538,0.155893411974534,0.0942918903470121,1548,"tags=17%, list=9%, signal=16%",493/3643/10365/5025/1727/54996/857/3043/1139/9314/1191/4842,0.321775918075361
GO:0050714,positive regulation of protein secretion,114,-0.458500222120647,-1.43019312027082,0.018803641418253,0.097039336485067,0.0586940933507276,2066,"tags=29%, list=12%, signal=26%",222546/399687/7376/5578/54795/2150/4826/55691/5532/5467/654/51548/572/114131/8447/6934/9854/4760/5566/94121/5071/682/79971/2822/5567/9971/2641/6833/81285/1946/9607/43/2852,0.352487857583619
GO:0009267,cellular response to starvation,161,-0.440906753235844,-1.42972299653383,0.00783183359273085,0.0526722172289153,0.0318587095399143,3635,"tags=29%, list=21%, signal=23%",26001/5289/7351/632/79567/2629/23334/9342/55062/9681/7942/8678/64121/7071/6721/2475/355/11337/80315/51422/151556/201163/51128/10226/51100/652968/10634/53349/2308/8897/5563/5595/467/83667/5166/8792/120892/23710/857/1026/5063/2353/6422/9607/54474/220441,0.380730400722792
GO:0034329,cell junction assembly,422,-0.394940865261685,-1.42954275693763,0.00155278041641092,0.0165348610283757,0.0100010852494868,2523,"tags=24%, list=15%, signal=21%",2561/9379/22883/382/6093/1400/90102/91862/201163/23396/83700/9294/29904/10420/7082/23499/1793/57463/3360/88/285025/10611/5578/10395/57622/9495/22998/4131/26047/23266/5802/2823/79834/7855/221935/151306/143098/144165/57524/2258/54413/389/1398/6622/5362/9369/26050/2702/5566/4916/7122/4092/387804/324/25/10672/5649/7010/7414/4641/94/395/145581/1845/5906/83660/22849/222256/79629/7094/57502/857/441631/23284/257194/667/9971/5365/94030/4137/2045/4208/6422/55118/1946/84623/6548/8777/2260/4593/2596/43/23136/9378/28513/9423/10580/287/22871/11170,0.45505986738723
GO:0006282,regulation of DNA repair,224,0.403165794285319,1.42945088564795,0.00177927079472023,0.018316206184528,0.0110785291260859,4067,"tags=32%, list=23%, signal=25%",5347/2305/10635/8313/10721/55010/2187/1111/55257/57332/8914/5111/8089/149840/86/63979/5591/6502/545/2648/3014/51750/23450/4361/25913/7291/55775/2138/672/10856/3146/10459/3276/6188/7398/55578/23028/8607/5582/112441434/54929/10155/1663/115004/55183/116028/6599/9025/79000/6874/84501/5888/10111/7913/55086/92797/57103/7335/56893/7334/6873/6603/9643/8091/7336/5423/117143/7515/64769/5531/79697,0.45505986738723
GO:0005978,glycogen biosynthetic process,36,-0.548042233572652,-1.42913579265045,0.0431034482758621,0.172004120139523,0.104036427389758,4157,"tags=47%, list=24%, signal=36%",5167/2997/3479/79660/89801/55829/8445/51763/2992/207/34/5507/3643/178/7957/7360/10580,0.287857117255149
GO:0009250,glucan biosynthetic process,36,-0.548042233572652,-1.42913579265045,0.0431034482758621,0.172004120139523,0.104036427389758,4157,"tags=47%, list=24%, signal=36%",5167/2997/3479/79660/89801/55829/8445/51763/2992/207/34/5507/3643/178/7957/7360/10580,0.287857117255149
GO:0070050,neuron cellular homeostasis,42,-0.534868035585448,-1.42908373654109,0.047787610619469,0.182375406576593,0.110309484032083,3341,"tags=33%, list=19%, signal=27%",525/51382/3756/4130/84286/1639/9114/5071/1134/5028/783/9899/5023/1268,0.276500599254472
GO:0051279,regulation of release of sequestered calcium ion into cytosol,53,-0.518500010470159,-1.42878445253946,0.0452547773185529,0.176898527273382,0.106996802013252,1319,"tags=34%, list=8%, signal=31%",3690/2946/6622/5566/477/801/775/845/84502/817/6717/57158/6262/5144/6546/2852/287/1756,0.321775918075361
GO:0062013,positive regulation of small molecule metabolic process,131,-0.440902204412553,-1.42828579878194,0.0190130575423275,0.0978623049332756,0.0591918645502585,2690,"tags=28%, list=16%, signal=24%",6721/5663/2475/5745/2246/207/51422/9878/7376/26137/405/6770/440503/2308/5467/654/225/5563/3643/6622/8850/5566/5071/2770/10891/338328/8671/2822/5028/1374/55022/9971/2641/65018/2852/10580/117,0.352487857583619
GO:0046486,glycerolipid metabolic process,348,-0.403768616536636,-1.42789056011562,0.00221744002020426,0.0215084363675918,0.0130093446401696,2563,"tags=24%, list=15%, signal=20%",51573/117245/3613/3931/10162/5320/23399/150094/23396/9663/3612/9362/94005/55911/23682/10555/57153/9514/9162/7376/154141/5168/63874/5295/65258/63924/5048/6400/27141/254531/79575/57605/57515/338/22979/8395/80157/440503/80235/57104/57406/8897/66036/83394/8399/4534/200879/2169/3632/3030/5566/84302/5154/5105/51099/375775/824/338328/2168/3707/3706/2822/857/5334/3990/5920/80168/79153/1374/27163/9971/171586/23228/9588/11343/5333/54857/1608/51196/84803/660/54979,0.431707695803346
GO:0007041,lysosomal transport,126,-0.448250287410513,-1.4278265759258,0.0139943802688134,0.0785663488252965,0.0475207351905936,4004,"tags=31%, list=23%, signal=24%",79156/91782/27243/57617/2580/80700/5289/6272/79158/2896/55275/84067/154/8678/22898/79643/950/201475/219931/51479/8031/51652/1639/64145/388/57132/4534/22906/9525/9737/5071/66008/7782/114876/120892/83547/65018/8987/1191,0.380730400722792
GO:0006406,mRNA export from nucleus,70,0.467287161833949,1.42738428396305,0.0398463513005301,0.162225824073306,0.0981220400607604,4248,"tags=39%, list=24%, signal=29%",8480/55795/29107/10212/55110/57122/84321/57187/79902/4116/7514/9688/10189/79228/23279/55916/7979/26097/4686/26993/22916/9984/23049/6428/9775/7919/80145,0.321775918075361
GO:0033002,muscle cell proliferation,150,-0.444690609444364,-1.42697189047115,0.00887415581312342,0.0575742691716771,0.0348237081143105,2181,"tags=27%, list=13%, signal=24%",4921/8013/388585/5295/4881/5578/80310/3606/27086/5467/23414/3690/6934/4209/7168/30008/6869/2254/25/5592/10891/348093/7049/1264/84466/1026/9927/27250/9510/2353/650/4208/2263/9314/3248/2247/3570/4969/2852/93649,0.380730400722792
GO:0033143,regulation of intracellular steroid hormone receptor signaling pathway,65,-0.488708845717453,-1.42632680515804,0.0398802850945777,0.162225824073306,0.0981220400607604,3278,"tags=29%, list=19%, signal=24%",8626/3275/9604/9063/55325/2033/29966/9611/51341/167465/23558/27086/1408/55885/6934/25959/5187/6943/6422,0.321775918075361
GO:0015850,organic hydroxy compound transport,202,-0.425369879341037,-1.42592509763471,0.0062140823533222,0.0451500322284646,0.0273089275173853,2141,"tags=25%, list=12%, signal=22%",84925/57153/219931/358/7376/364/114134/1639/6571/282679/6770/23673/338/222962/654/114881/10928/3690/8399/6622/5595/5205/9218/6256/5071/8648/3737/2874/9194/7432/114876/634/2865/857/3990/5028/84417/5865/83547/9971/6387/55640/9607/1113/10351/8647/1191/200931/4842/123264/3745,0.407017918923954
GO:0030522,intracellular receptor signaling pathway,355,-0.396249783099469,-1.42480449309174,0.0032573406426817,0.0281983038257482,0.017055700677996,4261,"tags=34%, list=25%, signal=26%",81926/84885/10062/6774/5027/7533/4615/10499/22861/5740/79155/63906/3659/112398/23646/51304/152559/330/3717/55914/3164/4938/57658/57617/4210/114609/51296/948/23547/84498/140609/6672/8626/10474/57506/91543/3275/9325/26057/23543/9604/8678/9063/7026/23151/3660/23586/57142/4330/5336/2634/5914/10424/55325/9424/207/1956/2033/2099/55625/8013/29966/9611/55809/7376/8031/6899/51341/2150/79671/405/79575/167465/26524/23558/440503/5802/27086/5467/5608/4929/2063/84243/8638/1408/8399/55885/10612/6934/5139/133522/57178/85315/6256/8648/2494/2874/4306/54941/8780/25959/10365/80772/367/3727/7068/5241/10370/9971/7098/5187/55601/81285/10924/6943/2908/650/6422/56603/8611/2852/11240,0.431707695803346
GO:0050878,regulation of body fluid levels,270,-0.414453635352317,-1.42407925639588,0.00472820763058828,0.0374056587518141,0.0226247551369263,3012,"tags=30%, list=17%, signal=25%",1607/51763/10855/50808/284/6337/10627/5580/5336/2192/4583/1606/2162/51043/2316/966/5327/10398/107/9162/358/5156/7376/3360/79057/3611/2313/10758/4881/5578/4778/558/2150/5029/375033/2255/2811/3705/3315/144165/7450/1910/3690/64805/554/80274/5566/1465/5154/5577/8648/5592/66002/7414/112/6338/7432/634/6340/7094/10218/2776/857/6484/2157/3572/5028/22915/3043/5567/111/65267/84830/1511/79987/1608/3570/115/7166/9068,0.407017918923954
GO:0006650,glycerophospholipid metabolic process,283,-0.41330006566615,-1.42149009161831,0.00259497692519364,0.023882385835694,0.0144452243229634,3220,"tags=27%, list=19%, signal=22%",132671/5297/5293/90809/57217/8605/5298/1607/51763/8678/5728/347735/5336/1606/51573/117245/3613/3931/10162/5320/23396/3612/9362/94005/23682/10555/57153/9162/7376/154141/5168/63874/5295/65258/5048/254531/79575/57605/57515/22979/8395/80157/80235/57406/8897/66036/83394/8399/4534/200879/3632/3030/84302/5154/51099/375775/824/3707/3706/5334/3990/5920/79153/27163/9971/171586/23228/9588/5333/54857/1608/51196/84803/660/54979,0.431707695803346
GO:0010543,regulation of platelet activation,47,-0.521358281274564,-1.42096548084973,0.0440140845070423,0.175020613834173,0.105860948959244,2036,"tags=28%, list=12%, signal=24%",5156/5578/375033/2811/5154/5592/634/2776/3572/22915/1511/79987/3570,0.287857117255149
GO:0045444,fat cell differentiation,157,-0.436318425552496,-1.4205588878963,0.0208340727637383,0.105278875989198,0.063677766140956,2535,"tags=25%, list=15%, signal=22%",3398/9658/2624/51043/2869/207/201163/144404/2033/8013/114885/51341/54795/83862/582/63976/2308/5467/4929/23414/51548/2487/25937/284273/30812/55885/6934/25999/7538/2874/10891/338557/81029/650/6422/9314/6900/2852/7704/222008,0.352487857583619
GO:0042594,response to starvation,192,-0.428793696621433,-1.41932117444382,0.00792885820475614,0.0531423358352983,0.0321430600555756,3754,"tags=30%, list=22%, signal=24%",8408/9706/26001/5289/7351/632/79567/2629/23334/9342/55062/6751/9681/7942/8678/64121/7071/6721/2475/5019/355/11337/80315/51422/151556/201163/51128/10226/51100/652968/25989/10634/53349/2308/8897/5563/114131/5595/3158/467/83667/5166/8792/7538/5105/10891/120892/23710/857/38/1026/5063/2353/6422/9607/54474/220441,0.380730400722792
GO:0002793,positive regulation of peptide secretion,81,-0.469761729591417,-1.41916327593355,0.0237466223716112,0.114993532835041,0.0695536613854373,2066,"tags=32%, list=12%, signal=28%",222546/6453/5578/54795/4826/5532/5467/51548/572/114131/8447/6934/9854/4760/5566/5071/338557/2822/84417/5567/9971/2641/6833/1946/9607/2852,0.352487857583619
GO:0090277,positive regulation of peptide hormone secretion,81,-0.469761729591417,-1.41916327593355,0.0237466223716112,0.114993532835041,0.0695536613854373,2066,"tags=32%, list=12%, signal=28%",222546/6453/5578/54795/4826/5532/5467/51548/572/114131/8447/6934/9854/4760/5566/5071/338557/2822/84417/5567/9971/2641/6833/1946/9607/2852,0.352487857583619
GO:0002706,regulation of lymphocyte mediated immunity,144,0.419985714513791,1.41895639045926,0.0139745082521093,0.0785663488252965,0.0475207351905936,1719,"tags=16%, list=10%, signal=15%",154064/80328/563/50943/79465/3329/54209/7784/3553/4179/941/722/149840/11006/4436/725/2302/81607/5272/259307/3146/10459/3635,0.380730400722792
GO:0120162,positive regulation of cold-induced thermogenesis,85,-0.46587092946197,-1.41835518319122,0.0351600053433473,0.149328404196673,0.0903210554946804,3768,"tags=35%, list=22%, signal=28%",3717/23135/948/7351/283455/7253/2271/154/3953/5565/3566/9658/51043/3033/3606/63976/51548/2034/153/133522/324/10891/338557/79071/857/9927/1376/55198/43/51316,0.321775918075361
GO:0015749,monosaccharide transmembrane transport,81,-0.469225645996071,-1.41754375245298,0.0248447201173111,0.119019775753508,0.0719889282191669,2457,"tags=28%, list=14%, signal=24%",23596/207/51422/9963/55625/8013/5295/53916/5467/51548/3643/388581/25999/55600/5906/338557/5797/55022/55198/5579/9607/10580/6517,0.352487857583619
GO:0120192,tight junction assembly,55,0.486415934319628,1.4166381396705,0.0461079538534532,0.178892774092804,0.108203019133271,699,"tags=11%, list=4%, signal=11%",9076/1830/9080/1894/2048/79977,0.321775918075361
GO:0048638,regulation of developmental growth,179,-0.433262351075423,-1.41651482772722,0.0118324171777442,0.070610099665767,0.0427084101293754,2297,"tags=24%, list=13%, signal=21%",23327/9699/9362/23499/7431/79594/5048/10439/1954/4131/56963/28514/26524/5802/27086/5467/55777/3897/23414/2258/3643/80031/1630/4092/5071/25/57699/7049/22999/6665/1026/6387/4133/4137/144402/2045/4208/1946/2263/2247/4593/32/9423,0.380730400722792
GO:0097061,dendritic spine organization,71,-0.486513811836179,-1.41610067004847,0.0449640287769784,0.176640687565705,0.106840848062823,3005,"tags=38%, list=17%, signal=32%",2534/4088/5728/85358/26115/22924/8499/1742/5621/29904/5641/10611/2043/5048/4739/8976/3643/5649/120892/5063/158866/1139/9912/816/1501/547/22871,0.287857117255149
GO:0019432,triglyceride biosynthetic process,36,-0.542865167141368,-1.41563549927042,0.05,0.186012658227848,0.112509470096412,2376,"tags=28%, list=14%, signal=24%",23399/150094/9663/10555/7376/440503/5105/2822/80168/84803,0.266350657088526
GO:1904659,D-glucose transmembrane transport,74,-0.483033163453691,-1.41504635543705,0.0278983405525709,0.12871777532811,0.0778547483387693,2779,"tags=32%, list=16%, signal=27%",10999/6518/23596/207/51422/55625/8013/5295/53916/5467/51548/3643/388581/25999/55600/5906/338557/5797/55022/55198/5579/9607/10580/6517,0.352487857583619
GO:0006644,phospholipid metabolic process,355,-0.393489670633645,-1.41487989297718,0.00411523893520026,0.0335255898603456,0.020277901438497,3220,"tags=25%, list=19%, signal=21%",132671/5297/9890/5293/90809/57217/8605/5298/1607/51763/8678/5728/5580/6342/347735/5336/166929/1606/51573/117245/3613/3931/10162/5320/23396/3612/9362/94005/23682/10555/57153/9162/7376/154141/5168/63874/5295/65258/5048/254531/79575/57605/57515/22979/8395/80157/5467/80235/57406/8897/66036/83394/8399/4534/79947/200879/3158/3632/3030/84302/5154/9218/57171/51099/375775/824/3707/3706/8613/5334/3990/5920/79153/6609/27163/9971/171586/23228/9588/5333/54857/11261/1608/10351/8611/51196/84803/660/54979,0.407017918923954
GO:0006631,fatty acid metabolic process,325,-0.400290994102365,-1.40978943730627,0.00146458468909791,0.0158541966897191,0.00958938647164359,2816,"tags=29%, list=16%, signal=25%",8310/6342/1645/10999/54578/285440/1892/80221/5565/5825/11000/207/51422/1962/9663/128/1632/55825/9611/22949/7376/7132/1646/79777/8816/3033/401494/55902/2678/5264/254013/79746/2052/440503/5467/34/23205/2108/4056/84869/225/57406/641371/55268/1576/5563/284273/54577/2946/54600/1891/8399/5164/2169/8850/3030/5166/6785/3032/66002/10891/51099/37/338328/30/1384/8824/634/79071/51/27306/857/38/10455/3990/1376/1374/35/27163/55198/54657/84830/54659/171586/11343/10449/54575/5742/2110/3248/54658/54576/8647/32,0.45505986738723
GO:0046889,positive regulation of lipid biosynthetic process,84,-0.472302871270268,-1.4055135515033,0.0234655324784268,0.114086352281384,0.0690049546235096,2825,"tags=31%, list=16%, signal=26%",5580/6721/2475/2246/207/23399/23682/7376/26137/57605/6770/440503/654/225/57406/8850/5566/5105/2494/2770/824/338328/2822/9971/11261/10580,0.352487857583619
GO:0060491,regulation of cell projection assembly,190,-0.417453458628523,-1.40484258193675,0.0126171004779525,0.0733563962506477,0.0443695033927922,3659,"tags=31%, list=21%, signal=24%",26228/115704/23242/3985/2241/79647/653464/9353/10163/10801/9230/6366/2039/285282/5580/55704/9750/7016/23603/382/207/7798/5216/148170/5064/51466/202018/5295/2150/26051/2823/4134/23580/2909/10602/8976/64805/57451/5205/83478/324/3815/120892/9148/857/51474/170690/10178/5365/9912/1902/23345/8814/2596/51196/9378/23500/22871,0.380730400722792
GO:0009261,ribonucleotide catabolic process,116,-0.442191769324576,-1.4046979490194,0.0348365691072939,0.148706865078194,0.0899451185152811,2597,"tags=27%, list=15%, signal=23%",5663/2475/7498/51422/201163/26471/2033/9611/51341/4907/26137/405/978/51548/5563/3643/5143/9759/4967/8622/5566/1806/5151/8654/8671/863/27115/5144/5152/5138/957,0.321775918075361
GO:0002822,regulation of adaptive immune response based on somatic recombination of immune receptors built from immunoglobulin superfamily domains,155,0.413135065436166,1.4042638367371,0.0172439616295755,0.0905000057666473,0.0547387892282878,1680,"tags=15%, list=10%, signal=14%",154064/80328/563/50943/79465/3329/54209/2048/7784/3553/4179/941/722/149840/9466/11006/4436/725/2302/259307/10538/3146/10459,0.352487857583619
GO:0032869,cellular response to insulin stimulus,172,-0.423924741469378,-1.40375169615489,0.0148815621950676,0.0820579949180183,0.0496326519568985,2828,"tags=28%, list=16%, signal=24%",4303/5580/10999/5894/2690/2475/645/51043/6655/207/9663/29904/55625/858/132864/6430/10000/5295/4644/79746/2805/2308/5140/3643/5164/490/5595/3158/388581/8850/5166/5105/324/9734/8648/634/2549/2822/2865/80318/55022/23371/55198/6844/9971/5579/6548/10580/6517,0.380730400722792
GO:0034109,homotypic cell-cell adhesion,84,-0.471446484257188,-1.4029650521707,0.0240209232900951,0.115733595982934,0.0700012874416452,2859,"tags=32%, list=16%, signal=27%",6352/10627/5580/2316/10398/5156/3611/1824/5578/375033/3315/3690/64805/1465/5592/7414/634/8613/7094/84466/3572/22915/3043/54825/53841/1511/3570,0.352487857583619
GO:0070374,positive regulation of ERK1 and ERK2 cascade,146,-0.428417645965627,-1.40191019009942,0.0225032878806528,0.11096684803637,0.0671181272811464,2935,"tags=28%, list=17%, signal=24%",284/168667/10979/65009/2324/222166/5320/2246/1956/1230/4921/5156/5578/4853/2150/9464/80310/151306/3690/8622/5595/5154/8792/7010/5151/5906/338557/152007/5028/6764/408/64762/2641/1139/650/2263/2247/9378/2852/2651/55532,0.352487857583619
GO:0044843,cell cycle G1/S phase transition,223,0.394320383277482,1.40083761534649,0.00562133933508959,0.0421358734489651,0.0254858182177346,1909,"tags=21%, list=11%, signal=19%",3624/983/9928/144455/10309/891/6241/990/10926/2146/9133/1033/890/6491/899/1869/4609/27085/1019/8317/1871/5933/86/5591/6502/5688/1017/5925/7027/55159/993/6657/1104/9134/163786/898/8451/1978/55835/51692/219736/11187/5683/6240/5682/1022/645121,0.407017918923954
GO:1902600,proton transmembrane transport,161,-0.431963717155832,-1.40072352159137,0.0110199424574825,0.0669165514102086,0.040474373150562,4043,"tags=39%, list=23%, signal=30%",4539/6564/4535/1327/4514/4698/4519/516/4512/1329/10476/4508/51296/6566/4714/7351/4719/525/518/4723/5349/51382/513/4731/4713/4720/23530/4716/4541/6834/506/84286/4705/4540/374291/27069/1346/478/347741/1351/4707/8604/9377/53826/4729/4700/29796/26503/6571/9114/7386/7384/477/3954/6549/285195/291/206358/498/6548/6550/5348/92736,0.380730400722792
GO:0042267,natural killer cell mediated cytotoxicity,63,0.473204699326282,1.39791966528497,0.0445703811288619,0.175710731237726,0.106278365408844,1719,"tags=13%, list=10%, signal=11%",154064/80328/79465/3002/2214/81607/5272/3635,0.321775918075361
GO:0008037,cell recognition,93,-0.460073744926846,-1.39783279480164,0.0287336492530583,0.131847299226758,0.0797476360532155,2197,"tags=31%, list=13%, signal=27%",575/399687/57463/2043/1954/26047/23705/91624/3958/81035/63923/2909/27242/4739/84665/27020/64221/57453/682/30835/5648/57549/79937/55118/1946/30815/6900/2596/23022,0.352487857583619
GO:0022406,membrane docking,83,-0.456361725830891,-1.39635805085043,0.045531197301855,0.1773574405171,0.107274374982548,2799,"tags=27%, list=16%, signal=22%",8676/65009/6616/4478/6093/10497/9699/858/10490/9751/11149/23673/9783/83850/54843/23233/9218/22999/801/55670/11261/3745,0.276500599254472
GO:0031669,cellular response to nutrient levels,217,-0.408925484588518,-1.39567686375189,0.0101944779424949,0.0632100647109546,0.0382325103739886,3635,"tags=29%, list=21%, signal=23%",26001/5289/7351/632/79567/2629/2242/23334/9342/55062/79109/9681/2350/7942/8678/64121/4330/7071/6721/2475/355/11337/5565/80315/51422/151556/201163/51128/2033/10226/51100/652968/6722/10634/53349/2308/5467/8897/5563/114131/5164/5595/8850/467/83667/5166/8792/6256/8648/25959/120892/23710/857/1026/5063/2353/6422/9607/54474/1030/220441/11170/3745,0.380730400722792
GO:0051928,positive regulation of calcium ion transport,69,-0.478500029936009,-1.39525653987298,0.0480274442538593,0.182485660843042,0.110376171155487,1894,"tags=32%, list=11%, signal=29%",9495/487/7225/3958/5532/6622/490/5025/4638/857/162514/6717/2902/783/65267/2641/6387/815/5023/2852/117/287,0.271288554688953
GO:0032007,negative regulation of TOR signaling,71,-0.479121855908637,-1.3945848292084,0.0467625899280576,0.179875382034042,0.108797348034511,2353,"tags=20%, list=14%, signal=17%",201163/51128/652968/57600/5563/5595/5566/83667/56957/55654/7957/5567/80243/220441,0.282013350011725
GO:0045619,regulation of lymphocyte differentiation,172,0.402930281974596,1.39400630689284,0.0132275508697087,0.0757812319806509,0.045836161552794,1899,"tags=19%, list=11%, signal=17%",3624/51176/6659/6469/50943/6932/4179/55795/941/86/5591/5688/1493/2648/84524/865/3559/4323/652/11006/5896/2302/5698/259307/10538/56833/3146/3635/5683/5682/3575/8744,0.380730400722792
GO:0009914,hormone transport,219,-0.40724241332131,-1.39306471979064,0.0152625765185117,0.0836878962460933,0.0506184952671239,2113,"tags=25%, list=12%, signal=22%",90007/222546/1393/6453/5578/54795/3033/6571/4826/2308/5532/5467/654/51548/572/114131/10050/1408/8447/6934/9854/8622/4760/5566/818/6869/5071/5864/7432/338557/2822/2865/2775/2776/2781/3572/5028/6717/1374/84417/5567/111/9971/2641/6833/1946/9607/1908/3570/1113/3741/2852/6865/3745,0.380730400722792
GO:0009259,ribonucleotide metabolic process,331,-0.394851234906146,-1.39264395264276,0.00504602033718392,0.0392760090036548,0.0237560336086931,4208,"tags=37%, list=24%, signal=28%",6774/5027/4536/5167/4538/10846/9583/108/4539/51079/6817/4535/2982/3479/2977/23433/4698/516/10476/5236/4508/79873/79631/4714/7351/3098/6818/4719/7345/525/10380/518/445329/3099/4723/65220/9567/5136/5224/513/4731/4713/4720/5208/50808/64802/122622/56953/4716/4541/6390/506/168537/4705/5663/4540/2475/51715/7498/51422/374291/201163/26471/2033/83549/260425/4622/107/55312/4707/270/9611/10900/4729/6392/51341/4881/4907/4700/26137/405/978/1910/51548/572/5563/3643/5143/9759/4625/4967/8622/5566/477/5071/1806/112/203/5151/6389/120892/8654/8671/863/9060/55022/1740/111/498/65018/4621/27115/27284/9607/5144/5152/5138/957/115/2981/117/6799,0.407017918923954
GO:0008654,phospholipid biosynthetic process,250,-0.404166268280573,-1.39070376049585,0.00957789782417548,0.0604714107524205,0.0365760397413574,4051,"tags=30%, list=23%, signal=23%",80736/259230/375133/56895/9110/5321/10554/5305/5287/145567/9517/5289/8867/10087/3631/10380/5297/5293/57217/8605/5298/1607/51763/8678/5728/6342/5336/166929/1606/3613/3931/10162/23396/3612/9362/94005/23682/10555/57153/9162/154141/63874/5295/65258/254531/79575/57605/57515/22979/8395/80157/5467/80235/8897/66036/83394/4534/79947/200879/3158/84302/5154/9218/57171/51099/824/3707/3706/9971/171586/11261/1608/10351/84803/660,0.380730400722792
GO:0015980,energy derivation by oxidation of organic compounds,351,-0.390590876048102,-1.38867333927417,0.00318428356533039,0.0278332331402185,0.0168348882356172,4283,"tags=38%, list=25%, signal=29%",669/8802/80219/5027/4536/5167/8050/4538/2997/4539/51079/4535/10975/3479/1327/4514/4698/79660/4519/4512/1329/23479/89801/55829/10476/5236/4938/5162/4508/84883/7385/4714/7351/3098/2109/8445/4719/5018/7345/2271/3099/55062/4723/90624/23409/5224/513/4731/4713/4720/54205/5208/51763/192286/23530/4716/4541/3953/6390/6834/2548/506/3588/4705/5663/4540/2992/2475/5260/23596/5502/5837/207/48/51422/374291/201163/26471/27069/2033/1346/2647/8013/1351/4707/9377/9611/4729/6392/51341/4700/26137/29796/405/7386/63976/7384/1743/3419/34/2108/5500/5507/51548/5563/8801/56181/3643/9759/6622/4967/178/5164/5566/5166/10891/37/6389/8671/863/23710/9927/7957/50/55022/498/65018/25994/2110/7360/8987/10580,0.431707695803346
GO:0002228,natural killer cell mediated immunity,68,0.450866353179108,1.38793857736829,0.047974585878508,0.182402726904185,0.110326008690187,1719,"tags=12%, list=10%, signal=11%",154064/80328/79465/3002/2214/81607/5272/3635,0.321775918075361
GO:0006820,monoatomic anion transport,115,-0.445837299072808,-1.38770848479395,0.0263367552101358,0.123352547510102,0.074609598548957,1390,"tags=18%, list=8%, signal=17%",50636/57348/5030/54831/5205/1187/53405/6505/1188/8671/1181/22802/54102/2743/57101/203859/1811/266675/760/1836/5348,0.352487857583619
GO:0050769,positive regulation of neurogenesis,149,-0.425284802396187,-1.38740469126397,0.0194699528975624,0.099951426316045,0.0604554664039268,2535,"tags=24%, list=15%, signal=21%",3398/22924/8322/29904/23499/7431/57463/9513/2043/5048/4135/8650/1954/7074/4131/6604/3897/30812/27020/64221/5649/3815/9148/1181/4915/5365/6387/4137/816/650/1946/5764/5803/2852/6663/9423,0.352487857583619
GO:0034341,response to type II interferon,101,0.427981648207047,1.38678609266221,0.0335365854426087,0.145509805520094,0.0880113819611375,3602,"tags=30%, list=21%, signal=24%",9076/6997/10537/8519/1594/6348/5688/5698/8942/961/5683/5682/10410/9093/5686/90874/5691/7294/23521/58191/10492/2058/7474/2597/5690/5696/4435/84166/29927/3394,0.321775918075361
GO:0006913,nucleocytoplasmic transport,281,0.381767647644307,1.38649179639375,0.00361485474014664,0.0302249163052375,0.0182814941177028,3678,"tags=30%, list=21%, signal=24%",983/1894/4321/1434/8480/11260/3553/3838/9818/55795/55723/1871/4869/29107/55612/5901/10212/55110/3843/57122/57510/79023/348995/652/5902/84321/23225/129401/57187/3692/9631/55027/55706/84946/79902/11052/6741/64328/11097/51184/65083/4116/6789/7514/23165/7529/9688/7329/6850/3320/6209/51068/10189/79228/23279/11321/402569/10155/10204/55916/51569/7979/51319/84455/152877/10527/9349/2010/8882/23325/54830/8899/7015/4435/26097/23511/4686/4600/90865/26993/79711/22916/9984/84268/23049,0.431707695803346
GO:0051169,nuclear transport,281,0.381767647644307,1.38649179639375,0.00361485474014664,0.0302249163052375,0.0182814941177028,3678,"tags=30%, list=21%, signal=24%",983/1894/4321/1434/8480/11260/3553/3838/9818/55795/55723/1871/4869/29107/55612/5901/10212/55110/3843/57122/57510/79023/348995/652/5902/84321/23225/129401/57187/3692/9631/55027/55706/84946/79902/11052/6741/64328/11097/51184/65083/4116/6789/7514/23165/7529/9688/7329/6850/3320/6209/51068/10189/79228/23279/11321/402569/10155/10204/55916/51569/7979/51319/84455/152877/10527/9349/2010/8882/23325/54830/8899/7015/4435/26097/23511/4686/4600/90865/26993/79711/22916/9984/84268/23049,0.431707695803346
GO:0003333,amino acid transmembrane transport,77,0.44949830179307,1.3858623769849,0.0305017847833528,0.13696676161692,0.0828441350021746,2099,"tags=27%, list=12%, signal=24%",54716/6533/23657/11254/6541/92745/8140/80727/10991/117247/6520/6512/10166/80131/387254/23428/9057/123096/6510/9056/126321,0.352487857583619
GO:0009150,purine ribonucleotide metabolic process,313,-0.398423119545878,-1.38558577269135,0.00477420600377178,0.0377187942072184,0.0228141546352808,4208,"tags=37%, list=24%, signal=29%",6774/5027/4536/5167/4538/10846/9583/108/4539/51079/6817/4535/2982/3479/2977/23433/4698/516/10476/5236/4508/79873/79631/4714/7351/3098/6818/4719/7345/525/10380/518/445329/3099/4723/65220/9567/5136/5224/513/4731/4713/4720/5208/50808/64802/122622/56953/4716/4541/6390/506/168537/4705/5663/4540/2475/51715/7498/51422/374291/201163/26471/2033/260425/4622/107/4707/270/9611/10900/4729/6392/51341/4881/4907/4700/26137/405/1910/51548/572/5563/3643/5143/9759/4625/4967/8622/5566/477/5071/112/203/5151/6389/120892/8654/8671/863/9060/55022/1740/111/498/65018/4621/27115/27284/9607/5144/5152/5138/115/2981/117/6799,0.407017918923954
GO:0046890,regulation of lipid biosynthetic process,158,-0.425874222058598,-1.38050429337399,0.0166159330715813,0.0885480096053987,0.0535581273538507,2464,"tags=25%, list=14%, signal=22%",10162/2246/207/23399/150094/23682/7376/8816/2672/26137/57605/6770/440503/654/225/57406/8850/5566/5154/5166/5105/2494/2770/51228/37/80816/824/338328/1958/634/1181/2822/9971/653/11261/650/9607/2852/10580/343,0.352487857583619
GO:0120032,regulation of plasma membrane bounded cell projection assembly,188,-0.418891904514544,-1.37838922618238,0.0138890728631379,0.0781992052581654,0.0472986689689679,3659,"tags=31%, list=21%, signal=25%",26228/115704/23242/3985/2241/79647/653464/9353/10163/10801/9230/6366/2039/285282/5580/55704/9750/7016/23603/382/207/7798/5216/148170/5064/51466/202018/5295/2150/26051/2823/4134/23580/2909/10602/8976/64805/57451/5205/83478/324/3815/120892/9148/857/51474/170690/10178/5365/9912/1902/23345/8814/2596/51196/9378/23500/22871,0.380730400722792
GO:0007266,Rho protein signal transduction,126,-0.431902132716542,-1.37575225406815,0.0225407309553294,0.11096684803637,0.0671181272811464,3523,"tags=33%, list=20%, signal=26%",9639/79567/55619/56990/157285/392/10276/65979/10979/9750/19/5894/6093/57493/201163/9826/90627/148170/10395/2150/83892/23370/388/23580/2909/10602/30851/10928/25/10755/10672/7010/395/9754/25959/120892/408/171024/57569/1902/9423,0.352487857583619
GO:0007599,hemostasis,193,-0.408478636304291,-1.37514100171222,0.0137919204492714,0.0779508734623242,0.0471484658643815,3012,"tags=28%, list=17%, signal=23%",1607/10855/50808/284/10627/5580/5336/2192/1606/2162/2316/966/5327/10398/9162/5156/79057/3611/2313/5578/4778/558/2150/375033/2811/3705/3315/7450/3690/64805/554/80274/1465/5154/5592/7414/634/7094/10218/2776/857/6484/2157/3572/5028/22915/3043/84830/1511/79987/1608/3570/7166/9068,0.380730400722792
GO:1903076,regulation of protein localization to plasma membrane,109,-0.442329052268844,-1.37228516987921,0.0398769266046145,0.162225824073306,0.0981220400607604,2471,"tags=28%, list=14%, signal=24%",382/5621/207/5780/1956/64114/55625/10490/57628/5295/9495/8650/5581/3958/493/51548/342667/25999/818/6769/367/817/55022/65267/815/9912/816/9378/2852/10580,0.321775918075361
GO:0042632,cholesterol homeostasis,81,-0.45410209329926,-1.37185507830827,0.0440456769983687,0.175020613834173,0.105860948959244,1795,"tags=23%, list=10%, signal=21%",1639/338/3606/8399/9218/9734/338328/114876/51/4779/857/51474/3990/83547/257194/9971/7851/8647/5125,0.276500599254472
GO:0007264,small GTPase-mediated signal transduction,460,-0.380812378329193,-1.3717070793704,0.00195717693939807,0.019465797038548,0.0117738573851715,4053,"tags=33%, list=23%, signal=26%",9732/391/2059/440193/3845/9267/9367/1856/2885/79778/23607/8829/3479/85004/23433/10260/150/9693/57584/22930/22931/1605/1794/23365/221472/23616/9639/79567/50649/283455/79822/9353/55619/6237/56990/23096/11188/2782/6236/157285/10251/79109/285282/8036/392/10276/65979/23075/9046/2889/10235/23229/10979/64121/57142/55704/4649/9750/284217/8729/19/84144/51195/55114/5894/22898/27352/11337/201475/382/10982/6093/6655/57493/22800/57514/201163/121512/23094/9826/26030/84952/90627/55200/148170/1793/440073/23682/115727/6453/10900/57381/10395/4853/2150/83892/7074/10044/23370/51306/53916/54509/2255/388/5500/23580/2909/10602/389/30851/10928/1398/83478/27314/9077/115557/23179/84033/25/10755/57568/10672/5649/7010/395/9754/25959/5906/120892/153090/1026/9927/84812/79658/408/5516/171024/80243/9215/58480/9912/57569/1795/11261/1902/2247/5662/51196/9423/117/51285,0.431707695803346
GO:0019693,ribose phosphate metabolic process,337,-0.387564638818129,-1.37071417202242,0.00780355285070416,0.0526291899057708,0.0318326845297199,4208,"tags=36%, list=24%, signal=28%",6774/5027/4536/5167/4538/10846/9583/108/4539/51079/6817/4535/2982/3479/2977/23433/4698/516/10476/5236/4508/79873/79631/4714/7351/3098/6818/4719/7345/525/10380/518/445329/3099/4723/65220/9567/5136/5224/513/4731/4713/4720/5208/50808/64802/122622/56953/4716/4541/6390/506/168537/4705/5663/4540/2475/51715/7498/51422/374291/201163/26471/2033/83549/260425/4622/107/55312/4707/270/9611/10900/4729/6392/51341/4881/4907/4700/26137/405/978/1910/51548/572/5563/3643/5143/9759/4625/4967/8622/5566/477/5071/1806/112/203/5151/6389/120892/8654/8671/863/9060/55022/1740/111/498/65018/4621/27115/27284/9607/5144/5152/5138/957/115/2981/117/6799,0.407017918923954
GO:0043523,regulation of neuron apoptotic process,163,-0.418273068490492,-1.36899978167996,0.0141339797928036,0.0791987923947566,0.0479032677103896,2393,"tags=21%, list=14%, signal=18%",5621/207/80315/26471/64114/219699/8737/5641/9723/54583/3339/6622/79625/840/5071/25/6505/10891/1958/54463/596/7832/3572/4915/10752/65018/1271/2045/4208/2247/5803/1191/4842/3745,0.380730400722792
GO:0051261,protein depolymerization,104,-0.439804607702204,-1.36850874376989,0.0323642964609698,0.141968160147448,0.0858692232073089,2108,"tags=30%, list=12%, signal=26%",146057/10297/88/1073/832/29767/11078/2150/4131/10634/89927/2258/9645/118/9525/25802/2314/324/57026/57731/130271/50853/6840/51474/6710/57482/85477/2934/11075/51676/7111,0.321775918075361
GO:0001558,regulation of cell growth,330,-0.390233805467595,-1.36717313152458,0.00278000115711995,0.0251011471606007,0.0151823902349267,3175,"tags=26%, list=18%, signal=22%",694/9564/79960/79109/10276/25942/4088/9472/6195/6595/7003/5997/1031/116224/80128/10235/57142/623/984/2053/2475/4633/5999/64321/6098/207/1956/23327/9699/9826/9362/23499/7431/79594/6586/10758/4881/5048/10439/1954/4131/4089/56963/26524/5802/27086/5467/3897/2258/2487/1398/80031/1630/29948/83667/4092/10071/5071/25/57699/1410/3371/10110/22999/94/634/596/8835/58189/1026/817/8425/6387/4133/4137/144402/54825/2045/6446/6422/2273/1946/6548/9211/60676/9423/11170,0.431707695803346
GO:0048675,axon extension,85,-0.448934740926972,-1.36679255227141,0.0484140233722872,0.183243805139925,0.11083473356684,2151,"tags=22%, list=12%, signal=20%",23499/7431/6586/5048/10439/1954/4131/5802/5532/3897/54413/80031/25/6387/4133/4137/9201/1908/9423,0.266350657088526
GO:0042542,response to hydrogen peroxide,79,-0.451428477663229,-1.36588049208022,0.0457516339869281,0.177980214808182,0.107651059054197,3058,"tags=35%, list=18%, signal=29%",10276/2534/8678/5580/847/4540/11035/3162/10068/8737/358/80310/388/3240/1398/25/1410/824/10365/2168/5598/3043/10628/3040/3039/9314/1843/3741,0.271288554688953
GO:0002819,regulation of adaptive immune response,167,0.39389290435994,1.36575844690936,0.0220173364962222,0.109398059108025,0.0661692477118592,1680,"tags=14%, list=10%, signal=13%",154064/80328/563/50943/79465/3329/54209/2048/7784/3553/4179/941/722/149840/9466/11006/4436/725/2302/259307/10538/3146/10459,0.352487857583619
GO:0046488,phosphatidylinositol metabolic process,149,-0.418292980387909,-1.36459530188511,0.0249160144989975,0.119167073413432,0.0720780209821128,3662,"tags=28%, list=21%, signal=22%",5287/145567/5289/8867/3631/10380/5297/5293/90809/57217/5298/51763/8678/5728/5336/3613/23396/3612/94005/5295/65258/57605/22979/8395/80157/80235/8897/66036/83394/4534/3632/84302/5154/3707/3706/5334/23228/5333/54857/51196/660,0.352487857583619
GO:0010810,regulation of cell-substrate adhesion,178,-0.406786399558864,-1.36273356661321,0.0265351550097046,0.124084042280862,0.0750520420354408,3004,"tags=28%, list=17%, signal=23%",6239/10855/4088/50488/253725/10979/9200/5728/7016/10391/2192/23603/340485/6093/8322/90102/2316/23499/1793/3611/10395/11078/22998/9723/79834/4739/91663/1398/79625/30008/1435/25/7010/10085/7414/94/395/1845/5212/8613/7094/54857/6422/1946/6548/340533/2199/2651/11170,0.352487857583619
GO:0045859,regulation of protein kinase activity,210,0.384390170356333,1.36229668933858,0.0121158584683696,0.0715748905297251,0.0432919623988388,1447,"tags=12%, list=8%, signal=11%",57214/22974/57761/6997/1894/9928/2069/990/9088/2146/1033/641/4485/7023/183/3656/79092/10464/55732/5925/993/5478/51654/9134/995/3654,0.380730400722792
GO:0031667,response to nutrient levels,393,-0.379776194717406,-1.36200135411607,0.00675419227170705,0.047603287977331,0.0287927754820644,2837,"tags=21%, list=16%, signal=18%",64121/4330/4303/19/10999/847/8932/7071/5914/6721/5009/2690/2475/5019/355/11337/5565/8915/80315/51422/151556/201163/51128/2033/10226/51100/652968/219931/7376/3360/25989/6722/27141/4131/10634/53349/2308/5467/210/8897/4524/5563/114131/178/5164/5595/3158/8850/467/83667/5166/8792/7538/5105/6256/8648/10891/25959/120892/9839/23710/857/38/1026/1374/55198/9971/5063/3291/2353/6422/9607/56603/6900/54474/2981/340024/1030/32/220441/590/11170/3745/6750,0.407017918923954
GO:0050773,regulation of dendrite development,80,-0.454752448901534,-1.36184355186021,0.0440677966101695,0.175020613834173,0.105860948959244,2511,"tags=26%, list=14%, signal=23%",22924/382/8322/23327/29904/115207/2043/5048/124925/1630/25/5649/153090/238/158866/816/653/80258/1608/5764/577,0.282013350011725
GO:0006638,neutral lipid metabolic process,101,-0.437697762826916,-1.35908103068704,0.046933786603657,0.180076238679044,0.108918835867166,2376,"tags=29%, list=14%, signal=25%",23399/150094/9663/55911/10555/9162/7376/63924/6400/27141/338/440503/57104/57406/2169/5566/5105/51099/338328/2168/2822/857/3990/80168/1374/11343/1608/51196/84803,0.321775918075361
GO:0006639,acylglycerol metabolic process,101,-0.437697762826916,-1.35908103068704,0.046933786603657,0.180076238679044,0.108918835867166,2376,"tags=29%, list=14%, signal=25%",23399/150094/9663/55911/10555/9162/7376/63924/6400/27141/338/440503/57104/57406/2169/5566/5105/51099/338328/2168/2822/857/3990/80168/1374/11343/1608/51196/84803,0.321775918075361
GO:0007034,vacuolar transport,166,-0.407968507116102,-1.3557979988967,0.0310600741640275,0.138311451466783,0.0836574685886816,4004,"tags=28%, list=23%, signal=22%",79156/91782/1173/27243/55048/57617/2580/80700/5289/6272/23585/79158/137492/2896/55275/84067/154/8678/10254/22898/79643/950/201475/79720/10490/219931/51479/8031/51652/1639/9114/64145/388/57132/4534/22906/9525/9737/5071/66008/7782/114876/120892/83547/65018/8987/1191,0.352487857583619
GO:0045860,positive regulation of protein kinase activity,111,0.407845869103589,1.35324793427772,0.0362366093245142,0.152796836161761,0.0924189312316073,746,"tags=8%, list=4%, signal=8%",57214/22974/6997/1894/9928/2069/2146/79092/10464,0.321775918075361
GO:0048589,developmental growth,312,-0.386851833422643,-1.35136501506855,0.014325014043172,0.0801164914802712,0.0484583365901254,2297,"tags=23%, list=13%, signal=20%",23327/9699/9362/2033/4921/23499/7431/79594/6586/10611/5048/10439/1954/4211/4131/6285/56963/28514/26524/5802/10516/27086/2255/5532/5467/55777/63923/3897/23414/144165/2258/54413/130399/3643/80031/1630/4092/5071/25/57699/682/5592/2494/7049/22999/23769/10404/1134/6665/57502/1026/6387/9215/4133/4137/144402/2045/389125/4208/1946/2263/9201/8470/1908/5764/2247/4593/2596/5523/2981/32/9423,0.380730400722792
GO:0045017,glycerolipid biosynthetic process,232,-0.397617988655237,-1.35004378636088,0.0152395600676102,0.0836397143579948,0.0505893525262489,3187,"tags=25%, list=18%, signal=21%",5297/5293/57217/8605/5298/1607/51763/8678/5728/5336/1606/3613/3931/10162/23399/150094/23396/9663/3612/9362/94005/23682/10555/57153/9162/7376/63874/5295/65258/254531/79575/57605/22979/8395/80157/440503/80235/57104/8897/66036/83394/4534/200879/84302/5154/5105/51099/824/3707/3706/2822/80168/9971/171586/1608/51196/84803/660,0.380730400722792
GO:0015698,inorganic anion transport,112,-0.436401682532653,-1.34913981233668,0.0473083197389886,0.180832979352348,0.109376549298956,1390,"tags=20%, list=8%, signal=18%",50636/10050/1408/57348/5030/54831/5205/1187/53405/6505/1188/6575/1181/22802/54102/2743/57101/203859/1811/266675/1836/5348,0.266350657088526
GO:0051224,negative regulation of protein transport,88,-0.439001962232011,-1.34205052160703,0.0489864864864865,0.184578568953569,0.111642063405613,2113,"tags=17%, list=12%, signal=15%",90007/5137/3033/55691/2308/51548/8622/5071/2775/2781/84830/6833/11261/1113/3745,0.266350657088526
GO:0016049,cell growth,379,-0.378445848434332,-1.3407127714213,0.00848844261966612,0.0557486767803323,0.0337195013655921,3175,"tags=26%, list=18%, signal=22%",694/9564/79960/79109/10276/25942/4088/9472/6195/6595/7003/5997/1031/116224/80128/10235/57142/623/984/2053/2475/4633/5999/64321/6098/207/1956/23327/9699/9826/9362/23499/7431/79594/6586/10611/10758/4881/5048/10439/1954/4211/4131/4089/6285/56963/26524/5802/27086/5532/5467/63923/3897/144165/2258/2487/54413/1398/80031/1630/29948/83667/4092/10071/5071/25/57699/1410/682/5592/3371/10110/22999/94/23769/634/596/8835/58189/1026/817/8425/6387/4133/4137/144402/54825/2045/6446/6422/2273/1946/9201/8470/6548/1908/9211/60676/9423/11170,0.380730400722792
GO:0070371,ERK1 and ERK2 cascade,243,-0.392551040683776,-1.34062523902333,0.0237499402622899,0.114993532835041,0.0695536613854373,3148,"tags=30%, list=18%, signal=25%",285016/10251/9590/152110/5605/284/168667/10979/10318/65009/2192/2324/27330/9368/222166/3491/65268/5320/2246/6098/201163/1956/1230/4921/5156/2043/5578/4853/2150/9464/4089/80310/154043/2255/151306/3690/55885/8622/5595/5801/5154/467/55333/8792/7010/8000/1845/6356/5151/5906/153090/338557/634/5734/152007/5028/6764/408/64762/2641/1139/78986/57556/2045/650/2263/9314/1843/2247/9378/2852/2651/55532,0.352487857583619
GO:0150063,visual system development,201,-0.396836842077138,-1.3392739635965,0.0239041606536035,0.115549881843652,0.0698901682271966,2180,"tags=25%, list=13%, signal=22%",8082/388585/5156/5158/4212/6443/4211/6604/5080/28514/4094/2823/7855/221935/91851/116039/493/144165/654/7482/64805/30812/4760/340273/2254/682/6505/94/51761/775/27151/5087/81029/10586/9839/64093/5797/8736/10218/5145/6442/2295/7483/2353/1946/1261/2247/5523/6297/1756/7111,0.352487857583619
GO:0055092,sterol homeostasis,82,-0.451984838752035,-1.33874762571197,0.0471869328493648,0.18057603599516,0.109221137504741,1795,"tags=23%, list=10%, signal=21%",1639/338/3606/8399/9218/9734/338328/114876/51/4779/857/51474/3990/83547/257194/9971/7851/8647/5125,0.282013350011725
GO:1905475,regulation of protein localization to membrane,159,-0.403489399732428,-1.33539870946737,0.0374809833897007,0.156174986965683,0.094462200547126,3005,"tags=28%, list=17%, signal=24%",2534/26119/3915/163882/284217/9254/5174/11337/382/5621/207/5780/1956/64114/55625/10490/57628/5295/9495/10439/8650/5581/3958/493/51548/342667/25999/818/5071/5906/6769/367/817/408/55022/65267/9215/815/9912/816/23136/9378/2852/2934/10580,0.321775918075361
GO:0019751,polyol metabolic process,89,-0.440990559633035,-1.33493432313288,0.0494880546075085,0.185351097358972,0.112109326022869,1627,"tags=18%, list=9%, signal=16%",2805/3705/1576/6622/3632/5105/3707/3706/8613/5028/80168/27163/5593/8611/2852/117,0.266350657088526
GO:0001654,eye development,197,-0.39501624802787,-1.33387325441747,0.0420532914282548,0.169037657463422,0.102242167004853,2180,"tags=25%, list=13%, signal=22%",8082/388585/5156/5158/4212/6443/4211/6604/5080/28514/4094/2823/7855/221935/91851/116039/493/144165/654/7482/30812/4760/340273/2254/682/6505/94/51761/775/27151/5087/81029/10586/9839/64093/5797/8736/10218/5145/6442/2295/7483/2353/1946/1261/2247/5523/6297/1756/7111,0.321775918075361
GO:0048880,sensory system development,203,-0.395081060021947,-1.32909613347862,0.019565116044844,0.100003262705733,0.0604868195644647,2180,"tags=25%, list=13%, signal=22%",8082/388585/5156/5158/4212/6443/4211/6604/5080/28514/4094/2823/7855/221935/91851/116039/493/144165/654/7482/64805/30812/4760/340273/2254/682/6505/94/51761/775/27151/5087/81029/10586/9839/64093/5797/8736/10218/5145/6442/2295/7483/2353/1946/1261/2247/5523/6297/1756/7111,0.352487857583619
GO:0007156,homophilic cell-cell adhesion,145,-0.413330239122884,-1.32718324304392,0.0420711974110032,0.169037657463422,0.102242167004853,1752,"tags=24%, list=10%, signal=22%",64881/56139/1088/23705/91624/221935/54510/5097/3897/84665/57863/27020/64221/5099/5310/57453/682/5979/634/222256/5797/79633/64072/57549/5365/54798/5101/54825/53841/84623/9499/256158/6900/23022/28513,0.282013350011725
GO:1901292,nucleoside phosphate catabolic process,162,-0.406384374850661,-1.3238651402385,0.030577354495382,0.137201289865538,0.082985989052464,2597,"tags=23%, list=15%, signal=20%",5663/2475/7498/51422/201163/26471/2033/131870/9611/51341/4907/26137/405/978/51548/5563/8801/3643/5143/9759/377841/4967/8622/5566/1806/5151/8654/8671/863/38/956/10924/27115/5144/5152/5138/957,0.352487857583619
GO:0045927,positive regulation of growth,175,-0.401793738820152,-1.32314826572168,0.0327408081655496,0.143085851596357,0.0865452571602994,2386,"tags=21%, list=14%, signal=18%",207/1956/23327/9699/9362/23499/7431/79594/5048/1954/4131/28514/5467/3897/23414/1398/3643/4092/5071/57699/7049/22999/596/6665/6387/4137/144402/4208/6422/1946/2263/6548/2247/9211/32/9423,0.321775918075361
GO:0051168,nuclear export,164,0.384540899074552,1.31980770349757,0.0332206975782977,0.144538312631557,0.087423775982421,3753,"tags=29%, list=22%, signal=23%",1434/8480/11260/3553/55795/4869/29107/5901/10212/55110/57122/57510/5902/84321/57187/3692/9631/84946/79902/11052/6741/64328/11097/65083/4116/7514/9688/7329/6209/51068/10189/79228/23279/10204/55916/7979/2010/23325/8899/26097/23511/4686/26993/22916/9984/23049/5905,0.321775918075361
GO:0051223,regulation of protein transport,351,-0.370966417910442,-1.31890222201409,0.0101083392089902,0.0627421519223278,0.0379494940438029,2579,"tags=21%, list=15%, signal=18%",5019/51715/6616/781/382/2316/207/10497/51128/2033/84976/90007/222546/399687/7376/5295/5578/5137/9495/54795/2150/79899/3033/5784/4826/55691/2308/5532/5467/654/51548/572/114131/8447/6934/9854/8622/4760/5566/94121/6256/5071/682/79971/2822/2775/2781/3572/6717/1374/5567/111/10178/6844/9971/2641/84830/6833/81285/9912/11261/1946/9607/3570/1113/54474/43/3741/63928/2852/123264/3745,0.380730400722792
GO:0072001,renal system development,198,-0.391306883666269,-1.31863950417574,0.0398534006708547,0.162225824073306,0.0981220400607604,2143,"tags=24%, list=12%, signal=21%",388585/130497/358/5156/10758/3237/4853/4089/80310/282679/28514/2255/116039/144165/654/3690/55366/30812/28999/3158/5310/5154/9863/4092/7010/5979/25959/1958/120892/8516/38/25789/6943/650/4208/6422/2294/2263/56603/3248/2247/3570/2674/51196/93649/7704/5125,0.321775918075361
GO:0016236,macroautophagy,353,-0.371757258177969,-1.3181752705532,0.0131627852748771,0.0754837578982706,0.0456562348118137,4416,"tags=29%, list=25%, signal=22%",79142/155066/826/51510/1634/9842/340371/23339/5899/64112/23241/84749/79065/91782/27243/55048/112574/5305/22930/162427/8408/57617/9706/80700/9517/23001/5289/9236/2629/137492/23265/84932/7345/525/10015/401548/9638/3099/9342/7095/55062/84937/160760/115201/51382/26086/154/5768/8678/9531/10133/4077/140775/10313/10254/23770/6721/2548/2475/51715/79643/11337/207/26471/79720/51100/81876/10241/79594/10490/128077/25989/51652/9114/23673/7855/53349/8897/55187/51471/9637/57132/5563/94241/4534/9525/5566/83667/5071/801/120892/54463/23111/23710/291/84971/9927/58476/7957/65018/79443/8987/26353,0.380730400722792
GO:1901342,regulation of vasculature development,267,-0.381029845420579,-1.31683037324636,0.0151376161363827,0.0832356479416817,0.0503449535761115,3407,"tags=30%, list=20%, signal=24%",947/2896/6237/3586/6672/3099/1647/694/55810/7060/5293/3678/204851/6271/2534/10855/28996/168667/57142/4303/4086/57608/6093/2624/2246/3162/575/7082/358/10000/8742/4881/57381/5578/30832/26051/22905/9723/28514/54583/3339/10516/388/493/63923/3315/5140/147372/23166/51548/8434/126393/3690/23328/7122/55333/6786/25/7010/6356/10365/153090/634/2549/5797/10218/11126/7098/6833/6387/9510/1139/5579/57556/6422/1215/9314/729/2247/577,0.380730400722792
GO:0001659,temperature homeostasis,163,-0.402276361722453,-1.31664286529499,0.0486656200941915,0.183722874061437,0.111124497666834,2618,"tags=24%, list=15%, signal=21%",170394/11096/5565/3566/9658/51043/201163/7376/3033/6285/3606/63976/2308/5608/57406/1910/51548/55366/2034/153/133522/8792/324/10891/37/1958/338557/79071/291/857/5334/9927/1376/1152/55198/23228/4857/43/51316,0.257206466468838
GO:0051495,positive regulation of cytoskeleton organization,167,-0.398985073706307,-1.31489459476379,0.0403883376681456,0.163387920724955,0.0988249324322982,3523,"tags=33%, list=20%, signal=27%",9639/2241/10810/10163/2242/6366/123720/9788/23075/4088/9659/253725/10979/55704/7016/10174/79998/382/2316/4926/5216/148170/88/51466/1073/3071/2150/22998/4131/5581/1639/57606/6249/23580/10602/389/9525/25802/7168/6869/25/57026/6356/122060/51474/171024/10178/4137/6422/1902/57482/85477/2934/11075/11346,0.321775918075361
GO:0090287,regulation of cellular response to growth factor stimulus,235,-0.383299638440002,-1.31386197309336,0.029405059754345,0.133874862643256,0.0809740046657091,3602,"tags=31%, list=21%, signal=25%",10468/4681/1003/200734/79176/79595/9353/7323/753/79639/283149/10251/7041/3678/9508/25942/5046/28996/284/7026/967/51232/57608/8483/4087/64081/3491/2246/151556/201163/4926/2033/388585/3611/80312/51341/4089/64398/405/22905/28514/63976/26524/2805/91851/493/147372/3690/27020/4092/10755/5494/348093/7049/94/153090/9839/23111/10370/857/22915/25928/8425/5579/57556/650/2247/23089/9378/1030/93649/1756/64388,0.352487857583619
GO:0040013,negative regulation of locomotion,276,-0.375785671253205,-1.31068640980565,0.025123140052608,0.119962483533087,0.0725591235690245,2860,"tags=26%, list=16%, signal=22%",5728/967/9750/65009/2192/23603/140/9368/104/90102/91862/207/3162/4286/575/90627/79890/51466/80312/6722/2043/10395/22998/4163/127435/5467/348110/388/493/63923/90355/8434/4739/8976/130399/1398/94241/407004/64221/7168/5801/7122/55333/9863/4092/5592/7414/7049/94/1845/153090/5734/9839/5797/10370/51474/22915/84830/6833/5365/6387/653/4208/6422/9607/9314/1843/4223/2247/340533/11240/93649,0.352487857583619
GO:0050657,nucleic acid transport,148,0.380289528847429,1.30962135184872,0.0386543488119586,0.158999483776552,0.0961705930968988,2516,"tags=26%, list=15%, signal=23%",8480/11260/9818/55795/29107/5901/10212/55110/57122/57510/79023/348995/87178/84321/23225/129401/57187/9631/55706/79902/11052/6741/11097/7884/144983/65083/4116/7514/23165/9688/65109/9793/65110/10189/79228/23279/9804/10204/55916,0.321775918075361
GO:0050658,RNA transport,148,0.380289528847429,1.30962135184872,0.0386543488119586,0.158999483776552,0.0961705930968988,2516,"tags=26%, list=15%, signal=23%",8480/11260/9818/55795/29107/5901/10212/55110/57122/57510/79023/348995/87178/84321/23225/129401/57187/9631/55706/79902/11052/6741/11097/7884/144983/65083/4116/7514/23165/9688/65109/9793/65110/10189/79228/23279/9804/10204/55916,0.321775918075361
GO:0043410,positive regulation of MAPK cascade,343,-0.372456115969592,-1.30854724830854,0.0104146525183535,0.0642364401919014,0.0388533120042725,2181,"tags=20%, list=13%, signal=18%",4921/858/9770/8737/5156/6899/2043/1824/5578/4853/2150/23005/9464/80310/3489/2255/151306/57630/57161/3690/1398/3643/23328/203447/8622/5595/9283/5154/4916/153/1816/2254/8792/7010/5979/3815/5151/5906/120892/153090/338557/152007/3572/5028/6764/408/4915/3590/9867/10178/64762/2641/7098/1139/650/4208/1902/9607/2263/1908/768211/2247/3570/2260/9378/2852/2651/55532,0.380730400722792
GO:0002520,immune system development,110,0.401728820367953,1.30836776766789,0.0459695593861785,0.178660525362107,0.108062543845889,2585,"tags=26%, list=15%, signal=23%",6469/50943/2049/10721/3329/7518/23397/55795/149840/10051/5591/10592/29851/3559/11006/4436/5896/2302/10538/3146/10459/3148/4067/56259/112441434/6929/7037/55183/2956,0.321775918075361
GO:0030705,cytoskeleton-dependent intracellular transport,203,-0.388865754077725,-1.30818716077718,0.0246801137780231,0.118579815342128,0.071722818841346,3112,"tags=20%, list=18%, signal=16%",84067/5108/729830/9531/80128/55704/7314/4130/79659/5813/26115/8499/2647/5048/4135/23095/4644/51309/3315/144165/8976/22906/25999/25777/66008/7275/8120/320/57576/408/1740/667/10749/4133/1780/4137/79443/4747/3800/547,0.352487857583619
GO:0051236,establishment of RNA localization,151,0.387283957963064,1.30698688471772,0.0272227823321681,0.126195200748016,0.076328972985689,2516,"tags=26%, list=15%, signal=23%",8480/11260/9818/55795/29107/5901/545/10212/55110/57122/57510/79023/348995/87178/84321/23225/129401/57187/9631/55706/79902/11052/6741/11097/7884/144983/65083/4116/7514/23165/9688/65109/9793/65110/10189/79228/23279/9804/10204/55916,0.352487857583619
GO:0010565,regulation of ketone metabolic process,116,-0.410061496208325,-1.30263062918491,0.0486111111111111,0.183635032847758,0.111071367043909,2068,"tags=28%, list=12%, signal=25%",9611/7376/8816/6770/254013/440503/5467/654/225/54577/54600/5164/8850/5166/10891/37/338328/1958/634/1181/857/1374/55198/9971/54657/54659/653/650/54575/54658/54576/8647/32,0.271288554688953
GO:0043549,regulation of kinase activity,230,0.364093814183823,1.30229125584687,0.023068266535403,0.11280804550341,0.0682317727358861,1447,"tags=12%, list=8%, signal=11%",57214/22974/57761/6997/1894/9928/2069/990/9088/2146/1033/641/4485/7023/183/3656/79092/10464/5933/55732/5925/993/5478/51654/9134/995/3654,0.352487857583619
GO:0016241,regulation of macroautophagy,180,-0.386454403073945,-1.30206992824688,0.044822256568779,0.176348878253871,0.106664347649591,4416,"tags=31%, list=25%, signal=23%",79142/155066/826/1634/340371/5899/64112/84749/112574/5305/22930/8408/9517/5289/2629/23265/7345/525/401548/9638/3099/55062/160760/51382/26086/154/5768/8678/9531/10133/140775/23770/6721/2475/207/26471/51100/10241/79594/9114/7855/55187/51471/9637/5563/4534/5566/83667/5071/120892/291/7957/65018/79443/26353,0.266350657088526
GO:0045765,regulation of angiogenesis,260,-0.373545698920012,-1.30075257576727,0.0290340179908832,0.133017893803906,0.0804556683819152,3407,"tags=30%, list=20%, signal=24%",947/2896/6237/3586/6672/3099/1647/694/55810/7060/5293/3678/204851/6271/2534/10855/28996/168667/57142/4303/4086/57608/6093/2624/2246/3162/575/7082/358/10000/8742/4881/57381/5578/30832/26051/22905/9723/28514/54583/3339/10516/388/493/63923/3315/5140/147372/23166/51548/8434/126393/3690/23328/7122/55333/6786/25/7010/6356/10365/153090/634/2549/5797/11126/7098/6833/9510/1139/5579/57556/6422/1215/9314/729/2247/577,0.352487857583619
GO:0051056,regulation of small GTPase mediated signal transduction,291,-0.374998910852523,-1.29921300554158,0.0270491614680867,0.125687724197165,0.0760220265748019,4027,"tags=34%, list=23%, signal=26%",2059/3845/9267/2885/23607/8829/3479/10260/57584/1605/1794/23365/221472/23616/9639/79567/50649/79822/9353/55619/56990/23096/157285/10251/79109/285282/8036/392/10276/23075/23229/10979/57142/4649/9750/284217/8729/19/84144/55114/5894/22898/27352/11337/382/10982/57493/57514/201163/121512/23094/9826/26030/84952/90627/55200/440073/6453/10395/4853/2150/83892/7074/23370/51306/54509/2255/5500/2909/30851/10928/1398/83478/115557/84033/25/57568/10672/5649/7010/395/9754/25959/153090/9927/79658/408/5516/171024/80243/9215/58480/9912/57569/1795/1902/5662/117,0.352487857583619
GO:0000302,response to reactive oxygen species,160,-0.397229793611234,-1.29826626410305,0.0443349753694581,0.175252848165215,0.106001415537017,2386,"tags=24%, list=14%, signal=21%",207/3162/10068/4921/8737/358/5156/80312/5578/80310/10516/27086/388/3240/1398/5164/9283/7168/83667/6869/25/1410/824/10365/2168/120892/5598/3043/10628/65018/4137/3040/3039/2353/9314/6546/1843/4151/3741,0.276500599254472
GO:0048511,rhythmic process,233,-0.380080054096498,-1.29624800310291,0.0382091654301758,0.157941965118547,0.0955309545638938,1655,"tags=16%, list=10%, signal=15%",3400/116443/5500/51548/79365/5563/1408/55366/8850/4916/153/8792/6785/8648/3737/2494/10891/1958/3727/2776/5602/4915/771/8863/85457/5187/7008/9607/5764/2767/285382/5350/6335/687/9099/3131/22871,0.321775918075361
GO:0006091,generation of precursor metabolites and energy,398,-0.362482883368716,-1.29489030938428,0.012916759135744,0.0744177379786454,0.0450114543037993,4283,"tags=37%, list=25%, signal=28%",669/8802/80219/5027/4536/5167/8050/23729/4538/2997/4539/51079/4535/10975/3479/1327/4514/4698/79660/4519/4512/1329/23479/89801/55829/10476/5236/4938/5162/4508/84883/7385/4714/7351/3098/2109/8445/4719/5018/7345/2271/3099/55062/4723/90624/23409/54677/5224/513/4731/4713/4720/54205/5208/51763/192286/23530/79611/4716/4541/3953/6390/6834/2548/506/3588/4705/5663/4540/2992/2475/5019/5260/23596/5502/5837/207/48/51422/374291/201163/26471/27069/2033/1346/2647/10840/8013/1351/4707/9377/9611/4729/6392/51341/4700/26137/29796/3155/405/7386/63976/7384/1743/5467/3419/34/2108/5500/64080/5507/51548/5563/8801/56181/3643/9759/6622/4967/178/5164/3158/5566/5166/10891/37/6389/51/8671/863/23710/2235/291/38/9927/7957/50/55022/498/65018/25994/2110/7360/8987/137872/10580,0.380730400722792
GO:2000146,negative regulation of cell motility,269,-0.373209851832465,-1.2939206135615,0.0312186495290606,0.138388553493076,0.0837041036306414,2860,"tags=26%, list=16%, signal=22%",5728/967/9750/65009/2192/23603/140/9368/104/90102/91862/207/3162/4286/575/90627/79890/51466/80312/6722/2043/10395/22998/4163/127435/5467/348110/388/493/63923/90355/8434/4739/8976/130399/1398/94241/407004/7168/5801/7122/55333/9863/4092/5592/7414/7049/94/1845/153090/5734/9839/5797/10370/51474/22915/84830/6833/5365/6387/653/4208/6422/9314/1843/4223/2247/340533/11240/93649,0.352487857583619
GO:0006163,purine nucleotide metabolic process,386,-0.363927785381467,-1.29248400902553,0.0189487100640843,0.0977022085584979,0.0590950305043274,4208,"tags=35%, list=24%, signal=27%",6774/5027/4536/5167/23729/4538/10846/9583/83594/108/4539/51079/6817/2820/4535/2982/3479/2977/23433/4698/516/8564/10476/5236/4508/79873/79631/4714/7351/3098/6818/4719/7345/525/10380/518/445329/3099/4723/65220/9567/5136/5224/513/4731/4713/25939/4720/5208/50808/64802/122622/23530/56953/4716/4541/6390/506/168537/4705/5663/4540/2475/51715/7498/48/51422/374291/201163/26471/2033/131870/260425/4622/10840/107/4707/8604/270/9611/10900/4729/6392/51341/4881/4200/4907/4700/26137/405/23057/2805/8402/64080/1910/51548/572/5563/5091/3643/5143/9759/4625/4967/8622/5566/477/5071/112/203/5151/6389/120892/8654/23171/8671/863/9060/55022/1740/111/498/65018/4621/27115/27284/9607/5144/5152/5138/115/2981/117/6799,0.352487857583619
GO:0007596,blood coagulation,187,-0.387383337660597,-1.29237601884066,0.0468202338400959,0.179875382034042,0.108797348034511,3012,"tags=27%, list=17%, signal=22%",1607/10855/50808/284/10627/5580/5336/2192/1606/2162/2316/966/5327/10398/9162/5156/79057/3611/5578/558/2150/375033/2811/3705/3315/7450/3690/64805/80274/1465/5154/5592/7414/634/7094/10218/2776/857/6484/2157/3572/5028/22915/3043/84830/1511/79987/1608/3570/9068,0.321775918075361
GO:0050817,coagulation,187,-0.387383337660597,-1.29237601884066,0.0468202338400959,0.179875382034042,0.108797348034511,3012,"tags=27%, list=17%, signal=22%",1607/10855/50808/284/10627/5580/5336/2192/1606/2162/2316/966/5327/10398/9162/5156/79057/3611/5578/558/2150/375033/2811/3705/3315/7450/3690/64805/80274/1465/5154/5592/7414/634/7094/10218/2776/857/6484/2157/3572/5028/22915/3043/84830/1511/79987/1608/3570/9068,0.321775918075361
GO:0046034,ATP metabolic process,203,-0.383954207009562,-1.29166417631083,0.047112462006079,0.180526109303607,0.10919093942218,4208,"tags=35%, list=24%, signal=27%",6774/5027/4536/5167/4538/4539/51079/4535/3479/4698/516/10476/5236/4508/4714/7351/3098/4719/7345/525/518/3099/4723/65220/5224/513/4731/4713/4720/5208/64802/4716/4541/6390/506/4705/5663/4540/2475/51422/374291/201163/26471/2033/4622/4707/9611/4729/6392/51341/4907/4700/26137/405/51548/572/5563/3643/9759/4625/4967/5566/477/5071/203/6389/8671/863/55022/498/65018/4621,0.257206466468838
GO:0001906,cell killing,165,0.370675318191997,1.29083676539055,0.0424228786404225,0.169864905073844,0.102742526449065,1483,"tags=13%, list=9%, signal=12%",154064/80328/563/3576/3500/79465/3627/1512/8970/1773/3002/6373/4283/2919/6223/2214/6367/6364/2921/81607/5272/4843,0.321775918075361
GO:0016197,endosomal transport,296,-0.367764598632325,-1.28682856269511,0.0332166017604915,0.144538312631557,0.087423775982421,4891,"tags=39%, list=28%, signal=28%",4771/9341/51552/150684/23484/26088/4642/6643/7430/8724/29082/55004/9980/23023/8766/23085/51429/10938/23426/51510/84766/27236/5594/23339/89853/23317/55111/30844/9482/9367/91782/79778/9110/27243/55048/23301/10311/112574/7109/79735/80700/58513/5289/6272/23258/23585/84162/163486/137492/55275/9230/401548/4218/79958/84067/392/8678/5605/253725/30846/2060/8729/19/65009/10254/161291/23603/83874/91056/387680/27352/79643/4478/644150/201475/382/79720/51560/2647/9372/10490/6453/51479/88/57020/9495/51652/11149/6642/22853/1639/55745/53916/25938/23673/5869/64145/9827/27065/57132/257364/9905/9525/5595/85377/92241/5071/120892/254102/80148/27147/83547/57554/9912/9201,0.321775918075361
GO:0002703,regulation of leukocyte mediated immunity,191,0.366625262402078,1.2829865750081,0.0431336696026495,0.172007944317757,0.104038740438078,1719,"tags=14%, list=10%, signal=13%",154064/80328/563/50943/79465/3329/54209/1773/7784/3553/4179/941/722/149840/9188/11006/4436/725/2302/64127/81607/5272/259307/4843/3146/10459/3635,0.321775918075361
GO:0030336,negative regulation of cell migration,258,-0.375789786023597,-1.2822645619148,0.0263027208006488,0.123291381870984,0.0745726026062568,2424,"tags=23%, list=14%, signal=20%",90102/91862/207/3162/4286/575/90627/79890/51466/80312/6722/2043/10395/22998/4163/127435/5467/348110/388/493/63923/90355/8434/4739/8976/130399/94241/407004/7168/5801/7122/55333/9863/4092/5592/7414/7049/94/1845/153090/5734/9839/5797/10370/51474/22915/84830/6833/5365/6387/653/4208/6422/9314/1843/4223/2247/340533/11240/93649,0.352487857583619
GO:0007423,sensory organ development,274,-0.369816023355726,-1.28000446037431,0.0419906687402799,0.169037657463422,0.102242167004853,2180,"tags=24%, list=13%, signal=21%",8082/388585/130497/5156/5158/4212/6899/2043/5048/6443/4211/6604/5080/28514/4094/2823/7855/221935/4919/91851/116039/493/144165/654/3777/23347/7482/30812/4760/5205/340273/4916/2254/682/1889/6505/3815/94/51761/7782/775/27151/5087/81029/10586/9839/474/64093/5797/8736/10218/5145/6442/2295/7483/2353/650/1946/2263/1261/56603/2247/5523/6297/1756/7111,0.276500599254472
GO:0001501,skeletal system development,271,-0.369761891238293,-1.27666715445009,0.0302208334598437,0.136274668996759,0.082425523845849,2194,"tags=20%, list=13%, signal=18%",64399/4921/388585/130497/5156/202018/6899/3237/4853/1954/9464/1310/7092/10516/27086/116039/63923/5608/654/3233/7227/2487/7482/1305/5310/57453/4781/4092/4774/5592/2494/94/51222/6660/81029/6261/5734/340267/2822/7483/389125/653/650/4208/2263/56603/651/2247/85477/2260/5593/4969/7704/5125/1836,0.352487857583619
GO:0045580,regulation of T cell differentiation,149,0.378053787214733,1.27447811272927,0.0479363734536978,0.182375406576593,0.110309484032083,1899,"tags=17%, list=11%, signal=16%",51176/6659/6469/50943/6932/4179/941/86/5688/1493/2648/84524/865/3559/652/11006/5896/2302/5698/259307/10538/3146/5683/5682/3575/8744,0.321775918075361
GO:0046474,glycerophospholipid biosynthetic process,199,-0.380575771855421,-1.27401736330585,0.044478527607362,0.175466298843002,0.106130520851023,4506,"tags=35%, list=26%, signal=26%",246/27124/3356/10809/93210/9108/285172/64801/1119/80736/375133/56895/9110/5321/10554/5305/5287/145567/5289/8867/3631/10380/5297/5293/57217/8605/5298/1607/51763/8678/5728/5336/1606/3613/3931/10162/23396/3612/9362/94005/23682/10555/57153/9162/63874/5295/65258/254531/79575/57605/22979/8395/80157/80235/8897/66036/83394/4534/200879/84302/5154/51099/824/3707/3706/9971/171586/1608/84803/660,0.266350657088526
GO:0006898,receptor-mediated endocytosis,237,-0.369369430690842,-1.26537237805042,0.0479134466769706,0.182375406576593,0.110309484032083,3448,"tags=28%, list=20%, signal=23%",90416/1950/23654/567/6366/161/23096/1785/88455/9260/4360/5298/154/26119/284/2060/967/5336/283420/2690/950/382/1742/23396/23327/858/440073/219931/8029/6453/79890/55576/11037/8650/162/6642/160622/28514/6614/3339/85439/23166/54413/9098/8976/10928/3690/3643/6622/85377/9863/1212/7018/634/81693/389337/857/339965/408/10894/8522/22848/9892/1902/1191/53353/9413,0.257206466468838
GO:0002443,leukocyte mediated immunity,358,0.334600340798561,1.26433368037158,0.037489436306325,0.156174986965683,0.094462200547126,1721,"tags=15%, list=10%, signal=14%",154064/80328/563/3502/50943/3500/3503/3501/79465/3329/54209/1512/1773/3002/7784/717/3553/4179/6348/28378/941/722/149840/2214/306/28467/9188/28444/11006/28388/28391/4436/725/2302/64127/28392/81607/102723169/28457/28468/28461/5272/28454/259307/4843/10538/3542/28439/28424/3146/28434/10459/3635/3539,0.321775918075361
GO:0043254,regulation of protein-containing complex assembly,372,-0.351905204657086,-1.260527953451,0.0465019837691732,0.179709836025772,0.108697217786148,2639,"tags=21%, list=15%, signal=18%",5894/51673/79998/22924/382/3931/9424/84446/10497/4926/83700/51128/2033/5216/51100/148170/7376/51466/832/3071/29767/11078/4131/5581/1639/81553/79575/57606/26524/6249/3958/143098/23580/57600/91663/10602/389/118/64805/6622/25802/2314/25999/25/1410/57704/11076/8780/57731/6356/25959/256949/120892/153090/80772/122060/5734/50853/6840/54751/5516/112476/10178/5063/4133/65018/4137/6710/57482/6855/85477/1191/23500/2934/11075/51676/7111,0.321775918075361
GO:0034504,protein localization to nucleus,265,0.333721224639743,1.23638496761289,0.046301905421845,0.179172218610668,0.108372040719898,2914,"tags=23%, list=17%, signal=20%",5347/983/1894/6469/4321/1736/55127/27042/3838/4001/9818/55723/10576/1871/4869/84154/908/55612/10575/5901/3843/57122/705/84823/652/129401/11006/9631/55027/55726/7203/4487/55035/79902/23212/51184/22948/10694/6789/7529/9688/10430/6850/3320/51068/785/55632/11321/402569/7037/10155/10280/10204/51569/199953/3068/84455/152877/10527/9349/221927/25885,0.321775918075361
GO:1902105,regulation of leukocyte differentiation,254,0.339808529808067,1.23325247378274,0.0473156043286681,0.180832979352348,0.109376549298956,1985,"tags=16%, list=11%, signal=15%",3624/51176/6659/6469/50943/54997/6932/54209/8600/4179/4609/6348/55795/3976/941/86/5591/5688/1493/2648/84524/865/3559/4323/652/11006/5896/2302/841/5698/259307/10538/56833/3146/3635/5683/5682/3575/8744/4067/9370,0.321775918075361
GO:0051251,positive regulation of lymphocyte activation,267,0.339544093035625,1.22902999193209,0.0347498598039779,0.148537340683189,0.0898425819458229,2732,"tags=19%, list=16%, signal=17%",51176/6659/6469/3552/50943/10808/3329/8600/2048/7784/7293/3553/4179/55795/941/6541/149840/86/2214/5591/29851/865/3559/4323/11006/4436/5896/64127/259307/4282/3146/10459/961/3635/84433/3575/8744/4067/861/112441434/6850/6929/1604/51571/7037/3481/55183/79576/5588/7535/3932/3485,0.321775918075361
GO:1903829,positive regulation of protein localization,419,-0.339549009229783,-1.21919628877293,0.0423976608187134,0.169864905073844,0.102742526449065,3073,"tags=26%, list=18%, signal=22%",22873/5108/4947/2534/3915/4088/9531/10979/163882/57142/5580/55704/284217/64083/7016/4130/6721/5174/8554/5019/23208/781/4478/382/2316/5621/207/5780/10497/4926/1956/51128/2033/51100/7431/23682/222546/399687/7376/57628/5295/1824/5578/9495/54795/2150/79899/5581/4826/3958/7855/55691/5532/5467/493/654/51548/4739/572/342667/257364/25937/5563/114131/6622/8447/6934/9854/4760/25999/5566/94121/83667/324/6256/5071/682/2770/59353/79971/6769/23171/2822/22885/5567/65267/10178/6844/9971/2641/6833/9215/79608/58480/65018/4137/81285/11261/1946/9607/5593/43/63928/9378/2852/10580/123264,0.266350657088526
GO:0010506,regulation of autophagy,337,-0.343426418578782,-1.21460889834623,0.0498489425981873,0.1856857316807,0.112311729077438,4004,"tags=29%, list=23%, signal=23%",79156/140710/1613/53373/4170/5476/112574/5305/22930/8408/9706/4210/29919/9517/5289/9682/9528/2629/10645/23265/7345/525/3586/401548/9638/4218/3099/55062/160760/51382/26086/9681/154/5768/7942/10855/8678/9531/10133/64121/326624/8975/3587/140775/3953/666/23770/23118/6721/2475/340485/2801/6093/207/201163/26471/2033/51100/10241/79594/219931/10346/25989/9114/7855/2308/3315/114881/55187/51471/9637/572/5563/66036/56834/94241/6622/4534/5566/83667/5071/25/1917/120892/80772/1612/596/3708/291/7957/23255/65018/4137/79443/387104/220441/26353,0.248911114434702
GO:0002696,positive regulation of leukocyte activation,294,0.326684121152066,1.20541365842152,0.0481159936804619,0.182704012179428,0.110508240625306,2732,"tags=19%, list=16%, signal=16%",51176/6659/6469/3552/50943/10808/3329/54209/8600/2048/7784/7293/3553/4179/6348/55795/941/6541/149840/86/2214/5591/29851/865/3559/4323/11006/4436/5896/64127/259307/4282/3146/10459/961/3635/84433/3575/8744/4067/861/112441434/6850/6929/1604/51571/7037/3481/55183/914/79576/5588/7535/3932/3485,0.321775918075361
,,,,,,,,,,,
,,,,,,,,,,,
