ID,Description,GeneRatio,BgRatio,RichFactor,FoldEnrichment,zScore,pvalue,p.adjust,qvalue,geneID,Count
GO:0003012,muscle system process,87/1045,366/14198,0.237704918032787,3.22960232175073,12.180622585039,2.02237960659041e-23,8.90251502821098e-20,8.90251502821098e-20,SLC9A1/RYR1/FBXO32/LMOD1/SLMAP/TACR1/MYOM2/SLC6A8/ASB2/ABCC8/GPD1L/STAC/CNN1/KCNA5/RCSD1/SCN4B/DES/RYR3/MB/JPH2/TACR2/SCN4A/SYNM/JPH4/TNNT3/DMD/KCND3/DTNA/NOS1/SGCA/IL6ST/TMOD1/SCN7A/EDN3/CASQ2/MYH1/CARTPT/CHRNA1/ATP1A2/GPER1/TPM1/MYOCD/SMTN/MYOT/PRKG1/GSN/CACNA1C/CAV1/SORBS2/MYH2/GNAO1/SRI/P2RY1/MYH11/MYLK/SMPX/KIT/CACNB1/FXYD1/SMAD7/KCNMA1/KCNN2/CALM1/CAMK2D/CACNB2/GNAI1/CAMK2B/RYR2/GJA5/P2RX4/PDE4D/SCN9A/DMPK/CAMK2G/BDKRB2/JUND/ANK2/ARRB1/CHGA/CAMTA2/ACTA1/PDE9A/KLF4/MYH3/SLC8A1/PLN/CRYAB,87
GO:0008015,blood circulation,84/1045,364/14198,0.230769230769231,3.13536989326463,11.633059456288,9.69965407245113e-22,2.13489386134649e-18,2.13489386134649e-18,GNA13/SLC9A1/OR51E2/SCNN1G/CYB5R3/TACR1/ABCC8/GPD1L/KCNA5/SCN4B/DES/TEK/JPH2/TACR2/SCN4A/JPH4/ADRB1/ECE1/DMD/KCND3/NOS1/PDE3A/PDE2A/DRD5/SCN7A/EDN3/SGK1/CASQ2/CARTPT/ATP1A2/GPER1/HSPB7/TPM1/ATP2A3/PCSK5/CLDN5/PRKG1/GSN/CACNA1C/CAV1/ZEB2/SCNN1B/SPTBN4/SRI/P2RY1/GPR37L1/ADAMTS16/FXYD1/SMAD7/KCNMA1/KCNN2/CALM1/ADCY6/FFAR3/CAMK2D/CACNB2/SLC1A1/KAT2B/HBB/ABL1/RYR2/P2RX1/GJA5/ANPEP/CMA1/P2RX4/PDE4D/SCN9A/DMPK/GNA11/CEACAM1/BDKRB2/CXCL12/CTSG/ANK2/SVEP1/CHGA/PTGS1/HSD11B2/ACVRL1/KLF2/GAB1/SLC8A1/PLN,84
GO:0006936,muscle contraction,72/1045,297/14198,0.242424242424242,3.29372190807598,11.260041522267,4.57959469714844e-20,6.71979195228247e-17,6.71979195228247e-17,SLC9A1/RYR1/LMOD1/SLMAP/TACR1/MYOM2/SLC6A8/GPD1L/STAC/CNN1/KCNA5/RCSD1/SCN4B/DES/RYR3/MB/JPH2/TACR2/SCN4A/SYNM/JPH4/TNNT3/DMD/KCND3/DTNA/NOS1/SGCA/TMOD1/SCN7A/EDN3/CASQ2/MYH1/CHRNA1/ATP1A2/GPER1/TPM1/MYOCD/SMTN/MYOT/PRKG1/GSN/CACNA1C/CAV1/MYH2/GNAO1/SRI/MYH11/MYLK/SMPX/KIT/CACNB1/FXYD1/SMAD7/KCNMA1/KCNN2/CALM1/CAMK2D/CACNB2/RYR2/GJA5/P2RX4/PDE4D/SCN9A/DMPK/BDKRB2/ANK2/CHGA/ACTA1/MYH3/SLC8A1/PLN/CRYAB,72
GO:0003013,circulatory system process,90/1045,436/14198,0.206422018348624,2.80457398709451,10.7875093946068,9.81378909320567e-20,1.08000748970728e-16,1.08000748970728e-16,GNA13/SLC9A1/OR51E2/SCNN1G/CYB5R3/TACR1/ABCC8/GPD1L/KCNA5/SCN4B/DES/TEK/JPH2/TACR2/SCN4A/JPH4/ADRB1/ECE1/DMD/KCND3/NOS1/PDE3A/SLC2A4/PDE2A/DRD5/SCN7A/EDN3/SGK1/CASQ2/CARTPT/ATP1A2/GPER1/HSPB7/SLC16A7/TPM1/ATP2A3/PCSK5/CLDN5/PRKG1/GSN/CACNA1C/CAV1/SLC4A4/ZEB2/SLC28A2/SCNN1B/SPTBN4/SRI/P2RY1/GPR37L1/ADAMTS16/FXYD1/SMAD7/KCNMA1/KCNN2/CALM1/ADCY6/FFAR3/CAMK2D/CACNB2/SLC1A1/KAT2B/HBB/ABL1/RYR2/P2RX1/GJA5/ANPEP/CMA1/P2RX4/PDE4D/SCN9A/DMPK/GNA11/CEACAM1/BDKRB2/CXCL12/CTSG/ANK2/SVEP1/CHGA/FLVCR2/PTGS1/HSD11B2/ACVRL1/SLC22A5/KLF2/GAB1/SLC8A1/PLN,90
GO:0044057,regulation of system process,84/1045,395/14198,0.212658227848101,2.8893028889831,10.7338968822396,2.50129786781322e-19,2.20214264282275e-16,2.20214264282276e-16,SLC9A1/RELN/FBXO32/OR51E2/NLGN1/TMEM25/TACR1/ABCC8/GPD1L/NLGN4X/CNN1/KCNA5/SCN4B/NEUROD1/DES/UNC79/JPH2/TMEM100/TACR2/SCN4A/JPH4/ADRB1/ECE1/TNNT3/DMD/KCND3/NOS1/IL6ST/EDN3/CASQ2/CARTPT/ATP1A2/GPER1/HSPB7/TPM1/MYOCD/ATP2A3/CHRNA7/PRKG1/RIMS1/CACNA1C/CAV1/NRXN1/LRRK2/SPTBN4/SRI/KIT/CACNB1/FXYD1/SMAD7/ECRG4/KCNN2/CALM1/TPPP/PRKN/CAMK2D/CACNB2/SLC1A1/GNAI1/CAMK2B/ABL1/RYR2/GJA5/SOX10/P2RX4/PDE4D/DMPK/GRIN1/GNAQ/CAMK2G/BDKRB2/JUND/ANK2/SVEP1/WNK3/ARRB1/CHGA/ELOVL4/SLC22A5/PDE9A/KLF4/MGLL/SLC8A1/PLN,84
GO:0042391,regulation of membrane potential,68/1045,301/14198,0.225913621262459,3.06939865520037,10.2284754681976,2.80828776041777e-17,2.0603471202265e-14,2.0603471202265e-14,SLC9A1/RELN/TRPC4/NLGN1/TMEM25/BCL2/SLMAP/SPART/TACR1/GPD1L/NLGN4X/KCNA5/SCN4B/UNC79/SCN4A/DMD/KCND3/NOS1/CLCN2/SCN7A/FHL1/CASQ2/KCNA2/KCNB1/CHRNA1/ATP1A2/GPER1/ABCB5/CHRNA7/GRIK3/RIMS1/CACNA1C/CAV1/NRXN1/SLC4A4/LRRK2/SLC26A3/GNA14/FXYD1/SMAD7/HCN2/KCNMA1/KCNN2/MEF2C/CALM1/PRKN/CAMK2D/MPP2/CACNB2/ABL1/RYR2/P2RX1/CHRFAM7A/GJA5/P2RX4/SCN9A/GNA11/GRIN1/GNAQ/PINK1/GLRB/ANK2/ELOVL4/PID1/SLC8A1/PLN/MAPT/KCNA6,68
GO:0050801,monoatomic ion homeostasis,75/1045,395/14198,0.189873417721519,2.57973472230634,8.97511442416546,1.46353929855621e-14,9.20357141749204e-12,9.20357141749204e-12,SLC9A1/RYR1/TRPC4/SLC25A23/BCL2/SCNN1G/ITPR1/MT2A/AFG3L2/NPTN/KCNA5/CNR1/RYR3/CCL13/ROGDI/JPH2/SV2B/LETM1/CCL23/DRD5/SCN7A/EDN3/CASQ2/CARTPT/MT1E/CCL14/ATP1A2/GPER1/CYP4F12/ATP2A3/CHRNA7/SLC9A9/CA12/CHP2/CAV1/CDH23/SLC4A4/MT1G/LRRK2/PDK4/SCNN1B/P2RY1/MT1M/SLC26A3/STIM1/FXYD1/WDR7/KCNMA1/CA2/CNNM4/MT1H/CAMK2D/CACNB2/SLC1A1/MT1X/CCL11/SLC9A2/RYR2/P2RX1/BMP2/CYBRD1/DMPK/GRIN1/SLC30A10/CXCL12/MT1F/TF/ANK2/WNK3/CHP1/SCARA5/FGFR1/SLC9A3/SLC8A1/PLN,75
GO:0098771,inorganic ion homeostasis,65/1045,321/14198,0.202492211838006,2.75118126667561,8.94498982921476,3.94369231266485e-14,2.01916053420696e-11,2.01916053420696e-11,SLC9A1/RYR1/TRPC4/SLC25A23/BCL2/SCNN1G/ITPR1/MT2A/AFG3L2/NPTN/KCNA5/CNR1/RYR3/CCL13/JPH2/SV2B/LETM1/CCL23/DRD5/SCN7A/EDN3/CASQ2/CARTPT/MT1E/CCL14/ATP1A2/GPER1/CYP4F12/ATP2A3/CHRNA7/CA12/CHP2/CAV1/CDH23/MT1G/SCNN1B/P2RY1/MT1M/STIM1/FXYD1/KCNMA1/CNNM4/MT1H/CAMK2D/CACNB2/SLC1A1/MT1X/CCL11/RYR2/P2RX1/BMP2/CYBRD1/DMPK/GRIN1/SLC30A10/CXCL12/MT1F/TF/ANK2/CHP1/SCARA5/FGFR1/SLC9A3/SLC8A1/PLN,65
GO:0055080,monoatomic cation homeostasis,73/1045,386/14198,0.189119170984456,2.56948707142326,8.81185082480527,4.12822462695653e-14,2.01916053420696e-11,2.01916053420696e-11,SLC9A1/RYR1/TRPC4/SLC25A23/BCL2/SCNN1G/ITPR1/MT2A/AFG3L2/NPTN/KCNA5/CNR1/RYR3/CCL13/ROGDI/JPH2/SV2B/LETM1/CCL23/DRD5/SCN7A/EDN3/CASQ2/CARTPT/MT1E/CCL14/ATP1A2/GPER1/CYP4F12/ATP2A3/CHRNA7/SLC9A9/CHP2/CAV1/CDH23/SLC4A4/MT1G/LRRK2/PDK4/SCNN1B/P2RY1/MT1M/SLC26A3/STIM1/FXYD1/WDR7/KCNMA1/CA2/CNNM4/MT1H/CAMK2D/CACNB2/SLC1A1/MT1X/CCL11/SLC9A2/RYR2/P2RX1/BMP2/CYBRD1/DMPK/GRIN1/SLC30A10/CXCL12/MT1F/TF/ANK2/CHP1/SCARA5/FGFR1/SLC9A3/SLC8A1/PLN,73
GO:0090257,regulation of muscle system process,46/1045,182/14198,0.252747252747253,3.43397654976602,9.31502587496027,5.64317503827877e-14,2.48412565185031e-11,2.48412565185031e-11,SLC9A1/FBXO32/TACR1/ABCC8/CNN1/JPH2/TACR2/SCN4A/JPH4/TNNT3/DMD/NOS1/IL6ST/EDN3/CASQ2/CARTPT/ATP1A2/GPER1/TPM1/MYOCD/PRKG1/CACNA1C/CAV1/SRI/KIT/CACNB1/SMAD7/CALM1/CAMK2D/CACNB2/GNAI1/CAMK2B/RYR2/GJA5/P2RX4/PDE4D/DMPK/CAMK2G/JUND/ANK2/ARRB1/CHGA/PDE9A/KLF4/SLC8A1/PLN,46
GO:0030003,intracellular monoatomic cation homeostasis,66/1045,344/14198,0.191860465116279,2.60673194614443,8.50313520504998,3.58257162898042e-13,1.39199118936385e-10,1.39199118936385e-10,SLC9A1/RYR1/TRPC4/SLC25A23/BCL2/SCNN1G/ITPR1/MT2A/AFG3L2/NPTN/CNR1/RYR3/CCL13/ROGDI/SV2B/LETM1/CCL23/DRD5/EDN3/CASQ2/CARTPT/MT1E/CCL14/ATP1A2/GPER1/ATP2A3/CHRNA7/SLC9A9/CHP2/CAV1/CDH23/SLC4A4/MT1G/LRRK2/SCNN1B/P2RY1/MT1M/SLC26A3/STIM1/FXYD1/WDR7/KCNMA1/CA2/CNNM4/MT1H/CAMK2D/CACNB2/SLC1A1/MT1X/CCL11/SLC9A2/RYR2/P2RX1/BMP2/CYBRD1/DMPK/SLC30A10/CXCL12/MT1F/TF/ANK2/CHP1/SCARA5/SLC9A3/SLC8A1/PLN,66
GO:0001508,action potential,35/1045,118/14198,0.296610169491525,4.02992458032601,9.31570057349458,3.79461478245485e-13,1.39199118936385e-10,1.39199118936385e-10,SLC9A1/SLMAP/TACR1/GPD1L/KCNA5/SCN4B/UNC79/SCN4A/DMD/KCND3/NOS1/CLCN2/SCN7A/CASQ2/KCNA2/KCNB1/CHRNA1/ATP1A2/GPER1/CACNA1C/CAV1/GNA14/HCN2/KCNN2/CALM1/CAMK2D/CACNB2/RYR2/P2RX1/GJA5/SCN9A/GNA11/ANK2/SLC8A1/KCNA6,35
GO:0007188,adenylate cyclase-modulating G protein-coupled receptor signaling pathway,44/1045,179/14198,0.245810055865922,3.33972361070273,8.87925608552409,5.72514508759311e-13,1.93862220581422e-10,1.93862220581422e-10,GNA13/OR51E2/TACR1/NPY1R/CNR1/GNAZ/TACR2/ADGRL3/ADRB1/ADCYAP1R1/MAPK7/NOS1/PDE3A/GLP2R/GNAL/PDE2A/DRD5/PRKACB/GPER1/GRIK3/NRXN1/GNG2/PTGER4/GNAO1/P2RY1/RAP1A/GPR37L1/ADCY5/GNA14/CHRM4/ADCY6/VIP/FFAR3/GNAI1/FFAR4/PRKAR2B/PDE4D/GNA11/GNAQ/ADCY9/VIPR1/LPAR1/GCG/CHGA,44
GO:0006873,intracellular monoatomic ion homeostasis,66/1045,350/14198,0.188571428571429,2.56204511278196,8.34023126859461,8.24898382466601e-13,2.59371619972713e-10,2.59371619972713e-10,SLC9A1/RYR1/TRPC4/SLC25A23/BCL2/SCNN1G/ITPR1/MT2A/AFG3L2/NPTN/CNR1/RYR3/CCL13/ROGDI/SV2B/LETM1/CCL23/DRD5/EDN3/CASQ2/CARTPT/MT1E/CCL14/ATP1A2/GPER1/ATP2A3/CHRNA7/SLC9A9/CHP2/CAV1/CDH23/SLC4A4/MT1G/LRRK2/SCNN1B/P2RY1/MT1M/SLC26A3/STIM1/FXYD1/WDR7/KCNMA1/CA2/CNNM4/MT1H/CAMK2D/CACNB2/SLC1A1/MT1X/CCL11/SLC9A2/RYR2/P2RX1/BMP2/CYBRD1/DMPK/SLC30A10/CXCL12/MT1F/TF/ANK2/CHP1/SCARA5/SLC9A3/SLC8A1/PLN,66
GO:0007610,behavior,58/1045,288/14198,0.201388888888889,2.7361908559277,8.39023586444409,1.22812492298908e-12,3.60413727399861e-10,3.60413727399861e-10,RELN/NLGN1/PTN/TACR1/PER3/GUCA2B/C3orf70/ABCC8/NR3C1/NPY1R/NLGN4X/BCHE/TACR2/ADRB1/FOSB/SLC2A4/C1QL1/KCNA2/CARTPT/MUSK/ATP1A2/CNTN2/CHRNA7/CLDN5/USP2/NRXN1/LRRK2/P2RY1/PTPRZ1/RASD2/FOXP2/KIT/SLC30A4/MEF2C/CAPN2/PRKN/FGF2/PYY/SLC1A1/KAT2B/GNAI1/CCL11/CPEB3/ABL1/NTRK2/FOS/P2RX4/NRXN3/GRIN1/CXCL12/PJA2/HPGDS/GCG/EGR1/CPT1A/CNTN1/PLN/MAPT,58
GO:0050804,modulation of chemical synaptic transmission,66/1045,357/14198,0.184873949579832,2.51180893409996,8.15438678827377,2.1177167428965e-12,5.67534332180012e-10,5.67534332180012e-10,NEFL/RELN/NLGN1/TMEM25/ACHE/PTN/TACR1/PRKCB/NPTN/NLGN4X/APBA1/BCHE/SV2B/TACR2/HOMER2/JPH4/PRRT2/PLCL2/ARHGAP44/SYP/C1QL1/CAMK2A/KCNB1/CHRNA1/ATP1A2/GPER1/CHRNA7/GRIK3/GIPC1/RIMS1/SLITRK5/NRXN1/LRRK2/GNAO1/P2RY1/RAP1A/PLCL1/SYNGR1/KIT/MEF2C/CALM1/PRKN/RAB3A/CAMK2D/MPP2/SLC1A1/CAMK2B/CPEB3/ABL1/P2RX1/NTRK2/NEURL1/VAMP2/PRKAR2B/NRXN3/GRIN1/CAMK2G/FAM107A/SYN1/EPHA7/PACSIN2/CACNA1A/ELOVL4/LGI1/PDE9A/MAPT,66
GO:0060048,cardiac muscle contraction,32/1045,106/14198,0.30188679245283,4.10161596100027,9.03438646747342,2.2811015150489e-12,5.67534332180012e-10,5.67534332180012e-10,SLC9A1/GPD1L/KCNA5/SCN4B/JPH2/SCN4A/JPH4/DMD/KCND3/NOS1/SCN7A/CASQ2/ATP1A2/TPM1/GSN/CACNA1C/CAV1/SRI/SMAD7/KCNN2/CALM1/CAMK2D/CACNB2/RYR2/GJA5/P2RX4/PDE4D/SCN9A/ANK2/CHGA/SLC8A1/PLN,32
GO:0006941,striated muscle contraction,44/1045,186/14198,0.236559139784946,3.2140350877193,8.56712164185828,2.37383387386969e-12,5.67534332180012e-10,5.67534332180012e-10,SLC9A1/RYR1/GPD1L/STAC/KCNA5/RCSD1/SCN4B/RYR3/MB/JPH2/SCN4A/SYNM/JPH4/TNNT3/DMD/KCND3/DTNA/NOS1/SCN7A/CASQ2/CHRNA1/ATP1A2/TPM1/GSN/CACNA1C/CAV1/SRI/SMPX/SMAD7/KCNN2/CALM1/CAMK2D/CACNB2/RYR2/GJA5/P2RX4/PDE4D/SCN9A/DMPK/ANK2/CHGA/MYH3/SLC8A1/PLN,44
GO:0060047,heart contraction,42/1045,172/14198,0.244186046511628,3.31765884054746,8.61967399517233,2.44960297851436e-12,5.67534332180012e-10,5.67534332180012e-10,SLC9A1/GPD1L/KCNA5/SCN4B/DES/JPH2/SCN4A/JPH4/ADRB1/DMD/KCND3/NOS1/SCN7A/EDN3/CASQ2/CARTPT/ATP1A2/HSPB7/TPM1/ATP2A3/GSN/CACNA1C/CAV1/SPTBN4/SRI/FXYD1/SMAD7/KCNN2/CALM1/CAMK2D/CACNB2/SLC1A1/RYR2/GJA5/P2RX4/PDE4D/SCN9A/DMPK/ANK2/CHGA/SLC8A1/PLN,42
GO:0099177,regulation of trans-synaptic signaling,66/1045,359/14198,0.183844011142061,2.49781556956458,8.10209323739877,2.75642916780858e-12,6.06690059834669e-10,6.06690059834669e-10,NEFL/RELN/NLGN1/TMEM25/ACHE/PTN/TACR1/PRKCB/NPTN/NLGN4X/APBA1/BCHE/SV2B/TACR2/HOMER2/JPH4/PRRT2/PLCL2/ARHGAP44/SYP/C1QL1/CAMK2A/KCNB1/CHRNA1/ATP1A2/GPER1/CHRNA7/GRIK3/GIPC1/RIMS1/SLITRK5/NRXN1/LRRK2/GNAO1/P2RY1/RAP1A/PLCL1/SYNGR1/KIT/MEF2C/CALM1/PRKN/RAB3A/CAMK2D/MPP2/SLC1A1/CAMK2B/CPEB3/ABL1/P2RX1/NTRK2/NEURL1/VAMP2/PRKAR2B/NRXN3/GRIN1/CAMK2G/FAM107A/SYN1/EPHA7/PACSIN2/CACNA1A/ELOVL4/LGI1/PDE9A/MAPT,66
GO:0006937,regulation of muscle contraction,35/1045,127/14198,0.275590551181102,3.74433937384621,8.75631188291673,4.05481176921316e-12,8.22077794544473e-10,8.22077794544473e-10,SLC9A1/TACR1/CNN1/JPH2/TACR2/SCN4A/JPH4/TNNT3/DMD/NOS1/EDN3/CASQ2/ATP1A2/GPER1/TPM1/MYOCD/PRKG1/CACNA1C/CAV1/SRI/KIT/CACNB1/SMAD7/CALM1/CAMK2D/CACNB2/RYR2/GJA5/P2RX4/PDE4D/DMPK/ANK2/CHGA/SLC8A1/PLN,35
GO:0010817,regulation of hormone levels,68/1045,379/14198,0.179419525065963,2.43770183434119,7.99639335794016,4.10852146296647e-12,8.22077794544473e-10,8.22077794544473e-10,TACR1/PAPSS2/ADH1A/ABCC8/KCNA5/DHRS9/NEUROD1/UGT1A10/UGT1A5/GPLD1/BCHE/GNAZ/TACR2/EFNA5/ECE1/IL6ST/UGT1A1/UGT1A8/CLCN2/PRKACB/AKR1B15/EDN3/AKR1B10/CARTPT/UGT1A3/KCNB1/CES2/GPER1/PCSK5/CYP26B1/ADH1C/NR1H4/DHRS11/GNAO1/SRI/HSD17B2/P2RY1/ADH1B/ADCY5/NR5A2/TPO/ECRG4/MEP1A/PRKN/RAB3A/VIP/FFAR3/RDH5/FFAR4/BMP2/ANPEP/UGT2B15/CMA1/CPQ/GNAQ/CAMK2G/CTSG/BMP5/GCG/RETSAT/CHGA/EGR1/UGT2B17/CPT1A/IL6R/SULT1B1/UGT1A4/CYP21A2,68
GO:0055082,intracellular chemical homeostasis,81/1045,496/14198,0.163306451612903,2.21877990430622,7.78786057473603,5.79577087143209e-12,1.10926014678452e-09,1.10926014678452e-09,SLC9A1/RYR1/TRPC4/SLC25A23/BCL2/SCNN1G/ITPR1/MT2A/AFG3L2/HIF3A/ABCC8/NPTN/CNR1/RYR3/CCL13/GPLD1/ROGDI/SV2B/EFNA5/LETM1/CCL23/DRD5/EDN3/CASQ2/CARTPT/MT1E/KCNB1/CCL14/ATP1A2/GPER1/ATP2A3/CHRNA7/SLC9A9/CHP2/CAV1/CDH23/NR1H4/SLC4A4/MT1G/LRRK2/SCNN1B/SRI/P2RY1/MT1M/SLC26A3/ADCY5/STIM1/FXYD1/WDR7/KCNMA1/CA2/CNNM4/PRKN/MT1H/CAMK2D/CACNB2/SLC1A1/MT1X/CCL11/SLC9A2/RYR2/P2RX1/BMP2/CMA1/CYBRD1/DMPK/PPARGC1A/SLC30A10/CXCL12/EPAS1/MT1F/TF/ANK2/GCG/CHP1/SCARA5/ARRB1/SLC9A3/PCK1/SLC8A1/PLN,81
GO:1903522,regulation of blood circulation,43/1045,187/14198,0.229946524064171,3.12419210398383,8.2418376082258,1.15740992949353e-11,2.12288271234605e-09,2.12288271234605e-09,SLC9A1/TACR1/GPD1L/KCNA5/SCN4B/DES/JPH2/JPH4/ADRB1/ECE1/DMD/KCND3/NOS1/EDN3/CASQ2/CARTPT/ATP1A2/HSPB7/TPM1/ATP2A3/CACNA1C/CAV1/SPTBN4/SRI/FXYD1/SMAD7/KCNN2/CALM1/CAMK2D/CACNB2/SLC1A1/ABL1/RYR2/GJA5/P2RX4/PDE4D/DMPK/BDKRB2/ANK2/SVEP1/CHGA/SLC8A1/PLN,43
GO:0003015,heart process,42/1045,180/14198,0.233333333333333,3.17020733652313,8.25920942327835,1.21263276782314e-11,2.13520377758299e-09,2.13520377758299e-09,SLC9A1/GPD1L/KCNA5/SCN4B/DES/JPH2/SCN4A/JPH4/ADRB1/DMD/KCND3/NOS1/SCN7A/EDN3/CASQ2/CARTPT/ATP1A2/HSPB7/TPM1/ATP2A3/GSN/CACNA1C/CAV1/SPTBN4/SRI/FXYD1/SMAD7/KCNN2/CALM1/CAMK2D/CACNB2/SLC1A1/RYR2/GJA5/P2RX4/PDE4D/SCN9A/DMPK/ANK2/CHGA/SLC8A1/PLN,42
GO:0008016,regulation of heart contraction,38/1045,153/14198,0.248366013071895,3.37445038621509,8.32323141037557,1.57185629973966e-11,2.6612736274823e-09,2.6612736274823e-09,SLC9A1/GPD1L/KCNA5/SCN4B/DES/JPH2/JPH4/ADRB1/DMD/KCND3/NOS1/EDN3/CASQ2/CARTPT/ATP1A2/HSPB7/TPM1/ATP2A3/CACNA1C/CAV1/SPTBN4/SRI/FXYD1/SMAD7/KCNN2/CALM1/CAMK2D/CACNB2/SLC1A1/RYR2/GJA5/P2RX4/PDE4D/DMPK/ANK2/CHGA/SLC8A1/PLN,38
GO:0007189,adenylate cyclase-activating G protein-coupled receptor signaling pathway,33/1045,120/14198,0.275,3.73631578947368,8.48458071260328,1.77819937075967e-11,2.89912356669781e-09,2.89912356669781e-09,GNA13/OR51E2/TACR1/CNR1/TACR2/ADGRL3/ADRB1/ADCYAP1R1/MAPK7/NOS1/PDE3A/GNAL/PDE2A/DRD5/PRKACB/GPER1/NRXN1/GNG2/PTGER4/RAP1A/ADCY5/ADCY6/VIP/GNAI1/FFAR4/PRKAR2B/PDE4D/GNAQ/ADCY9/VIPR1/LPAR1/GCG/CHGA,33
GO:0055074,calcium ion homeostasis,38/1045,155/14198,0.245161290322581,3.33090909090909,8.22441967167126,2.39441463925841e-11,3.7643618721484e-09,3.7643618721484e-09,RYR1/TRPC4/SLC25A23/BCL2/ITPR1/AFG3L2/NPTN/CNR1/RYR3/CCL13/JPH2/SV2B/LETM1/CCL23/DRD5/EDN3/CASQ2/CARTPT/CCL14/GPER1/ATP2A3/CHRNA7/CAV1/CDH23/P2RY1/STIM1/CAMK2D/CACNB2/CCL11/RYR2/P2RX1/DMPK/GRIN1/CXCL12/ANK2/FGFR1/SLC8A1/PLN,38
GO:0006874,intracellular calcium ion homeostasis,35/1045,138/14198,0.253623188405797,3.44587753969905,8.13814864672355,5.30672644582116e-11,8.05524476362233e-09,8.05524476362233e-09,RYR1/TRPC4/SLC25A23/BCL2/ITPR1/AFG3L2/NPTN/CNR1/RYR3/CCL13/SV2B/LETM1/CCL23/DRD5/EDN3/CASQ2/CARTPT/CCL14/GPER1/ATP2A3/CHRNA7/CAV1/CDH23/P2RY1/STIM1/CAMK2D/CACNB2/CCL11/RYR2/P2RX1/DMPK/CXCL12/ANK2/SLC8A1/PLN,35
GO:0051899,membrane depolarization,24/1045,73/14198,0.328767123287671,4.46682834108934,8.37034900368983,1.77486407282127e-10,2.60431721618642e-08,2.60431721618642e-08,TRPC4/BCL2/SLMAP/GPD1L/SCN4B/CLCN2/FHL1/CHRNA1/ATP1A2/CHRNA7/CACNA1C/CAV1/LRRK2/SMAD7/HCN2/CAMK2D/CACNB2/ABL1/GJA5/P2RX4/SCN9A/GNAQ/ANK2/SLC8A1,24
GO:0070252,actin-mediated cell contraction,27/1045,92/14198,0.293478260869565,3.98737258165176,8.10261849392241,2.43875889326978e-10,3.46303762844309e-08,3.46303762844309e-08,SLC9A1/GPD1L/KCNA5/SCN4B/SCN4A/KCND3/NOS1/SCN7A/CASQ2/ATP1A2/TPM1/GSN/CACNA1C/CAV1/MYH2/ZEB2/SRI/KCNN2/CAMK2D/CACNB2/RYR2/GJA5/PDE4D/SCN9A/ANK2/MYH3/PLN,27
GO:0006816,calcium ion transport,56/1045,311/14198,0.180064308681672,2.44646225326544,7.26987775136666,2.93803117887528e-10,3.97669630995085e-08,3.97669630995085e-08,RYR1/TRPC4/SLC25A23/BCL2/ITPR1/AFG3L2/TRPV3/RYR3/RGS9/JPH2/HOMER2/JPH4/PLCL2/DMD/ADCYAP1R1/NOS1/LETM1/PKD1/CASQ2/CAMK2A/CHRNA1/ATP1A2/GPER1/ATP2A3/CHRNA7/TRPM6/CNGA3/CACNA1C/CAV1/CDH23/SRI/PLCL1/MYLK/CACNB1/STIM1/CALM1/FGF2/CAMK2D/CACNB2/PLCE1/CAMK2B/RYR2/P2RX1/CHRFAM7A/P2RX4/PDE4D/GRIN1/CAMK2G/CXCL12/ANK2/GCG/WNK3/CACNA1A/SLC8A1/PLN/TMEM37,56
GO:0010959,regulation of metal ion transport,48/1045,245/14198,0.195918367346939,2.66186505224099,7.39586587276449,2.98116715648292e-10,3.97669630995085e-08,3.97669630995085e-08,BCL2/SLMAP/AFG3L2/TRPV3/ABCC8/GPD1L/SCN4B/RGS9/JPH2/HOMER2/JPH4/DMD/ADCYAP1R1/NOS1/FHL1/CASQ2/CAMK2A/ATP1A2/GPER1/CACNA1C/CAV1/SPTBN4/SRI/MYLK/CACNB1/STIM1/FXYD1/KCNN2/CALM1/CAMK2D/PER1/CACNB2/CAMK2B/RYR2/P2RX1/P2RX4/PDE4D/DPP6/GRIN1/CAMK2G/CXCL12/ANK2/GCG/WNK3/CHP1/KCNIP3/SLC8A1/PLN,48
GO:0086003,cardiac muscle cell contraction,23/1045,69/14198,0.333333333333333,4.52886762360447,8.28224791757142,3.10909620765273e-10,4.02536514884921e-08,4.02536514884921e-08,SLC9A1/GPD1L/KCNA5/SCN4B/SCN4A/KCND3/NOS1/SCN7A/CASQ2/ATP1A2/GSN/CACNA1C/CAV1/SRI/KCNN2/CAMK2D/CACNB2/RYR2/GJA5/PDE4D/SCN9A/ANK2/PLN,23
GO:0048545,response to steroid hormone,51/1045,270/14198,0.188888888888889,2.56635832004253,7.32441001223733,3.24311307218888e-10,4.0789096410787e-08,4.0789096410787e-08,NEFL/OR51E2/NR3C2/SCNN1G/NTRK3/TACR1/RXRA/NR3C1/NEUROD1/UGT1A10/UGT1A5/KLF9/PLPP1/BCHE/SFRP1/FOSB/PDE3A/UGT1A1/UGT1A8/KANK2/SST/CARTPT/UGT1A3/PGR/ATP1A2/GPER1/CAV1/DUSP1/PAQR8/SCNN1B/ZFP36/PADI2/ADTRP/TXNIP/AR/HCN2/PRKN/ATP5F1A/PER1/FOS/HMGCS2/SOX10/SSTR2/FAM107A/PPARGC1B/JUND/TCF21/ZMIZ1/HSD11B2/UGT1A4/PCK1,51
GO:1903514,release of sequestered calcium ion into cytosol by endoplasmic reticulum,16/1045,34/14198,0.470588235294118,6.39369546861807,8.87517546776631,4.12111724731791e-10,5.03921058963707e-08,5.03921058963707e-08,RYR1/ITPR1/RYR3/JPH2/JPH4/DMD/CASQ2/ATP1A2/CACNA1C/SRI/CALM1/CAMK2D/RYR2/PDE4D/ANK2/SLC8A1,16
GO:0048812,neuron projection morphogenesis,72/1045,456/14198,0.157894736842105,2.14525308486527,7.00652935399531,4.36362040737267e-10,5.19152892790662e-08,5.19152892790662e-08,PAK3/RELN/NLGN1/PTN/GAS7/AFG3L2/PLXNB3/NPTN/CDHR2/NFIB/FGFR2/NCAM1/SEMA3B/GFRA3/ROBO3/EFHC2/EFNA5/ECE1/ARHGAP44/CTNND2/CPNE5/PALLD/PPP1R12C/HMCN2/KIF1A/EDN3/SGK1/NTN1/GAP43/CNTN2/CHRNA7/MYOT/PRKG1/RIMS1/SLITRK5/NRXN1/LRRK2/DCHS2/SPTBN4/ZDHHC15/MAP2/CPNE8/DAB2IP/TRAK2/PRKN/RAB3A/CAMK2B/UNC5C/FAT4/ABL1/NTRK2/EPB41L3/FLRT1/ADGRB3/PTPRM/TENM2/NRXN3/PTPRH/RET/DCLK1/ARHGEF25/CXCL12/TENM1/BSG/EPHA7/DSCAML1/IGSF9/LGI1/SEMA6A/CNTN1/KIF5C/MAPT,72
GO:0006942,regulation of striated muscle contraction,24/1045,76/14198,0.315789473684211,4.29050616973055,8.10709810195479,4.55725047039129e-10,5.27921488701643e-08,5.27921488701643e-08,SLC9A1/JPH2/SCN4A/JPH4/TNNT3/DMD/NOS1/CASQ2/ATP1A2/CACNA1C/CAV1/SRI/SMAD7/CALM1/CAMK2D/RYR2/GJA5/P2RX4/PDE4D/DMPK/ANK2/CHGA/SLC8A1/PLN,24
GO:0042445,hormone metabolic process,38/1045,171/14198,0.222222222222222,3.01924508240298,7.4877048475185,5.24558697025434e-10,5.92078816488708e-08,5.92078816488708e-08,PAPSS2/ADH1A/DHRS9/UGT1A10/UGT1A5/BCHE/ECE1/UGT1A1/UGT1A8/CLCN2/AKR1B15/AKR1B10/UGT1A3/CES2/PCSK5/CYP26B1/ADH1C/DHRS11/HSD17B2/ADH1B/NR5A2/TPO/MEP1A/FFAR3/RDH5/BMP2/ANPEP/UGT2B15/CMA1/CPQ/CTSG/BMP5/RETSAT/EGR1/UGT2B17/SULT1B1/UGT1A4/CYP21A2,38
GO:0043269,regulation of monoatomic ion transport,52/1045,283/14198,0.183745583038869,2.49647826601518,7.16747278403308,6.08819975876931e-10,6.70006383452563e-08,6.70006383452563e-08,BCL2/SLMAP/AFG3L2/TRPV3/ABCC8/GPD1L/STAC/SCN4B/RGS9/JPH2/TACR2/HOMER2/JPH4/DMD/ADCYAP1R1/NOS1/FHL1/CASQ2/CAMK2A/ATP1A2/GPER1/CACNA1C/CAV1/SPTBN4/SRI/MYLK/CACNB1/STIM1/FXYD1/CA2/KCNN2/CALM1/CAMK2D/PER1/CACNB2/ATP8B1/CAMK2B/RYR2/P2RX1/P2RX4/PDE4D/DPP6/GRIN1/CAMK2G/CXCL12/ANK2/GCG/WNK3/CHP1/KCNIP3/SLC8A1/PLN,52
GO:0070296,sarcoplasmic reticulum calcium ion transport,16/1045,35/14198,0.457142857142857,6.21101845522898,8.70007571456158,7.07503274913507e-10,7.55750408403573e-08,7.55750408403573e-08,RYR1/RYR3/JPH2/JPH4/DMD/CASQ2/ATP1A2/CACNA1C/SRI/CALM1/CAMK2D/RYR2/PDE4D/ANK2/SLC8A1/PLN,16
GO:0051924,regulation of calcium ion transport,36/1045,158/14198,0.227848101265823,3.09568166676761,7.46645290435953,7.21070357858929e-10,7.55750408403573e-08,7.55750408403573e-08,BCL2/AFG3L2/TRPV3/RGS9/JPH2/HOMER2/JPH4/DMD/ADCYAP1R1/NOS1/CASQ2/CAMK2A/ATP1A2/GPER1/CACNA1C/CAV1/SRI/MYLK/CACNB1/STIM1/CALM1/CAMK2D/CACNB2/CAMK2B/RYR2/P2RX1/P2RX4/PDE4D/GRIN1/CAMK2G/CXCL12/ANK2/GCG/WNK3/SLC8A1/PLN,36
GO:0086001,cardiac muscle cell action potential,23/1045,72/14198,0.319444444444444,4.34016480595428,8.00882067128946,8.1259173306061e-10,8.31867164868094e-08,8.31867164868094e-08,SLMAP/GPD1L/KCNA5/SCN4B/SCN4A/DMD/KCND3/NOS1/SCN7A/CASQ2/ATP1A2/CACNA1C/CAV1/HCN2/KCNN2/CALM1/CAMK2D/CACNB2/RYR2/GJA5/SCN9A/ANK2/SLC8A1,23
GO:0007517,muscle organ development,40/1045,189/14198,0.211640211640212,2.87547150705045,7.31613703315234,8.63750941440715e-10,8.64143555505006e-08,8.64143555505006e-08,TGFBR3/RYR1/POU6F1/MUSTN1/FGFR2/DES/MEF2D/JPH2/DMD/SGCA/FER1L6/MEGF10/RBM24/FHL1/HDAC9/CHRNA1/TPM1/MYOCD/SMTN/CYP26B1/USP2/CAV1/LARGE1/MYLK/FOXP2/SMAD7/DPF3/MEF2C/MYOM1/RYR2/BMP2/NEURL1/MYORG/SVIL/SOX15/EFEMP2/TCF21/KY/ACTA1/MYH3,40
GO:0061061,muscle structure development,72/1045,464/14198,0.155172413793103,2.10826596271242,6.84145524682653,9.58140739862837e-10,9.37274563750269e-08,9.37274563750269e-08,TGFBR3/RYR1/LMOD1/PDCD4/MYOM2/LDB3/ASB2/POU6F1/MUSTN1/FGFR2/DES/MEF2D/RBPMS2/CASP7/JPH2/TNNT3/DMD/NOS1/SGCA/FER1L6/TMOD1/MEGF10/RBM24/FHL1/PPP2R3A/HDAC9/CHRNA1/GPER1/TPM1/MYOCD/SMTN/OBSCN/CYP26B1/USP2/PGM5/CAV1/SORBS2/FLNC/LARGE1/MYH11/MYLK/FOXP2/KIT/SMAD7/DPF3/SYNE1/MEF2C/CAPN2/MYOM1/RYR2/BMP2/NEURL1/MYORG/ADGRB3/SVIL/SOX15/DMPK/EFEMP2/EPAS1/FLII/ANK2/TCF21/SOSTDC1/KY/CSRP1/ACTA1/PDLIM2/ITGA8/NRAP/MYH3/WNT5B/SLC8A1,72
GO:0048858,cell projection morphogenesis,73/1045,475/14198,0.153684210526316,2.08804633593553,6.79850921040121,1.12871224724243e-09,1.08012854616548e-07,1.08012854616548e-07,PAK3/RELN/NLGN1/PTN/GAS7/AFG3L2/PLXNB3/NPTN/CDHR2/NFIB/FGFR2/NCAM1/SEMA3B/GFRA3/ROBO3/EFHC2/EFNA5/ECE1/ARHGAP44/CTNND2/CPNE5/PALLD/PPP1R12C/HMCN2/KIF1A/EDN3/SGK1/NTN1/GAP43/CNTN2/CHRNA7/MYOT/PRKG1/RIMS1/SLITRK5/NRXN1/LRRK2/DCHS2/SPTBN4/ZDHHC15/MAP2/CPNE8/DAB2IP/TRAK2/PRKN/RAB3A/CAMK2B/UNC5C/FAT4/ABL1/NTRK2/EPB41L3/FLRT1/ADGRB3/PTPRM/TENM2/NRXN3/PTPRH/RET/DCLK1/ARHGEF25/CXCL12/TENM1/BSG/EPHA7/PACSIN2/DSCAML1/IGSF9/LGI1/SEMA6A/CNTN1/KIF5C/MAPT,73
GO:0030048,actin filament-based movement,29/1045,112/14198,0.258928571428571,3.51795967190704,7.540635802193,1.40707887827903e-09,1.31786408982644e-07,1.31786408982644e-07,SLC9A1/GPD1L/KCNA5/SCN4B/MYO1C/SCN4A/KCND3/NOS1/SCN7A/CASQ2/ATP1A2/TPM1/GSN/CACNA1C/CAV1/MYH2/ZEB2/SRI/KCNN2/SUN2/CAMK2D/CACNB2/RYR2/GJA5/PDE4D/SCN9A/ANK2/MYH3/PLN,29
GO:0014808,release of sequestered calcium ion into cytosol by sarcoplasmic reticulum,15/1045,32/14198,0.46875,6.36872009569378,8.5697106568014,1.56937027308024e-09,1.43924332127067e-07,1.43924332127067e-07,RYR1/RYR3/JPH2/JPH4/DMD/CASQ2/ATP1A2/CACNA1C/SRI/CALM1/CAMK2D/RYR2/PDE4D/ANK2/SLC8A1,15
GO:0120039,plasma membrane bounded cell projection morphogenesis,72/1045,470/14198,0.153191489361702,2.08135192914588,6.71980049490501,1.69959193634769e-09,1.52685789873521e-07,1.52685789873521e-07,PAK3/RELN/NLGN1/PTN/GAS7/AFG3L2/PLXNB3/NPTN/CDHR2/NFIB/FGFR2/NCAM1/SEMA3B/GFRA3/ROBO3/EFHC2/EFNA5/ECE1/ARHGAP44/CTNND2/CPNE5/PALLD/PPP1R12C/HMCN2/KIF1A/EDN3/SGK1/NTN1/GAP43/CNTN2/CHRNA7/MYOT/PRKG1/RIMS1/SLITRK5/NRXN1/LRRK2/DCHS2/SPTBN4/ZDHHC15/MAP2/CPNE8/DAB2IP/TRAK2/PRKN/RAB3A/CAMK2B/UNC5C/FAT4/ABL1/NTRK2/EPB41L3/FLRT1/ADGRB3/PTPRM/TENM2/NRXN3/PTPRH/RET/DCLK1/ARHGEF25/CXCL12/TENM1/BSG/EPHA7/DSCAML1/IGSF9/LGI1/SEMA6A/CNTN1/KIF5C/MAPT,72
GO:0090075,relaxation of muscle,14/1045,29/14198,0.482758620689655,6.55904966177199,8.44644539895043,3.4207788444254e-09,3.01165369463213e-07,3.01165369463212e-07,ABCC8/CARTPT/ATP1A2/PRKG1/GSN/SRI/P2RY1/CAMK2D/GNAI1/P2RX4/PDE4D/CHGA/SLC8A1/PLN,14
GO:0055117,regulation of cardiac muscle contraction,21/1045,65/14198,0.323076923076923,4.38951785057048,7.72007377522549,3.50411979247345e-09,3.02453633852316e-07,3.02453633852316e-07,SLC9A1/JPH2/JPH4/DMD/NOS1/CASQ2/ATP1A2/CACNA1C/CAV1/SRI/SMAD7/CALM1/CAMK2D/RYR2/GJA5/P2RX4/PDE4D/ANK2/CHGA/SLC8A1/PLN,21
GO:0006814,sodium ion transport,37/1045,175/14198,0.211428571428571,2.8725960355434,7.02565279409526,3.80930713203697e-09,3.22472499908207e-07,3.22472499908207e-07,CLCNKB/SLC9A1/SLMAP/SCNN1G/SLC6A8/TRPV3/GPD1L/SCN4B/UNC79/SCN4A/DMD/NOS1/SCN7A/SLC20A2/SGK1/ATP1A2/SLC9A9/CNGA3/SLC4A4/SCNN1B/SPTBN4/FXYD1/HCN2/CNNM4/CAMK2D/PER1/SLC9A2/P2RX4/SLC6A19/SCN9A/GRIN1/WNK3/CHP1/SLC38A4/SLC22A5/SLC9A3/SLC8A1,37
GO:0010880,regulation of release of sequestered calcium ion into cytosol by sarcoplasmic reticulum,13/1045,25/14198,0.52,7.06503349282297,8.55492764208369,3.90442725160438e-09,3.24288467199292e-07,3.24288467199292e-07,JPH2/JPH4/DMD/CASQ2/ATP1A2/CACNA1C/SRI/CALM1/CAMK2D/RYR2/PDE4D/ANK2/SLC8A1,13
GO:1901654,response to ketone,36/1045,168/14198,0.214285714285714,2.91141490088859,7.02465175372757,4.23274725567914e-09,3.45047285546289e-07,3.45047285546289e-07,TGFBR3/NEFL/BTG2/SCNN1G/NTRK3/TACR1/NR3C1/KLF9/SFRP1/FOSB/CARTPT/CAV1/DUSP1/LRRK2/SCNN1B/GNG2/PTGER4/RAP1A/ADCY5/TXNIP/AR/HCN2/PRKN/ADCY6/FGF2/ATP5F1A/GNAI1/FOS/HMGCS2/PTGDR2/SOX10/GNAQ/JUND/PTGDR/PCK1/PLN,36
GO:0071384,cellular response to corticosteroid stimulus,19/1045,56/14198,0.339285714285714,4.60974025974026,7.62884123087148,7.78232684825753e-09,6.22869141564175e-07,6.22869141564175e-07,SCNN1G/NR3C1/NEUROD1/UGT1A10/UGT1A5/KLF9/UGT1A1/UGT1A8/UGT1A3/GPER1/SCNN1B/ZFP36/HCN2/ATP5F1A/HMGCS2/SSTR2/FAM107A/UGT1A4/PCK1,19
GO:0034762,regulation of transmembrane transport,49/1045,278/14198,0.176258992805755,2.39476093766135,6.6198261245718,7.9783826877373e-09,6.27157867703921e-07,6.27157867703921e-07,SLMAP/AFG3L2/PRKCB/STAC/RGS9/JPH2/JPH4/DMD/ADCYAP1R1/NOS1/FHL1/CASQ2/CARTPT/ATP1A2/GPER1/CACNA1C/ITLN1/CAV1/SRI/RAP1A/APPL2/CACNB1/STIM1/FXYD1/CA2/KCNN2/CALM1/CAMK2D/CACNB2/FFAR4/CLIP3/RYR2/P2RX1/VAMP2/PTPRM/P2RX4/PDE4D/DAPK1/DPP6/GRIN1/ANK2/WNK3/CHP1/KCNIP3/PID1/C1QTNF12/SLC8A1/SORBS1/PLN,49
GO:0071383,cellular response to steroid hormone stimulus,37/1045,180/14198,0.205555555555556,2.79280170122275,6.82290786489129,8.53005408542571e-09,6.58759615509543e-07,6.58759615509543e-07,OR51E2/NR3C2/SCNN1G/RXRA/NR3C1/NEUROD1/UGT1A10/UGT1A5/KLF9/PLPP1/SFRP1/PDE3A/UGT1A1/UGT1A8/KANK2/UGT1A3/PGR/ATP1A2/GPER1/PAQR8/SCNN1B/ZFP36/PADI2/ADTRP/AR/HCN2/ATP5F1A/PER1/HMGCS2/SOX10/SSTR2/FAM107A/PPARGC1B/TCF21/ZMIZ1/UGT1A4/PCK1,37
GO:0048667,cell morphogenesis involved in neuron differentiation,63/1045,405/14198,0.155555555555556,2.11347155768208,6.4079822163319,1.00255142558308e-08,7.60901961278743e-07,7.60901961278743e-07,PAK3/RELN/NLGN1/PTN/AFG3L2/PLXNB3/NPTN/CDHR2/NFIB/FGFR2/NCAM1/SEMA3B/GFRA3/ROBO3/EFHC2/EFNA5/ECE1/ARHGAP44/CTNND2/PALLD/HMCN2/KIF1A/EDN3/NTN1/GAP43/CNTN2/CHRNA7/MYOT/PRKG1/SLITRK5/NRXN1/LRRK2/DCHS2/SPTBN4/ZDHHC15/MAP2/TRAK2/MEF2C/RAB3A/CAMK2B/UNC5C/FAT4/ABL1/NTRK2/ADGRB3/PTPRM/TENM2/NRXN3/PTPRH/RET/DCLK1/ARHGEF25/CXCL12/TENM1/BSG/EPHA7/DSCAML1/IGSF9/LGI1/SEMA6A/CNTN1/KIF5C/MAPT,63
GO:0002027,regulation of heart rate,23/1045,81/14198,0.283950617283951,3.85792427195936,7.27052957289911,1.04824470997423e-08,7.82097154797725e-07,7.82097154797725e-07,GPD1L/KCNA5/SCN4B/ADRB1/DMD/KCND3/EDN3/CASQ2/CARTPT/TPM1/CACNA1C/CAV1/SPTBN4/SRI/CALM1/CAMK2D/CACNB2/SLC1A1/RYR2/PDE4D/ANK2/SLC8A1/PLN,23
GO:0010882,regulation of cardiac muscle contraction by calcium ion signaling,13/1045,27/14198,0.481481481481482,6.54169767853978,8.12397333020348,1.31015970946381e-08,9.61220506843282e-07,9.61220506843282e-07,SLC9A1/JPH2/JPH4/DMD/NOS1/CASQ2/ATP1A2/CACNA1C/CALM1/CAMK2D/RYR2/ANK2/SLC8A1,13
GO:0008217,regulation of blood pressure,29/1045,123/14198,0.235772357723577,3.2033453923056,6.91759229071305,1.42884396069356e-08,1.03111001884804e-06,1.03111001884804e-06,GNA13/OR51E2/SCNN1G/TACR1/ADRB1/ECE1/NOS1/DRD5/EDN3/SGK1/CARTPT/TPM1/PCSK5/SCNN1B/GPR37L1/ADAMTS16/FFAR3/HBB/P2RX1/GJA5/ANPEP/CMA1/P2RX4/GNA11/CTSG/CHGA/PTGS1/HSD11B2/ACVRL1,29
GO:0061564,axon development,56/1045,346/14198,0.161849710982659,2.19898774787731,6.36415252440737,1.64030057217367e-08,1.1646134062433e-06,1.1646134062433e-06,PAK3/RELN/PTN/AFG3L2/PLXNB3/NPTN/NEUROD1/CDHR2/NFIB/FGFR2/NCAM1/SEMA3B/PLP1/GFRA3/ROBO3/EFNA5/ECE1/PALLD/ATOH1/HMCN2/EDN3/CRTAC1/NTN1/GAP43/CNTN2/MYOT/PRKG1/SLITRK5/NRXN1/DCHS2/SPTBN4/MAP2/TRAK2/RAB3A/UNC5C/FAT4/ABL1/NTRK2/PTPRM/TENM2/NRXN3/PTPRH/RET/DCLK1/ARHGEF25/CXCL12/TENM1/BSG/EPHA7/DSCAML1/IGSF9/LGI1/SEMA6A/CNTN1/KIF5C/MAPT,56
GO:0071396,cellular response to lipid,72/1045,498/14198,0.144578313253012,1.96432812590073,6.17480500994468,2.06374385225525e-08,1.4420000694647e-06,1.4420000694647e-06,OR51E2/NR3C2/PDCD4/BTG2/SCNN1G/NTRK3/RXRA/NFE2L1/NR3C1/NEUROD1/UGT1A10/FGFR2/UGT1A5/KLF9/CASP7/PLPP1/GPLD1/SFRP1/PDE3A/UGT1A1/UGT1A8/KANK2/CARTPT/UGT1A3/PGR/ATP1A2/GPER1/CYP26B1/NR1H4/PDK4/PAQR8/SCNN1B/GNG2/PTGER4/ZFP36/PADI2/RAP1A/ADCY5/ADTRP/AR/DAB2IP/HCN2/MEF2C/CAPN2/ADCY6/FFAR3/ATP5F1A/PER1/GNAI1/FOS/HMGCS2/PTGDR2/SOX10/RET/WNT9A/SSTR2/FAM107A/PPARGC1B/PLSCR4/CTSG/JUND/LPAR1/TCF21/ZMIZ1/PTGDR/BRINP3/PID1/CPT1A/KLF4/UGT1A4/WNT5B/PCK1,72
GO:0007411,axon guidance,34/1045,163/14198,0.208588957055215,2.83401532274635,6.63795921709871,2.32486759077744e-08,1.59907298978161e-06,1.59907298978161e-06,RELN/NPTN/NFIB/NCAM1/SEMA3B/GFRA3/ROBO3/EFNA5/ECE1/PALLD/HMCN2/EDN3/NTN1/GAP43/CNTN2/MYOT/NRXN1/UNC5C/PTPRM/TENM2/NRXN3/PTPRH/RET/ARHGEF25/CXCL12/TENM1/BSG/EPHA7/DSCAML1/IGSF9/LGI1/SEMA6A/CNTN1/KIF5C,34
GO:0031960,response to corticosteroid,28/1045,119/14198,0.235294117647059,3.19684773430903,6.78315215777235,2.65243893640691e-08,1.79631326124049e-06,1.79631326124049e-06,NEFL/SCNN1G/NTRK3/NR3C1/NEUROD1/UGT1A10/UGT1A5/KLF9/BCHE/FOSB/UGT1A1/UGT1A8/CARTPT/UGT1A3/GPER1/DUSP1/SCNN1B/ZFP36/HCN2/PRKN/ATP5F1A/FOS/HMGCS2/SSTR2/FAM107A/HSD11B2/UGT1A4/PCK1,28
GO:0097485,neuron projection guidance,34/1045,164/14198,0.207317073170732,2.81673474151009,6.5957887190015,2.72990890749792e-08,1.82076651678877e-06,1.82076651678877e-06,RELN/NPTN/NFIB/NCAM1/SEMA3B/GFRA3/ROBO3/EFNA5/ECE1/PALLD/HMCN2/EDN3/NTN1/GAP43/CNTN2/MYOT/NRXN1/UNC5C/PTPRM/TENM2/NRXN3/PTPRH/RET/ARHGEF25/CXCL12/TENM1/BSG/EPHA7/DSCAML1/IGSF9/LGI1/SEMA6A/CNTN1/KIF5C,34
GO:0016042,lipid catabolic process,48/1045,282/14198,0.170212765957447,2.31261325460654,6.27549742702418,3.54925621824456e-08,2.30325511639002e-06,2.30325511639002e-06,PLPP3/ETFDH/ACAA2/HPGD/ACADVL/SPART/NEU4/PRDX6/PLPP1/GPLD1/GBA2/PLCD3/ACOX1/ACAT1/GDPD3/AKR1B10/ADHFE1/CARTPT/CYP4F12/PLCD4/PLAAT2/ALK/NAAA/GBA3/CYP26B1/FABP1/LIPH/ABHD3/ADTRP/SMPD1/FUCA1/PLCE1/ACADS/CRAT/PLAAT4/ACAA1/PLCD1/LIPC/ECI2/ACACB/PNPLA7/FABP2/CPT2/GPIHBP1/CPT1A/MGLL/ABHD5/ABCB11,48
GO:0070588,calcium ion transmembrane transport,43/1045,239/14198,0.179916317991632,2.44445156253128,6.34773526764914,3.55795883495051e-08,2.30325511639002e-06,2.30325511639002e-06,RYR1/TRPC4/SLC25A23/ITPR1/AFG3L2/TRPV3/RYR3/RGS9/JPH2/JPH4/PLCL2/DMD/ADCYAP1R1/NOS1/LETM1/PKD1/CASQ2/ATP1A2/GPER1/ATP2A3/CHRNA7/TRPM6/CNGA3/CACNA1C/CAV1/SRI/PLCL1/CACNB1/CALM1/FGF2/CAMK2D/CACNB2/PLCE1/RYR2/P2RX1/P2RX4/PDE4D/GRIN1/ANK2/CACNA1A/SLC8A1/PLN/TMEM37,43
GO:0007409,axonogenesis,51/1045,309/14198,0.16504854368932,2.24244901751289,6.22395371150952,3.76059151387606e-08,2.39914838320035e-06,2.39914838320035e-06,PAK3/RELN/AFG3L2/PLXNB3/NPTN/CDHR2/NFIB/FGFR2/NCAM1/SEMA3B/GFRA3/ROBO3/EFNA5/ECE1/PALLD/HMCN2/EDN3/NTN1/GAP43/CNTN2/MYOT/PRKG1/SLITRK5/NRXN1/DCHS2/SPTBN4/MAP2/TRAK2/RAB3A/UNC5C/FAT4/ABL1/NTRK2/PTPRM/TENM2/NRXN3/PTPRH/RET/DCLK1/ARHGEF25/CXCL12/TENM1/BSG/EPHA7/DSCAML1/IGSF9/LGI1/SEMA6A/CNTN1/KIF5C/MAPT,51
GO:1903169,regulation of calcium ion transmembrane transport,25/1045,100/14198,0.25,3.39665071770335,6.77906844502013,4.07398315788275e-08,2.56195340871427e-06,2.56195340871427e-06,AFG3L2/RGS9/JPH2/JPH4/DMD/ADCYAP1R1/NOS1/CASQ2/ATP1A2/GPER1/CACNA1C/CAV1/SRI/CACNB1/CALM1/CAMK2D/CACNB2/RYR2/P2RX1/P2RX4/PDE4D/GRIN1/ANK2/SLC8A1/PLN,25
GO:0097553,calcium ion transmembrane import into cytosol,30/1045,137/14198,0.218978102189781,2.97516851185695,6.5478746860935,4.90808462584796e-08,3.04301246802574e-06,3.04301246802574e-06,RYR1/ITPR1/TRPV3/RYR3/JPH2/JPH4/PLCL2/DMD/ADCYAP1R1/NOS1/LETM1/CASQ2/ATP1A2/GPER1/CACNA1C/CAV1/SRI/PLCL1/CALM1/FGF2/CAMK2D/PLCE1/RYR2/P2RX1/P2RX4/PDE4D/GRIN1/ANK2/CACNA1A/SLC8A1,30
GO:0097305,response to alcohol,38/1045,200/14198,0.19,2.58145454545455,6.34866985547199,5.02195202733804e-08,3.07036567004751e-06,3.07036567004751e-06,TGFBR3/NEFL/BTG2/HPGD/SCNN1G/NTRK3/TACR1/NFE2L1/FGFR2/KLF9/GPLD1/SFRP1/FOSB/ADCYAP1R1/SLC2A4/CARTPT/CLDN5/TNFRSF11A/SCNN1B/GNG2/PTGER4/RAP1A/ADCY5/HCN2/PRKN/ADCY6/ACTG2/FGF2/ATP5F1A/GNAI1/FOS/HMGCS2/PTGDR2/GRIN1/GNAQ/JUND/PTGDR/CPT1A,38
GO:0060537,muscle tissue development,40/1045,217/14198,0.184331797235023,2.50444292549556,6.29477906563837,5.3611368892749e-08,3.23283898446413e-06,3.23283898446413e-06,TGFBR3/RYR1/ASB2/FGFR2/JPH2/DMD/FER1L6/MEGF10/RBM24/HDAC9/CHRNA1/TPM1/MYOCD/CYP26B1/PGM5/CAV1/SORBS2/MYH11/MYLK/FOXP2/SMAD7/MEF2C/MYOM1/FGF2/ABL1/RYR2/BMP2/GJA5/NEURL1/MYORG/SVIL/SOX15/EFEMP2/BMP5/TCF21/CSRP1/ACTA1/ITGA8/NRAP/SLC8A1,40
GO:0035725,sodium ion transmembrane transport,30/1045,138/14198,0.217391304347826,2.95360931974204,6.50022856158263,5.83822514657048e-08,3.4729550128653e-06,3.4729550128653e-06,SLC9A1/SLMAP/SCNN1G/SLC6A8/TRPV3/SCN4B/UNC79/SCN4A/DMD/NOS1/SCN7A/SLC20A2/ATP1A2/SLC9A9/CNGA3/SLC4A4/SCNN1B/FXYD1/HCN2/CNNM4/CAMK2D/SLC9A2/SLC6A19/SCN9A/GRIN1/WNK3/CHP1/SLC38A4/SLC9A3/SLC8A1,30
GO:0010038,response to metal ion,45/1045,261/14198,0.172413793103448,2.34251773634714,6.17020597486062,6.42245494521856e-08,3.76955288918028e-06,3.76955288918028e-06,RYR1/NLGN1/BCL2/MT2A/ABCC8/RYR3/PPP2CB/CPNE5/CASQ2/MT1E/KCNB1/ITPKB/CNGA3/CHP2/CAV1/NRXN1/DUSP1/MT1G/LRRK2/MT1M/CPNE8/KIT/TXNIP/STIM1/SLC30A4/KCNMA1/MEF2C/CALM1/PRKN/SMPD1/MT1H/CAMK2D/MT1X/RYR2/HMGCS2/P2RX4/SLC30A10/JUND/MT1F/BSG/TF/ITPKA/DLG2/PLN/MAPT,45
GO:0141161,regulation of cAMP/PKA signal transduction,15/1045,41/14198,0.365853658536585,4.97070836737076,7.17659320735827,9.36041684099188e-08,5.42165196500608e-06,5.42165196500608e-06,PDE8A/PDE3A/PDE2A/NRXN1/LRRK2/PDE7B/VIP/MYOM1/PRKAR2B/PDE4D/PDE5A/PJA2/PDE6A/LPAR1/PDE9A,15
GO:0003018,vascular process in circulatory system,37/1045,199/14198,0.185929648241206,2.5261522925633,6.11110760909362,1.34166083750078e-07,7.67011819049148e-06,7.67011819049148e-06,TACR1/ABCC8/TEK/TACR2/ADRB1/ECE1/NOS1/PDE3A/SLC2A4/PDE2A/EDN3/ATP1A2/GPER1/SLC16A7/ATP2A3/CLDN5/PRKG1/CAV1/SLC4A4/ZEB2/SLC28A2/P2RY1/KCNMA1/ADCY6/SLC1A1/KAT2B/HBB/ABL1/GJA5/CEACAM1/BDKRB2/SVEP1/FLVCR2/SLC22A5/KLF2/GAB1/SLC8A1,37
GO:0007611,learning or memory,29/1045,136/14198,0.213235294117647,2.89714325921756,6.26599524213556,1.50559396252949e-07,8.49695464494204e-06,8.49695464494204e-06,RELN/PTN/TACR1/ABCC8/NLGN4X/BCHE/TACR2/SLC2A4/CARTPT/MUSK/CHRNA7/CLDN5/NRXN1/PTPRZ1/KIT/MEF2C/SLC1A1/KAT2B/CCL11/CPEB3/ABL1/NTRK2/FOS/NRXN3/GRIN1/PJA2/EGR1/PLN/MAPT,29
GO:0086065,cell communication involved in cardiac conduction,16/1045,48/14198,0.333333333333333,4.52886762360447,6.90274440018354,1.57469423661952e-07,8.64373855394591e-06,8.64373855394591e-06,KCNA5/SCN4B/CASQ2/ATP1A2/CACNA1C/CAV1/SRI/KCNN2/CALM1/CAMK2D/CACNB2/RYR2/GJA5/PDE4D/ANK2/SLC8A1,16
GO:0010927,cellular component assembly involved in morphogenesis,21/1045,79/14198,0.265822784810127,3.61162861122888,6.56095442006379,1.59051072891781e-07,8.64373855394591e-06,8.64373855394591e-06,LMOD1/MYOM2/TNNT3/TMOD1/TPM1/OBSCN/PGM5/FLNC/CCDC136/MYH11/TPPP/MYOM1/EPB41L3/FLII/ANK2/CSRP1/ACTA1/NRAP/MYH3/CNTN1/PLN,21
GO:0032989,cellular anatomical entity morphogenesis,21/1045,79/14198,0.265822784810127,3.61162861122888,6.56095442006379,1.59051072891781e-07,8.64373855394591e-06,8.64373855394591e-06,LMOD1/MYOM2/TNNT3/TMOD1/TPM1/OBSCN/PGM5/FLNC/CCDC136/MYH11/TPPP/MYOM1/EPB41L3/FLII/ANK2/CSRP1/ACTA1/NRAP/MYH3/CNTN1/PLN,21
GO:0048167,regulation of synaptic plasticity,29/1045,138/14198,0.210144927536232,2.85515567575064,6.17264454455445,2.0958215997632e-07,1.12509837587288e-05,1.12509837587288e-05,RELN/PTN/NPTN/JPH4/PRRT2/SYP/CAMK2A/KCNB1/CHRNA7/GIPC1/SYNGR1/KIT/MEF2C/CALM1/RAB3A/CAMK2D/MPP2/CAMK2B/CPEB3/ABL1/NTRK2/NEURL1/VAMP2/GRIN1/CAMK2G/FAM107A/ELOVL4/PDE9A/MAPT,29
GO:0051384,response to glucocorticoid,24/1045,101/14198,0.237623762376238,3.22849969207447,6.33510681398766,2.12940654896957e-07,1.12935513597157e-05,1.12935513597157e-05,NEFL/NTRK3/NR3C1/NEUROD1/UGT1A10/UGT1A5/KLF9/BCHE/FOSB/UGT1A1/UGT1A8/CARTPT/UGT1A3/DUSP1/ZFP36/PRKN/ATP5F1A/FOS/HMGCS2/SSTR2/FAM107A/HSD11B2/UGT1A4/PCK1,24
GO:0086002,cardiac muscle cell action potential involved in contraction,16/1045,49/14198,0.326530612244898,4.43644175373499,6.79185147676463,2.17964080514031e-07,1.14223557431282e-05,1.14223557431282e-05,GPD1L/KCNA5/SCN4B/SCN4A/KCND3/NOS1/SCN7A/CASQ2/CACNA1C/CAV1/KCNN2/CACNB2/RYR2/GJA5/SCN9A/ANK2,16
GO:0060402,calcium ion transport into cytosol,10/1045,19/14198,0.526315789473684,7.15084361621758,7.56193101084482,2.23600990583524e-07,1.15799007123373e-05,1.15799007123373e-05,JPH2/JPH4/ADCYAP1R1/NOS1/CACNA1C/CAV1/RYR2/P2RX4/GRIN1/SLC8A1,10
GO:0023061,signal release,52/1045,337/14198,0.154302670623145,2.0964491076626,5.74182792934116,2.56971873061188e-07,1.31533742466901e-05,1.31533742466901e-05,OR51E2/NLGN1/TACR1/PRKCB/ABCC8/KCNA5/NEUROD1/GPLD1/GNAZ/SV2B/TACR2/PRRT2/EFNA5/SYP/IL6ST/PRKACB/EDN3/WLS/KCNA2/CAMK2A/CARTPT/KCNB1/GPER1/PCSK5/TNFRSF11A/RIMS1/NRXN1/NR1H4/LRRK2/GNAO1/SRI/P2RY1/RAP1A/ADCY5/ECRG4/MEF2C/PRKN/RAB3A/VIP/FFAR3/FFAR4/P2RX1/VAMP2/P2RX4/GNAQ/CAMK2G/CXCL12/SYN1/GCG/CHGA/CPT1A/IL6R,52
GO:0060538,skeletal muscle organ development,20/1045,75/14198,0.266666666666667,3.62309409888357,6.41985248355488,2.95664334616225e-07,1.47899363747798e-05,1.47899363747798e-05,RYR1/DES/DMD/FER1L6/MEGF10/RBM24/HDAC9/CHRNA1/MYOCD/CYP26B1/CAV1/LARGE1/FOXP2/MEF2C/MYOM1/NEURL1/MYORG/SVIL/TCF21/ACTA1,20
GO:0061337,cardiac conduction,20/1045,75/14198,0.266666666666667,3.62309409888357,6.41985248355488,2.95664334616225e-07,1.47899363747798e-05,1.47899363747798e-05,SLC9A1/KCNA5/SCN4B/KCND3/CASQ2/ATP1A2/ATP2A3/CACNA1C/CAV1/SPTBN4/SRI/KCNN2/CALM1/CAMK2D/CACNB2/RYR2/GJA5/PDE4D/ANK2/SLC8A1,20
GO:0055001,muscle cell development,25/1045,110/14198,0.227272727272727,3.08786428882123,6.19609351187287,2.99317837975467e-07,1.48044620535731e-05,1.48044620535731e-05,RYR1/LMOD1/MYOM2/ASB2/TNNT3/DMD/TMOD1/MEGF10/HDAC9/TPM1/OBSCN/PGM5/SORBS2/FLNC/MYH11/MYOM1/MYORG/EFEMP2/FLII/ANK2/CSRP1/ACTA1/NRAP/MYH3/SLC8A1,25
GO:1904062,regulation of monoatomic cation transmembrane transport,35/1045,189/14198,0.185185185185185,2.51603756866915,5.91400005710254,3.2228827831547e-07,1.57634777904966e-05,1.57634777904966e-05,SLMAP/AFG3L2/STAC/RGS9/JPH2/JPH4/DMD/ADCYAP1R1/NOS1/FHL1/CASQ2/ATP1A2/GPER1/CACNA1C/CAV1/SRI/CACNB1/STIM1/FXYD1/KCNN2/CALM1/CAMK2D/CACNB2/RYR2/P2RX1/P2RX4/PDE4D/DPP6/GRIN1/ANK2/WNK3/CHP1/KCNIP3/SLC8A1/PLN,35
GO:0014706,striated muscle tissue development,36/1045,199/14198,0.180904522613065,2.4578779062778,5.83771934792952,3.9854260826917e-07,1.92789512263834e-05,1.92789512263834e-05,TGFBR3/RYR1/ASB2/FGFR2/JPH2/DMD/FER1L6/MEGF10/RBM24/HDAC9/CHRNA1/TPM1/MYOCD/CYP26B1/PGM5/CAV1/SORBS2/MYH11/FOXP2/SMAD7/MEF2C/MYOM1/FGF2/ABL1/RYR2/BMP2/GJA5/NEURL1/MYORG/SVIL/SOX15/BMP5/TCF21/ACTA1/NRAP/SLC8A1,36
GO:0071385,cellular response to glucocorticoid stimulus,15/1045,47/14198,0.319148936170213,4.33614985238725,6.45721043253485,7.28828242777624e-07,3.48728470076859e-05,3.48728470076859e-05,NR3C1/NEUROD1/UGT1A10/UGT1A5/KLF9/UGT1A1/UGT1A8/UGT1A3/ZFP36/ATP5F1A/HMGCS2/SSTR2/FAM107A/UGT1A4/PCK1,15
GO:0010649,regulation of cell communication by electrical coupling,8/1045,13/14198,0.615384615384615,8.36098638203901,7.48405631397462,7.73181199858664e-07,3.65972434599768e-05,3.65972434599768e-05,CASQ2/CAV1/SRI/CALM1/CAMK2D/GJA5/PDE4D/SLC8A1,8
GO:0007204,positive regulation of cytosolic calcium ion concentration,24/1045,108/14198,0.222222222222222,3.01924508240298,5.93730612319294,7.96584820258107e-07,3.66424105431306e-05,3.66424105431306e-05,ACKR2/TACR1/NPTN/JPH2/JPH4/ADCYAP1R1/NOS1/PKD1/GPER1/CACNA1C/CAV1/PTGER4/P2RY1/ADCY5/FFAR4/ABL1/RYR2/P2RX4/GRIN1/BDKRB2/LPAR1/PTGDR/CACNA1A/SLC8A1,24
GO:0007519,skeletal muscle tissue development,18/1045,66/14198,0.272727272727273,3.70543714658547,6.20942846869107,8.02496117156164e-07,3.66424105431306e-05,3.66424105431306e-05,RYR1/DMD/FER1L6/MEGF10/RBM24/HDAC9/CHRNA1/MYOCD/CYP26B1/CAV1/FOXP2/MEF2C/MYOM1/NEURL1/MYORG/SVIL/TCF21/ACTA1,18
GO:0050890,cognition,32/1045,171/14198,0.187134502923977,2.54252217465514,5.71993507139074,8.0400400294637e-07,3.66424105431306e-05,3.66424105431306e-05,RELN/PTN/TACR1/ABCC8/NLGN4X/BCHE/TACR2/SLC2A4/CARTPT/MUSK/CHRNA7/CLDN5/ST3GAL4/NRXN1/PTPRZ1/KIT/MEF2C/SLC1A1/KAT2B/CCL11/CPEB3/ABL1/NTRK2/CHRFAM7A/FOS/NRXN3/GRIN1/FAM107A/PJA2/EGR1/PLN/MAPT,32
GO:0051480,regulation of cytosolic calcium ion concentration,13/1045,36/14198,0.361111111111111,4.90627325890484,6.61447839551222,8.07431581709147e-07,3.66424105431306e-05,3.66424105431306e-05,RYR1/TRPC4/ITPR1/CNR1/SV2B/GPER1/CAV1/CDH23/P2RY1/CACNB2/RYR2/P2RX1/PLN,13
GO:0042755,eating behavior,9/1045,17/14198,0.529411764705882,7.19290740219533,7.20127912812776,8.6755224902496e-07,3.8969030614366e-05,3.8969030614366e-05,TACR1/GUCA2B/NPY1R/CARTPT/CNTN2/P2RY1/PYY/GNAI1/CPT1A,9
GO:0051209,release of sequestered calcium ion into cytosol,22/1045,94/14198,0.234042553191489,3.17984322508399,5.97670834844373,8.95236778255915e-07,3.98063868472984e-05,3.98063868472984e-05,RYR1/ITPR1/RYR3/JPH2/JPH4/PLCL2/DMD/LETM1/CASQ2/ATP1A2/GPER1/CACNA1C/SRI/PLCL1/CALM1/FGF2/CAMK2D/PLCE1/RYR2/PDE4D/ANK2/SLC8A1,22
GO:1901655,cellular response to ketone,21/1045,87/14198,0.241379310344828,3.27952483088599,6.01130943488035,9.17736631840281e-07,4.03987665336092e-05,4.03987665336092e-05,BTG2/SCNN1G/NR3C1/KLF9/SFRP1/LRRK2/SCNN1B/GNG2/PTGER4/RAP1A/ADCY5/AR/HCN2/ADCY6/ATP5F1A/GNAI1/FOS/PTGDR2/SOX10/PTGDR/PCK1,21
GO:1904705,regulation of vascular associated smooth muscle cell proliferation,16/1045,54/14198,0.296296296296296,4.02566010987064,6.27877502321626,9.66989723097627e-07,4.21454332779778e-05,4.21454332779778e-05,PDCD4/HPGD/CNN1/FGFR2/MEF2D/GPER1/TPM1/MYOCD/PRKG1/ADAMTS1/CDKN1A/FGF9/MEF2C/FGF2/EFEMP2/MFN2,16
GO:0030239,myofibril assembly,15/1045,48/14198,0.3125,4.24581339712919,6.34906792796869,9.88536796921112e-07,4.26621468632033e-05,4.26621468632033e-05,LMOD1/MYOM2/TNNT3/TMOD1/TPM1/OBSCN/PGM5/FLNC/MYH11/MYOM1/FLII/CSRP1/ACTA1/NRAP/MYH3,15
GO:0034765,regulation of monoatomic ion transmembrane transport,35/1045,198/14198,0.176767676767677,2.40167222463873,5.59833742827895,1.01366295219726e-06,4.32851730017515e-05,4.32851730017515e-05,SLMAP/AFG3L2/STAC/RGS9/JPH2/JPH4/DMD/ADCYAP1R1/NOS1/FHL1/CASQ2/ATP1A2/GPER1/CACNA1C/CAV1/SRI/CACNB1/STIM1/FXYD1/KCNN2/CALM1/CAMK2D/CACNB2/RYR2/P2RX1/P2RX4/PDE4D/DPP6/GRIN1/ANK2/WNK3/CHP1/KCNIP3/SLC8A1/PLN,35
GO:0060079,excitatory postsynaptic potential,18/1045,67/14198,0.26865671641791,3.65013211454688,6.12861732330872,1.02263925310817e-06,4.32851730017515e-05,4.32851730017515e-05,RELN/NLGN1/TMEM25/NLGN4X/CHRNA1/CHRNA7/RIMS1/NRXN1/LRRK2/MEF2C/PRKN/MPP2/P2RX1/CHRFAM7A/P2RX4/GRIN1/GLRB/ELOVL4,18
GO:1990874,vascular associated smooth muscle cell proliferation,16/1045,55/14198,0.290909090909091,3.95246628969117,6.18357379544002,1.27138595491615e-06,5.24747327796877e-05,5.24747327796877e-05,PDCD4/HPGD/CNN1/FGFR2/MEF2D/GPER1/TPM1/MYOCD/PRKG1/ADAMTS1/CDKN1A/FGF9/MEF2C/FGF2/EFEMP2/MFN2,16
GO:0007212,G protein-coupled dopamine receptor signaling pathway,10/1045,22/14198,0.454545454545455,6.17572857764245,6.84778328755417,1.27551031518096e-06,5.24747327796877e-05,5.24747327796877e-05,RGS9/GNAL/DRD5/LRRK2/GNG2/GNAO1/GNA14/ADCY6/SLC1A1/GNA11,10
GO:0086064,cell communication by electrical coupling involved in cardiac conduction,10/1045,22/14198,0.454545454545455,6.17572857764245,6.84778328755417,1.27551031518096e-06,5.24747327796877e-05,5.24747327796877e-05,ATP1A2/CACNA1C/CAV1/SRI/CALM1/CAMK2D/RYR2/GJA5/PDE4D/SLC8A1,10
GO:0048662,negative regulation of smooth muscle cell proliferation,14/1045,43/14198,0.325581395348837,4.42354512072994,6.33722859700841,1.30108735755329e-06,5.3031356925459e-05,5.3031356925459e-05,PDCD4/CNN1/GPER1/TPM1/MYOCD/PRKG1/CDKN1A/OGN/MEF2C/BMP2/PPARGC1A/EFEMP2/MFN2/KLF4,14
GO:0010644,cell communication by electrical coupling,11/1045,27/14198,0.407407407407407,5.53528265107213,6.64859713385752,1.41569787875967e-06,5.7173413415597e-05,5.7173413415597e-05,CASQ2/ATP1A2/CACNA1C/CAV1/SRI/CALM1/CAMK2D/RYR2/GJA5/PDE4D/SLC8A1,11
GO:0002026,regulation of the force of heart contraction,8/1045,14/14198,0.571428571428571,7.76377306903623,7.13670443722005,1.68738003867457e-06,6.69175399121214e-05,6.69175399121214e-05,SLC9A1/NOS1/ATP1A2/CAMK2D/RYR2/CHGA/SLC8A1/PLN,8
GO:1901077,regulation of relaxation of muscle,8/1045,14/14198,0.571428571428571,7.76377306903623,7.13670443722005,1.68738003867457e-06,6.69175399121214e-05,6.69175399121214e-05,ABCC8/CARTPT/SRI/CAMK2D/GNAI1/PDE4D/CHGA/PLN,8
GO:0031032,actomyosin structure organization,31/1045,169/14198,0.183431952662722,2.49221709464624,5.50054892547835,1.85544677144862e-06,7.29256847135429e-05,7.29256847135429e-05,SLC9A1/LMOD1/TACR1/MYOM2/CNN1/SFRP1/TNNT3/TMOD1/TPM1/SYNPO/OBSCN/PGM5/ZEB2/FLNC/PTGER4/MYH11/ARHGAP6/MYOM1/CDC42BPA/ABL1/EPB41L3/FLII/LPAR1/ARRB1/CSRP1/ACTA1/NRAP/MYH3/ASAP3/SORBS1/FRMD3,31
GO:0007507,heart development,51/1045,350/14198,0.145714285714286,1.97976213260424,5.23124633678327,1.94451424900182e-06,7.57500152575754e-05,7.57500152575754e-05,TGFBR3/RYR1/PDCD4/RBM20/SCUBE1/NTRK3/LDB3/ASB2/POU6F1/NPY1R/FGFR2/TEK/MEF2D/JPH2/CITED2/ECE1/FOXF1/FER1L6/PDE2A/APC/RBM24/PKD1/CDKL1/HDAC9/GPER1/HSPB7/TPM1/MYOCD/PCSK5/CLDN5/CACNA1C/SORBS2/DCHS2/CDKN1A/MYH11/SMAD7/MEF2C/FGF2/KAT2B/ABL1/RYR2/BMP2/GJA5/BMP5/ANK2/ACACB/PDLIM2/ACVRL1/NRAP/CPE/SLC8A1,51
GO:0060078,regulation of postsynaptic membrane potential,21/1045,91/14198,0.230769230769231,3.13536989326463,5.75997375518993,2.01521986411865e-06,7.78157705425466e-05,7.78157705425466e-05,RELN/NLGN1/TMEM25/NLGN4X/NOS1/KCNA2/CHRNA1/CHRNA7/GRIK3/RIMS1/NRXN1/LRRK2/MEF2C/PRKN/MPP2/P2RX1/CHRFAM7A/P2RX4/GRIN1/GLRB/ELOVL4,21
GO:0032970,regulation of actin filament-based process,50/1045,341/14198,0.146627565982405,1.99217050891692,5.22724578809831,2.03809177500156e-06,7.8014608639625e-05,7.8014608639625e-05,PAK3/SLC9A1/LMOD1/TACR1/ASB2/SCIN/ARHGEF26/PDGFA/GBA2/SFRP1/EFNA5/VILL/ARHGAP44/SYNPO2/TMOD1/SPTB/KANK2/ATP1A2/KANK3/TPM1/SYNPO/PLEKHH2/GSN/CACNA1C/CAV1/ZEB2/PTGER4/SPTBN4/SRI/ARHGAP6/DAAM2/PRKN/LIMA1/CAMK2D/CCL11/ABL1/RYR2/GJA5/SVIL/PDE4D/FAM107A/CXCL12/FLII/PDXP/TENM1/ANK2/LPAR1/CRACD/ASAP3/PLN,50
GO:0019216,regulation of lipid metabolic process,42/1045,267/14198,0.157303370786517,2.13721842911671,5.28752458762051,2.1871591322182e-06,8.29989181036596e-05,8.29989181036596e-05,HPGD/ACADVL/GLTP/RXRA/UGT1A10/PDGFA/PLPP1/GPLD1/UGT1A1/UGT1A8/CLCN2/CARTPT/UGT1A3/GPER1/ALK/CAV1/NR1H4/PDK4/FABP1/APPL2/NR5A2/CAPN2/KAT2B/GNAI1/AQP8/C1QTNF2/EEF1A2/BMP2/ASXL3/PPARGC1A/CEACAM1/BMP5/CHP1/ACACB/EGR1/GPIHBP1/CPT1A/UGT1A4/ABHD5/PCK1/SORBS1/ABCB11,42
GO:0090066,regulation of anatomical structure size,52/1045,363/14198,0.143250688705234,1.94629021840853,5.14792377872454,2.58388039901195e-06,9.72157394568426e-05,9.72157394568426e-05,PAK3/LMOD1/TACR1/ASB2/SCIN/CDHR2/GBA2/EFNA5/ADRB1/ECE1/VILL/NOS1/TMOD1/SPTB/KANK2/EDN3/NTN1/GPER1/KANK3/PLEKHH2/PRKG1/GSN/CAV1/LRRK2/SPTBN4/P2RY1/RAB3B/MAP2/KCNMA1/DAAM2/ADCY6/LIMA1/CDHR5/KAT2B/HBB/CCL11/ABL1/GJA5/SVIL/BDKRB2/CXCL12/FLII/PDXP/TENM1/SVEP1/WNK3/EPHA7/CRACD/KLF2/GAB1/SLC8A1/MAPT,52
GO:0010881,regulation of cardiac muscle contraction by regulation of the release of sequestered calcium ion,9/1045,19/14198,0.473684210526316,6.43575925459582,6.68279654622272,2.8799903443683e-06,0.000107438283863638,0.000107438283863638,DMD/CASQ2/ATP1A2/CACNA1C/CALM1/CAMK2D/RYR2/ANK2/SLC8A1,9
GO:0141156,cAMP/PKA signal transduction,15/1045,52/14198,0.288461538461538,3.91921236658079,5.94421571343536,3.06436512132153e-06,0.00011335575852149,0.00011335575852149,PDE8A/PDE3A/PDE2A/NRXN1/LRRK2/PDE7B/VIP/MYOM1/PRKAR2B/PDE4D/PDE5A/PJA2/PDE6A/LPAR1/PDE9A,15
GO:0043434,response to peptide hormone,51/1045,357/14198,0.142857142857143,1.94094326725906,5.07525466610657,3.49298347654581e-06,0.000127780569696334,0.000127780569696335,TGFBR3/SLC9A1/NEFL/BTG2/SCNN1G/PRKCB/ABCC8/GPLD1/GLP2R/SLC2A4/APC/CAMK2A/CARTPT/HDAC9/GPER1/TNFRSF11A/CAV1/NR1H4/PDK4/SCNN1B/GKAP1/ADCY5/APPL2/CA2/ADCY6/FFAR3/KAT2B/GNAI1/VAMP2/FOS/HMGCS2/PRKAR2B/CEACAM1/SLC30A10/CXCL12/ADCY9/TNS2/JUND/BSG/GCG/EGR1/SOCS2/HSD11B2/PID1/KLF4/KLF2/GAB1/C1QTNF12/PCK1/SORBS1/PLN,51
GO:0055002,striated muscle cell development,21/1045,94/14198,0.223404255319149,3.03530489667108,5.58041221844923,3.5123691352241e-06,0.000127780569696334,0.000127780569696335,RYR1/LMOD1/MYOM2/ASB2/TNNT3/TMOD1/HDAC9/TPM1/OBSCN/PGM5/SORBS2/FLNC/MYH11/MYOM1/MYORG/FLII/CSRP1/ACTA1/NRAP/MYH3/SLC8A1,21
GO:0006813,potassium ion transport,28/1045,149/14198,0.187919463087248,2.55318711666292,5.37202758162667,3.55255226502588e-06,0.00012818307434954,0.00012818307434954,SLC9A1/ABCC8/KCNA5/KCND3/NOS1/LETM1/FHL1/CASQ2/KCNA2/KCNB1/ATP1A2/KCNT2/SLC9A9/CAV1/FXYD1/HCN2/KCNMA1/KCNN2/SLC9A2/GJA5/DPP6/ANK2/CHP1/KCNIP3/KCNQ4/KCNN3/SLC9A3/KCNA6,28
GO:0009612,response to mechanical stimulus,30/1045,166/14198,0.180722891566265,2.45541015737592,5.31647387245647,3.71537222624605e-06,0.000132968036910042,0.000132968036910042,SLC9A1/BTG2/PTN/TACR1/KCNA5/TEK/FOSB/DMD/PDE2A/PKD1/ATP1A2/GAP43/GSN/TNFRSF11A/NRXN1/PTGER4/P2RY1/KIT/TXNIP/CAPN2/FGF2/RYR2/FOS/SCN9A/ATP8A2/CXCL12/JUND/TLR3/GAB1/SLC8A1,30
GO:0019722,calcium-mediated signaling,31/1045,175/14198,0.177142857142857,2.40676965140123,5.27795367736502,3.96693139142225e-06,0.00014082606439549,0.00014082606439549,SLC9A1/RYR1/ACKR2/ITPR1/RYR3/JPH2/HOMER2/JPH4/DMD/NOS1/CASQ2/ATP1A2/GRIK3/CACNA1C/CHP2/LRRK2/INPP5A/NR5A2/CALM1/CAMK2D/PLCE1/RYR2/P2RX1/PTGDR2/P2RX4/DMPK/GRIN1/ANK2/CHP1/SLC8A1/MAPT,31
GO:0051046,regulation of secretion,60/1045,448/14198,0.133928571428571,1.81963431305537,4.96880342505474,4.146935449941e-06,0.000146038478805122,0.000146038478805122,OR51E2/NLGN1/ACHE/TACR1/PRKCB/SCIN/ABCC8/KCNA5/NEUROD1/GPLD1/GNAZ/SV2B/TACR2/CD160/EFNA5/IL6ST/SYTL4/PRKACB/EDN3/WLS/KCNA2/CAMK2A/CARTPT/KCNB1/GPER1/TNFRSF11A/RIMS1/NR1H4/LRRK2/GNAO1/SRI/P2RY1/RAP1A/KRT20/ADCY5/ADTRP/ECRG4/MEF2C/CD177/PRKN/RAB3A/FFAR3/PYY/FFAR4/P2RX1/BMP2/VAMP2/P2RX4/CEACAM1/GNAQ/CXCL12/SYN1/BSG/GCG/WNK3/CHGA/RAB27A/CPT1A/IL6R/ABCB11,60
GO:0030835,negative regulation of actin filament depolymerization,13/1045,41/14198,0.317073170731707,4.30794725172132,5.978729632245,4.35347290785627e-06,0.000152095140796693,0.000152095140796693,LMOD1/ASB2/SCIN/VILL/TMOD1/SPTB/PLEKHH2/GSN/SPTBN4/LIMA1/SVIL/FLII/CRACD,13
GO:1903530,regulation of secretion by cell,56/1045,412/14198,0.135922330097087,1.84672272030473,4.91603210797682,5.54125871649829e-06,0.000192067880866342,0.000192067880866342,OR51E2/NLGN1/ACHE/TACR1/PRKCB/ABCC8/KCNA5/NEUROD1/GPLD1/GNAZ/SV2B/TACR2/CD160/EFNA5/IL6ST/SYTL4/PRKACB/EDN3/WLS/KCNA2/CAMK2A/CARTPT/KCNB1/GPER1/TNFRSF11A/RIMS1/NR1H4/LRRK2/GNAO1/SRI/P2RY1/RAP1A/KRT20/ADCY5/ADTRP/ECRG4/MEF2C/CD177/PRKN/RAB3A/FFAR3/FFAR4/P2RX1/BMP2/VAMP2/P2RX4/CEACAM1/GNAQ/CXCL12/SYN1/BSG/GCG/CHGA/RAB27A/CPT1A/IL6R,56
GO:0007612,learning,18/1045,75/14198,0.24,3.26078468899522,5.53312372842671,5.94587827873101e-06,0.000204482470179484,0.000204482470179484,RELN/PTN/TACR1/ABCC8/NLGN4X/BCHE/TACR2/CARTPT/CLDN5/NRXN1/KIT/SLC1A1/ABL1/NTRK2/FOS/NRXN3/GRIN1/PLN,18
GO:0050806,positive regulation of synaptic transmission,22/1045,105/14198,0.20952380952381,2.84671679197995,5.3534931103595,6.33611544604976e-06,0.000214819560923501,0.000214819560923501,RELN/NLGN1/PTN/TACR1/NPTN/TACR2/CAMK2A/GPER1/CHRNA7/NRXN1/CALM1/CAMK2D/MPP2/CAMK2B/ABL1/NTRK2/VAMP2/GRIN1/CAMK2G/FAM107A/LGI1/PDE9A,22
GO:0035150,regulation of tube size,20/1045,90/14198,0.222222222222222,3.01924508240298,5.41653544493174,6.49948564914151e-06,0.000214819560923501,0.000214819560923501,TACR1/ADRB1/ECE1/NOS1/EDN3/GPER1/PRKG1/CAV1/P2RY1/KCNMA1/ADCY6/KAT2B/HBB/ABL1/GJA5/BDKRB2/SVEP1/KLF2/GAB1/SLC8A1,20
GO:0035296,regulation of tube diameter,20/1045,90/14198,0.222222222222222,3.01924508240298,5.41653544493174,6.49948564914151e-06,0.000214819560923501,0.000214819560923501,TACR1/ADRB1/ECE1/NOS1/EDN3/GPER1/PRKG1/CAV1/P2RY1/KCNMA1/ADCY6/KAT2B/HBB/ABL1/GJA5/BDKRB2/SVEP1/KLF2/GAB1/SLC8A1,20
GO:0097746,blood vessel diameter maintenance,20/1045,90/14198,0.222222222222222,3.01924508240298,5.41653544493174,6.49948564914151e-06,0.000214819560923501,0.000214819560923501,TACR1/ADRB1/ECE1/NOS1/EDN3/GPER1/PRKG1/CAV1/P2RY1/KCNMA1/ADCY6/KAT2B/HBB/ABL1/GJA5/BDKRB2/SVEP1/KLF2/GAB1/SLC8A1,20
GO:0010273,detoxification of copper ion,7/1045,12/14198,0.583333333333333,7.92551834130782,6.76483106104765,6.5392596919012e-06,0.000214819560923501,0.000214819560923501,MT2A/MT1E/MT1G/MT1M/MT1H/MT1X/MT1F,7
GO:1990169,stress response to copper ion,7/1045,12/14198,0.583333333333333,7.92551834130782,6.76483106104765,6.5392596919012e-06,0.000214819560923501,0.000214819560923501,MT2A/MT1E/MT1G/MT1M/MT1H/MT1X/MT1F,7
GO:0009410,response to xenobiotic stimulus,43/1045,288/14198,0.149305555555556,2.0285552897395,4.9705488604966,6.59305981847401e-06,0.00021498258756239,0.00021498258756239,ARNT2/CES3/BCL2/AOX1/DPYD/ABCC8/SULT1A2/UGT1A10/C1orf115/GPLD1/BCHE/SFRP1/FOSB/ADCYAP1R1/NOS1/UGT1A1/UGT1A8/PDE2A/SST/UGT1A3/CES2/CYP4F12/CMBL/CYP26B1/SLC28A2/TXNIP/HCN2/MEF2C/PRKN/SMPD1/ABL1/FOS/HMGCS2/UGT2B15/ACAA1/PTPRM/SOX10/GRIN1/UGT2B17/HSD11B2/CPT1A/SULT1B1/ABCB11,43
GO:0055078,sodium ion homeostasis,11/1045,31/14198,0.354838709677419,4.82105263157895,6.00300833063514,6.98916798215891e-06,0.000226222922481349,0.000226222922481349,SLC9A1/SCNN1G/SCN7A/ATP1A2/CYP4F12/CHP2/SCNN1B/FXYD1/CHP1/SLC9A3/SLC8A1,11
GO:0042692,muscle cell differentiation,43/1045,289/14198,0.14878892733564,2.02153606728365,4.9453689640975,7.20902036119164e-06,0.000231635822116537,0.000231635822116537,RYR1/LMOD1/PDCD4/MYOM2/ASB2/FGFR2/RBPMS2/CASP7/TNNT3/DMD/NOS1/TMOD1/MEGF10/RBM24/HDAC9/GPER1/TPM1/MYOCD/OBSCN/CYP26B1/PGM5/SORBS2/FLNC/MYH11/KIT/SYNE1/MEF2C/CAPN2/MYOM1/BMP2/MYORG/ADGRB3/DMPK/EFEMP2/FLII/ANK2/CSRP1/ACTA1/ITGA8/NRAP/MYH3/WNT5B/SLC8A1,43
GO:0099565,"chemical synaptic transmission, postsynaptic",18/1045,76/14198,0.236842105263158,3.21787962729791,5.46437745117599,7.26221836764018e-06,0.000231654240973566,0.000231654240973566,RELN/NLGN1/TMEM25/NLGN4X/CHRNA1/CHRNA7/RIMS1/NRXN1/LRRK2/MEF2C/PRKN/MPP2/P2RX1/CHRFAM7A/P2RX4/GRIN1/GLRB/ELOVL4,18
GO:0030834,regulation of actin filament depolymerization,14/1045,49/14198,0.285714285714286,3.88188653451811,5.69581756887372,7.3846376657711e-06,0.000233864568379312,0.000233864568379312,LMOD1/ASB2/SCIN/VILL/TMOD1/SPTB/PLEKHH2/GSN/SPTBN4/LIMA1/SVIL/FLII/PDXP/CRACD,14
GO:0006805,xenobiotic metabolic process,22/1045,106/14198,0.207547169811321,2.81986097318769,5.30089074714057,7.44900854493274e-06,0.000234218111534242,0.000234218111534242,ARNT2/CES3/AOX1/DPYD/SULT1A2/UGT1A10/BCHE/NOS1/UGT1A1/UGT1A8/UGT1A3/CES2/CYP4F12/CMBL/CYP26B1/SLC28A2/UGT2B15/ACAA1/GRIN1/UGT2B17/SULT1B1/ABCB11,22
GO:0003254,regulation of membrane depolarization,12/1045,37/14198,0.324324324324324,4.40646579593948,5.84792722746725,7.8188783988246e-06,0.000240690228752629,0.000240690228752629,TRPC4/BCL2/SLMAP/GPD1L/CLCN2/FHL1/LRRK2/SMAD7/HCN2/CAMK2D/GJA5/GNAQ,12
GO:1903350,response to dopamine,12/1045,37/14198,0.324324324324324,4.40646579593948,5.84792722746725,7.8188783988246e-06,0.000240690228752629,0.000240690228752629,RGS9/GNAL/DRD5/LRRK2/GNG2/GNAO1/GNA14/PRKN/ADCY6/SLC1A1/ABL1/GNA11,12
GO:1903351,cellular response to dopamine,12/1045,37/14198,0.324324324324324,4.40646579593948,5.84792722746725,7.8188783988246e-06,0.000240690228752629,0.000240690228752629,RGS9/GNAL/DRD5/LRRK2/GNG2/GNAO1/GNA14/PRKN/ADCY6/SLC1A1/ABL1/GNA11,12
GO:0086010,membrane depolarization during action potential,10/1045,26/14198,0.384615384615385,5.22561648877438,6.07862297214767,7.97986768679883e-06,0.000243079300854733,0.000243079300854733,SLMAP/SCN4B/CLCN2/ATP1A2/CACNA1C/HCN2/CACNB2/SCN9A/ANK2/SLC8A1,10
GO:1904706,negative regulation of vascular associated smooth muscle cell proliferation,9/1045,21/14198,0.428571428571429,5.82282980177717,6.23395179795195,8.00692835618726e-06,0.000243079300854733,0.000243079300854733,PDCD4/CNN1/GPER1/TPM1/MYOCD/PRKG1/CDKN1A/MEF2C/EFEMP2,9
GO:0006066,alcohol metabolic process,42/1045,281/14198,0.149466192170819,2.03073779563759,4.918951878649,8.19231765891392e-06,0.000247003988592734,0.000247003988592734,PLPP3/MOGAT2/ACAA2/ACADVL/CYB5R3/ADH1A/NFE2L1/SULT1A2/DHRS9/PLPP1/GBA2/ADCYAP1R1/CLCN2/GDPD3/AKR1B15/AKR1B10/UGT1A3/CES2/GPER1/NAAA/ITPKB/ADH1C/NR1H4/INPP5A/P2RY1/ADH1B/PRKG2/LIMA1/RDH5/OSBPL1A/GNAI1/AQP8/BMP2/HMGCS2/BMP5/ITPKA/RETSAT/HSD11B2/SULT1B1/UGT1A4/PCK1/CYP21A2,42
GO:0014074,response to purine-containing compound,23/1045,116/14198,0.198275862068966,2.69389539679921,5.16330094456818,1.03660781399774e-05,0.000310418203892385,0.000310418203892385,RYR1/RYR3/FOSB/PDE3A/PDE2A/CASQ2/CNGA3/DUSP1/P2RY1/RAP1A/SLC26A3/HCN2/PER1/AQP8/RYR2/P2RX1/FOS/HMGCS2/P2RX4/PDE4D/PDXP/BSG/SLC8A1,23
GO:0052652,cyclic purine nucleotide metabolic process,12/1045,38/14198,0.315789473684211,4.29050616973055,5.72488684947733,1.06674341377938e-05,0.000317284088341679,0.000317284088341679,GUCA2B/PDE8A/ADCYAP1R1/PDE2A/CARTPT/PDE7B/ADCY5/ADCY6/PDE4D/PDE5A/ADCY9/PDE9A,12
GO:0050808,synapse organization,61/1045,472/14198,0.129237288135593,1.75589570999919,4.707658044025,1.07843923566201e-05,0.000318610034589542,0.000318610034589542,PAK3/GNA13/NEFL/RELN/CNKSR2/NLGN1/ACHE/FILIP1/NTRK3/PLXNB3/LRFN5/NLGN4X/LRRC4B/ADGRL3/EFNA5/TLN2/ARHGAP44/CTNND2/HMCN2/SPTB/KIF1A/C1QL1/CRTAC1/NTN1/MUSK/CHRNA1/PDZRN3/GAP43/CNTN2/CHRNA7/MYOT/RIMS1/SLITRK5/NRXN1/LRRK2/ZDHHC15/LARGE1/DAB2IP/MEF2C/CACNB2/SLC1A1/CAMK2B/CPEB3/ABL1/NEURL1/ADGRB3/VSTM5/TENM2/NRXN3/DMPK/PDXP/SYN1/TENM1/ITPKA/KY/EPHA7/FGFR1/NEGR1/IGSF9/KIRREL3/MAPT,61
GO:0032272,negative regulation of protein polymerization,16/1045,64/14198,0.25,3.39665071770335,5.41634370289999,1.11202209121559e-05,0.000325938942428925,0.000325938942428925,STMN2/LMOD1/ASB2/SCIN/VILL/TMOD1/SPTB/KANK2/KANK3/GSN/SPTBN4/MAP2/CLIP3/SVIL/FLII/CRACD,16
GO:0097501,stress response to metal ion,8/1045,17/14198,0.470588235294118,6.39369546861807,6.27193401727073,1.11805498198018e-05,0.000325938942428925,0.000325938942428925,MT2A/MT1E/MT1G/MT1M/MT1H/MT1X/SLC30A10/MT1F,8
GO:0071248,cellular response to metal ion,25/1045,133/14198,0.18796992481203,2.55387272007771,5.07475898076355,1.16050406753886e-05,0.000336088085875397,0.000336088085875397,RYR1/NLGN1/MT2A/RYR3/CPNE5/MT1E/KCNB1/ITPKB/CHP2/NRXN1/MT1G/LRRK2/MT1M/CPNE8/MEF2C/PRKN/SMPD1/MT1H/CAMK2D/MT1X/P2RX4/MT1F/TF/ITPKA/DLG2,25
GO:0034694,response to prostaglandin,10/1045,27/14198,0.37037037037037,5.0320751373383,5.91090903568454,1.18411440444689e-05,0.000340684418848053,0.000340684418848053,TGFBR3/SFRP1/GNG2/PTGER4/ADCY6/GNAI1/HMGCS2/PTGDR2/GNAQ/PTGDR,10
GO:0048660,regulation of smooth muscle cell proliferation,23/1045,117/14198,0.196581196581197,2.67087064981802,5.11520493967166,1.20197584557969e-05,0.000343577770924791,0.000343577770924791,PDCD4/HPGD/TACR1/CNN1/FGFR2/MEF2D/RBPMS2/GPER1/TPM1/MYOCD/PRKG1/ADAMTS1/CDKN1A/FGF9/OGN/MEF2C/FGF2/BMP2/PPARGC1A/EFEMP2/MFN2/KLF4/IL6R,23
GO:0033002,muscle cell proliferation,27/1045,150/14198,0.18,2.44558851674641,5.01680356361125,1.21021835865655e-05,0.000343702013858461,0.000343702013858461,TGFBR3/PDCD4/HPGD/TACR1/CNN1/FGFR2/MEF2D/RBPMS2/MEGF10/GPER1/TPM1/MYOCD/PRKG1/ADAMTS1/CDKN1A/FGF9/OGN/MEF2C/FGF2/ABL1/BMP2/FOS/PPARGC1A/EFEMP2/MFN2/KLF4/IL6R,27
GO:0034405,response to fluid shear stress,14/1045,51/14198,0.274509803921569,3.72965569002721,5.50433436534428,1.23039068209017e-05,0.000347191011702623,0.000347191011702623,CITED2/MAPK7/PRKACB/ADCY5/SMAD7/MEF2C/CAPN2/ADCY6/ABL1/P2RX4/PRKAR2B/ADCY9/KLF4/KLF2,14
GO:0006883,intracellular sodium ion homeostasis,9/1045,22/14198,0.409090909090909,5.55815571987821,6.03069927110998,1.26671408461147e-05,0.000355111695436041,0.000355111695436041,SLC9A1/SCNN1G/ATP1A2/CHP2/SCNN1B/FXYD1/CHP1/SLC9A3/SLC8A1,9
GO:0071466,cellular response to xenobiotic stimulus,26/1045,142/14198,0.183098591549296,2.48768784958555,5.02191248652976,1.27459445431382e-05,0.000355111695436041,0.000355111695436041,ARNT2/CES3/AOX1/DPYD/SULT1A2/UGT1A10/GPLD1/BCHE/NOS1/UGT1A1/UGT1A8/PDE2A/UGT1A3/CES2/CYP4F12/CMBL/CYP26B1/SLC28A2/MEF2C/UGT2B15/ACAA1/SOX10/GRIN1/UGT2B17/SULT1B1/ABCB11,26
GO:0009812,flavonoid metabolic process,7/1045,13/14198,0.538461538461538,7.31586308428414,6.42145937254709,1.32663512659508e-05,0.000365601133018458,0.000365601133018458,UGT1A10/UGT1A5/UGT1A1/UGT1A8/UGT1A3/SULT1B1/UGT1A4,7
GO:0043270,positive regulation of monoatomic ion transport,25/1045,134/14198,0.186567164179104,2.53481396843534,5.0315030436132,1.32885464068499e-05,0.000365601133018458,0.000365601133018458,TRPV3/ABCC8/GPD1L/STAC/SCN4B/TACR2/ADCYAP1R1/NOS1/FHL1/CAMK2A/GPER1/CAV1/SRI/MYLK/STIM1/FXYD1/CACNB2/P2RX1/P2RX4/GRIN1/CXCL12/ANK2/GCG/WNK3/CHP1,25
GO:0008210,estrogen metabolic process,11/1045,33/14198,0.333333333333333,4.52886762360447,5.7204220770628,1.3931803266112e-05,0.000380917999859783,0.000380917999859783,UGT1A10/UGT1A5/UGT1A1/UGT1A8/AKR1B15/UGT1A3/DHRS11/HSD17B2/UGT2B15/UGT2B17/UGT1A4,11
GO:0009187,cyclic nucleotide metabolic process,12/1045,39/14198,0.307692307692308,4.18049319101951,5.60601827423763,1.43840423849351e-05,0.00039085527517583,0.00039085527517583,GUCA2B/PDE8A/ADCYAP1R1/PDE2A/CARTPT/PDE7B/ADCY5/ADCY6/PDE4D/PDE5A/ADCY9/PDE9A,12
GO:0051588,regulation of neurotransmitter transport,18/1045,80/14198,0.225,3.05698564593301,5.20036338900416,1.55452072933729e-05,0.000419815966290967,0.000419815966290967,NLGN1/PRKCB/SV2B/TACR2/NOS1/CAMK2A/ATP1A2/GPER1/RIMS1/LRRK2/P2RY1/RAB3B/RAP1A/MEF2C/PRKN/RAB3A/P2RX1/SYN1,18
GO:0141162,negative regulation of cAMP/PKA signal transduction,10/1045,28/14198,0.357142857142857,4.85235816814764,5.75128348993106,1.72100375136335e-05,0.000461942592286676,0.000461942592286676,PDE8A/PDE3A/PDE2A/PDE7B/PRKAR2B/PDE4D/PDE5A/PDE6A/LPAR1/PDE9A,10
GO:0007218,neuropeptide signaling pathway,13/1045,46/14198,0.282608695652174,3.83969211566466,5.43732494264623,1.77923807703831e-05,0.000474679152431674,0.000474679152431674,NPY1R/SORCS1/CARTPT/NPY6RP/ECRG4/PYY/GNAI1/PTGDR2/GNAQ/SSTR2/GLRB/TENM1/CPE,13
GO:0048659,smooth muscle cell proliferation,23/1045,120/14198,0.191666666666667,2.60409888357257,4.97388002547985,1.85114810667255e-05,0.000487524844361682,0.000487524844361682,PDCD4/HPGD/TACR1/CNN1/FGFR2/MEF2D/RBPMS2/GPER1/TPM1/MYOCD/PRKG1/ADAMTS1/CDKN1A/FGF9/OGN/MEF2C/FGF2/BMP2/PPARGC1A/EFEMP2/MFN2/KLF4/IL6R,23
GO:0051592,response to calcium ion,21/1045,104/14198,0.201923076923077,2.74344865660655,5.02982325670372,1.8589242354298e-05,0.000487524844361682,0.000487524844361682,RYR1/NLGN1/RYR3/CPNE5/CASQ2/KCNB1/ITPKB/CHP2/CAV1/NRXN1/DUSP1/CPNE8/TXNIP/STIM1/KCNMA1/MEF2C/CALM1/SMPD1/CAMK2D/RYR2/ITPKA,21
GO:0050680,negative regulation of epithelial cell proliferation,18/1045,81/14198,0.222222222222222,3.01924508240298,5.13693845235333,1.86315285097501e-05,0.000487524844361682,0.000487524844361682,TGFBR3/TMIGD1/NFIB/FGFR2/SCG2/KLF9/SFRP1/SYNJ2BP/ATOH8/CAV1/DAB2IP/MEF2C/ATP5F1A/CDKN2B/PTPRM/CEACAM1/JUND/ACVRL1,18
GO:0055119,relaxation of cardiac muscle,8/1045,18/14198,0.444444444444444,6.03849016480595,6.02896244500979,1.88276291552671e-05,0.000487524844361682,0.000487524844361682,ATP1A2/GSN/CAMK2D/P2RX4/PDE4D/CHGA/SLC8A1/PLN,8
GO:0071294,cellular response to zinc ion,8/1045,18/14198,0.444444444444444,6.03849016480595,6.02896244500979,1.88276291552671e-05,0.000487524844361682,0.000487524844361682,MT2A/MT1E/MT1G/MT1M/MT1H/MT1X/P2RX4/MT1F,8
GO:0002790,peptide secretion,29/1045,171/14198,0.169590643274854,2.30416072078122,4.83605018332685,1.90990499555902e-05,0.000490952737143826,0.000490952737143826,ABCC8/KCNA5/NEUROD1/GPLD1/GNAZ/TACR2/EFNA5/IL6ST/PRKACB/EDN3/CARTPT/KCNB1/GPER1/NR1H4/GNAO1/SRI/ADCY5/ECRG4/PRKN/RAB3A/VIP/FFAR3/PYY/FFAR4/CAMK2G/GCG/CHGA/CPT1A/IL6R,29
GO:0003044,regulation of systemic arterial blood pressure mediated by a chemical signal,12/1045,40/14198,0.3,4.07598086124402,5.49106641982202,1.91830692386956e-05,0.000490952737143826,0.000490952737143826,OR51E2/TACR1/ADRB1/ECE1/EDN3/CARTPT/TPM1/PCSK5/ANPEP/CMA1/CTSG/HSD11B2,12
GO:0042063,gliogenesis,32/1045,198/14198,0.161616161616162,2.19581460538398,4.77613349606698,1.98937237930258e-05,0.00050384877051845,0.00050384877051845,RELN/GDPD2/NTRK3/PTN/ABCC8/NR3C1/NFIB/PLP1/ATOH1/CLU/LGI4/CLCN2/ZEB2/CSF1/P2RY1/PTPRZ1/DAB2IP/DAAM2/TPPP/SUN2/PRX/GPR17/NTRK2/BMP2/CNTFR/SOX10/P2RX4/LPAR1/ZMIZ1/NEGR1/CNTN1/MAPT,32
GO:0051279,regulation of release of sequestered calcium ion into cytosol,14/1045,53/14198,0.264150943396226,3.58891396587524,5.32228471720038,1.99158759814199e-05,0.00050384877051845,0.00050384877051845,JPH2/JPH4/DMD/CASQ2/ATP1A2/GPER1/CACNA1C/SRI/CALM1/CAMK2D/RYR2/PDE4D/ANK2/SLC8A1,14
GO:0061448,connective tissue development,29/1045,172/14198,0.168604651162791,2.29076443752086,4.80052044819666,2.13922712272623e-05,0.00053810730252805,0.000538107302528051,GUCA2B/SCIN/MUSTN1/NFIB/GPLD1/NFIA/ACAT1/PKD1/NR1H4/SLC26A2/ZBTB16/OGN/NR5A2/PRKG2/SMAD7/BMP3/MEF2C/FGF2/BMP2/HMGCS2/PPARGC1A/WNT9A/ZNF219/SOX5/BMP5/EGR1/ACVRL1/IL6R/WNT5B,29
GO:0070593,dendrite self-avoidance,7/1045,14/14198,0.5,6.7933014354067,6.11272430908324,2.48453224932271e-05,0.000619201312155875,0.000619201312155875,NPTN/ROBO3/PALLD/CNTN2/BSG/DSCAML1/IGSF9,7
GO:0051216,cartilage development,22/1045,114/14198,0.192982456140351,2.62197599261311,4.90092284617982,2.50071315883937e-05,0.000619201312155875,0.000619201312155875,SCIN/MUSTN1/NFIB/GPLD1/NFIA/PKD1/SLC26A2/ZBTB16/OGN/NR5A2/PRKG2/SMAD7/BMP3/MEF2C/FGF2/BMP2/WNT9A/ZNF219/SOX5/BMP5/ACVRL1/WNT5B,22
GO:0030042,actin filament depolymerization,14/1045,54/14198,0.259259259259259,3.52245259613681,5.23453123706878,2.50849928650419e-05,0.000619201312155875,0.000619201312155875,LMOD1/ASB2/SCIN/VILL/TMOD1/SPTB/PLEKHH2/GSN/SPTBN4/LIMA1/SVIL/FLII/PDXP/CRACD,14
GO:0010043,response to zinc ion,12/1045,41/14198,0.292682926829268,3.9765666938966,5.37979784468837,2.53194539273188e-05,0.000619201312155875,0.000619201312155875,MT2A/ABCC8/MT1E/MT1G/MT1M/SLC30A4/MT1H/MT1X/P2RX4/SLC30A10/MT1F/PLN,12
GO:0071870,cellular response to catecholamine stimulus,12/1045,41/14198,0.292682926829268,3.9765666938966,5.37979784468837,2.53194539273188e-05,0.000619201312155875,0.000619201312155875,RGS9/GNAL/DRD5/LRRK2/GNG2/GNAO1/GNA14/PRKN/ADCY6/SLC1A1/ABL1/GNA11,12
GO:0060291,long-term synaptic potentiation,15/1045,61/14198,0.245901639344262,3.34096791905248,5.16447021357428,2.57601134324883e-05,0.00062649734436361,0.00062649734436361,RELN/PTN/NPTN/CAMK2A/CHRNA7/CALM1/CAMK2D/MPP2/CAMK2B/ABL1/NTRK2/VAMP2/CAMK2G/FAM107A/PDE9A,15
GO:1903115,regulation of actin filament-based movement,11/1045,35/14198,0.314285714285714,4.27007518796993,5.45956648821682,2.61965072049764e-05,0.000633610025913769,0.000633610025913769,ATP1A2/CACNA1C/CAV1/ZEB2/SRI/CAMK2D/RYR2/GJA5/PDE4D/ANK2/PLN,11
GO:0015833,peptide transport,31/1045,193/14198,0.160621761658031,2.18230408805811,4.6613349962852,3.01765154622146e-05,0.000725885361009119,0.000725885361009119,ABCC8/KCNA5/NEUROD1/CD209/GPLD1/GNAZ/TACR2/EFNA5/IL6ST/PRKACB/EDN3/CARTPT/KCNB1/GPER1/NR1H4/GNAO1/SRI/ADCY5/ECRG4/CA2/PRKN/RAB3A/VIP/FFAR3/PYY/FFAR4/CAMK2G/GCG/CHGA/CPT1A/IL6R,31
GO:0086012,membrane depolarization during cardiac muscle cell action potential,8/1045,19/14198,0.421052631578947,5.72067489297406,5.80366208160061,3.04259119268299e-05,0.000727906871206008,0.000727906871206008,SLMAP/SCN4B/ATP1A2/CACNA1C/HCN2/CACNB2/ANK2/SLC8A1,8
GO:0034308,primary alcohol metabolic process,18/1045,84/14198,0.214285714285714,2.91141490088859,4.95237565649518,3.14307297412377e-05,0.000747881472005019,0.000747881472005019,ADH1A/SULT1A2/DHRS9/CLCN2/GDPD3/AKR1B15/AKR1B10/CES2/NAAA/ADH1C/ADH1B/RDH5/BMP2/BMP5/RETSAT/HSD11B2/SULT1B1/CYP21A2,18
GO:1901880,negative regulation of protein depolymerization,15/1045,62/14198,0.241935483870968,3.28708133971292,5.08695871919124,3.16976410829366e-05,0.0007501775056295,0.0007501775056295,STMN2/LMOD1/ASB2/SCIN/VILL/TMOD1/SPTB/APC/PLEKHH2/GSN/SPTBN4/LIMA1/SVIL/FLII/CRACD,15
GO:0071869,response to catecholamine,12/1045,42/14198,0.285714285714286,3.88188653451811,5.27199843111491,3.30939127787541e-05,0.000779034246267785,0.000779034246267785,RGS9/GNAL/DRD5/LRRK2/GNG2/GNAO1/GNA14/PRKN/ADCY6/SLC1A1/ABL1/GNA11,12
GO:0051385,response to mineralocorticoid,10/1045,30/14198,0.333333333333333,4.52886762360447,5.45363096452734,3.44018740019521e-05,0.000805516219981877,0.000805516219981877,NEFL/SCNN1G/NTRK3/FOSB/CARTPT/GPER1/SCNN1B/HCN2/PRKN/FOS,10
GO:0060322,head development,56/1045,440/14198,0.127272727272727,1.72920400173989,4.37967369987087,3.81594419656528e-05,0.00088877176472383,0.00088877176472383,ARNT2/NEFL/RELN/POU6F1/NLGN4X/NEUROD1/NFIB/FGFR2/ROGDI/PLP1/ROBO3/SFRP1/PHLPP2/WLS/KCNA2/ATP1A2/CA10/CLDN5/TOX/NRXN1/LRRK2/PADI2/EML1/FGF9/CHD5/FOXP2/PBX1/IL11RA/DAB2IP/CALM1/SUN2/SLC1A1/PCDH9/UNC5C/FAT4/NTRK2/BMP2/FOS/CMA1/SOX15/GRIN1/CKB/CXCL12/NDRG2/BMP5/LPAR1/ZMIZ1/EPHA7/FGFR1/MAST1/DSCAML1/UGP2/MYH3/MAOB/KIRREL3/CNTN1,56
GO:0046683,response to organophosphorus,20/1045,101/14198,0.198019801980198,2.69041641006206,4.80546107138651,3.92343279491047e-05,0.00090899742964189,0.00090899742964189,RYR3/FOSB/PDE3A/PDE2A/CNGA3/DUSP1/P2RY1/RAP1A/SLC26A3/HCN2/PER1/AQP8/P2RX1/FOS/HMGCS2/P2RX4/PDE4D/PDXP/BSG/LPAR1,20
GO:0030072,peptide hormone secretion,28/1045,169/14198,0.165680473372781,2.25103479516435,4.61151271015873,4.08522606324809e-05,0.000941526970178959,0.000941526970178959,ABCC8/KCNA5/NEUROD1/GPLD1/GNAZ/TACR2/EFNA5/IL6ST/PRKACB/EDN3/CARTPT/KCNB1/GPER1/NR1H4/GNAO1/SRI/ADCY5/ECRG4/PRKN/RAB3A/VIP/FFAR3/FFAR4/CAMK2G/GCG/CHGA/CPT1A/IL6R,28
GO:0071868,cellular response to monoamine stimulus,12/1045,43/14198,0.27906976744186,3.79161010348281,5.1674713653889,4.28584202195982e-05,0.000979796260133218,0.000979796260133218,RGS9/GNAL/DRD5/LRRK2/GNG2/GNAO1/GNA14/PRKN/ADCY6/SLC1A1/ABL1/GNA11,12
GO:0008202,steroid metabolic process,36/1045,243/14198,0.148148148148148,2.01283005493532,4.48868183429433,4.31098823762533e-05,0.000979796260133218,0.000979796260133218,ACAA2/ACADVL/CYB5R3/NFE2L1/SULT1A2/DHRS9/UGT1A10/UGT1A5/GBA2/UGT1A1/UGT1A8/CLCN2/AKR1B15/UGT1A3/FAXDC2/NR1H4/DHRS11/HSD17B2/NR5A2/PBX1/LIMA1/RDH5/OSBPL1A/GNAI1/AQP8/BMP2/HMGCS2/UGT2B15/ACAA1/BMP5/EGR1/UGT2B17/HSD11B2/UGT1A4/ABCB11/CYP21A2,36
GO:0086014,atrial cardiac muscle cell action potential,7/1045,15/14198,0.466666666666667,6.34041467304625,5.83284700250315,4.36256399332373e-05,0.000979796260133218,0.000979796260133218,KCNA5/CACNA1C/KCNN2/CACNB2/RYR2/GJA5/ANK2,7
GO:0086026,atrial cardiac muscle cell to AV node cell signaling,7/1045,15/14198,0.466666666666667,6.34041467304625,5.83284700250315,4.36256399332373e-05,0.000979796260133218,0.000979796260133218,KCNA5/CACNA1C/KCNN2/CACNB2/RYR2/GJA5/ANK2,7
GO:0086066,atrial cardiac muscle cell to AV node cell communication,7/1045,15/14198,0.466666666666667,6.34041467304625,5.83284700250315,4.36256399332373e-05,0.000979796260133218,0.000979796260133218,KCNA5/CACNA1C/KCNN2/CACNB2/RYR2/GJA5/ANK2,7
GO:0034329,cell junction assembly,54/1045,422/14198,0.127962085308057,1.73857003560171,4.34140566627885,4.51236314199723e-05,0.00100829556096811,0.00100829556096811,GNA13/SLC9A1/RELN/NLGN1/ACHE/NTRK3/PLXNB3/LRFN5/NLGN4X/MYO1C/TEK/TLN1/LRRC4B/SFRP1/ADGRL3/EFNA5/TLN2/APC/CRTAC1/NTN1/MUSK/GAP43/CLDN5/SLITRK5/CAV1/NRXN1/NR1H4/DST/RAP1A/ARHGAP6/TSPAN11/SMAD7/MEF2C/CPEB3/ABL1/EPB41L3/GJA5/MPDZ/VSTM5/CDH19/NRXN3/FAM107A/ANK2/OCEL1/EPHA7/FGFR1/CDHR3/DUSP3/ACVRL1/NEGR1/VCL/KIRREL3/SORBS1/MAPT,54
GO:0051693,actin filament capping,11/1045,37/14198,0.297297297297297,4.03926031294452,5.21754046572692,4.68308685531214e-05,0.00104115900692344,0.00104115900692344,LMOD1/ASB2/SCIN/VILL/TMOD1/SPTB/GSN/SPTBN4/SVIL/FLII/CRACD,11
GO:0061687,detoxification of inorganic compound,8/1045,20/14198,0.4,5.43464114832536,5.59383974821586,4.74467879376775e-05,0.00104449651320947,0.00104449651320947,MT2A/MT1E/MT1G/MT1M/MT1H/MT1X/SLC30A10/MT1F,8
GO:0086004,regulation of cardiac muscle cell contraction,10/1045,31/14198,0.32258064516129,4.38277511961723,5.31445891530058,4.7455543535187e-05,0.00104449651320947,0.00104449651320947,ATP1A2/CACNA1C/CAV1/SRI/CAMK2D/RYR2/GJA5/PDE4D/ANK2/PLN,10
GO:0071867,response to monoamine,12/1045,44/14198,0.272727272727273,3.70543714658547,5.06603537078796,5.5021931932479e-05,0.00120500768341678,0.00120500768341678,RGS9/GNAL/DRD5/LRRK2/GNG2/GNAO1/GNA14/PRKN/ADCY6/SLC1A1/ABL1/GNA11,12
GO:0007420,brain development,53/1045,415/14198,0.127710843373494,1.73515651121231,4.28426183094351,5.5828670418143e-05,0.00121662280782508,0.00121662280782508,ARNT2/NEFL/RELN/POU6F1/NLGN4X/NEUROD1/NFIB/FGFR2/ROGDI/PLP1/ROBO3/SFRP1/PHLPP2/WLS/KCNA2/ATP1A2/CA10/TOX/NRXN1/LRRK2/PADI2/EML1/FGF9/CHD5/FOXP2/PBX1/DAB2IP/CALM1/SUN2/SLC1A1/PCDH9/UNC5C/FAT4/NTRK2/BMP2/FOS/CMA1/SOX15/GRIN1/CKB/CXCL12/NDRG2/BMP5/LPAR1/ZMIZ1/EPHA7/FGFR1/MAST1/DSCAML1/UGP2/MAOB/KIRREL3/CNTN1,53
GO:0071805,potassium ion transmembrane transport,24/1045,137/14198,0.175182481751825,2.38013480948556,4.57528040173692,5.71708253516104e-05,0.00123973385811719,0.00123973385811719,SLC9A1/ABCC8/KCNA5/KCND3/LETM1/FHL1/KCNA2/KCNB1/ATP1A2/KCNT2/SLC9A9/CAV1/FXYD1/HCN2/KCNMA1/KCNN2/SLC9A2/DPP6/ANK2/KCNIP3/KCNQ4/KCNN3/SLC9A3/KCNA6,24
GO:0030837,negative regulation of actin filament polymerization,13/1045,51/14198,0.254901960784314,3.46325171216812,4.96713233808802,5.89676448343514e-05,0.00126622230517471,0.00126622230517471,LMOD1/ASB2/SCIN/VILL/TMOD1/SPTB/KANK2/KANK3/GSN/SPTBN4/SVIL/FLII/CRACD,13
GO:0098900,regulation of action potential,13/1045,51/14198,0.254901960784314,3.46325171216812,4.96713233808802,5.89676448343514e-05,0.00126622230517471,0.00126622230517471,SLC9A1/TACR1/UNC79/NOS1/CASQ2/KCNB1/CACNA1C/CAV1/CALM1/CAMK2D/RYR2/GJA5/ANK2,13
GO:0050432,catecholamine secretion,9/1045,26/14198,0.346153846153846,4.70305483989695,5.32690893191988,6.08003392513747e-05,0.00129923831740074,0.00129923831740074,KCNA2/CARTPT/KCNB1/P2RY1/PRKN/VIP/FFAR3/CXCL12/CHGA,9
GO:0098815,modulation of excitatory postsynaptic potential,11/1045,38/14198,0.289473684210526,3.93296398891967,5.10282798574171,6.15641196112179e-05,0.0013092041281574,0.0013092041281574,RELN/NLGN1/TMEM25/NLGN4X/CHRNA7/RIMS1/NRXN1/LRRK2/PRKN/GRIN1/ELOVL4,11
GO:0002062,chondrocyte differentiation,16/1045,73/14198,0.219178082191781,2.97788556072622,4.77542895228415,6.40300251885811e-05,0.00135215924432073,0.00135215924432073,SCIN/MUSTN1/NFIB/GPLD1/SLC26A2/ZBTB16/NR5A2/PRKG2/SMAD7/MEF2C/BMP2/WNT9A/ZNF219/SOX5/ACVRL1/WNT5B,16
GO:0034616,response to laminar fluid shear stress,10/1045,32/14198,0.3125,4.24581339712919,5.18106385946206,6.45055523187993e-05,0.00135215924432073,0.00135215924432073,MAPK7/PRKACB/ADCY5/SMAD7/CAPN2/ADCY6/PRKAR2B/ADCY9/KLF4/KLF2,10
GO:0042311,vasodilation,10/1045,32/14198,0.3125,4.24581339712919,5.18106385946206,6.45055523187993e-05,0.00135215924432073,0.00135215924432073,ADRB1/NOS1/GPER1/PRKG1/KCNMA1/KAT2B/GJA5/BDKRB2/KLF2/GAB1,10
GO:0006939,smooth muscle contraction,15/1045,66/14198,0.227272727272727,3.08786428882123,4.79199598857152,6.92279463627274e-05,0.00143745952777701,0.00143745952777701,TACR1/CNN1/TACR2/EDN3/GPER1/MYOCD/SMTN/PRKG1/CAV1/MYH11/MYLK/KIT/KCNMA1/BDKRB2/SLC8A1,15
GO:0046928,regulation of neurotransmitter secretion,15/1045,66/14198,0.227272727272727,3.08786428882123,4.79199598857152,6.92279463627274e-05,0.00143745952777701,0.00143745952777701,NLGN1/PRKCB/SV2B/TACR2/CAMK2A/GPER1/RIMS1/LRRK2/P2RY1/RAP1A/MEF2C/PRKN/RAB3A/P2RX1/SYN1,15
GO:0006836,neurotransmitter transport,26/1045,157/14198,0.165605095541401,2.25001066650413,4.43923925098169,7.65572627921345e-05,0.00158218343103745,0.00158218343103745,NLGN1/SLC6A8/PRKCB/SV2B/TACR2/PRRT2/SYP/NOS1/CAMK2A/ATP1A2/GPER1/RIMS1/NRXN1/LRRK2/SLC28A2/P2RY1/RAB3B/RAP1A/MEF2C/PRKN/RAB3A/SLC1A1/P2RX1/VAMP2/SLC6A19/SYN1,26
GO:0110053,regulation of actin filament organization,34/1045,231/14198,0.147186147186147,1.99975972990327,4.31811385570121,7.94653147943493e-05,0.0016346089519847,0.0016346089519847,PAK3/SLC9A1/LMOD1/TACR1/ASB2/SCIN/GBA2/SFRP1/VILL/SYNPO2/TMOD1/SPTB/KANK2/KANK3/TPM1/SYNPO/PLEKHH2/GSN/PTGER4/SPTBN4/ARHGAP6/DAAM2/PRKN/LIMA1/CCL11/ABL1/SVIL/CXCL12/FLII/PDXP/TENM1/LPAR1/CRACD/ASAP3,34
GO:0097306,cellular response to alcohol,17/1045,82/14198,0.207317073170732,2.81673474151009,4.65036079879179,8.04312804778311e-05,0.00164678370541122,0.00164678370541122,BTG2/SCNN1G/NFE2L1/KLF9/GPLD1/SFRP1/SCNN1B/GNG2/PTGER4/RAP1A/ADCY5/HCN2/ADCY6/GNAI1/FOS/PTGDR2/PTGDR,17
GO:0003014,renal system process,19/1045,98/14198,0.193877551020408,2.63413729128015,4.5754735448795,8.20718138591991e-05,0.00167259316948238,0.00167259316948238,CLCNKB/OR51E2/CLCNKA/TACR1/PRKACB/SGK1/CYP4F12/PCSK5/CHRNA7/GSN/ADCY5/KCNMA1/ADCY6/HBB/GJA5/PRKAR2B/ADCY9/WNK3/AMN,19
GO:0090087,regulation of peptide transport,25/1045,149/14198,0.167785234899329,2.27963135416332,4.42587686643265,8.40057173193015e-05,0.00170411597990583,0.00170411597990583,ABCC8/KCNA5/NEUROD1/GPLD1/GNAZ/EFNA5/IL6ST/PRKACB/CARTPT/KCNB1/GPER1/NR1H4/GNAO1/SRI/ADCY5/ECRG4/CA2/PRKN/FFAR3/PYY/FFAR4/GCG/CHGA/CPT1A/IL6R,25
GO:0006882,intracellular zinc ion homeostasis,9/1045,27/14198,0.333333333333333,4.52886762360447,5.17322093751156,8.52799368548278e-05,0.00171416567139247,0.00171416567139247,MT2A/MT1E/MT1G/MT1M/MT1H/SLC1A1/MT1X/SLC30A10/MT1F,9
GO:0045214,sarcomere organization,9/1045,27/14198,0.333333333333333,4.52886762360447,5.17322093751156,8.52799368548278e-05,0.00171416567139247,0.00171416567139247,MYOM2/TNNT3/TPM1/OBSCN/FLNC/MYOM1/FLII/CSRP1/MYH3,9
GO:0051494,negative regulation of cytoskeleton organization,23/1045,132/14198,0.174242424242424,2.36736262142961,4.44866178408445,8.82096650011553e-05,0.00176499520606857,0.00176499520606857,STMN2/LMOD1/ASB2/SCIN/IQCJ-SCHIP1/VILL/TMOD1/SPTB/APC/KANK2/KANK3/PLEKHH2/GSN/SPTBN4/MAP2/ARHGAP6/PRKN/LIMA1/KAT2B/CLIP3/SVIL/FLII/CRACD,23
GO:0051412,response to corticosterone,6/1045,12/14198,0.5,6.7933014354067,5.65888408128169,9.83876919050562e-05,0.00195974036093239,0.00195974036093239,NEFL/NTRK3/FOSB/CARTPT/PRKN/FOS,6
GO:0034764,positive regulation of transmembrane transport,23/1045,133/14198,0.172932330827068,2.34956290247149,4.40750800945912,9.93778664653431e-05,0.00196171017121274,0.00196171017121274,STAC/ADCYAP1R1/NOS1/FHL1/GPER1/ITLN1/CAV1/SRI/RAP1A/STIM1/FXYD1/CA2/CACNB2/CLIP3/P2RX1/PTPRM/P2RX4/GRIN1/ANK2/WNK3/CHP1/C1QTNF12/SORBS1,23
GO:1902904,negative regulation of supramolecular fiber organization,23/1045,133/14198,0.172932330827068,2.34956290247149,4.40750800945912,9.93778664653431e-05,0.00196171017121274,0.00196171017121274,STMN2/LMOD1/ASB2/SCIN/VILL/TMOD1/CLU/SPTB/APC/KANK2/KANK3/PLEKHH2/GSN/SPTBN4/MAP2/ARHGAP6/PRKN/LIMA1/CLIP3/SVIL/FLII/CRACD/CRYAB,23
GO:1902903,regulation of supramolecular fiber organization,44/1045,332/14198,0.132530120481928,1.800634115409,4.16074942577355,0.000100224553245301,0.00196343883106134,0.00196343883106134,PAK3/SLC9A1/STMN2/LMOD1/TACR1/ASB2/SCIN/PPP2CB/GBA2/SFRP1/SLAIN1/VILL/SYNPO2/TMOD1/CLU/SPTB/APC/KANK2/KANK3/TPM1/CHRNA7/SYNPO/PLEKHH2/GSN/PTGER4/SPTBN4/MAP2/ARHGAP6/DAAM2/PRKN/LIMA1/CLIP3/CCL11/ABL1/SVIL/CXCL12/FLII/PDXP/TENM1/LPAR1/CRACD/ASAP3/MAPT/CRYAB,44
GO:0010565,regulation of ketone metabolic process,21/1045,116/14198,0.181034482758621,2.45964362316449,4.44925897576633,0.000100357504995185,0.00196343883106134,0.00196343883106134,ACADVL/UGT1A10/UGT1A1/UGT1A8/CLCN2/UGT1A3/CAV1/NR1H4/PDK4/APPL2/KAT2B/BMP2/PPARGC1A/CEACAM1/BMP5/ACACB/EGR1/GPIHBP1/CPT1A/UGT1A4/ABCB11,21
GO:0048168,regulation of neuronal synaptic plasticity,11/1045,40/14198,0.275,3.73631578947368,4.8847156154057,0.000103205249530308,0.00200136347327056,0.00200136347327056,NPTN/SYP/CAMK2A/SYNGR1/KIT/RAB3A/CAMK2D/CAMK2B/NEURL1/GRIN1/CAMK2G,11
GO:0071498,cellular response to fluid shear stress,11/1045,40/14198,0.275,3.73631578947368,4.8847156154057,0.000103205249530308,0.00200136347327056,0.00200136347327056,MAPK7/PRKACB/ADCY5/MEF2C/CAPN2/ADCY6/ABL1/PRKAR2B/ADCY9/KLF4/KLF2,11
GO:0071375,cellular response to peptide hormone stimulus,38/1045,273/14198,0.139194139194139,1.89117549117549,4.1907425545102,0.000105186005848954,0.00202723665189008,0.00202723665189008,SLC9A1/SCNN1G/PRKCB/GPLD1/GLP2R/SLC2A4/APC/CAMK2A/HDAC9/GPER1/CAV1/NR1H4/PDK4/SCNN1B/GKAP1/ADCY5/APPL2/CA2/ADCY6/FFAR3/KAT2B/VAMP2/FOS/HMGCS2/PRKAR2B/CEACAM1/SLC30A10/ADCY9/TNS2/GCG/SOCS2/PID1/KLF4/KLF2/GAB1/C1QTNF12/PCK1/SORBS1,38
GO:0046058,cAMP metabolic process,8/1045,22/14198,0.363636363636364,4.94058286211396,5.21361525466579,0.000105460516420452,0.00202723665189008,0.00202723665189008,PDE8A/ADCYAP1R1/CARTPT/PDE7B/ADCY5/ADCY6/PDE4D/ADCY9,8
GO:0010976,positive regulation of neuron projection development,22/1045,125/14198,0.176,2.39124210526316,4.40360546382891,0.000106918741423879,0.00204235797851509,0.00204235797851509,RELN/STMN2/NTRK3/PTN/PLXNB3/NPTN/ROBO3/DMD/MAGI2/ALK/TOX/ZDHHC15/RAP1A/LRRC7/DAB2IP/KAT2B/CAMK2B/ABL1/NTRK2/ATP8A2/RET/BMP5,22
GO:0007626,locomotory behavior,14/1045,61/14198,0.229508196721311,3.11823672444898,4.67309713203749,0.00010717507792753,0.00204235797851509,0.00204235797851509,C1QL1/CARTPT/ATP1A2/USP2/LRRK2/RASD2/SLC30A4/PRKN/SLC1A1/CXCL12/HPGDS/EGR1/CNTN1/PLN,14
GO:0007423,sensory organ development,38/1045,274/14198,0.138686131386861,1.88427339084273,4.16604404396963,0.00011369320224447,0.00215723050120758,0.00215723050120758,NTRK3/SALL2/FOXF2/NEUROD1/FGFR2/CPAMD8/EFNA5/SMOC1/ECE1/DMD/SGCA/ATOH1/TMOD1/PPP2R3A/ABCB5/MAB21L2/CYP26B1/CNGA3/CACNA1C/ZEB2/FGF9/KIT/PBX1/SLC30A4/MYOM1/FGF2/SLC1A1/ATP8B1/BMP2/FOS/PTPRM/ATP8A2/WNT9A/BSG/PDE6A/ANGPTL7/ACVRL1/WNT5B,38
GO:0033555,multicellular organismal response to stress,10/1045,34/14198,0.294117647058824,3.99605966788629,4.92993262580346,0.00011451930260015,0.00216357927058309,0.00216357927058309,RELN/TACR1/ADCYAP1R1/NOS1/ATP1A2/MEF2C/CAPN2/HMGCS2/P2RX4/RET,10
GO:0071499,cellular response to laminar fluid shear stress,9/1045,28/14198,0.321428571428571,4.36712235133288,5.02686259754248,0.000117523573384867,0.00220144157463909,0.00220144157463909,MAPK7/PRKACB/ADCY5/CAPN2/ADCY6/PRKAR2B/ADCY9/KLF4/KLF2,9
GO:0095500,acetylcholine receptor signaling pathway,9/1045,28/14198,0.321428571428571,4.36712235133288,5.02686259754248,0.000117523573384867,0.00220144157463909,0.00220144157463909,ITPR1/PRKCB/CHRNA1/CHRNA7/PSCA/CHRM4/GNA11/GNAQ/LYNX1,9
GO:0051928,positive regulation of calcium ion transport,15/1045,69/14198,0.217391304347826,2.95360931974204,4.5851186403118,0.000118741805376151,0.00221483655621108,0.00221483655621108,TRPV3/ADCYAP1R1/CAMK2A/GPER1/CAV1/SRI/MYLK/CACNB2/P2RX1/P2RX4/GRIN1/CXCL12/ANK2/GCG/WNK3,15
GO:0008064,regulation of actin polymerization or depolymerization,22/1045,126/14198,0.174603174603175,2.37226399331663,4.36102979424177,0.000120715216146794,0.00224214506952821,0.00224214506952821,PAK3/LMOD1/ASB2/SCIN/GBA2/VILL/TMOD1/SPTB/KANK2/KANK3/PLEKHH2/GSN/SPTBN4/DAAM2/LIMA1/CCL11/SVIL/CXCL12/FLII/PDXP/TENM1/CRACD,22
GO:0003073,regulation of systemic arterial blood pressure,14/1045,62/14198,0.225806451612903,3.06794258373206,4.59954719337752,0.000129189330340536,0.00238945979898757,0.00238945979898757,OR51E2/TACR1/ADRB1/ECE1/EDN3/CARTPT/TPM1/PCSK5/GPR37L1/ADAMTS16/ANPEP/CMA1/CTSG/HSD11B2,14
GO:0051047,positive regulation of secretion,34/1045,237/14198,0.143459915611814,1.94913290129812,4.15323938815153,0.000132550117225522,0.00244136241015375,0.00244136241015376,OR51E2/NLGN1/ACHE/TACR1/SCIN/ABCC8/NEUROD1/GPLD1/TACR2/CD160/EFNA5/SYTL4/PRKACB/EDN3/WLS/CARTPT/KCNB1/GPER1/TNFRSF11A/NR1H4/P2RY1/ECRG4/CD177/PRKN/RAB3A/FFAR4/BMP2/P2RX4/GNAQ/CXCL12/BSG/GCG/RAB27A/ABCB11,34
GO:0031333,negative regulation of protein-containing complex assembly,22/1045,127/14198,0.173228346456693,2.35358474927476,4.31885733140877,0.000136067421831216,0.00249570329542089,0.00249570329542089,STMN2/LMOD1/ASB2/SCIN/PRRT2/VILL/TMOD1/CLU/SPTB/KANK2/KANK3/GSN/PTGER4/SPTBN4/MAP2/CPTP/CLIP3/SVIL/FLII/RIOK3/CRACD/CRYAB,22
GO:0051146,striated muscle cell differentiation,31/1045,209/14198,0.148325358851675,2.01523774638859,4.16765336831772,0.000139943351186325,0.002556143700922,0.002556143700922,RYR1/LMOD1/MYOM2/ASB2/CASP7/TNNT3/NOS1/TMOD1/RBM24/HDAC9/TPM1/MYOCD/OBSCN/CYP26B1/PGM5/SORBS2/FLNC/MYH11/MEF2C/CAPN2/MYOM1/BMP2/MYORG/ADGRB3/DMPK/FLII/CSRP1/ACTA1/NRAP/MYH3/SLC8A1,31
GO:0007156,homophilic cell-cell adhesion,24/1045,145/14198,0.16551724137931,2.24881702689325,4.26032093026535,0.000143648673611879,0.00261298124479129,0.00261298124479129,PLXNB3/PCDH7/NPTN/CDHR2/ROBO3/PALLD/HMCN2/PKD1/CNTN2/MYOT/CDH23/DCHS2/CDHR5/PCDH9/FAT4/PTPRM/CDH19/RET/CEACAM1/BSG/CDHR3/DSCAML1/IGSF9/KIRREL3,24
GO:0046879,hormone secretion,31/1045,210/14198,0.147619047619048,2.00564137616769,4.1382716476758,0.000152896054909291,0.00276250453559673,0.00276250453559673,TACR1/ABCC8/KCNA5/NEUROD1/GPLD1/GNAZ/TACR2/EFNA5/IL6ST/PRKACB/EDN3/CARTPT/KCNB1/GPER1/NR1H4/GNAO1/SRI/P2RY1/ADCY5/ECRG4/PRKN/RAB3A/VIP/FFAR3/FFAR4/GNAQ/CAMK2G/GCG/CHGA/CPT1A/IL6R,31
GO:0030832,regulation of actin filament length,22/1045,128/14198,0.171875,2.33519736842105,4.27708055761013,0.000153123831596002,0.00276250453559673,0.00276250453559673,PAK3/LMOD1/ASB2/SCIN/GBA2/VILL/TMOD1/SPTB/KANK2/KANK3/PLEKHH2/GSN/SPTBN4/DAAM2/LIMA1/CCL11/SVIL/CXCL12/FLII/PDXP/TENM1/CRACD,22
GO:0032271,regulation of protein polymerization,27/1045,173/14198,0.15606936416185,2.12045247116741,4.17935326255085,0.000157730440063181,0.00283399753942091,0.00283399753942091,PAK3/STMN2/LMOD1/ASB2/SCIN/PPP2CB/GBA2/SLAIN1/VILL/TMOD1/SPTB/KANK2/KANK3/GSN/SPTBN4/MAP2/DAAM2/TPPP/CLIP3/CCL11/ABL1/SVIL/PINK1/FLII/TENM1/CRACD/MAPT,27
GO:0007631,feeding behavior,11/1045,42/14198,0.261904761904762,3.55839598997494,4.68021883712847,0.000166775119096538,0.00297255846696898,0.00297255846696898,TACR1/GUCA2B/NPY1R/CARTPT/CNTN2/P2RY1/PYY/GNAI1/FOS/GCG/CPT1A,11
GO:0043242,negative regulation of protein-containing complex disassembly,15/1045,71/14198,0.211267605633803,2.8704090572141,4.45332945243059,0.000166792808119341,0.00297255846696898,0.00297255846696898,STMN2/LMOD1/ASB2/SCIN/VILL/TMOD1/SPTB/APC/PLEKHH2/GSN/SPTBN4/LIMA1/SVIL/FLII/CRACD,15
GO:0046883,regulation of hormone secretion,28/1045,183/14198,0.153005464480874,2.07882448296598,4.14022376574413,0.000169819106620886,0.00301428914252073,0.00301428914252073,TACR1/ABCC8/KCNA5/NEUROD1/GPLD1/GNAZ/TACR2/EFNA5/IL6ST/PRKACB/EDN3/CARTPT/KCNB1/GPER1/NR1H4/GNAO1/SRI/P2RY1/ADCY5/ECRG4/PRKN/FFAR3/FFAR4/GNAQ/GCG/CHGA/CPT1A/IL6R,28
GO:1900006,positive regulation of dendrite development,6/1045,13/14198,0.461538461538462,6.27073978652926,5.35886243111956,0.000171348841024289,0.00301711039275568,0.00301711039275568,PTN/ALK/ZDHHC15/DAB2IP/ABL1/BMP5,6
GO:1904321,response to forskolin,6/1045,13/14198,0.461538461538462,6.27073978652926,5.35886243111956,0.000171348841024289,0.00301711039275568,0.00301711039275568,RAP1A/ADCY5/ADCY6/GNAI1/FOS/JUND,6
GO:1901879,regulation of protein depolymerization,16/1045,79/14198,0.20253164556962,2.75171703712676,4.40067764153878,0.000172509918320339,0.00302545283046268,0.00302545283046268,STMN2/LMOD1/ASB2/SCIN/VILL/TMOD1/SPTB/APC/PLEKHH2/GSN/SPTBN4/LIMA1/SVIL/FLII/PDXP/CRACD,16
GO:0034695,response to prostaglandin E,7/1045,18/14198,0.388888888888889,5.28367889420521,5.12576949341707,0.000177270451603014,0.00308436572314809,0.00308436572314809,TGFBR3/SFRP1/GNG2/PTGER4/ADCY6/GNAI1/GNAQ,7
GO:0071276,cellular response to cadmium ion,7/1045,18/14198,0.388888888888889,5.28367889420521,5.12576949341707,0.000177270451603014,0.00308436572314809,0.00308436572314809,MT2A/MT1E/MT1G/MT1M/MT1H/MT1X/MT1F,7
GO:0002791,regulation of peptide secretion,24/1045,147/14198,0.163265306122449,2.21822087686749,4.18480392766034,0.000178364573703003,0.00309118446236465,0.00309118446236465,ABCC8/KCNA5/NEUROD1/GPLD1/GNAZ/EFNA5/IL6ST/PRKACB/CARTPT/KCNB1/GPER1/NR1H4/GNAO1/SRI/ADCY5/ECRG4/PRKN/FFAR3/PYY/FFAR4/GCG/CHGA/CPT1A/IL6R,24
GO:0098739,import across plasma membrane,30/1045,203/14198,0.147783251231527,2.0078723454404,4.07672224225804,0.00019019937358948,0.00328336330408192,0.00328336330408192,SLC9A1/SCNN1G/TRPV3/ABCC8/SLC36A1/SLC2A4/CARTPT/ATP1A2/SLC9A9/CNGA3/CACNA1C/ITLN1/SCNN1B/RAP1A/APPL2/FXYD1/HCN2/SLC1A1/AQP8/SLC9A2/P2RX1/SLC6A19/ANK2/SLC38A4/CACNA1A/PID1/SLC9A3/C1QTNF12/SLC8A1/SORBS1,30
GO:0051937,catecholamine transport,10/1045,36/14198,0.277777777777778,3.77405635300372,4.69729959957303,0.000193931386696744,0.00333471079780885,0.00333471079780885,KCNA2/CARTPT/KCNB1/P2RY1/RAB3B/PRKN/VIP/FFAR3/CXCL12/CHGA,10
GO:0050433,regulation of catecholamine secretion,8/1045,24/14198,0.333333333333333,4.52886762360447,4.87684328756371,0.000212443716783249,0.00360489303415339,0.00360489303415339,KCNA2/CARTPT/KCNB1/P2RY1/PRKN/FFAR3/CXCL12/CHGA,8
GO:0090128,regulation of synapse maturation,8/1045,24/14198,0.333333333333333,4.52886762360447,4.87684328756371,0.000212443716783249,0.00360489303415339,0.00360489303415339,NEFL/RELN/NRXN1/DAB2IP/CAMK2B/NEURL1/ADGRB3/IGSF9,8
GO:0098719,sodium ion import across plasma membrane,8/1045,24/14198,0.333333333333333,4.52886762360447,4.87684328756371,0.000212443716783249,0.00360489303415339,0.00360489303415339,SLC9A1/SCNN1G/SLC9A9/SCNN1B/HCN2/SLC9A2/SLC9A3/SLC8A1,8
GO:1905145,cellular response to acetylcholine,9/1045,30/14198,0.3,4.07598086124402,4.75372449761638,0.000212919624915921,0.00360489303415339,0.00360489303415339,ITPR1/PRKCB/CHRNA1/CHRNA7/PSCA/CHRM4/GNA11/GNAQ/LYNX1,9
GO:0010975,regulation of neuron projection development,43/1045,333/14198,0.129129129129129,1.75442619653146,3.92665699894918,0.000214670189412026,0.0036206060298534,0.0036206060298534,PAK3/RELN/STMN2/NLGN1/NTRK3/PTN/PLXNB3/NPTN/NEU4/ROBO3/SFRP1/EFHC2/EFNA5/ITM2C/DMD/ARHGAP44/MAGI2/KIF1A/NTN1/ALK/TOX/LRRK2/ZDHHC15/MAP2/RAP1A/LRRC7/DAB2IP/TRAK2/ADCY6/KAT2B/CAMK2B/ABL1/NTRK2/DGKG/ADGRB3/ATP8A2/RET/CAMK2G/CXCL12/BMP5/LPAR1/EPHA7/MAPT,43
GO:0070371,ERK1 and ERK2 cascade,34/1045,243/14198,0.139917695473251,1.90100616299447,3.99309832554168,0.00021562246412684,0.00362278659193264,0.00362278659193264,DUSP26/PDE8A/FGFR2/TEK/PDGFA/SYNJ2BP/GPER1/GAREM1/CHRNA7/TNFRSF11A/NRXN1/DUSP1/DENND2B/PTPRR/PTGER4/P2RY1/RAP1A/PSCA/GCNT2/DAB2IP/ATF3/FGF2/FFAR4/CCL11/BMP2/CEACAM1/SLC30A10/GCG/ARRB1/GLIPR2/EPHA7/DUSP3/KLF4/SEMA6A,34
GO:0007613,memory,14/1045,65/14198,0.215384615384615,2.92634523371365,4.38750523715944,0.000220268185908484,0.00368677016870398,0.00368677016870398,RELN/PTN/TACR1/ABCC8/SLC2A4/MUSK/CHRNA7/SLC1A1/KAT2B/CPEB3/FOS/PJA2/EGR1/MAPT,14
GO:0098659,inorganic cation import across plasma membrane,18/1045,97/14198,0.185567010309278,2.5212252749963,4.23739031596564,0.000223392874746024,0.00371085069672452,0.00371085069672452,SLC9A1/SCNN1G/TRPV3/ABCC8/ATP1A2/SLC9A9/CNGA3/CACNA1C/SCNN1B/FXYD1/HCN2/AQP8/SLC9A2/P2RX1/ANK2/CACNA1A/SLC9A3/SLC8A1,18
GO:0099587,inorganic ion import across plasma membrane,18/1045,97/14198,0.185567010309278,2.5212252749963,4.23739031596564,0.000223392874746024,0.00371085069672452,0.00371085069672452,SLC9A1/SCNN1G/TRPV3/ABCC8/ATP1A2/SLC9A9/CNGA3/CACNA1C/SCNN1B/FXYD1/HCN2/AQP8/SLC9A2/P2RX1/ANK2/CACNA1A/SLC9A3/SLC8A1,18
GO:0031644,regulation of nervous system process,17/1045,89/14198,0.191011235955056,2.59519380678458,4.25504706116467,0.000230842347723113,0.00382018050630505,0.00382018050630505,RELN/NLGN1/TMEM25/NLGN4X/UNC79/TMEM100/CARTPT/CHRNA7/RIMS1/NRXN1/LRRK2/TPPP/PRKN/SOX10/GRIN1/ELOVL4/MGLL,17
GO:0009306,protein secretion,37/1045,274/14198,0.135036496350365,1.83468724897845,3.93243071452154,0.000239727806843977,0.00395236631358497,0.00395236631358497,GDPD2/OR51E2/ACHE/ABCC8/KCNA5/NEUROD1/SCG2/GPLD1/GNAZ/TACR2/EFNA5/ARL4D/IL6ST/SYTL4/PRKACB/WLS/CARTPT/KCNB1/GPER1/PCSK5/NR1H4/GNAO1/SRI/KRT20/ADCY5/ADTRP/PRKN/RAB3A/VIP/CAMK2G/BSG/GCG/CHGA/RAB27A/NEGR1/CPT1A/IL6R,37
GO:1903532,positive regulation of secretion by cell,32/1045,225/14198,0.142222222222222,1.93231685273791,3.97332409162927,0.000242275181220483,0.00397946025273345,0.00397946025273345,OR51E2/NLGN1/ACHE/TACR1/ABCC8/NEUROD1/GPLD1/TACR2/CD160/EFNA5/SYTL4/PRKACB/EDN3/WLS/CARTPT/KCNB1/GPER1/TNFRSF11A/NR1H4/P2RY1/ECRG4/CD177/PRKN/RAB3A/FFAR4/BMP2/P2RX4/GNAQ/CXCL12/BSG/GCG/RAB27A,32
GO:0051960,regulation of nervous system development,38/1045,285/14198,0.133333333333333,1.81154704944179,3.9009444585067,0.000257687108320841,0.00419821234831003,0.00419821234831003,RELN/GDPD2/NLGN1/NTRK3/PTN/PLXNB3/ABCC8/NPTN/LRRC4B/ROBO3/EFNA5/NOS1/ATOH1/LGI4/CLCN2/NTN1/GPER1/SLITRK5/NRXN1/PTPRZ1/MAP2/APPL2/KIT/TRAK2/DAAM2/TPPP/CAMK2B/CCL11/NTRK2/BMP2/CNTFR/NEURL1/VSTM5/SOX10/CXCL12/EPHA7/NEGR1/MAPT,38
GO:0071692,protein localization to extracellular region,37/1045,275/14198,0.134545454545455,1.82801565898217,3.90825157595799,0.000257902981459738,0.00419821234831003,0.00419821234831003,GDPD2/OR51E2/ACHE/ABCC8/KCNA5/NEUROD1/SCG2/GPLD1/GNAZ/TACR2/EFNA5/ARL4D/IL6ST/SYTL4/PRKACB/WLS/CARTPT/KCNB1/GPER1/PCSK5/NR1H4/GNAO1/SRI/KRT20/ADCY5/ADTRP/PRKN/RAB3A/VIP/CAMK2G/BSG/GCG/CHGA/RAB27A/NEGR1/CPT1A/IL6R,37
GO:0001654,eye development,29/1045,197/14198,0.147208121827411,2.00005829062735,3.98403299189181,0.000258454235890963,0.00419821234831003,0.00419821234831003,SALL2/FOXF2/NEUROD1/CPAMD8/EFNA5/SMOC1/DMD/SGCA/TMOD1/PPP2R3A/ABCB5/MAB21L2/CNGA3/CACNA1C/ZEB2/FGF9/PBX1/MYOM1/FGF2/SLC1A1/FOS/PTPRM/ATP8A2/WNT9A/BSG/PDE6A/ANGPTL7/ACVRL1/WNT5B,29
GO:0043114,regulation of vascular permeability,11/1045,44/14198,0.25,3.39665071770335,4.48782087679742,0.000260821335136488,0.00422108646055448,0.00422108646055448,TACR1/ABCC8/TEK/TACR2/PDE3A/PDE2A/CLDN5/PRKG1/ZEB2/CEACAM1/BDKRB2,11
GO:0070372,regulation of ERK1 and ERK2 cascade,32/1045,226/14198,0.141592920353982,1.92376677816827,3.94576573328769,0.000262842062003863,0.00422414902100349,0.00422414902100349,DUSP26/PDE8A/FGFR2/TEK/PDGFA/SYNJ2BP/GPER1/GAREM1/CHRNA7/TNFRSF11A/NRXN1/DUSP1/DENND2B/PTPRR/P2RY1/RAP1A/PSCA/GCNT2/DAB2IP/ATF3/FGF2/FFAR4/BMP2/CEACAM1/SLC30A10/GCG/ARRB1/GLIPR2/EPHA7/DUSP3/KLF4/SEMA6A,32
GO:0071280,cellular response to copper ion,7/1045,19/14198,0.368421052631579,5.0055905313523,4.9245276169785,0.00026292976641412,0.00422414902100349,0.00422414902100349,MT2A/MT1E/MT1G/MT1M/MT1H/MT1X/MT1F,7
GO:0035592,establishment of protein localization to extracellular region,37/1045,276/14198,0.134057971014493,1.82139241384093,3.88417188328784,0.000277301786226273,0.00443884531988383,0.00443884531988383,GDPD2/OR51E2/ACHE/ABCC8/KCNA5/NEUROD1/SCG2/GPLD1/GNAZ/TACR2/EFNA5/ARL4D/IL6ST/SYTL4/PRKACB/WLS/CARTPT/KCNB1/GPER1/PCSK5/NR1H4/GNAO1/SRI/KRT20/ADCY5/ADTRP/PRKN/RAB3A/VIP/CAMK2G/BSG/GCG/CHGA/RAB27A/NEGR1/CPT1A/IL6R,37
GO:0009214,cyclic nucleotide catabolic process,6/1045,14/14198,0.428571428571429,5.82282980177717,5.08874418094642,0.000281226479922586,0.00448535856746095,0.00448535856746095,PDE8A/PDE2A/PDE7B/PDE4D/PDE5A/PDE9A,6
GO:0014014,negative regulation of gliogenesis,8/1045,25/14198,0.32,4.34771291866029,4.72205830676746,0.000292409545921889,0.00464688383085977,0.00464688383085977,GDPD2/NTRK3/ABCC8/ATOH1/DAAM2/CNTFR/SOX10/NEGR1,8
GO:0008154,actin polymerization or depolymerization,25/1045,161/14198,0.15527950310559,2.10972094267289,3.99147668227601,0.000294735234735065,0.00466699461620056,0.00466699461620056,PAK3/LMOD1/ASB2/SCIN/GBA2/VILL/TMOD1/SPTB/KANK2/KANK3/PLEKHH2/GSN/SPTBN4/ARHGAP6/DAAM2/LIMA1/CCL11/ABL1/SVIL/FAM107A/CXCL12/FLII/PDXP/TENM1/CRACD,25
GO:0008038,neuron recognition,10/1045,38/14198,0.263157894736842,3.57542180810879,4.48076912200608,0.000315144824537573,0.00495452684862284,0.00495452684862284,NPTN/ROBO3/EFNA5/PALLD/CRTAC1/GAP43/CNTN2/BSG/DSCAML1/IGSF9,10
GO:2000300,regulation of synaptic vesicle exocytosis,10/1045,38/14198,0.263157894736842,3.57542180810879,4.48076912200608,0.000315144824537573,0.00495452684862284,0.00495452684862284,NLGN1/PRKCB/SV2B/RIMS1/LRRK2/P2RY1/RAP1A/RAB3A/P2RX1/SYN1,10
GO:0015844,monoamine transport,11/1045,45/14198,0.244444444444444,3.32116959064328,4.3957491639986,0.000322539431601429,0.00505273515270282,0.00505273515270282,NOS1/KCNA2/CARTPT/KCNB1/P2RY1/RAB3B/PRKN/VIP/FFAR3/CXCL12/CHGA,11
GO:0009914,hormone transport,31/1045,219/14198,0.141552511415525,1.92321775796902,3.88089757362918,0.000327312298495179,0.00510932176587155,0.00510932176587155,TACR1/ABCC8/KCNA5/NEUROD1/GPLD1/GNAZ/TACR2/EFNA5/IL6ST/PRKACB/EDN3/CARTPT/KCNB1/GPER1/NR1H4/GNAO1/SRI/P2RY1/ADCY5/ECRG4/PRKN/RAB3A/VIP/FFAR3/FFAR4/GNAQ/CAMK2G/GCG/CHGA/CPT1A/IL6R,31
GO:0007200,phospholipase C-activating G protein-coupled receptor signaling pathway,18/1045,100/14198,0.18,2.44558851674641,4.08893270344788,0.000330785299178433,0.00514528935329846,0.00514528935329846,ITPR1/TACR1/PRKCB/PLPP1/TACR2/DRD5/GAP43/NRXN1/INPP5A/P2RY1/GNA14/FFAR4/PLCE1/DGKG/GNA11/GNAQ/LPAR1/CHGA,18
GO:0016358,dendrite development,26/1045,172/14198,0.151162790697674,2.05378880605319,3.9191773219715,0.000347027985717595,0.00537893377862272,0.00537893377862272,PAK3/RELN/NLGN1/PTN/EFHC2/ARHGAP44/CTNND2/KIF1A/CAMK2A/CHRNA7/ALK/LRRK2/ZDHHC15/MAP2/DAB2IP/TRAK2/MEF2C/CAMK2B/CPEB3/ABL1/DGKG/FLRT1/NEURL1/ADGRB3/BMP5/LPAR1,26
GO:0009887,animal organ morphogenesis,57/1045,489/14198,0.116564417177914,1.58371444506414,3.70250802513856,0.000351817098970936,0.00543403112164934,0.00543403112164934,TGFBR3/RYR1/PDCD4/RBM20/TREH/ASB2/FOXF2/NPY1R/NEUROD1/NFIB/FGFR2/TEK/RBPMS2/PDGFA/ROGDI/CITED2/EFNA5/FOXF1/APC/FHL1/PPP2R3A/PKD1/WLS/TPM1/CLDN5/CYP26B1/CAV1/LRRK2/DCHS2/MYLK/PBX1/STIM1/SMAD7/MEF2C/ACTG2/FGF2/COL28A1/RYR2/BMP2/GJA5/PTPRM/ASXL3/TMT1A/ATP8A2/EFEMP2/WNT9A/SOX5/BMP5/BSG/TCF21/TMEM59L/FGFR1/ACTA1/ACVRL1/DSCAML1/CPE/SEMA6A,57
GO:0055123,digestive system development,14/1045,68/14198,0.205882352941176,2.79724176752041,4.18729833765274,0.000361874039642555,0.00556982350526758,0.00556982350526758,FGFR2/RBPMS2/PDGFA/FOXF1/IL6ST/PKD1/WLS/PCSK5/KIT/NR5A2/PYY/HMGCS2/RET/TCF21,14
GO:0150063,visual system development,29/1045,201/14198,0.144278606965174,1.96025613558999,3.86466331374409,0.000364695813059208,0.00558155077149977,0.00558155077149977,SALL2/FOXF2/NEUROD1/CPAMD8/EFNA5/SMOC1/DMD/SGCA/TMOD1/PPP2R3A/ABCB5/MAB21L2/CNGA3/CACNA1C/ZEB2/FGF9/PBX1/MYOM1/FGF2/SLC1A1/FOS/PTPRM/ATP8A2/WNT9A/BSG/PDE6A/ANGPTL7/ACVRL1/WNT5B,29
GO:0019226,transmission of nerve impulse,9/1045,32/14198,0.28125,3.82123205741627,4.5033344999942,0.000365171881461139,0.00558155077149977,0.00558155077149977,SCN4B/UNC79/KCNA2/CARTPT/CHRNA1/GPER1/SPTBN4/P2RX1/SCN9A,9
GO:0090276,regulation of peptide hormone secretion,23/1045,145/14198,0.158620689655172,2.15511631743937,3.94066233731663,0.000370882464321117,0.00564922009668358,0.00564922009668358,ABCC8/KCNA5/NEUROD1/GPLD1/GNAZ/EFNA5/IL6ST/PRKACB/CARTPT/KCNB1/GPER1/NR1H4/GNAO1/SRI/ADCY5/ECRG4/PRKN/FFAR3/FFAR4/GCG/CHGA/CPT1A/IL6R,23
GO:0099509,regulation of presynaptic cytosolic calcium ion concentration,5/1045,10/14198,0.5,6.7933014354067,5.16546665795448,0.000394173364209676,0.00598327982500343,0.00598327982500343,CNR1/SV2B/P2RY1/CACNB2/P2RX1,5
GO:0003009,skeletal muscle contraction,10/1045,39/14198,0.256410256410256,3.48374432584959,4.37791098517759,0.000396195057153939,0.00599330117385443,0.00599330117385443,STAC/RCSD1/MB/SCN4A/SYNM/TNNT3/DMD/CHRNA1/DMPK/MYH3,10
GO:0015837,amine transport,13/1045,61/14198,0.213114754098361,2.89550552984548,4.1817240505007,0.000408740471689809,0.00614087220607009,0.00614087220607009,TACR2/KCNA2/CARTPT/KCNB1/ATP1A2/P2RY1/PRKN/FFAR3/AQP8/CXCL12/CHGA/FLVCR2/SLC22A5,13
GO:0071277,cellular response to calcium ion,13/1045,61/14198,0.213114754098361,2.89550552984548,4.1817240505007,0.000408740471689809,0.00614087220607009,0.00614087220607009,RYR1/NLGN1/RYR3/CPNE5/KCNB1/ITPKB/CHP2/NRXN1/CPNE8/MEF2C/SMPD1/CAMK2D/ITPKA,13
GO:0015718,monocarboxylic acid transport,21/1045,128/14198,0.1640625,2.22905203349282,3.93706180155206,0.000413094600522602,0.00618517833843705,0.00618517833843705,SLC6A8/SLC51B/RXRA/SLCO2A1/MPC1/SLC16A9/UGT1A3/SLC16A7/SLC51A/SLC25A20/TNFRSF11A/NR1H4/FABP1/ATP8B1/P2RX4/CEACAM1/BDKRB2/FABP2/CPT2/CPT1A/ABCB11,21
GO:0045833,negative regulation of lipid metabolic process,16/1045,85/14198,0.188235294117647,2.55747818744723,4.05943686611889,0.00041487427278179,0.00619076796198453,0.00619076796198453,ACADVL/UGT1A10/PDGFA/GPLD1/UGT1A1/UGT1A8/UGT1A3/GPER1/ALK/APPL2/BMP2/ASXL3/CEACAM1/BMP5/ACACB/UGT1A4,16
GO:0001523,retinoid metabolic process,14/1045,69/14198,0.202898550724638,2.75670203175924,4.12297748065435,0.000423762244728551,0.00630203176113203,0.00630203176113203,ADH1A/DHRS9/UGT1A1/UGT1A8/AKR1B15/AKR1B10/UGT1A3/CES2/CYP26B1/ADH1C/ADH1B/TTR/RDH5/RETSAT,14
GO:0048880,sensory system development,29/1045,203/14198,0.142857142857143,1.94094326725906,3.80600218241108,0.000431064968980034,0.00637364343084741,0.00637364343084741,SALL2/FOXF2/NEUROD1/CPAMD8/EFNA5/SMOC1/DMD/SGCA/TMOD1/PPP2R3A/ABCB5/MAB21L2/CNGA3/CACNA1C/ZEB2/FGF9/PBX1/MYOM1/FGF2/SLC1A1/FOS/PTPRM/ATP8A2/WNT9A/BSG/PDE6A/ANGPTL7/ACVRL1/WNT5B,29
GO:0009755,hormone-mediated signaling pathway,25/1045,165/14198,0.151515151515152,2.05857619254748,3.85507523676873,0.000431473362651642,0.00637364343084741,0.00637364343084741,OR51E2/NR3C2/RXRA/NR3C1/PLPP1/SFRP1/PDE3A/KANK2/SST/PGR/GPER1/CYP26B1/PAQR8/PADI2/APPL2/THRB/NR5A2/AR/PER1/GNAQ/SSTR2/PPARGC1B/TCF21/ZMIZ1/KLF2,25
GO:0022410,circadian sleep/wake cycle process,6/1045,15/14198,0.4,5.43464114832536,4.84355334048096,0.000439627039915485,0.00640807360830453,0.00640807360830453,NLGN1/PER3/ADRB1/KCNA2/CARTPT/PLN,6
GO:0032332,positive regulation of chondrocyte differentiation,6/1045,15/14198,0.4,5.43464114832536,4.84355334048096,0.000439627039915485,0.00640807360830453,0.00640807360830453,ZBTB16/PRKG2/SMAD7/ZNF219/SOX5/ACVRL1,6
GO:0051450,myoblast proliferation,6/1045,15/14198,0.4,5.43464114832536,4.84355334048096,0.000439627039915485,0.00640807360830453,0.00640807360830453,KCNA5/MEGF10/ATOH8/ABL1/FOS/SOX15,6
GO:0061577,calcium ion transmembrane transport via high voltage-gated calcium channel,6/1045,15/14198,0.4,5.43464114832536,4.84355334048096,0.000439627039915485,0.00640807360830453,0.00640807360830453,NOS1/CACNA1C/CACNB1/CAMK2D/CACNB2/PDE4D,6
GO:0002028,regulation of sodium ion transport,12/1045,54/14198,0.222222222222222,3.01924508240298,4.1902874509213,0.000451460270497931,0.00655883864928017,0.00655883864928017,SLMAP/GPD1L/SCN4B/DMD/NOS1/SPTBN4/FXYD1/CAMK2D/PER1/P2RX4/WNK3/CHP1,12
GO:1901888,regulation of cell junction assembly,32/1045,233/14198,0.137339055793991,1.86597120972545,3.7566866405912,0.000455867148009925,0.00660107626822266,0.00660107626822266,GNA13/SLC9A1/NLGN1/NTRK3/LRFN5/NLGN4X/MYO1C/TEK/TLN1/LRRC4B/SFRP1/EFNA5/CRTAC1/NTN1/MUSK/CLDN5/SLITRK5/CAV1/NRXN1/RAP1A/ARHGAP6/MEF2C/CPEB3/ABL1/VSTM5/FAM107A/EPHA7/FGFR1/DUSP3/ACVRL1/NEGR1/VCL,32
GO:0120254,olefinic compound metabolic process,21/1045,129/14198,0.162790697674419,2.21177256036497,3.89698182835245,0.000459965505047428,0.00663858410891402,0.00663858410891402,ADH1A/DHRS9/CLCN2/AKR1B15/AKR1B10/CES2/CYP4F12/ADH1C/ADH1B/RDH5/BMP2/ACAA1/GRIN1/HPGDS/BMP5/RETSAT/EGR1/PTGS1/HSD11B2/MGLL/CYP21A2,21
GO:1905144,response to acetylcholine,9/1045,33/14198,0.272727272727273,3.70543714658547,4.3856114856543,0.000469676034935276,0.00675658139145453,0.00675658139145453,ITPR1/PRKCB/CHRNA1/CHRNA7/PSCA/CHRM4/GNA11/GNAQ/LYNX1,9
GO:0032956,regulation of actin cytoskeleton organization,39/1045,304/14198,0.128289473684211,1.74301813145303,3.69119154681626,0.000472361868271555,0.00677308450857129,0.00677308450857129,PAK3/SLC9A1/LMOD1/TACR1/ASB2/SCIN/ARHGEF26/PDGFA/GBA2/SFRP1/EFNA5/VILL/ARHGAP44/SYNPO2/TMOD1/SPTB/KANK2/KANK3/TPM1/SYNPO/PLEKHH2/GSN/PTGER4/SPTBN4/ARHGAP6/DAAM2/PRKN/LIMA1/CCL11/ABL1/SVIL/FAM107A/CXCL12/FLII/PDXP/TENM1/LPAR1/CRACD/ASAP3,39
GO:0019217,regulation of fatty acid metabolic process,16/1045,86/14198,0.186046511627907,2.52774006898854,4.00542346156421,0.000475545793685796,0.00679659929806778,0.00679659929806778,ACADVL/UGT1A10/UGT1A1/UGT1A8/UGT1A3/CAV1/PDK4/APPL2/KAT2B/PPARGC1A/CEACAM1/ACACB/GPIHBP1/CPT1A/UGT1A4/ABCB11,16
GO:0007193,adenylate cyclase-inhibiting G protein-coupled receptor signaling pathway,13/1045,62/14198,0.209677419354839,2.8488038277512,4.1121356675638,0.000482907101027372,0.00686162775438717,0.00686162775438717,NPY1R/GNAZ/PDE2A/GRIK3/PTGER4/GNAO1/P2RY1/GPR37L1/CHRM4/ADCY6/FFAR3/GNAI1/LPAR1,13
GO:0042446,hormone biosynthetic process,11/1045,47/14198,0.234042553191489,3.17984322508399,4.21914693197326,0.000483213222139941,0.00686162775438717,0.00686162775438717,CLCN2/AKR1B15/DHRS11/HSD17B2/NR5A2/TPO/FFAR3/BMP2/BMP5/EGR1/CYP21A2,11
GO:0008306,associative learning,10/1045,40/14198,0.25,3.39665071770335,4.27836481098937,0.000493858326361815,0.00696783446360484,0.00696783446360484,RELN/TACR1/ABCC8/CARTPT/KIT/SLC1A1/ABL1/FOS/GRIN1/PLN,10
GO:0045933,positive regulation of muscle contraction,10/1045,40/14198,0.25,3.39665071770335,4.27836481098937,0.000493858326361815,0.00696783446360484,0.00696783446360484,TACR1/TACR2/EDN3/GPER1/MYOCD/CACNA1C/KIT/CACNB1/CACNB2/CHGA,10
GO:0072657,protein localization to membrane,48/1045,399/14198,0.120300751879699,1.63447854084973,3.62346111400744,0.000500674203583287,0.00704143081205632,0.00704143081205632,RELN/GDPD2/NLGN1/SLMAP/PTN/MADCAM1/PEX26/STAC/ARHGAP44/PRPH2/MAGI2/CAMK2A/MUSK/KCNB1/GPER1/GSN/CAV1/NRXN1/SPTBN4/ZDHHC15/LARGE1/P2RY1/RAP1A/LRRC7/PRKG2/AR/PRKN/CAMK2D/CACNB2/CLIP3/CAMK2B/EPB41L3/VAMP2/DPP6/CAMK2G/SESN2/BSG/ANK2/WNK3/DLG2/ARRB1/AMN/KCNIP3/NEGR1/LGI1/PID1/CPE/SORBS1,48
GO:0045471,response to ethanol,17/1045,95/14198,0.178947368421053,2.43128682951398,3.94527018989122,0.000514403651228647,0.00721148048633282,0.00721148048633282,HPGD/NTRK3/TACR1/FGFR2/FOSB/ADCYAP1R1/SLC2A4/CARTPT/CLDN5/TNFRSF11A/ACTG2/FGF2/ATP5F1A/FOS/HMGCS2/GRIN1/CPT1A,17
GO:0042573,retinoic acid metabolic process,8/1045,27/14198,0.296296296296296,4.02566010987064,4.43553283933858,0.000525901511847292,0.00734926493698978,0.00734926493698978,ADH1A/DHRS9/UGT1A1/UGT1A8/UGT1A3/CYP26B1/ADH1C/ADH1B,8
GO:0019228,neuronal action potential,7/1045,21/14198,0.333333333333333,4.52886762360447,4.56138648284813,0.000532579858396703,0.00741903967298192,0.00741903967298192,SCN4B/UNC79/KCNA2/CHRNA1/GPER1/P2RX1/SCN9A,7
GO:0035107,appendage morphogenesis,12/1045,55/14198,0.218181818181818,2.96434971726838,4.11408640945103,0.00053938026670294,0.00746651551580611,0.00746651551580611,MUSTN1/FGFR2/ECE1/NFIA/PCSK5/CYP26B1/CACNA1C/ZBTB16/AFF3/ZNF219/MYH3/FBXW4,12
GO:0035108,limb morphogenesis,12/1045,55/14198,0.218181818181818,2.96434971726838,4.11408640945103,0.00053938026670294,0.00746651551580611,0.00746651551580611,MUSTN1/FGFR2/ECE1/NFIA/PCSK5/CYP26B1/CACNA1C/ZBTB16/AFF3/ZNF219/MYH3/FBXW4,12
GO:1904064,positive regulation of cation transmembrane transport,16/1045,87/14198,0.183908045977012,2.49868558543695,3.95216699444977,0.000543676635968554,0.00750239671327139,0.00750239671327139,STAC/ADCYAP1R1/NOS1/FHL1/GPER1/CAV1/SRI/STIM1/FXYD1/CACNB2/P2RX1/P2RX4/GRIN1/ANK2/WNK3/CHP1,16
GO:0048736,appendage development,15/1045,79/14198,0.189873417721519,2.57973472230634,3.96862228583378,0.000565164903445814,0.00775032992202017,0.00775032992202017,MUSTN1/FGFR2/SMOC1/ECE1/NFIA/PCSK5/RSPO2/CYP26B1/CACNA1C/ZBTB16/AFF3/KAT2B/ZNF219/MYH3/FBXW4,15
GO:0060173,limb development,15/1045,79/14198,0.189873417721519,2.57973472230634,3.96862228583378,0.000565164903445814,0.00775032992202017,0.00775032992202017,MUSTN1/FGFR2/SMOC1/ECE1/NFIA/PCSK5/RSPO2/CYP26B1/CACNA1C/ZBTB16/AFF3/KAT2B/ZNF219/MYH3/FBXW4,15
GO:0043500,muscle adaptation,14/1045,71/14198,0.197183098591549,2.67904845339983,3.99771157049502,0.000574930919598753,0.00785976990085003,0.00785976990085003,SLC9A1/FBXO32/ASB2/IL6ST/GSN/CAMK2D/CAMK2B/P2RX4/CAMK2G/JUND/ARRB1/CAMTA2/PDE9A/KLF4,14
GO:0141193,nuclear receptor-mediated signaling pathway,24/1045,159/14198,0.150943396226415,2.05080798050014,3.75576027368375,0.000588901275355855,0.00802583100345657,0.00802583100345657,OR51E2/NR3C2/RXRA/NR3C1/PLPP1/CITED2/SFRP1/PDE3A/KANK2/PGR/GPER1/CYP26B1/NR1H4/PAQR8/PADI2/THRB/AR/PER1/BMP2/PPARGC1B/JUND/TCF21/ZMIZ1/KLF2,24
GO:0001990,regulation of systemic arterial blood pressure by hormone,9/1045,34/14198,0.264705882352941,3.59645370109766,4.27239215214299,0.00059753245857592,0.00809334733123446,0.00809334733123446,OR51E2/TACR1/ECE1/EDN3/PCSK5/ANPEP/CMA1/CTSG/HSD11B2,9
GO:0045922,negative regulation of fatty acid metabolic process,9/1045,34/14198,0.264705882352941,3.59645370109766,4.27239215214299,0.00059753245857592,0.00809334733123446,0.00809334733123446,ACADVL/UGT1A10/UGT1A1/UGT1A8/UGT1A3/APPL2/CEACAM1/ACACB/UGT1A4,9
GO:0098754,detoxification,22/1045,141/14198,0.156028368794326,2.11989548338932,3.76690574390921,0.000620782057951791,0.00838246202179075,0.00838246202179075,MT2A/UGT1A10/PRDX6/MB/HBA2/AKR1B10/MT1E/CES2/MTARC2/MT1G/FABP1/MT1M/TPO/MT1H/MT1X/AQP8/HBB/SLC30A10/HBA1/SESN2/MT1F/PTGS1,22
GO:0072001,renal system development,28/1045,198/14198,0.141414141414141,1.92133777971099,3.67986158645103,0.000632859569448831,0.00851941230799314,0.00851941230799314,HPGD/GFRA1/FGFR2/TEK/PDGFA/SFRP1/FOXF1/ACAT1/MAGI2/KANK2/PKD1/MYOCD/PCSK5/CYP26B1/LRRK2/ZBTB16/SMAD7/MEF2C/FGF2/PLCE1/BMP2/HMGCS2/RET/TCF21/TMEM59L/EGR1/ITGA8/IL6R,28
GO:0048169,regulation of long-term neuronal synaptic plasticity,6/1045,16/14198,0.375,5.09497607655502,4.61941144518612,0.0006598220226991,0.0088552943412239,0.0088552943412239,NPTN/SYP/SYNGR1/KIT/CAMK2B/NEURL1,6
GO:0140115,export across plasma membrane,13/1045,64/14198,0.203125,2.75977870813397,3.97703605865138,0.000665782853126768,0.00888746766021867,0.00888746766021867,SLC9A1/KCNA5/RGS9/KCND3/KCNA2/KCNB1/ATP1A2/KCNT2/SLC4A4/FXYD1/CALM1/SLC30A10/SLC8A1,13
GO:0016101,diterpenoid metabolic process,14/1045,72/14198,0.194444444444444,2.64183944710261,3.93669129123618,0.0006662572303208,0.00888746766021867,0.00888746766021867,ADH1A/DHRS9/UGT1A1/UGT1A8/AKR1B15/AKR1B10/UGT1A3/CES2/CYP26B1/ADH1C/ADH1B/TTR/RDH5/RETSAT,14
GO:0006171,cAMP biosynthetic process,5/1045,11/14198,0.454545454545455,6.17572857764245,4.8402364494723,0.000678931604552339,0.00889481227154582,0.00889481227154582,ADCYAP1R1/CARTPT/ADCY5/ADCY6/ADCY9,5
GO:0010522,regulation of calcium ion transport into cytosol,5/1045,11/14198,0.454545454545455,6.17572857764245,4.8402364494723,0.000678931604552339,0.00889481227154582,0.00889481227154582,ADCYAP1R1/NOS1/CAV1/P2RX4/GRIN1,5
GO:0031000,response to caffeine,5/1045,11/14198,0.454545454545455,6.17572857764245,4.8402364494723,0.000678931604552339,0.00889481227154582,0.00889481227154582,RYR1/RYR3/CASQ2/RYR2/SLC8A1,5
GO:0048251,elastic fiber assembly,5/1045,11/14198,0.454545454545455,6.17572857764245,4.8402364494723,0.000678931604552339,0.00889481227154582,0.00889481227154582,MFAP4/MYH11/LTBP4/EFEMP2/TNXB,5
GO:0051481,negative regulation of cytosolic calcium ion concentration,5/1045,11/14198,0.454545454545455,6.17572857764245,4.8402364494723,0.000678931604552339,0.00889481227154582,0.00889481227154582,KCNA5/NOS1/CARTPT/ATP1A2/SLC8A1,5
GO:0086067,AV node cell to bundle of His cell communication,5/1045,11/14198,0.454545454545455,6.17572857764245,4.8402364494723,0.000678931604552339,0.00889481227154582,0.00889481227154582,SCN4B/CACNA1C/CACNB2/RYR2/GJA5,5
GO:0007269,neurotransmitter secretion,19/1045,115/14198,0.165217391304348,2.24474308300395,3.77767923077434,0.000698778282224291,0.00908584278258657,0.00908584278258657,NLGN1/PRKCB/SV2B/TACR2/PRRT2/SYP/CAMK2A/GPER1/RIMS1/NRXN1/LRRK2/P2RY1/RAP1A/MEF2C/PRKN/RAB3A/P2RX1/VAMP2/SYN1,19
GO:0099643,signal release from synapse,19/1045,115/14198,0.165217391304348,2.24474308300395,3.77767923077434,0.000698778282224291,0.00908584278258657,0.00908584278258657,NLGN1/PRKCB/SV2B/TACR2/PRRT2/SYP/CAMK2A/GPER1/RIMS1/NRXN1/LRRK2/P2RY1/RAP1A/MEF2C/PRKN/RAB3A/P2RX1/VAMP2/SYN1,19
GO:0050796,regulation of insulin secretion,20/1045,124/14198,0.161290322580645,2.19138755980861,3.75577145243815,0.000702050840412123,0.00908584278258657,0.00908584278258657,ABCC8/KCNA5/NEUROD1/GPLD1/GNAZ/EFNA5/IL6ST/PRKACB/CARTPT/KCNB1/GPER1/NR1H4/GNAO1/SRI/ADCY5/PRKN/GCG/CHGA/CPT1A/IL6R,20
GO:0021953,central nervous system neuron differentiation,16/1045,89/14198,0.179775280898876,2.44253534756196,3.84784329350056,0.000705292548857257,0.00908584278258657,0.00908584278258657,NEUROD1/NFIB/FGFR2/GBA2/SFRP1/TOX/NRXN1/SPTBN4/MAP2/CHD5/FOXP2/NTRK2/BMP2/ZMIZ1/BRINP3/MAPT,16
GO:0042180,ketone metabolic process,26/1045,180/14198,0.144444444444444,1.96250930356194,3.66304443643977,0.000705470066732042,0.00908584278258657,0.00908584278258657,ACADVL/DHRS9/UGT1A10/UGT1A1/UGT1A8/CLCN2/AKR1B10/UGT1A3/CYP4F12/CAV1/NR1H4/PDK4/APPL2/KAT2B/BMP2/PPARGC1A/CEACAM1/BMP5/ACACB/EGR1/GPIHBP1/HSD11B2/CPT1A/UGT1A4/ABCB11/CYP21A2,26
GO:0043113,receptor clustering,11/1045,49/14198,0.224489795918367,3.0500537056928,4.05176670703735,0.000705896917683918,0.00908584278258657,0.00908584278258657,RELN/NLGN1/PTN/MADCAM1/MAGI2/MUSK/GSN/NRXN1/LARGE1/LRRC7/DLG2,11
GO:0061036,positive regulation of cartilage development,7/1045,22/14198,0.318181818181818,4.32301000434972,4.3965312382216,0.000731902217985622,0.00936579524294392,0.00936579524294392,ZBTB16/PRKG2/SMAD7/BMP2/ZNF219/SOX5/ACVRL1,7
GO:0071312,cellular response to alkaloid,7/1045,22/14198,0.318181818181818,4.32301000434972,4.3965312382216,0.000731902217985622,0.00936579524294392,0.00936579524294392,RYR1/RYR3/CASP7/CASQ2/SLC1A1/RYR2/SLC8A1,7
GO:0042632,cholesterol homeostasis,15/1045,81/14198,0.185185185185185,2.51603756866915,3.85678378002587,0.000743559822673924,0.00938656942072433,0.00938656942072433,NFE2L1/ACOX1/VAPA/HDAC9/PCSK5/CAV1/NR1H4/MALL/LIMA1/OSBPL1A/LIPC/RILP/GPIHBP1/NEGR1/ABCB11,15
GO:0040008,regulation of growth,49/1045,417/14198,0.117505995203837,1.59650729177424,3.48487692170557,0.000746815837921659,0.00938656942072433,0.00938656942072433,TGFBR3/SLC9A1/BCL2/MT2A/PAPPA2/CDHR2/FGFR2/SFRP1/EFNA5/CPNE5/FHL1/SGK1/WFDC1/NTN1/MT1E/MUSK/GAP43/SGK2/RIMS1/MT1G/MT1M/CDKN1A/MAP2/CPNE8/LTBP4/SMAD7/MEF2C/PRKN/MT1H/FGF2/CAMK2D/MT1X/ABL1/TNC/SOX15/CEACAM1/FAM107A/CXCL12/SESN2/MT1F/OSGIN1/ACACB/EPHA7/SOCS2/MUC12/ACVRL1/LGI1/MAPT/CRYAB,49
GO:0050879,multicellular organismal movement,10/1045,42/14198,0.238095238095238,3.23490544543176,4.08843924314202,0.000749378159021704,0.00938656942072433,0.00938656942072433,STAC/RCSD1/MB/SCN4A/SYNM/TNNT3/DMD/CHRNA1/DMPK/MYH3,10
GO:0050881,musculoskeletal movement,10/1045,42/14198,0.238095238095238,3.23490544543176,4.08843924314202,0.000749378159021704,0.00938656942072433,0.00938656942072433,STAC/RCSD1/MB/SCN4A/SYNM/TNNT3/DMD/CHRNA1/DMPK/MYH3,10
GO:0032330,regulation of chondrocyte differentiation,9/1045,35/14198,0.257142857142857,3.4936978810663,4.16336279767892,0.000752500010128201,0.00938656942072433,0.00938656942072433,SCIN/ZBTB16/NR5A2/PRKG2/SMAD7/WNT9A/ZNF219/SOX5/ACVRL1,9
GO:0048512,circadian behavior,9/1045,35/14198,0.257142857142857,3.4936978810663,4.16336279767892,0.000752500010128201,0.00938656942072433,0.00938656942072433,NLGN1/PER3/C3orf70/ADRB1/KCNA2/CARTPT/USP2/EGR1/PLN,9
GO:0098926,postsynaptic signal transduction,9/1045,35/14198,0.257142857142857,3.4936978810663,4.16336279767892,0.000752500010128201,0.00938656942072433,0.00938656942072433,ITPR1/PRKCB/CHRNA1/CHRNA7/PSCA/CHRM4/GNA11/GNAQ/LYNX1,9
GO:0120178,steroid hormone biosynthetic process,9/1045,35/14198,0.257142857142857,3.4936978810663,4.16336279767892,0.000752500010128201,0.00938656942072433,0.00938656942072433,CLCN2/AKR1B15/DHRS11/HSD17B2/NR5A2/BMP2/BMP5/EGR1/CYP21A2,9
GO:0030073,insulin secretion,22/1045,143/14198,0.153846153846154,2.09024659550975,3.69335760109493,0.000754360156100563,0.00938656942072433,0.00938656942072433,ABCC8/KCNA5/NEUROD1/GPLD1/GNAZ/EFNA5/IL6ST/PRKACB/CARTPT/KCNB1/GPER1/NR1H4/GNAO1/SRI/ADCY5/PRKN/RAB3A/CAMK2G/GCG/CHGA/CPT1A/IL6R,22
GO:0043542,endothelial cell migration,29/1045,210/14198,0.138095238095238,1.87624515835042,3.60579882764299,0.000754849062911498,0.00938656942072433,0.00938656942072433,PLPP3/TGFBR3/PTN/MMRN1/SCG2/TEK/GPLD1/SYNJ2BP/HDAC9/MICALL1/ATOH8/GIPC1/ZEB2/ADTRP/DAB2IP/MEF2C/FGF2/ATP5F1A/ABL1/PTPRM/P2RX4/MEOX2/CEACAM1/BSG/FGFR1/PACSIN2/ACVRL1/KLF4/GAB1,29
GO:0045055,regulated exocytosis,26/1045,181/14198,0.143646408839779,1.95166671072458,3.63195663997034,0.000767617231815841,0.0094726336296835,0.0094726336296835,TPH1/NLGN1/PRKCB/SCIN/SV2B/CD160/PRRT2/SYP/KCNB1/RIMS1/LRRK2/P2RY1/RAP1A/SYNGR1/KIT/CD177/RAB3A/GNAI1/P2RX1/VAMP2/CEACAM1/GNAQ/SYN1/CHGA/PTGDR/RAB27A,26
GO:0043410,positive regulation of MAPK cascade,42/1045,343/14198,0.122448979591837,1.66366565765062,3.5070113087617,0.000768702508009326,0.0094726336296835,0.0094726336296835,NTRK3/PDE8A/FGFR2/TEK/PDGFA/ADRB1/IL6ST/DRD5/EDN3/CARTPT/GPER1/GAREM1/CHRNA7/TNFRSF11A/NRXN1/DENND2B/LRRK2/P2RY1/RAP1A/GPR37L1/FGF9/KIT/GCNT2/IL11RA/DAB2IP/MEF2C/FGF2/FFAR4/NTRK2/BMP2/RET/SLC30A10/RELL1/PJA2/TENM1/LPAR1/GCG/ARRB1/GLIPR2/FGFR1/TLR3/IL6R,42
GO:0050905,neuromuscular process,14/1045,73/14198,0.191780821917808,2.60564986563545,3.87669893943273,0.000769572068449762,0.0094726336296835,0.0094726336296835,STAC/RCSD1/MB/SCN4A/SYNM/PRRT2/TNNT3/DMD/CHRNA1/NRXN1/CDH23/DMPK/GLRB/MYH3,14
GO:0030041,actin filament polymerization,21/1045,134/14198,0.156716417910448,2.12924373348568,3.70194264507942,0.000770377746348636,0.0094726336296835,0.0094726336296835,PAK3/LMOD1/ASB2/SCIN/GBA2/VILL/TMOD1/SPTB/KANK2/KANK3/GSN/SPTBN4/ARHGAP6/DAAM2/CCL11/ABL1/SVIL/FAM107A/FLII/TENM1/CRACD,21
GO:0006635,fatty acid beta-oxidation,13/1045,65/14198,0.2,2.71732057416268,3.91142401743572,0.000777161519931341,0.00952942899926954,0.00952942899926954,ETFDH/ACAA2/ACADVL/ACOX1/ACAT1/ACADS/CRAT/ACAA1/ECI2/ACACB/CPT2/CPT1A/ABCB11,13
GO:0006518,peptide metabolic process,11/1045,50/14198,0.22,2.98905263157895,3.97125502996923,0.000845770116481681,0.0103418890354232,0.0103418890354232,CPM/ECE1/DMD/NAALADL1/PCSK5/SLC1A1/ANPEP/CMA1/GGT6/CPQ/CPE,11
GO:0055092,sterol homeostasis,15/1045,82/14198,0.182926829268293,2.48535418368538,3.80211415035214,0.000849350064914504,0.0103568946973785,0.0103568946973785,NFE2L1/ACOX1/VAPA/HDAC9/PCSK5/CAV1/NR1H4/MALL/LIMA1/OSBPL1A/LIPC/RILP/GPIHBP1/NEGR1/ABCB11,15
GO:0030833,regulation of actin filament polymerization,18/1045,108/14198,0.166666666666667,2.26443381180223,3.71788975920228,0.00086004051933913,0.0104294720830051,0.0104294720830051,PAK3/LMOD1/ASB2/SCIN/GBA2/VILL/TMOD1/SPTB/KANK2/KANK3/GSN/SPTBN4/DAAM2/CCL11/SVIL/FLII/TENM1/CRACD,18
GO:0072329,monocarboxylic acid catabolic process,18/1045,108/14198,0.166666666666667,2.26443381180223,3.71788975920228,0.00086004051933913,0.0104294720830051,0.0104294720830051,ETFDH/ACAA2/ACADVL/LDHD/ACOX1/ACAT1/CYP4F12/CYP26B1/ABHD3/ADTRP/ACADS/CRAT/ACAA1/ECI2/ACACB/CPT2/CPT1A/ABCB11,18
GO:0015850,organic hydroxy compound transport,28/1045,202/14198,0.138613861386139,1.88329148704344,3.56386946802003,0.000870198915120502,0.0105236692976935,0.0105236692976935,SLC51B/RXRA/ABCA8/NOS1/CLU/VAPA/KCNA2/CARTPT/KCNB1/SLC16A7/SLC51A/CAV1/NR1H4/P2RY1/RAB3B/ECRG4/PRKN/VIP/FFAR3/OSBPL1A/ATP8B1/CEACAM1/CXCL12/LIPC/RILP/CHGA/FLVCR2/ABCB11,28
GO:0009636,response to toxic substance,29/1045,212/14198,0.136792452830189,1.85854473232825,3.54999811753474,0.000879844990835362,0.0106111716428966,0.0106111716428966,NEFL/BCL2/MT2A/UGT1A10/PRDX6/MB/HBA2/AKR1B10/MT1E/CES2/TRPM6/MTARC2/MT1G/FABP1/MT1M/SLC30A4/TPO/PRKN/MT1H/MT1X/AQP8/HBB/FOS/SLC30A10/PINK1/HBA1/SESN2/MT1F/PTGS1,29
GO:0086005,ventricular cardiac muscle cell action potential,8/1045,29/14198,0.275862068965517,3.74802837815542,4.17536684560889,0.000891114930123893,0.0106909651442292,0.0106909651442292,GPD1L/KCND3/NOS1/CASQ2/CACNA1C/CAV1/RYR2/ANK2,8
GO:0014013,regulation of gliogenesis,12/1045,58/14198,0.206896551724138,2.81102128361656,3.89544316818346,0.000893747199699303,0.0106909651442292,0.0106909651442292,GDPD2/NTRK3/PTN/ABCC8/ATOH1/CLCN2/PTPRZ1/DAAM2/BMP2/CNTFR/SOX10/NEGR1,12
GO:0043279,response to alkaloid,12/1045,58/14198,0.206896551724138,2.81102128361656,3.89544316818346,0.000893747199699303,0.0106909651442292,0.0106909651442292,RYR1/RYR3/CASP7/BCHE/FOSB/CASQ2/CARTPT/SMPD1/SLC1A1/RYR2/CPT1A/SLC8A1,12
GO:0019395,fatty acid oxidation,16/1045,91/14198,0.175824175824176,2.38885325201115,3.74631032620024,0.00090619351527271,0.0107812536600823,0.0107812536600823,ETFDH/ACAA2/ACADVL/ACOX1/ACAT1/PDK4/APPL2/ACADS/CRAT/ACAA1/PPARGC1A/ECI2/ACACB/CPT2/CPT1A/ABCB11,16
GO:0034767,positive regulation of monoatomic ion transmembrane transport,16/1045,91/14198,0.175824175824176,2.38885325201115,3.74631032620024,0.00090619351527271,0.0107812536600823,0.0107812536600823,STAC/ADCYAP1R1/NOS1/FHL1/GPER1/CAV1/SRI/STIM1/FXYD1/CACNB2/P2RX1/P2RX4/GRIN1/ANK2/WNK3/CHP1,16
GO:0061035,regulation of cartilage development,10/1045,43/14198,0.232558139534884,3.15967508623567,3.99771413376939,0.000913016545290254,0.010804029119268,0.010804029119268,SCIN/ZBTB16/NR5A2/PRKG2/SMAD7/BMP2/WNT9A/ZNF219/SOX5/ACVRL1,10
GO:0086009,membrane repolarization,10/1045,43/14198,0.232558139534884,3.15967508623567,3.99771413376939,0.000913016545290254,0.010804029119268,0.010804029119268,KCNA5/SCN4B/KCND3/NOS1/CASQ2/ATP1A2/CAV1/KCNN2/GJA5/ANK2,10
GO:0007622,rhythmic behavior,9/1045,36/14198,0.25,3.39665071770335,4.05824000092663,0.000938689551272023,0.0110780466613926,0.0110780466613926,NLGN1/PER3/C3orf70/ADRB1/KCNA2/CARTPT/USP2/EGR1/PLN,9
GO:0042552,myelination,17/1045,100/14198,0.17,2.30972248803828,3.70462759750899,0.0009424301035001,0.0110924527155279,0.0110924527155279,PTN/PLP1/CLU/LGI4/MPZ/MAL/CLDN5/PTPRZ1/MALL/TPPP/PRX/BCAS1/EPB41L3/SOX10/ANK2/LPAR1/CNTN1,17
GO:0042745,circadian sleep/wake cycle,6/1045,17/14198,0.352941176470588,4.79527160146355,4.41324379555667,0.000956641054119213,0.0112296904539541,0.0112296904539541,NLGN1/PER3/ADRB1/KCNA2/CARTPT/PLN,6
GO:0007271,"synaptic transmission, cholinergic",7/1045,23/14198,0.304347826086957,4.13505304763886,4.24122491895792,0.000985902542152095,0.0115424015706211,0.0115424015706211,ACHE/TACR1/TACR2/RIC3/CHRNA1/CHRNA7/CHRFAM7A,7
GO:0050807,regulation of synapse organization,34/1045,264/14198,0.128787878787879,1.74978976366536,3.46615191956958,0.000989948788105341,0.0115590306770284,0.0115590306770284,PAK3/GNA13/NEFL/RELN/NLGN1/NTRK3/LRFN5/NLGN4X/LRRC4B/EFNA5/ARHGAP44/KIF1A/C1QL1/CRTAC1/NTN1/MUSK/SLITRK5/NRXN1/LRRK2/ZDHHC15/DAB2IP/MEF2C/CAMK2B/CPEB3/ABL1/NEURL1/ADGRB3/VSTM5/DMPK/PDXP/EPHA7/FGFR1/NEGR1/IGSF9,34
GO:0010827,regulation of D-glucose transmembrane transport,11/1045,51/14198,0.215686274509804,2.93044375644995,3.89272828357551,0.00100783340537709,0.0117367265885449,0.0117367265885449,PRKCB/CARTPT/ITLN1/RAP1A/APPL2/FFAR4/CLIP3/PTPRM/PID1/C1QTNF12/SORBS1,11
GO:1902476,chloride transmembrane transport,14/1045,75/14198,0.186666666666667,2.5361658692185,3.75966621817038,0.00101713611156663,0.0118138078182488,0.0118138078182488,CLCNKB/CLCNKA/CLCA4/CLIC6/CLCN2/CLIC5/SLC26A2/SLC26A3/ANO5/FXYD1/SLC1A1/BEST4/ANO2/GLRB,14
GO:0050767,regulation of neurogenesis,31/1045,234/14198,0.132478632478632,1.79993456835562,3.47777514836566,0.00102127834365416,0.0118268602185346,0.0118268602185346,RELN/GDPD2/NTRK3/PTN/PLXNB3/ABCC8/NPTN/ROBO3/EFNA5/NOS1/ATOH1/CLCN2/NTN1/GPER1/PTPRZ1/MAP2/APPL2/KIT/TRAK2/DAAM2/CAMK2B/CCL11/NTRK2/BMP2/CNTFR/NEURL1/SOX10/CXCL12/EPHA7/NEGR1/MAPT,31
GO:0009062,fatty acid catabolic process,16/1045,92/14198,0.173913043478261,2.36288745579363,3.69654497476259,0.00102363329015486,0.0118268602185346,0.0118268602185346,ETFDH/ACAA2/ACADVL/ACOX1/ACAT1/CYP4F12/ABHD3/ADTRP/ACADS/CRAT/ACAA1/ECI2/ACACB/CPT2/CPT1A/ABCB11,16
GO:0062012,regulation of small molecule metabolic process,35/1045,275/14198,0.127272727272727,1.72920400173989,3.44185844564586,0.00103897328794368,0.0119726712396023,0.0119726712396023,ACADVL/UGT1A10/CBFA2T3/GPLD1/ADCYAP1R1/UGT1A1/UGT1A8/CLCN2/UGT1A3/GPER1/CAV1/NR1H4/SLC4A4/PDK4/P2RY1/APPL2/PRKN/KAT2B/GNAI1/AQP8/BMP2/PPARGC1A/CEACAM1/PINK1/BMP5/GCG/ACACB/EGR1/GPIHBP1/PID1/CPT1A/UGT1A4/C1QTNF12/SORBS1/ABCB11,35
GO:0007272,ensheathment of neurons,17/1045,101/14198,0.168316831683168,2.28685394855275,3.65822676443566,0.00105718917019669,0.0121191321020985,0.0121191321020985,PTN/PLP1/CLU/LGI4/MPZ/MAL/CLDN5/PTPRZ1/MALL/TPPP/PRX/BCAS1/EPB41L3/SOX10/ANK2/LPAR1/CNTN1,17
GO:0008366,axon ensheathment,17/1045,101/14198,0.168316831683168,2.28685394855275,3.65822676443566,0.00105718917019669,0.0121191321020985,0.0121191321020985,PTN/PLP1/CLU/LGI4/MPZ/MAL/CLDN5/PTPRZ1/MALL/TPPP/PRX/BCAS1/EPB41L3/SOX10/ANK2/LPAR1/CNTN1,17
GO:0019755,one-carbon compound transport,5/1045,12/14198,0.416666666666667,5.66108452950558,4.55293710151573,0.00109360582787183,0.0125040333877709,0.0125040333877709,HBA2/AQP8/HBB/HBD/HBA1,5
GO:0050803,regulation of synapse structure or activity,34/1045,266/14198,0.12781954887218,1.73663344965284,3.41845248300581,0.00112944467121474,0.0128747908578082,0.0128747908578082,PAK3/GNA13/NEFL/RELN/NLGN1/NTRK3/LRFN5/NLGN4X/LRRC4B/EFNA5/ARHGAP44/KIF1A/C1QL1/CRTAC1/NTN1/MUSK/SLITRK5/NRXN1/LRRK2/ZDHHC15/DAB2IP/MEF2C/CAMK2B/CPEB3/ABL1/NEURL1/ADGRB3/VSTM5/DMPK/PDXP/EPHA7/FGFR1/NEGR1/IGSF9,34
GO:0045823,positive regulation of heart contraction,8/1045,30/14198,0.266666666666667,3.62309409888357,4.05381803070542,0.00113773140474497,0.0128747908578082,0.0128747908578082,ADRB1/EDN3/ATP1A2/TPM1/SLC1A1/RYR2/PDE4D/CHGA,8
GO:0050891,multicellular organismal-level water homeostasis,8/1045,30/14198,0.266666666666667,3.62309409888357,4.05381803070542,0.00113773140474497,0.0128747908578082,0.0128747908578082,SCNN1G/PRKACB/CYP4F12/SCNN1B/ADCY5/ADCY6/PRKAR2B/ADCY9,8
GO:0090278,negative regulation of peptide hormone secretion,8/1045,30/14198,0.266666666666667,3.62309409888357,4.05381803070542,0.00113773140474497,0.0128747908578082,0.0128747908578082,ABCC8/GNAZ/CARTPT/KCNB1/GNAO1/PRKN/FFAR4/CHGA,8
GO:0060996,dendritic spine development,14/1045,76/14198,0.184210526315789,2.50279526567615,3.70256368399013,0.00116407953191656,0.0131391746140941,0.0131391746140941,PAK3/RELN/NLGN1/ARHGAP44/CTNND2/KIF1A/CAMK2A/LRRK2/ZDHHC15/MEF2C/CAMK2B/CPEB3/NEURL1/LPAR1,14
GO:0035249,"synaptic transmission, glutamatergic",12/1045,60/14198,0.2,2.71732057416268,3.75731006453775,0.00122406728216242,0.0137809313966214,0.0137809313966214,RELN/NLGN1/NR3C1/HOMER2/ATP1A2/GRIK3/NRXN1/LRRK2/MEF2C/PRKN/P2RX1/GRIN1,12
GO:0007015,actin filament organization,47/1045,405/14198,0.116049382716049,1.576716876366,3.31898148822492,0.00123468002261446,0.0138649527029308,0.0138649527029308,PAK3/SLC9A1/LMOD1/TACR1/TRPV3/ASB2/SCIN/CNN1/RHOU/MYO1C/GBA2/SFRP1/VILL/SYNPO2/TMOD1/SPTB/KANK2/KANK3/TPM1/SYNPO/PLEKHH2/GIPC1/GSN/ZEB2/PTGER4/SPTBN4/ARHGAP6/DAAM2/PRKN/LIMA1/CCL11/ABL1/SVIL/SHROOM3/FAM107A/CXCL12/FLII/PDXP/TENM1/LPAR1/ARRB1/ACTA1/CRACD/NRAP/ASAP3/SORBS1/CORO6,47
GO:0006821,chloride transport,15/1045,85/14198,0.176470588235294,2.39763580073178,3.64282102993523,0.00124619191794515,0.0139586178697062,0.0139586178697062,CLCNKB/CLCNKA/CLCA4/CLIC6/CLCN2/CLIC5/SLC26A2/SLC26A3/ANO5/FXYD1/SLC1A1/BEST4/ATP8B1/ANO2/GLRB,15
GO:0046890,regulation of lipid biosynthetic process,23/1045,158/14198,0.145569620253165,1.97779662043486,3.48367432529932,0.00125592241471062,0.0140319047450664,0.0140319047450664,ACADVL/GLTP/PDGFA/GPLD1/CLCN2/CARTPT/GPER1/NR1H4/PDK4/NR5A2/CAPN2/KAT2B/GNAI1/AQP8/BMP2/ASXL3/CEACAM1/BMP5/CHP1/EGR1/GPIHBP1/PCK1/SORBS1,23
GO:0051952,regulation of amine transport,10/1045,45/14198,0.222222222222222,3.01924508240298,3.82397517125033,0.00132835273287294,0.0148035664053334,0.0148035664053334,TACR2/KCNA2/CARTPT/KCNB1/ATP1A2/P2RY1/PRKN/FFAR3/CXCL12/CHGA,10
GO:0046885,regulation of hormone biosynthetic process,6/1045,18/14198,0.333333333333333,4.52886762360447,4.22257654182434,0.00134632635537731,0.0149282836684406,0.0149282836684406,CLCN2/NR5A2/FFAR3/BMP2/BMP5/EGR1,6
GO:0071377,cellular response to glucagon stimulus,6/1045,18/14198,0.333333333333333,4.52886762360447,4.22257654182434,0.00134632635537731,0.0149282836684406,0.0149282836684406,GLP2R/ADCY5/ADCY6/PRKAR2B/ADCY9/GCG,6
GO:0010594,regulation of endothelial cell migration,23/1045,159/14198,0.144654088050314,1.9653576479793,3.45034675360172,0.00136872746033679,0.0151385383929712,0.0151385383929712,PLPP3/TGFBR3/PTN/MMRN1/TEK/GPLD1/SYNJ2BP/HDAC9/ATOH8/DAB2IP/MEF2C/FGF2/ATP5F1A/ABL1/PTPRM/P2RX4/MEOX2/CEACAM1/BSG/FGFR1/ACVRL1/KLF4/GAB1,23
GO:0051591,response to cAMP,13/1045,69/14198,0.188405797101449,2.55979474377644,3.6608363209969,0.00139158145854583,0.0153527357907738,0.0153527357907738,FOSB/PDE2A/CNGA3/DUSP1/RAP1A/SLC26A3/HCN2/PER1/AQP8/FOS/HMGCS2/PDE4D/BSG,13
GO:0006940,regulation of smooth muscle contraction,9/1045,38/14198,0.236842105263158,3.21787962729791,3.85871025827046,0.00142293564871492,0.0155902979015268,0.0155902979015268,TACR1/CNN1/TACR2/EDN3/GPER1/MYOCD/PRKG1/CAV1/KIT,9
GO:0036293,response to decreased oxygen levels,32/1045,249/14198,0.1285140562249,1.7460694452451,3.34773765224673,0.00142326443694067,0.0155902979015268,0.0155902979015268,ARNT2/TGFBR3/SLC9A1/RYR1/ACAA2/MPL/ITPR1/VEGFD/KCNA5/FGFR2/CBFA2T3/CITED2/SFRP1/NOS1/SLC2A4/MYOCD/CHRNA7/CAV1/ZEB2/FABP1/KCNMA1/CAPN2/RYR2/BMP2/FOS/PINK1/CXCL12/EPAS1/JUND/EGR1/HSD11B2/CPT1A,32
GO:0097479,synaptic vesicle localization,12/1045,61/14198,0.19672131147541,2.67277433524198,3.69035096896391,0.00142373915411489,0.0155902979015268,0.0155902979015268,NLGN1/SLC2A4/AP3B2/NRXN1/LRRK2/MAP2/PRKN/RAB3A/PINK1/SYN1/RAB27A/KIF5C,12
GO:0002792,negative regulation of peptide secretion,8/1045,31/14198,0.258064516129032,3.50622009569378,3.93736008463147,0.00143586077112937,0.0156451958279987,0.0156451958279987,ABCC8/GNAZ/CARTPT/KCNB1/GNAO1/PRKN/FFAR4/CHGA,8
GO:1903524,positive regulation of blood circulation,8/1045,31/14198,0.258064516129032,3.50622009569378,3.93736008463147,0.00143586077112937,0.0156451958279987,0.0156451958279987,ADRB1/EDN3/ATP1A2/TPM1/SLC1A1/RYR2/PDE4D/CHGA,8
GO:0032868,response to insulin,28/1045,209/14198,0.133971291866029,1.82021473867357,3.36706424730224,0.00147490983681762,0.0160309953127683,0.0160309953127683,SLC9A1/PRKCB/ABCC8/GPLD1/SLC2A4/APC/CARTPT/HDAC9/TNFRSF11A/NR1H4/PDK4/GKAP1/APPL2/FFAR3/KAT2B/VAMP2/FOS/HMGCS2/CEACAM1/TNS2/EGR1/HSD11B2/PID1/GAB1/C1QTNF12/PCK1/SORBS1/PLN,28
GO:0000302,response to reactive oxygen species,23/1045,160/14198,0.14375,1.95307416267943,3.41726056476058,0.00149011659443697,0.0161563873120974,0.0161563873120974,TACR1/KCNA5/MB/MAPK7/HBA2/TPM1/DUSP1/LRRK2/FABP1/GPR37L1/TXNIP/CAPN2/HBB/ABL1/FOS/PINK1/HBA1/SESN2/KLF4/KLF2/SLC8A1/MAPT/CRYAB,23
GO:0010001,glial cell differentiation,21/1045,141/14198,0.148936170212766,2.02353659778072,3.44279081974037,0.00149893040994788,0.0162120188319178,0.0162120188319178,RELN/NTRK3/PTN/NR3C1/NFIB/PLP1/CLU/LGI4/CLCN2/ZEB2/PTPRZ1/DAAM2/TPPP/PRX/GPR17/NTRK2/BMP2/SOX10/LPAR1/CNTN1/MAPT,21
GO:0050768,negative regulation of neurogenesis,14/1045,78/14198,0.17948717948718,2.43862102809471,3.5910411630536,0.00151167028110067,0.0163097367093263,0.0163097367093263,GDPD2/NTRK3/PTN/ABCC8/ATOH1/MAP2/APPL2/TRAK2/DAAM2/CCL11/CNTFR/SOX10/EPHA7/NEGR1,14
GO:0001666,response to hypoxia,31/1045,240/14198,0.129166666666667,1.75493620414673,3.32466815312987,0.00154459956554657,0.0166242720966651,0.0166242720966651,ARNT2/TGFBR3/SLC9A1/RYR1/ACAA2/MPL/ITPR1/VEGFD/KCNA5/FGFR2/CBFA2T3/CITED2/SFRP1/NOS1/SLC2A4/MYOCD/CHRNA7/CAV1/FABP1/KCNMA1/CAPN2/RYR2/BMP2/FOS/PINK1/CXCL12/EPAS1/JUND/EGR1/HSD11B2/CPT1A,31
GO:0050708,regulation of protein secretion,27/1045,200/14198,0.135,1.83419138755981,3.34881943405659,0.00158583932341395,0.0170264992723614,0.0170264992723615,OR51E2/ACHE/ABCC8/KCNA5/NEUROD1/GPLD1/GNAZ/EFNA5/IL6ST/SYTL4/PRKACB/WLS/CARTPT/KCNB1/GPER1/NR1H4/GNAO1/SRI/KRT20/ADCY5/ADTRP/PRKN/BSG/GCG/CHGA/CPT1A/IL6R,27
GO:0035418,protein localization to synapse,13/1045,70/14198,0.185714285714286,2.52322624743677,3.60095022160552,0.00159618970755433,0.0170959296658252,0.0170959296658252,RELN/NLGN1/ARHGAP44/NRXN1/ZDHHC15/RAP1A/LRRC7/EPB41L3/NRXN3/DLG2/LGI1/KIF5C/MAPT,13
GO:0048709,oligodendrocyte differentiation,12/1045,62/14198,0.193548387096774,2.62966507177034,3.62472414175007,0.0016495388468559,0.0176146968539371,0.0176146968539371,PTN/PLP1/CLU/CLCN2/PTPRZ1/DAAM2/TPPP/GPR17/NTRK2/SOX10/LPAR1/CNTN1,12
GO:0032787,monocarboxylic acid metabolic process,55/1045,499/14198,0.110220440881764,1.49752135850649,3.1890519644937,0.00165262830546934,0.0176146968539371,0.0176146968539371,ETFDH/ACAA2/HPGD/ACADVL/LDHD/SLC6A8/ADH1A/DHRS9/UGT1A10/CBFA2T3/GBA2/ACOX1/UGT1A1/UGT1A8/ACAT1/BTD/UGT1A3/CES2/CYP4F12/NAAA/CYP26B1/ADH1C/CAV1/NR1H4/SLC4A4/PDK4/ADH1B/ABHD3/ELOVL6/APPL2/ADTRP/NR5A2/OSBPL1A/KAT2B/ACADS/CRAT/ACAA1/PPARGC1A/CEACAM1/ASPA/HPGDS/LIPC/ECI2/ACACB/FABP2/CPT2/GPIHBP1/PTGS1/ELOVL4/CPT1A/MGLL/UGT1A4/ABHD5/PCK1/ABCB11,55
GO:1902514,regulation of calcium ion transmembrane transport via high voltage-gated calcium channel,5/1045,13/14198,0.384615384615385,5.22561648877438,4.29626548969203,0.00167001644465154,0.0177570347568987,0.0177570347568987,NOS1/CACNB1/CAMK2D/CACNB2/PDE4D,5
GO:0006631,fatty acid metabolic process,39/1045,325/14198,0.12,1.63039234449761,3.24049565981597,0.00169596275625412,0.01788109066979,0.01788109066979,ETFDH/ACAA2/HPGD/ACADVL/UGT1A10/ACOX1/UGT1A1/UGT1A8/ACAT1/UGT1A3/CES2/CYP4F12/NAAA/CAV1/PDK4/ABHD3/ELOVL6/APPL2/ADTRP/KAT2B/ACADS/CRAT/ACAA1/PPARGC1A/CEACAM1/HPGDS/LIPC/ECI2/ACACB/FABP2/CPT2/GPIHBP1/PTGS1/ELOVL4/CPT1A/MGLL/UGT1A4/ABHD5/ABCB11,39
GO:0015721,bile acid and bile salt transport,7/1045,25/14198,0.28,3.80424880382775,3.95548443970422,0.00169793182643621,0.01788109066979,0.01788109066979,SLC51B/RXRA/SLC51A/NR1H4/ATP8B1/CEACAM1/ABCB11,7
GO:0051016,barbed-end actin filament capping,7/1045,25/14198,0.28,3.80424880382775,3.95548443970422,0.00169793182643621,0.01788109066979,0.01788109066979,ASB2/SCIN/VILL/GSN/SVIL/FLII/CRACD,7
GO:0097699,vascular endothelial cell response to fluid shear stress,7/1045,25/14198,0.28,3.80424880382775,3.95548443970422,0.00169793182643621,0.01788109066979,0.01788109066979,PRKACB/ADCY5/CAPN2/ADCY6/ABL1/PRKAR2B/ADCY9,7
GO:0003007,heart morphogenesis,22/1045,152/14198,0.144736842105263,1.96648199445983,3.37662829825311,0.00170861655874654,0.0179506684763778,0.0179506684763778,TGFBR3/RYR1/PDCD4/RBM20/ASB2/NPY1R/FGFR2/TEK/CITED2/FOXF1/APC/TPM1/CLDN5/DCHS2/SMAD7/MEF2C/RYR2/BMP2/GJA5/BMP5/ACVRL1/CPE,22
GO:1904861,excitatory synapse assembly,9/1045,39/14198,0.230769230769231,3.13536989326463,3.76385734064757,0.00173095782618321,0.0181095320331798,0.0181095320331798,RELN/NLGN1/NTRK3/LRRC4B/ADGRL3/NRXN1/VSTM5/NRXN3/FGFR1,9
GO:0051258,protein polymerization,32/1045,252/14198,0.126984126984127,1.72528290423027,3.27436362475096,0.00173196569422278,0.0181095320331798,0.0181095320331798,PAK3/NEFL/STMN2/LMOD1/ASB2/SCIN/PPP2CB/GBA2/SLAIN1/VILL/TMOD1/SPTB/KANK2/CASQ2/KANK3/GSN/SPTBN4/MAP2/ARHGAP6/DAAM2/TPPP/PRKN/CLIP3/CCL11/ABL1/SVIL/PINK1/FAM107A/FLII/TENM1/CRACD/MAPT,32
GO:0003205,cardiac chamber development,15/1045,88/14198,0.170454545454545,2.31589821661592,3.4901504931376,0.00178844884964654,0.0186558100382561,0.0186558100382561,TGFBR3/FGFR2/TEK/CITED2/FOXF1/PDE2A/TPM1/SMAD7/MEF2C/RYR2/BMP2/GJA5/BMP5/ANK2/CPE,15
GO:0099622,cardiac muscle cell membrane repolarization,8/1045,32/14198,0.25,3.39665071770335,3.82560514052633,0.00179275706768544,0.0186565404537856,0.0186565404537856,KCNA5/SCN4B/KCND3/NOS1/CASQ2/KCNN2/GJA5/ANK2,8
GO:0034440,lipid oxidation,16/1045,97/14198,0.164948453608247,2.24108913333005,3.45706790523561,0.00182252721617779,0.0189216151075817,0.0189216151075817,ETFDH/ACAA2/ACADVL/ACOX1/ACAT1/PDK4/APPL2/ACADS/CRAT/ACAA1/PPARGC1A/ECI2/ACACB/CPT2/CPT1A/ABCB11,16
GO:0001822,kidney development,26/1045,192/14198,0.135416666666667,1.83985247208931,3.30248295337884,0.00183437639805611,0.0189998233041011,0.0189998233041011,HPGD/GFRA1/FGFR2/TEK/PDGFA/SFRP1/ACAT1/MAGI2/KANK2/PKD1/PCSK5/CYP26B1/LRRK2/ZBTB16/SMAD7/MEF2C/FGF2/PLCE1/BMP2/HMGCS2/RET/TCF21/TMEM59L/EGR1/ITGA8/IL6R,26
GO:0010996,response to auditory stimulus,6/1045,19/14198,0.315789473684211,4.29050616973055,4.0453931523564,0.00184635555028341,0.0190343258368795,0.0190343258368795,PTN/TACR1/ATP1A2/GAP43/NRXN1/ATP8A2,6
GO:0071379,cellular response to prostaglandin stimulus,6/1045,19/14198,0.315789473684211,4.29050616973055,4.0453931523564,0.00184635555028341,0.0190343258368795,0.0190343258368795,SFRP1/GNG2/PTGER4/ADCY6/PTGDR2/PTGDR,6
GO:0051966,"regulation of synaptic transmission, glutamatergic",10/1045,47/14198,0.212765957446809,2.89076656825817,3.65963105683286,0.00188571899626784,0.0193947079943248,0.0193947079943248,RELN/NLGN1/HOMER2/ATP1A2/GRIK3/NRXN1/LRRK2/MEF2C/PRKN/GRIN1,10
GO:0097120,receptor localization to synapse,12/1045,63/14198,0.19047619047619,2.58792435634541,3.56037878710502,0.00190398100148141,0.0195368866399095,0.0195368866399095,RELN/KIF17/NLGN1/ANKS1B/ARHGAP44/NRXN1/RAP1A/LRRC7/EPB41L3/DLG2/LGI1/KIF5C,12
GO:0040013,negative regulation of locomotion,34/1045,276/14198,0.123188405797101,1.67371194785382,3.18582563120152,0.00211535347750318,0.0216553162976024,0.0216553162976024,TGFBR3/PLXNB3/ABCC8/MMRN1/ROBO3/CITED2/SFRP1/MAGI2/NEXMIF/SYNJ2BP/CARTPT/TPM1/MYOCD/CLDN5/PRKG1/DUSP1/ZEB2/PTPRR/PTGER4/PADI2/ADTRP/SMAD7/DAB2IP/MEF2C/LIMA1/FGF2/PTPRM/MEOX2/CXCL12/BMP5/DUSP3/ACVRL1/VCL/KLF4,34
GO:0033762,response to glucagon,7/1045,26/14198,0.269230769230769,3.65793154214207,3.8234808514643,0.00217783150997789,0.0222431886471524,0.0222431886471524,GLP2R/ADCY5/ADCY6/HMGCS2/PRKAR2B/ADCY9/GCG,7
GO:0048565,digestive tract development,12/1045,64/14198,0.1875,2.54748803827751,3.49726684390184,0.00218971903571709,0.022285466072216,0.022285466072216,FGFR2/RBPMS2/PDGFA/FOXF1/IL6ST/PKD1/PCSK5/KIT/PYY/HMGCS2/RET/TCF21,12
GO:0061351,neural precursor cell proliferation,14/1045,81/14198,0.17283950617284,2.34830173075787,3.43006555591671,0.002192096049357,0.022285466072216,0.022285466072216,GDPD2/NTRK3/PTN/NFIB/FGFR2/TOX/LRRK2/EML1/PTPRZ1/APPL2/CNTFR/SOX5/FGFR1/PDE9A,14
GO:0009268,response to pH,8/1045,33/14198,0.242424242424242,3.29372190807598,3.71820618995004,0.00221614299816549,0.0223749116466158,0.0223749116466158,SLC9A1/SCNN1G/ABCC8/GPLD1/SST/SCNN1B/GNAQ/CHP1,8
GO:0046686,response to cadmium ion,8/1045,33/14198,0.242424242424242,3.29372190807598,3.71820618995004,0.00221614299816549,0.0223749116466158,0.0223749116466158,MT2A/MT1E/MT1G/MT1M/KIT/MT1H/MT1X/MT1F,8
GO:0071398,cellular response to fatty acid,8/1045,33/14198,0.242424242424242,3.29372190807598,3.71820618995004,0.00221614299816549,0.0223749116466158,0.0223749116466158,OR51E2/NR1H4/PDK4/FFAR3/HMGCS2/JUND/PID1/CPT1A,8
GO:0043010,camera-type eye development,21/1045,146/14198,0.143835616438356,1.95423739922658,3.26668920546483,0.00232437789962652,0.0234139851582516,0.0234139851582516,FOXF2/NEUROD1/EFNA5/DMD/SGCA/TMOD1/CNGA3/CACNA1C/ZEB2/MYOM1/FGF2/SLC1A1/FOS/PTPRM/ATP8A2/WNT9A/BSG/PDE6A/ANGPTL7/ACVRL1/WNT5B,21
GO:0007213,G protein-coupled acetylcholine receptor signaling pathway,5/1045,14/14198,0.357142857142857,4.85235816814764,4.06476405280961,0.00244156642505651,0.0243162339436623,0.0243162339436623,ITPR1/PRKCB/CHRM4/GNA11/GNAQ,5
GO:0008090,retrograde axonal transport,5/1045,14/14198,0.357142857142857,4.85235816814764,4.06476405280961,0.00244156642505651,0.0243162339436623,0.0243162339436623,NEFL/KIF1A/KIF1C/DST/DLG2,5
GO:0035994,response to muscle stretch,5/1045,14/14198,0.357142857142857,4.85235816814764,4.06476405280961,0.00244156642505651,0.0243162339436623,0.0243162339436623,SLC9A1/DMD/GSN/RYR2/SLC8A1,5
GO:0036376,sodium ion export across plasma membrane,5/1045,14/14198,0.357142857142857,4.85235816814764,4.06476405280961,0.00244156642505651,0.0243162339436623,0.0243162339436623,SLC9A1/ATP1A2/SLC4A4/FXYD1/SLC8A1,5
GO:0050802,"circadian sleep/wake cycle, sleep",5/1045,14/14198,0.357142857142857,4.85235816814764,4.06476405280961,0.00244156642505651,0.0243162339436623,0.0243162339436623,PER3/ADRB1/KCNA2/CARTPT/PLN,5
GO:0010661,positive regulation of muscle cell apoptotic process,6/1045,20/14198,0.3,4.07598086124402,3.88003074676645,0.00247523975932622,0.0244305054272512,0.0244305054272512,PDCD4/ADRB1/CAMK2A/CAPN2/CAMK2D/MFN2,6
GO:0045777,positive regulation of blood pressure,6/1045,20/14198,0.3,4.07598086124402,3.88003074676645,0.00247523975932622,0.0244305054272512,0.0244305054272512,OR51E2/TACR1/ADRB1/CARTPT/TPM1/HSD11B2,6
GO:0045987,positive regulation of smooth muscle contraction,6/1045,20/14198,0.3,4.07598086124402,3.88003074676645,0.00247523975932622,0.0244305054272512,0.0244305054272512,TACR1/TACR2/EDN3/GPER1/MYOCD/KIT,6
GO:0097700,vascular endothelial cell response to laminar fluid shear stress,6/1045,20/14198,0.3,4.07598086124402,3.88003074676645,0.00247523975932622,0.0244305054272512,0.0244305054272512,PRKACB/ADCY5/CAPN2/ADCY6/PRKAR2B/ADCY9,6
GO:0007215,glutamate receptor signaling pathway,9/1045,41/14198,0.219512195121951,2.98242502042245,3.58300248201846,0.0025062117881029,0.0245989859642298,0.0245989859642298,NLGN1/HOMER2/KCNB1/GRIK3/NRXN1/MEF2C/SLC1A1/GRIN1/GNAQ,9
GO:0045666,positive regulation of neuron differentiation,9/1045,41/14198,0.219512195121951,2.98242502042245,3.58300248201846,0.0025062117881029,0.0245989859642298,0.0245989859642298,NEUROD1/DMD/ATOH1/ZEB1/MEF2C/BMP2/CXCL12/FGFR1/BRINP3,9
GO:0006721,terpenoid metabolic process,15/1045,91/14198,0.164835164835165,2.23954992376045,3.3435776404023,0.00251466235436243,0.0245989859642298,0.0245989859642298,ADH1A/DHRS9/UGT1A1/UGT1A8/AKR1B15/AKR1B10/UGT1A3/CES2/CYP26B1/ADH1C/ADH1B/TTR/RDH5/HMGCS2/RETSAT,15
GO:0045664,regulation of neuron differentiation,15/1045,91/14198,0.164835164835165,2.23954992376045,3.3435776404023,0.00251466235436243,0.0245989859642298,0.0245989859642298,RELN/NLGN1/NEUROD1/SFRP1/DMD/ATOH1/ZEB1/ALK/LRRK2/CASZ1/MEF2C/BMP2/CXCL12/FGFR1/BRINP3,15
GO:0030336,negative regulation of cell migration,32/1045,258/14198,0.124031007751938,1.68516004599236,3.13050586866392,0.00252637064441114,0.0246587218995517,0.0246587218995517,TGFBR3/PLXNB3/ABCC8/MMRN1/CITED2/SFRP1/MAGI2/NEXMIF/SYNJ2BP/TPM1/MYOCD/CLDN5/PRKG1/DUSP1/ZEB2/PTPRR/PTGER4/PADI2/ADTRP/SMAD7/DAB2IP/MEF2C/LIMA1/FGF2/PTPRM/MEOX2/CXCL12/BMP5/DUSP3/ACVRL1/VCL/KLF4,32
GO:0070509,calcium ion import,11/1045,57/14198,0.192982456140351,2.62197599261311,3.45848435026676,0.00260474386410206,0.0253674391366753,0.0253674391366753,TRPC4/TRPV3/CACNA1C/CACNB2/P2RX1/CXCL12/GCG/WNK3/CACNA1A/SLC8A1/PLN,11
GO:0060074,synapse maturation,8/1045,34/14198,0.235294117647059,3.19684773430904,3.61485167848251,0.0027141770103469,0.0263167559461389,0.0263167559461389,NEFL/RELN/NRXN1/DAB2IP/CAMK2B/NEURL1/ADGRB3/IGSF9,8
GO:0098698,postsynaptic specialization assembly,8/1045,34/14198,0.235294117647059,3.19684773430904,3.61485167848251,0.0027141770103469,0.0263167559461389,0.0263167559461389,RELN/NTRK3/LRRC4B/GAP43/NRXN1/ABL1/NRXN3/FGFR1,8
GO:0098901,regulation of cardiac muscle cell action potential,7/1045,27/14198,0.259259259259259,3.52245259613681,3.6978447411656,0.00275600700932361,0.0266636106704231,0.0266636106704231,CACNA1C/CAV1/CALM1/CAMK2D/RYR2/GJA5/ANK2,7
GO:0050878,regulation of body fluid levels,33/1045,270/14198,0.122222222222222,1.66058479532164,3.08894448152462,0.00276786179036825,0.0267195780728093,0.0267195780728093,TPH1/SCUBE1/SCNN1G/MMRN1/TLN1/PDGFA/IL6ST/PRKACB/CYP4F12/ST3GAL4/PRKG1/CAV1/SCNN1B/P2RY1/F8/ADCY5/ADTRP/ADCY6/VIP/HBB/DGKG/ANGPTL1/PRKAR2B/CEACAM1/GNAQ/ADCY9/CTSG/SVEP1/WNK3/CSRP1/ANGPTL7/VCL/IL6R,33
GO:0030335,positive regulation of cell migration,53/1045,490/14198,0.108163265306122,1.46957133092471,2.98164951687755,0.00297227619117335,0.0286301089574291,0.0286301089574291,PLPP3/TGFBR3/RELN/NTRK3/PTN/TACR1/VEGFD/MADCAM1/MYO1C/TEK/PDGFA/CCL13/GPLD1/SEMA3B/SYNPO2/CCL23/APC/EDN3/HDAC9/CCL14/GPER1/ATOH8/ADAMTS1/CAV1/CSF1/MYLK/FGF9/KIT/GCNT2/DAB2IP/DAAM2/SUN2/FGF2/ATP5F1A/CCL11/ABL1/BMP2/TWIST2/P2RX4/LYVE1/RET/PINK1/FAM107A/CXCL12/BSG/LPAR1/GLIPR2/FGFR1/IL6R/GAB1/WNT5B/SEMA6A/VSIR,53
GO:0042572,retinol metabolic process,9/1045,42/14198,0.214285714285714,2.91141490088859,3.49665964915558,0.00298534823239777,0.0286932378144432,0.0286932378144432,ADH1A/DHRS9/AKR1B15/AKR1B10/CES2/ADH1C/ADH1B/RDH5/RETSAT,9
GO:0043502,regulation of muscle adaptation,11/1045,58/14198,0.189655172413793,2.57676950998185,3.39157583128617,0.003005189891941,0.0288210150421008,0.0288210150421008,SLC9A1/FBXO32/IL6ST/CAMK2D/CAMK2B/P2RX4/CAMK2G/JUND/ARRB1/PDE9A/KLF4,11
GO:0034109,homotypic cell-cell adhesion,14/1045,84/14198,0.166666666666667,2.26443381180223,3.27608162200039,0.00310779893882816,0.0297402846276555,0.0297402846276555,PLPP3/MMRN1/CDHR2/TLN1/IL6ST/MEGF10/PRKG1/CDHR5/HBB/CEACAM1/CTSG/CSRP1/VCL/IL6R,14
GO:0007616,long-term memory,6/1045,21/14198,0.285714285714286,3.88188653451811,3.72510382529621,0.00325230371969803,0.0309884003768631,0.0309884003768631,RELN/TACR1/SLC2A4/CPEB3/PJA2/EGR1,6
GO:0099623,regulation of cardiac muscle cell membrane repolarization,6/1045,21/14198,0.285714285714286,3.88188653451811,3.72510382529621,0.00325230371969803,0.0309884003768631,0.0309884003768631,KCNA5/SCN4B/NOS1/CASQ2/GJA5/ANK2,6
GO:0050886,endocrine process,12/1045,67/14198,0.17910447761194,2.43342140969792,3.31488805212955,0.00326328135317841,0.0310258412887502,0.0310258412887502,OR51E2/TACR1/TACR2/ECE1/EDN3/PCSK5/ECRG4/ANPEP/CMA1/GNAQ/CTSG/HSD11B2,12
GO:0086091,regulation of heart rate by cardiac conduction,8/1045,35/14198,0.228571428571429,3.10550922761449,3.51526095240997,0.00329541464004133,0.0312638259600473,0.0312638259600473,KCNA5/SCN4B/KCND3/CACNA1C/CAV1/CAMK2D/CACNB2/ANK2,8
GO:0043534,blood vessel endothelial cell migration,17/1045,112/14198,0.151785714285714,2.06225222146275,3.18116974687463,0.00331779483363214,0.0314084577583843,0.0314084577583843,TGFBR3/MMRN1/GPLD1/HDAC9/MICALL1/ADTRP/MEF2C/FGF2/ATP5F1A/ABL1/P2RX4/MEOX2/FGFR1/PACSIN2/ACVRL1/KLF4/GAB1,17
GO:0016311,dephosphorylation,19/1045,131/14198,0.145038167938931,1.9705759888966,3.14563605135605,0.00333543023041681,0.0315076477989159,0.0315076477989159,PLPP3/DUSP26/PLPP1/PPP2CB/EPM2A/PPP2R3A/CHP2/DUSP1/ALPI/PTPRR/INPP5A/PTPRZ1/PTPN21/BMP2/PTPRH/PDXP/TNS2/CHP1/DUSP3,19
GO:0030431,sleep,5/1045,15/14198,0.333333333333333,4.52886762360447,3.85425967845877,0.00344253611762703,0.0321283058552074,0.0321283058552074,PER3/ADRB1/KCNA2/CARTPT/PLN,5
GO:0042749,regulation of circadian sleep/wake cycle,5/1045,15/14198,0.333333333333333,4.52886762360447,3.85425967845877,0.00344253611762703,0.0321283058552074,0.0321283058552074,NLGN1/PER3/ADRB1/KCNA2/CARTPT,5
GO:0045822,negative regulation of heart contraction,5/1045,15/14198,0.333333333333333,4.52886762360447,3.85425967845877,0.00344253611762703,0.0321283058552074,0.0321283058552074,ATP1A2/SPTBN4/SRI/PDE4D/PLN,5
GO:1903729,regulation of plasma membrane organization,5/1045,15/14198,0.333333333333333,4.52886762360447,3.85425967845877,0.00344253611762703,0.0321283058552074,0.0321283058552074,AHNAK/SYTL4/GSN/RAB3A/ATP8B1,5
GO:0019433,triglyceride catabolic process,7/1045,28/14198,0.25,3.39665071770335,3.57802081276531,0.00344492511668739,0.0321283058552074,0.0321283058552074,GPLD1/FABP1/LIPC/FABP2/GPIHBP1/MGLL/ABHD5,7
GO:0070293,renal absorption,7/1045,28/14198,0.25,3.39665071770335,3.57802081276531,0.00344492511668739,0.0321283058552074,0.0321283058552074,CLCNKB/CLCNKA/SGK1/GSN/HBB/WNK3/AMN,7
GO:0051961,negative regulation of nervous system development,14/1045,85/14198,0.164705882352941,2.23779341401632,3.22620519375157,0.00347487637956566,0.0323391243612009,0.0323391243612009,GDPD2/NTRK3/PTN/ABCC8/ATOH1/MAP2/APPL2/TRAK2/DAAM2/CCL11/CNTFR/SOX10/EPHA7/NEGR1,14
GO:0070482,response to oxygen levels,33/1045,274/14198,0.12043795620438,1.63634268152132,2.99797739672916,0.00349349434278292,0.0324438018922583,0.0324438018922583,ARNT2/TGFBR3/SLC9A1/RYR1/ACAA2/MPL/ITPR1/VEGFD/KCNA5/FGFR2/CBFA2T3/CITED2/SFRP1/NOS1/SLC2A4/MYOCD/CHRNA7/CAV1/ZEB2/FABP1/KCNMA1/CAPN2/RYR2/BMP2/FOS/PINK1/CXCL12/EPAS1/JUND/LPAR1/EGR1/HSD11B2/CPT1A,33
GO:0016125,sterol metabolic process,19/1045,132/14198,0.143939393939394,1.95564738292011,3.10916206486041,0.00363491298378866,0.0336860777992373,0.0336860777992373,ACAA2/ACADVL/CYB5R3/NFE2L1/UGT1A10/UGT1A5/GBA2/UGT1A1/UGT1A8/UGT1A3/FAXDC2/NR1H4/LIMA1/OSBPL1A/GNAI1/AQP8/HMGCS2/UGT1A4/CYP21A2,19
GO:0006970,response to osmotic stress,12/1045,68/14198,0.176470588235294,2.39763580073178,3.25627757534389,0.00370343334854882,0.0342489781519158,0.0342489781519158,SLC25A23/TRPV3/PAPPA2/RCSD1/LETM1/CLCN2/SCN7A/SST/MYLK/KCNMA1/WNK3/TLR3,12
GO:0051261,protein depolymerization,16/1045,104/14198,0.153846153846154,2.09024659550975,3.14534509568557,0.00376459761051719,0.0347416324559679,0.0347416324559678,STMN2/LMOD1/ASB2/SCIN/VILL/TMOD1/SPTB/APC/PLEKHH2/GSN/SPTBN4/LIMA1/SVIL/FLII/PDXP/CRACD,16
GO:0050673,epithelial cell proliferation,32/1045,265/14198,0.120754716981132,1.64064638440011,2.96731071083264,0.0038304056659558,0.0352749910910824,0.0352749910910824,TGFBR3/OR51E2/PTN/TACR1/PLXNB3/TMIGD1/NFIB/FGFR2/SCG2/TEK/KLF9/SFRP1/SYNJ2BP/CARTPT/ATOH8/CAV1/ZEB2/ZFP36/KIT/DAB2IP/MEF2C/FGF2/ATP5F1A/CCL11/CDKN2B/PTPRM/CEACAM1/CXCL12/JUND/BMP5/FGFR1/ACVRL1,32
GO:0032535,regulation of cellular component size,33/1045,276/14198,0.119565217391304,1.62448512585812,2.95304354717275,0.00391331633619973,0.0359632954320485,0.0359632954320485,PAK3/LMOD1/ASB2/SCIN/CDHR2/GBA2/EFNA5/VILL/TMOD1/SPTB/KANK2/NTN1/KANK3/PLEKHH2/GSN/SPTBN4/RAB3B/MAP2/KCNMA1/DAAM2/LIMA1/CDHR5/CCL11/ABL1/SVIL/CXCL12/FLII/PDXP/TENM1/WNK3/EPHA7/CRACD/MAPT,33
GO:0002042,cell migration involved in sprouting angiogenesis,11/1045,60/14198,0.183333333333333,2.49087719298246,3.26187665044076,0.00395420357390721,0.0361708117124397,0.0361708117124397,TGFBR3/MMRN1/GPLD1/HDAC9/MICALL1/ADTRP/FGF2/ABL1/MEOX2/PACSIN2/KLF4,11
GO:0070373,negative regulation of ERK1 and ERK2 cascade,11/1045,60/14198,0.183333333333333,2.49087719298246,3.26187665044076,0.00395420357390721,0.0361708117124397,0.0361708117124397,DUSP26/SYNJ2BP/GPER1/DUSP1/PTPRR/PSCA/DAB2IP/ATF3/DUSP3/KLF4/SEMA6A,11
GO:0050678,regulation of epithelial cell proliferation,29/1045,234/14198,0.123931623931624,1.68380975749397,2.97291387933274,0.00396234389147307,0.0361708117124397,0.0361708117124397,TGFBR3/PTN/TACR1/PLXNB3/TMIGD1/NFIB/FGFR2/SCG2/TEK/KLF9/SFRP1/SYNJ2BP/CARTPT/ATOH8/CAV1/ZFP36/DAB2IP/MEF2C/FGF2/ATP5F1A/CCL11/CDKN2B/PTPRM/CEACAM1/CXCL12/JUND/BMP5/FGFR1/ACVRL1,29
GO:0001937,negative regulation of endothelial cell proliferation,8/1045,36/14198,0.222222222222222,3.01924508240298,3.41918040228024,0.00396876466540399,0.0361708117124397,0.0361708117124397,SCG2/SYNJ2BP/ATOH8/CAV1/MEF2C/ATP5F1A/PTPRM/ACVRL1,8
GO:0007600,sensory perception,34/1045,287/14198,0.118466898954704,1.60956270943434,2.94052035585945,0.00398377566103765,0.0362326042559663,0.0362326042559663,OR51E2/SCNN1G/RGS9/TMEM100/HOMER2/PRPH2/GNAL/CLIC5/MYH1/KCNA2/CARTPT/CHRNA7/CNGA3/RIMS1/CDH23/SCNN1B/SPTBN4/EYA4/KIT/CNNM4/RDH5/ATP8B1/FFAR4/RETREG1/P2RX4/SCN9A/ATP8A2/GNAQ/CXCL12/PDE6A/ARRB1/CDC14A/KCNQ4/MGLL,34
GO:0043244,regulation of protein-containing complex disassembly,17/1045,114/14198,0.149122807017544,2.02607235792831,3.10035505069523,0.00399782893758044,0.0362854494499569,0.0362854494499569,STMN2/LMOD1/ASB2/SCIN/VILL/TMOD1/SPTB/APC/PLEKHH2/GSN/SPTBN4/FYCO1/LIMA1/SVIL/FLII/PDXP/CRACD,17
GO:0051493,regulation of cytoskeleton organization,51/1045,475/14198,0.107368421052632,1.45877209770839,2.86657491389259,0.00408971310498033,0.0370430392759741,0.0370430392759741,PAK3/SLC9A1/STMN2/LMOD1/TACR1/ASB2/SCIN/IQCJ-SCHIP1/ARHGEF26/PDGFA/PPP2CB/GBA2/SFRP1/EFNA5/SLAIN1/VILL/ARHGAP44/SYNPO2/TMOD1/SPTB/APC/KANK2/KANK3/TPM1/SYNPO/PLEKHH2/GSN/PTGER4/SPTBN4/MAP2/ARHGAP6/DAAM2/TPPP/CAPN2/PRKN/LIMA1/KAT2B/GNAI1/CLIP3/CCL11/ABL1/SVIL/FAM107A/CXCL12/FLII/PDXP/TENM1/LPAR1/CRACD/ASAP3/MAPT,51
GO:0099084,postsynaptic specialization organization,10/1045,52/14198,0.192307692307692,2.61280824438719,3.28406395464587,0.00412552476828697,0.0371192020033039,0.0371192020033039,RELN/CNKSR2/NLGN1/NTRK3/LRRC4B/GAP43/NRXN1/ABL1/NRXN3/FGFR1,10
GO:0140962,multicellular organismal-level chemical homeostasis,10/1045,52/14198,0.192307692307692,2.61280824438719,3.28406395464587,0.00412552476828697,0.0371192020033039,0.0371192020033039,SCNN1G/PRKACB/CYP4F12/SCNN1B/ADCY5/ADCY6/CYBRD1/PRKAR2B/ADCY9/TF,10
GO:0048729,tissue morphogenesis,37/1045,320/14198,0.115625,1.5709509569378,2.91175197758067,0.00412778165914816,0.0371192020033039,0.0371192020033039,TGFBR3/BCL2/ASB2/FGFR2/PDGFA/FOXF1/APC/PKD1/WLS/TPM1/DCHS2/KRT20/MYLK/SMAD7/MEF2C/ACTG2/FGF2/EYA2/ABL1/RYR2/BMP2/TNC/SOX10/RET/EFEMP2/CEACAM1/BMP5/BSG/TCF21/TMEM59L/ACTA1/ACVRL1/VCL/ITGA8/KLF4/WNT5B/ARHGAP24,37
GO:0046887,positive regulation of hormone secretion,16/1045,105/14198,0.152380952380952,2.07033948507633,3.10283367974274,0.00414613044697725,0.0371192020033039,0.0371192020033039,TACR1/ABCC8/NEUROD1/GPLD1/EFNA5/PRKACB/EDN3/CARTPT/GPER1/NR1H4/P2RY1/ECRG4/PRKN/FFAR4/GNAQ/GCG,16
GO:0048857,neural nucleus development,9/1045,44/14198,0.204545454545455,2.7790778599391,3.33139188881634,0.00415852409410839,0.0371192020033039,0.0371192020033039,NFIB/PLP1/PADI2/FGF9/FOXP2/CALM1/CKB/NDRG2/MAOB,9
GO:2000177,regulation of neural precursor cell proliferation,9/1045,44/14198,0.204545454545455,2.7790778599391,3.33139188881634,0.00415852409410839,0.0371192020033039,0.0371192020033039,GDPD2/NTRK3/PTN/TOX/LRRK2/PTPRZ1/APPL2/CNTFR/PDE9A,9
GO:0007009,plasma membrane organization,18/1045,124/14198,0.145161290322581,1.97224880382775,3.06495083990133,0.00417457502637755,0.0371192020033039,0.0371192020033039,CAVIN2/AHNAK/CLU/SYTL4/MICALL1/GSN/CAV1/ANO5/AR/RAB3A/SMPD1/PRX/ATP8B1/TLCD2/EPB41L3/PLSCR4/ANK2/PACSIN2,18
GO:0010460,positive regulation of heart rate,6/1045,22/14198,0.272727272727273,3.70543714658547,3.57944722177741,0.00419745428284018,0.0371192020033039,0.0371192020033039,ADRB1/EDN3/TPM1/SLC1A1/RYR2/PDE4D,6
GO:0099625,ventricular cardiac muscle cell membrane repolarization,6/1045,22/14198,0.272727272727273,3.70543714658547,3.57944722177741,0.00419745428284018,0.0371192020033039,0.0371192020033039,SCN4B/KCND3/NOS1/CASQ2/GJA5/ANK2,6
GO:0048639,positive regulation of developmental growth,15/1045,96/14198,0.15625,2.12290669856459,3.11159424987567,0.00425710164872392,0.0371192020033039,0.0371192020033039,TGFBR3/FGFR2/EFNA5/CPNE5/NTN1/RIMS1/CPNE8/SMAD7/MEF2C/PRKN/FGF2/SOX15/CXCL12/ACACB/MAPT,15
GO:0046320,regulation of fatty acid oxidation,7/1045,29/14198,0.241379310344828,3.27952483088599,3.46352042005196,0.00425750108513941,0.0371192020033039,0.0371192020033039,ACADVL/PDK4/APPL2/PPARGC1A/ACACB/CPT1A/ABCB11,7
GO:0051150,regulation of smooth muscle cell differentiation,7/1045,29/14198,0.241379310344828,3.27952483088599,3.46352042005196,0.00425750108513941,0.0371192020033039,0.0371192020033039,PDCD4/FGFR2/RBPMS2/GPER1/MYOCD/KIT/EFEMP2,7
GO:0006705,mineralocorticoid biosynthetic process,4/1045,10/14198,0.4,5.43464114832536,3.95404783387721,0.00427520113940824,0.0371192020033039,0.0371192020033039,CLCN2/BMP2/BMP5/CYP21A2,4
GO:0010663,positive regulation of striated muscle cell apoptotic process,4/1045,10/14198,0.4,5.43464114832536,3.95404783387721,0.00427520113940824,0.0371192020033039,0.0371192020033039,ADRB1/CAMK2A/CAPN2/CAMK2D,4
GO:0010666,positive regulation of cardiac muscle cell apoptotic process,4/1045,10/14198,0.4,5.43464114832536,3.95404783387721,0.00427520113940824,0.0371192020033039,0.0371192020033039,ADRB1/CAMK2A/CAPN2/CAMK2D,4
GO:0034650,cortisol metabolic process,4/1045,10/14198,0.4,5.43464114832536,3.95404783387721,0.00427520113940824,0.0371192020033039,0.0371192020033039,BMP2/BMP5/HSD11B2/CYP21A2,4
GO:0035860,glial cell-derived neurotrophic factor receptor signaling pathway,4/1045,10/14198,0.4,5.43464114832536,3.95404783387721,0.00427520113940824,0.0371192020033039,0.0371192020033039,GFRA1/GFRA3/GFRA2/RET,4
GO:0045176,apical protein localization,4/1045,10/14198,0.4,5.43464114832536,3.95404783387721,0.00427520113940824,0.0371192020033039,0.0371192020033039,INSC/MAL/ATP8B1/SHROOM3,4
GO:0071389,cellular response to mineralocorticoid stimulus,4/1045,10/14198,0.4,5.43464114832536,3.95404783387721,0.00427520113940824,0.0371192020033039,0.0371192020033039,SCNN1G/GPER1/SCNN1B/HCN2,4
GO:0097090,presynaptic membrane organization,4/1045,10/14198,0.4,5.43464114832536,3.95404783387721,0.00427520113940824,0.0371192020033039,0.0371192020033039,NLGN1/NLGN4X/CNTN2/NRXN1,4
GO:0098664,G protein-coupled serotonin receptor signaling pathway,4/1045,10/14198,0.4,5.43464114832536,3.95404783387721,0.00427520113940824,0.0371192020033039,0.0371192020033039,GNAO1/ADCY6/GNAI1/GNAQ,4
GO:0006820,monoatomic anion transport,17/1045,115/14198,0.147826086956522,2.00845433742459,3.06056491310591,0.00437857844824616,0.0377618488391784,0.0377618488391784,CLCNKB/CLCNKA/CLCA4/CLIC6/CLCN2/CLIC5/SLC4A4/SLC26A2/SLC26A3/ANO5/FXYD1/CA2/SLC1A1/BEST4/ATP8B1/ANO2/GLRB,17
GO:0030518,nuclear receptor-mediated steroid hormone signaling pathway,17/1045,115/14198,0.147826086956522,2.00845433742459,3.06056491310591,0.00437857844824616,0.0377618488391784,0.0377618488391784,OR51E2/NR3C2/RXRA/NR3C1/PLPP1/SFRP1/PDE3A/KANK2/PGR/GPER1/PAQR8/PADI2/AR/PER1/PPARGC1B/TCF21/ZMIZ1,17
GO:0043401,steroid hormone receptor signaling pathway,17/1045,115/14198,0.147826086956522,2.00845433742459,3.06056491310591,0.00437857844824616,0.0377618488391784,0.0377618488391784,OR51E2/NR3C2/RXRA/NR3C1/PLPP1/SFRP1/PDE3A/KANK2/PGR/GPER1/PAQR8/PADI2/AR/PER1/PPARGC1B/TCF21/ZMIZ1,17
GO:0034284,response to monosaccharide,20/1045,144/14198,0.138888888888889,1.88702817650186,3.01552347180938,0.00438353129414361,0.0377618488391784,0.0377618488391784,GUCA2B/ABCC8/NEUROD1/GPLD1/EFNA5/CARTPT/KCNB1/GPER1/NR1H4/SRI/ADCY5/TXNIP/PRKN/VAMP2/HMGCS2/CMA1/CA1/GCG/EGR1/PCK1,20
GO:0048738,cardiac muscle tissue development,19/1045,135/14198,0.140740740740741,1.91218855218855,3.00162573221231,0.00467017009571108,0.0400038647099157,0.0400038647099157,TGFBR3/ASB2/FGFR2/JPH2/FER1L6/TPM1/MYOCD/SORBS2/MYH11/SMAD7/MEF2C/FGF2/ABL1/RYR2/BMP2/GJA5/BMP5/NRAP/SLC8A1,19
GO:0043524,negative regulation of neuron apoptotic process,15/1045,97/14198,0.154639175257732,2.10102106249692,3.06690669987059,0.00470245063028724,0.0400038647099157,0.0400038647099157,BTG2/BCL2/IL6ST/CLU/CHL1/PTPRZ1/MEF2C/PRKN/FGF2/SLC1A1/NTRK2/CNTFR/RETREG1/PPARGC1A/PINK1,15
GO:1903305,regulation of regulated secretory pathway,15/1045,97/14198,0.154639175257732,2.10102106249692,3.06690669987059,0.00470245063028724,0.0400038647099157,0.0400038647099157,NLGN1/PRKCB/SV2B/CD160/KCNB1/RIMS1/LRRK2/P2RY1/RAP1A/CD177/RAB3A/P2RX1/CEACAM1/SYN1/RAB27A,15
GO:0001709,cell fate determination,5/1045,16/14198,0.3125,4.24581339712919,3.6614982054427,0.00470740616077608,0.0400038647099157,0.0400038647099157,CYP26B1/MEF2C/TNXB/DSCAML1/KLF4,5
GO:0007274,neuromuscular synaptic transmission,5/1045,16/14198,0.3125,4.24581339712919,3.6614982054427,0.00470740616077608,0.0400038647099157,0.0400038647099157,NLGN1/DTNA/CHRNA1/CHRNA7/NRXN1,5
GO:0051014,actin filament severing,5/1045,16/14198,0.3125,4.24581339712919,3.6614982054427,0.00470740616077608,0.0400038647099157,0.0400038647099157,SCIN/VILL/GSN/SVIL/FLII,5
GO:2000178,negative regulation of neural precursor cell proliferation,5/1045,16/14198,0.3125,4.24581339712919,3.6614982054427,0.00470740616077608,0.0400038647099157,0.0400038647099157,GDPD2/PTN/APPL2/CNTFR/PDE9A,5
GO:0048644,muscle organ morphogenesis,8/1045,37/14198,0.216216216216216,2.93764386395965,3.32638018050595,0.00474344067303943,0.0401550496975376,0.0401550496975376,TGFBR3/FGFR2/TPM1/MYLK/SMAD7/RYR2/BMP2/EFEMP2,8
GO:0060415,muscle tissue morphogenesis,8/1045,37/14198,0.216216216216216,2.93764386395965,3.32638018050595,0.00474344067303943,0.0401550496975376,0.0401550496975376,TGFBR3/FGFR2/TPM1/MYLK/SMAD7/RYR2/BMP2/EFEMP2,8
GO:0048589,developmental growth,36/1045,312/14198,0.115384615384615,1.56768494663232,2.85785454569786,0.00478150392420813,0.0402557389285744,0.0402557389285744,TGFBR3/PTN/GUCA2B/NLGN4X/MUSTN1/FGFR2/EFNA5/CPNE5/EDN3/PPP2R3A/NTN1/MUSK/CHRNA1/GAP43/PRKG1/RIMS1/SORBS2/LARGE1/CDKN1A/MAP2/CPNE8/NR5A2/SMAD7/MEF2C/PRKN/FGF2/ABL1/FLRT1/SOX15/CPQ/DCLK1/CXCL12/BSG/ACACB/EPHA7/MAPT,36
GO:0007044,cell-substrate junction assembly,14/1045,88/14198,0.159090909090909,2.16150500217486,3.08065411513936,0.00479327270292534,0.0402557389285744,0.0402557389285744,SLC9A1/TEK/TLN1/SFRP1/EFNA5/DST/ARHGAP6/TSPAN11/ABL1/FAM107A/DUSP3/ACVRL1/VCL/SORBS1,14
GO:2000146,negative regulation of cell motility,32/1045,269/14198,0.118959107806691,1.61625015563579,2.87618779547911,0.00480481977766387,0.0402557389285744,0.0402557389285744,TGFBR3/PLXNB3/ABCC8/MMRN1/CITED2/SFRP1/MAGI2/NEXMIF/SYNJ2BP/TPM1/MYOCD/CLDN5/PRKG1/DUSP1/ZEB2/PTPRR/PTGER4/PADI2/ADTRP/SMAD7/DAB2IP/MEF2C/LIMA1/FGF2/PTPRM/MEOX2/CXCL12/BMP5/DUSP3/ACVRL1/VCL/KLF4,32
GO:0042542,response to hydrogen peroxide,13/1045,79/14198,0.164556962025316,2.2357700926655,3.10451157442377,0.00481020415184692,0.0402557389285744,0.0402557389285744,KCNA5/MAPK7/HBA2/DUSP1/FABP1/TXNIP/CAPN2/HBB/ABL1/HBA1/KLF4/KLF2/CRYAB,13
GO:1990868,response to chemokine,13/1045,79/14198,0.164556962025316,2.2357700926655,3.10451157442377,0.00481020415184692,0.0402557389285744,0.0402557389285744,MPL/ACKR2/ACKR1/CCL13/CCL23/ENTREP1/CCL14/DUSP1/PADI2/GPR17/GNAI1/CCL11/CXCL12,13
GO:1990869,cellular response to chemokine,13/1045,79/14198,0.164556962025316,2.2357700926655,3.10451157442377,0.00481020415184692,0.0402557389285744,0.0402557389285744,MPL/ACKR2/ACKR1/CCL13/CCL23/ENTREP1/CCL14/DUSP1/PADI2/GPR17/GNAI1/CCL11/CXCL12,13
GO:0046888,negative regulation of hormone secretion,9/1045,45/14198,0.2,2.71732057416268,3.25220117850206,0.00486606693441726,0.0405689898585318,0.0405689898585318,ABCC8/GNAZ/TACR2/CARTPT/KCNB1/GNAO1/PRKN/FFAR4/CHGA,9
GO:0051145,smooth muscle cell differentiation,9/1045,45/14198,0.2,2.71732057416268,3.25220117850206,0.00486606693441726,0.0405689898585318,0.0405689898585318,PDCD4/FGFR2/RBPMS2/GPER1/MYOCD/KIT/MEF2C/EFEMP2/ITGA8,9
GO:0070374,positive regulation of ERK1 and ERK2 cascade,20/1045,146/14198,0.136986301369863,1.86117847545389,2.94811587978421,0.00512742708559738,0.0425919522697085,0.0425919522697085,PDE8A/FGFR2/TEK/PDGFA/GPER1/GAREM1/CHRNA7/TNFRSF11A/NRXN1/DENND2B/P2RY1/RAP1A/GCNT2/FGF2/FFAR4/BMP2/SLC30A10/GCG/ARRB1/GLIPR2,20
GO:0030323,respiratory tube development,11/1045,62/14198,0.17741935483871,2.41052631578947,3.13731261593635,0.00512806331279998,0.0425919522697085,0.0425919522697085,NFIB/FGFR2/PDGFA/FOXF1/CLCN2/PKD1/PCSK5/BMP2/HMGCS2/EPAS1/TCF21,11
GO:0150115,cell-substrate junction organization,15/1045,98/14198,0.153061224489796,2.07958207206328,3.02275655577392,0.00518490140425384,0.0429829302853586,0.0429829302853585,SLC9A1/RHOU/TEK/TLN1/SFRP1/EFNA5/DST/ARHGAP6/TSPAN11/ABL1/FAM107A/DUSP3/ACVRL1/VCL/SORBS1,15
GO:0035774,positive regulation of insulin secretion involved in cellular response to glucose stimulus,7/1045,30/14198,0.233333333333333,3.17020733652313,3.35391156379447,0.00520699620525946,0.0430041225057264,0.0430041225057263,ABCC8/GPLD1/EFNA5/CARTPT/NR1H4/PRKN/GCG,7
GO:0060306,regulation of membrane repolarization,7/1045,30/14198,0.233333333333333,3.17020733652313,3.35391156379447,0.00520699620525946,0.0430041225057264,0.0430041225057263,KCNA5/SCN4B/NOS1/CASQ2/CAV1/GJA5/ANK2,7
GO:0003206,cardiac chamber morphogenesis,12/1045,71/14198,0.169014084507042,2.29632724577128,3.08647580662387,0.00531699966087295,0.043618609050636,0.043618609050636,TGFBR3/FGFR2/TEK/CITED2/FOXF1/TPM1/SMAD7/MEF2C/RYR2/BMP2/BMP5/CPE,12
GO:0070098,chemokine-mediated signaling pathway,12/1045,71/14198,0.169014084507042,2.29632724577128,3.08647580662387,0.00531699966087295,0.043618609050636,0.043618609050636,MPL/ACKR2/ACKR1/CCL13/CCL23/ENTREP1/CCL14/PADI2/GPR17/GNAI1/CCL11/CXCL12,12
GO:0150116,regulation of cell-substrate junction organization,12/1045,71/14198,0.169014084507042,2.29632724577128,3.08647580662387,0.00531699966087295,0.043618609050636,0.043618609050636,SLC9A1/RHOU/TEK/TLN1/SFRP1/EFNA5/ARHGAP6/ABL1/FAM107A/DUSP3/ACVRL1/VCL,12
GO:0010447,response to acidic pH,6/1045,23/14198,0.260869565217391,3.54433118369045,3.44207279888832,0.00533094313249481,0.043618609050636,0.043618609050636,SLC9A1/SCNN1G/SST/SCNN1B/GNAQ/CHP1,6
GO:1904752,regulation of vascular associated smooth muscle cell migration,6/1045,23/14198,0.260869565217391,3.54433118369045,3.44207279888832,0.00533094313249481,0.043618609050636,0.043618609050636,TPM1/MYOCD/PRKG1/ADAMTS1/FGF9/MEF2C,6
GO:0001889,liver development,13/1045,80/14198,0.1625,2.20782296650718,3.05355477216921,0.00536677342127353,0.0436682746773495,0.0436682746773495,TGFBR3/UGT1A10/UGT1A5/CITED2/UGT1A1/UGT1A8/ACAT1/UGT1A3/RAP1A/HMGCS2/CPT1A/UGT1A4/PCK1,13
GO:0016079,synaptic vesicle exocytosis,13/1045,80/14198,0.1625,2.20782296650718,3.05355477216921,0.00536677342127353,0.0436682746773495,0.0436682746773495,NLGN1/PRKCB/SV2B/PRRT2/SYP/RIMS1/LRRK2/P2RY1/RAP1A/RAB3A/P2RX1/VAMP2/SYN1,13
GO:0048041,focal adhesion assembly,13/1045,80/14198,0.1625,2.20782296650718,3.05355477216921,0.00536677342127353,0.0436682746773495,0.0436682746773495,SLC9A1/TEK/TLN1/SFRP1/EFNA5/ARHGAP6/TSPAN11/ABL1/FAM107A/DUSP3/ACVRL1/VCL/SORBS1,13
GO:0051962,positive regulation of nervous system development,23/1045,177/14198,0.129943502824859,1.76549076852377,2.88855820131857,0.00546010360242206,0.0442834978193531,0.0442834978193531,RELN/NLGN1/PTN/PLXNB3/NPTN/LRRC4B/ROBO3/EFNA5/CLCN2/NTN1/GPER1/SLITRK5/NRXN1/PTPRZ1/KIT/CAMK2B/NTRK2/BMP2/NEURL1/VSTM5/SOX10/CXCL12/MAPT,23
GO:0050795,regulation of behavior,10/1045,54/14198,0.185185185185185,2.51603756866915,3.14604366477381,0.00546250325213738,0.0442834978193531,0.0442834978193531,RELN/NLGN1/PER3/NPY1R/ADRB1/KCNA2/CARTPT/MEF2C/PYY/GNAI1,10
GO:0030534,adult behavior,9/1045,46/14198,0.195652173913043,2.65824838776784,3.1751453864225,0.00566360155058098,0.0455780146721344,0.0455780146721344,NLGN4X/FOSB/CARTPT/NRXN1/PRKN/FGF2/SLC1A1/NRXN3/CXCL12,9
GO:0045778,positive regulation of ossification,9/1045,46/14198,0.195652173913043,2.65824838776784,3.1751453864225,0.00566360155058098,0.0455780146721344,0.0455780146721344,TENT5A/PTN/TACR1/RXRA/SLC20A2/ZBTB16/MEF2C/BMP2/SLC8A1,9
GO:0048489,synaptic vesicle transport,9/1045,46/14198,0.195652173913043,2.65824838776784,3.1751453864225,0.00566360155058098,0.0455780146721344,0.0455780146721344,SLC2A4/AP3B2/LRRK2/MAP2/PRKN/RAB3A/PINK1/RAB27A/KIF5C,9
GO:0061178,regulation of insulin secretion involved in cellular response to glucose stimulus,9/1045,46/14198,0.195652173913043,2.65824838776784,3.1751453864225,0.00566360155058098,0.0455780146721344,0.0455780146721344,ABCC8/GPLD1/EFNA5/CARTPT/NR1H4/SRI/ADCY5/PRKN/GCG,9
GO:0008277,regulation of G protein-coupled receptor signaling pathway,17/1045,118/14198,0.14406779661017,1.95739193901549,2.94356390692275,0.00570289595493605,0.0457570979396146,0.0457570979396146,RGS9/SYP/NOS1/PDE3A/PDE2A/CAMK2A/GPER1/NRXN1/LRRK2/PADI2/INPP5A/GNG7/GPRASP1/PDE4D/ARRB1/CHGA/MGLL,17
GO:0098656,monoatomic anion transmembrane transport,15/1045,99/14198,0.151515151515152,2.05857619254748,2.9791309323853,0.0057066439729324,0.0457570979396146,0.0457570979396146,CLCNKB/CLCNKA/CLCA4/CLIC6/CLCN2/CLIC5/SLC4A4/SLC26A2/SLC26A3/ANO5/FXYD1/SLC1A1/BEST4/ANO2/GLRB,15
GO:0030901,midbrain development,11/1045,63/14198,0.174603174603175,2.37226399331663,3.07683397675007,0.00581008072480967,0.0463332886786452,0.0463332886786452,FGFR2/PLP1/SFRP1/WLS/PADI2/FGF9/CALM1/CMA1/CKB/NDRG2/MAOB,11
GO:0051893,regulation of focal adhesion assembly,11/1045,63/14198,0.174603174603175,2.37226399331663,3.07683397675007,0.00581008072480967,0.0463332886786452,0.0463332886786452,SLC9A1/TEK/TLN1/SFRP1/EFNA5/ARHGAP6/ABL1/FAM107A/DUSP3/ACVRL1/VCL,11
GO:0090109,regulation of cell-substrate junction assembly,11/1045,63/14198,0.174603174603175,2.37226399331663,3.07683397675007,0.00581008072480967,0.0463332886786452,0.0463332886786452,SLC9A1/TEK/TLN1/SFRP1/EFNA5/ARHGAP6/ABL1/FAM107A/DUSP3/ACVRL1/VCL,11
GO:0009746,response to hexose,19/1045,138/14198,0.13768115942029,1.87061923583663,2.89680437427261,0.00593706283723828,0.0472603085163163,0.0472603085163163,GUCA2B/ABCC8/NEUROD1/GPLD1/EFNA5/CARTPT/KCNB1/GPER1/NR1H4/SRI/ADCY5/TXNIP/PRKN/VAMP2/CMA1/CA1/GCG/EGR1/PCK1,19
GO:0061008,hepaticobiliary system development,13/1045,81/14198,0.160493827160494,2.18056589284659,3.00334733180756,0.00597369703649286,0.0474660908928548,0.0474660908928548,TGFBR3/UGT1A10/UGT1A5/CITED2/UGT1A1/UGT1A8/ACAT1/UGT1A3/RAP1A/HMGCS2/CPT1A/UGT1A4/PCK1,13
GO:0015711,organic anion transport,37/1045,328/14198,0.112804878048781,1.53263507993932,2.75088530789675,0.00616145868510854,0.0488698038411672,0.0488698038411672,SLC25A23/GLTP/SLC6A8/SLCO4C1/SLC51B/RXRA/SLCO2A1/MPC1/SLC25A4/CA4/SLC36A1/SLC16A9/SLC2A4/UGT1A3/ATP1A2/SLC16A7/SLC51A/SLC25A20/GIPC1/TNFRSF11A/NR1H4/SLC4A4/SLC26A2/FABP1/SLC26A3/CPTP/SLC1A1/BEST4/ATP8B1/P2RX4/CEACAM1/BDKRB2/SLC38A4/FABP2/CPT2/CPT1A/ABCB11,37
GO:0007158,neuron cell-cell adhesion,5/1045,17/14198,0.294117647058824,3.99605966788629,3.48389868469964,0.00627022495521643,0.0490591453419187,0.0490591453419187,NLGN1/NLGN4X/NRXN1/NRXN3/RET,5
GO:0043116,negative regulation of vascular permeability,5/1045,17/14198,0.294117647058824,3.99605966788629,3.48389868469964,0.00627022495521643,0.0490591453419187,0.0490591453419187,ABCC8/PDE3A/PDE2A/CLDN5/CEACAM1,5
GO:0048265,response to pain,5/1045,17/14198,0.294117647058824,3.99605966788629,3.48389868469964,0.00627022495521643,0.0490591453419187,0.0490591453419187,RELN/TACR1/CAPN2/P2RX4/RET,5
GO:0060307,regulation of ventricular cardiac muscle cell membrane repolarization,5/1045,17/14198,0.294117647058824,3.99605966788629,3.48389868469964,0.00627022495521643,0.0490591453419187,0.0490591453419187,SCN4B/NOS1/CASQ2/GJA5/ANK2,5
GO:0070341,fat cell proliferation,5/1045,17/14198,0.294117647058824,3.99605966788629,3.48389868469964,0.00627022495521643,0.0490591453419187,0.0490591453419187,VSTM2A/SLC2A4/IL6ST/PID1/IL6R,5
GO:0106070,regulation of adenylate cyclase-activating G protein-coupled receptor signaling pathway,5/1045,17/14198,0.294117647058824,3.99605966788629,3.48389868469964,0.00627022495521643,0.0490591453419187,0.0490591453419187,NOS1/PDE3A/PDE2A/NRXN1/PDE4D,5
GO:1903523,negative regulation of blood circulation,5/1045,17/14198,0.294117647058824,3.99605966788629,3.48389868469964,0.00627022495521643,0.0490591453419187,0.0490591453419187,ATP1A2/SPTBN4/SRI/PDE4D/PLN,5
GO:0008212,mineralocorticoid metabolic process,4/1045,11/14198,0.363636363636364,4.94058286211396,3.6851532137448,0.00633021230218306,0.0490591453419187,0.0490591453419187,CLCN2/BMP2/BMP5/CYP21A2,4
GO:0048311,mitochondrion distribution,4/1045,11/14198,0.363636363636364,4.94058286211396,3.6851532137448,0.00633021230218306,0.0490591453419187,0.0490591453419187,PKD1/LRRK2/TRAK2/MAPT,4
GO:0141163,positive regulation of cAMP/PKA signal transduction,4/1045,11/14198,0.363636363636364,4.94058286211396,3.6851532137448,0.00633021230218306,0.0490591453419187,0.0490591453419187,NRXN1/VIP/MYOM1/PJA2,4
GO:1901731,positive regulation of platelet aggregation,4/1045,11/14198,0.363636363636364,4.94058286211396,3.6851532137448,0.00633021230218306,0.0490591453419187,0.0490591453419187,MMRN1/IL6ST/CTSG/IL6R,4
GO:1904322,cellular response to forskolin,4/1045,11/14198,0.363636363636364,4.94058286211396,3.6851532137448,0.00633021230218306,0.0490591453419187,0.0490591453419187,RAP1A/ADCY5/ADCY6/GNAI1,4
GO:1905063,regulation of vascular associated smooth muscle cell differentiation,4/1045,11/14198,0.363636363636364,4.94058286211396,3.6851532137448,0.00633021230218306,0.0490591453419187,0.0490591453419187,PDCD4/GPER1/KIT/EFEMP2,4
GO:0009743,response to carbohydrate,21/1045,159/14198,0.132075471698113,1.79445698293762,2.83951971343767,0.00641027659822893,0.0495923331905163,0.0495923331905163,GUCA2B/ABCC8/NEUROD1/GPLD1/EFNA5/CARTPT/KCNB1/GPER1/NR1H4/SRI/RAP1A/ADCY5/TXNIP/PRKN/VAMP2/HMGCS2/CMA1/CA1/GCG/EGR1/PCK1,21
GO:0007416,synapse assembly,27/1045,221/14198,0.122171945701357,1.65990170819892,2.78684255229659,0.00642529523989108,0.049621315168422,0.049621315168422,GNA13/RELN/NLGN1/ACHE/NTRK3/PLXNB3/LRFN5/NLGN4X/LRRC4B/ADGRL3/EFNA5/CRTAC1/NTN1/MUSK/GAP43/SLITRK5/NRXN1/MEF2C/CPEB3/ABL1/VSTM5/NRXN3/EPHA7/FGFR1/NEGR1/KIRREL3/MAPT,27
GO:0006885,regulation of pH,14/1045,91/14198,0.153846153846154,2.09024659550975,2.94084495460436,0.00648898063231277,0.0499379243766447,0.0499379243766447,SLC9A1/BCL2/ROGDI/SLC9A9/CHP2/SLC4A4/LRRK2/PDK4/SLC26A3/WDR7/CA2/SLC9A2/CHP1/SLC9A3,14
GO:0062014,negative regulation of small molecule metabolic process,14/1045,91/14198,0.153846153846154,2.09024659550975,2.94084495460436,0.00648898063231277,0.0499379243766447,0.0499379243766447,ACADVL/UGT1A10/CBFA2T3/UGT1A1/UGT1A8/UGT1A3/APPL2/BMP2/CEACAM1/BMP5/ACACB/PID1/UGT1A4/C1QTNF12,14
