Gene_ID,signcon,randomSummary,randomCi.lb,randomCi.ub,randomP,het_QE,het_QEp,het_QM,het_QMp,error,rank,Gene_Symbol,Gene_Description
1469,2,9.73280605168105,7.83060454873723,11.6350075546249,1.14408305075133e-23,0.798900808016488,0.371422213165368,100.567876346665,1.14408305075133e-23,FALSE,1,CST1,cystatin SN
6273,1,8.99082274688101,7.09118805408695,10.8904574396751,1.75372949402682e-20,0,1,86.0507913326419,1.75372949402682e-20,FALSE,2,S100A2,S100 calcium binding protein A2
1800,1,8.14638845577781,6.44833153593348,9.84444537562214,5.30888669787934e-21,0,1,88.414180279841,5.30888669787929e-21,FALSE,3,DPEP1,dipeptidase 1
5354,-1,-8.16547411134783,-9.90431538836979,-6.42663283432587,3.45347597679072e-20,0,1,84.7108642168675,3.45347597679075e-20,FALSE,4,PLP1,proteolipid protein 1
11155,-1,-6.80600214133152,-8.10056884437134,-5.51143543829169,6.74262334083939e-25,0,1,106.17725168267,6.74262334083935e-25,FALSE,5,LDB3,LIM domain binding 3
92736,-1,-8.60199896001093,-10.7469275445588,-6.4570703754631,3.83462799056107e-15,0,1,61.7830408426655,3.83462799056105e-15,FALSE,6,OTOP2,otopetrin 2
6493,2,6.772588529377,5.45326249819304,8.09191456056095,8.19760091997078e-24,0.829426077616977,0.362438537145196,101.228150149051,8.19760091997067e-24,FALSE,7,SIM2,SIM bHLH transcription factor 2
5068,1,9.12697420453391,6.56684927628657,11.6870991327813,2.80086417643573e-12,0,1,48.823342840242,2.80086417643573e-12,FALSE,8,REG3A,regenerating family member 3 alpha
57167,2,6.72539689586424,5.31101751078861,8.13977628093986,1.16713145482123e-20,0.00382169146092154,0.9507063111201,86.8560719740002,1.16713145482123e-20,FALSE,9,SALL4,spalt like transcription factor 4
343,-2,-6.45489414318717,-7.76928147354631,-5.14050681282803,6.25299116027598e-22,9.81137375293943e-05,0.992096892855757,92.6462195591901,6.25299116027592e-22,FALSE,10,AQP8,aquaporin 8
4316,2,6.9176093154767,5.25090263159706,8.58431599935633,4.12742442336583e-16,1.62922239585005,0.201810635867278,66.1743813029317,4.12742442336579e-16,FALSE,11,MMP7,matrix metallopeptidase 7
144501,2,5.81106516315243,4.66711806243176,6.9550122638731,2.36713032604127e-23,1.18570495479368,0.276197632917176,99.1278733563388,2.36713032604125e-23,FALSE,12,KRT80,keratin 80
4312,2,6.06448607165947,4.7895788778173,7.33939326550165,1.12917091229086e-20,0.0489033674909527,0.824982601955161,86.9214664206866,1.12917091229086e-20,FALSE,13,MMP1,matrix metallopeptidase 1
222008,-1,-7.32151243740026,-9.22511031597307,-5.41791455882745,4.76120629817792e-14,0,1,56.8260365993456,4.76120629817792e-14,FALSE,14,VSTM2A,V-set and transmembrane domain containing 2A
3745,-1,-6.80373261312182,-8.44889387689208,-5.15857134935156,5.24722771960094e-16,0,1,65.7012612251186,5.24722771960101e-16,FALSE,15,KCNB1,potassium voltage-gated channel subfamily B member 1
1470,2,6.20546505836841,4.81010538162998,7.60082473510684,2.87232942090709e-18,1.29708097557005e-05,0.997126424134956,75.9753158180198,2.87232942090708e-18,FALSE,16,CST2,cystatin SA
22871,-1,-7.4521450854874,-9.48066832457459,-5.42362184640021,6.00888917886353e-13,0,1,51.8440368147902,6.00888917886352e-13,FALSE,17,NLGN1,neuroligin 1
2118,2,5.10367884562072,4.24199722067706,5.96536047056438,3.72114260163235e-31,0.150755261118253,0.697814646116174,134.762542053658,3.72114260163239e-31,FALSE,18,ETV4,ETS variant transcription factor 4
590,-1,-7.17220373067397,-9.08354576838449,-5.26086169296345,1.91421072303926e-13,0,1,54.0909480722801,1.91421072303927e-13,FALSE,19,BCHE,butyrylcholinesterase
282996,-1,-6.32088264756713,-7.82676914895904,-4.81499614617523,1.92200925527821e-16,0,1,67.6810606576449,1.92200925527822e-16,FALSE,20,RBM20,RNA binding motif protein 20
6750,-1,-6.29964773435866,-7.80316754923211,-4.79612791948522,2.17319896042394e-16,0,1,67.4388879399291,2.17319896042394e-16,FALSE,21,SST,somatostatin
5653,1,7.29871564811717,5.24312893720877,9.35430235902557,3.42233136815735e-12,0,1,48.4303344007414,3.42233136815735e-12,FALSE,22,KLK6,kallikrein related peptidase 6
1001,2,5.46230616090965,4.34408981458932,6.58052250722997,1.02740957231714e-21,0.225305022975765,0.635027149615508,91.6635316814962,1.02740957231715e-21,FALSE,23,CDH3,cadherin 3
1804,-1,-7.22786022896058,-9.27180842805008,-5.18391202987108,4.18250911182323e-12,0,1,48.0370028993917,4.18250911182324e-12,FALSE,24,DPP6,dipeptidyl peptidase like 6
645202,1,7.31666365850281,5.21964233677962,9.413684980226,8.00487864549067e-12,0,1,46.7645405843144,8.00487864549067e-12,FALSE,25,GOLGA6L24,golgin A6 family like 24
766,-1,-6.5622100049399,-8.31402630920677,-4.81039370067303,2.10551145905988e-13,0,1,53.9037901920621,2.10551145905987e-13,FALSE,26,CA7,carbonic anhydrase 7
101929705,2,5.56273156214229,4.3143328126876,6.81113031159697,2.47150435814813e-18,0.157882521376792,0.691113557228053,76.2721059704421,2.47150435814811e-18,FALSE,27,,
26353,-1,-5.94952240133251,-7.40053656777219,-4.49850823489283,9.25583248011259e-16,0,1,64.582831991519,9.25583248011252e-16,FALSE,28,HSPB8,heat shock protein family B (small) member 8
762,-2,-5.23147588670343,-6.35097254418481,-4.11197922922206,5.23655160044741e-20,0.489685558781229,0.484067602995719,83.8878445009049,5.23655160044739e-20,FALSE,29,CA4,carbonic anhydrase 4
100132202,1,7.05579514257172,4.94256418968772,9.16902609545572,5.98718554959673e-11,0,1,42.8246854373694,5.98718554959671e-11,FALSE,30,GOLGA6L25,golgin A6 family like 25
164832,-1,-6.42635863250868,-8.21607202712218,-4.63664523789518,1.95465921723518e-12,0,1,49.5289500728339,1.95465921723518e-12,FALSE,31,LONRF2,LON peptidase N-terminal domain and ring finger 2
728192,1,6.42122040663642,4.62431495144162,8.21812586183121,2.48919363115815e-12,0,1,49.0547291505499,2.48919363115815e-12,FALSE,32,,
110599563,2,5.66240793638762,4.24895175156488,7.07586412121037,4.10246184571712e-15,0.0218685101707074,0.882437430257116,61.6501005160116,4.10246184571713e-15,FALSE,33,LY6G6F-LY6G6D,LY6G6F-LY6G6D readthrough
266675,-1,-6.21277406796063,-7.92620069773145,-4.49934743818982,1.18848181353584e-12,0,1,50.5052212856247,1.18848181353584e-12,FALSE,34,BEST4,bestrophin 4
58530,2,5.61378959861974,4.20019937012923,7.02737982711025,7.04876016654329e-15,0.0252665036464107,0.873704794619671,60.5844788203428,7.04876016654328e-15,FALSE,35,LY6G6D,lymphocyte antigen 6 family member G6D
11082,1,6.657710391754,4.66833152817012,8.64708925533788,5.40719150737916e-11,0,1,43.0240195618734,5.40719150737916e-11,FALSE,36,ESM1,endothelial cell specific molecule 1
2980,-2,-5.16679572791349,-6.39095957215018,-3.9426318836768,1.31324464828513e-16,0.237446354802422,0.626056606201954,68.4320686832749,1.31324464828513e-16,FALSE,37,GUCA2A,guanylate cyclase activator 2A
57214,2,4.59425039846799,3.66736336463201,5.52113743230397,2.60641278271668e-22,0.00366136318273919,0.951750089408004,94.3782437846693,2.60641278271666e-22,FALSE,38,CEMIP,cell migration inducing hyaluronidase 1
4888,-1,-6.41550488995979,-8.33810810634841,-4.49290167357117,6.14475227211614e-11,0,1,42.7738688666571,6.14475227211611e-11,FALSE,39,,
5222,-1,-6.67780886101138,-8.76410846283226,-4.59150925919051,3.53168489977374e-10,0,1,39.3559862221732,3.53168489977374e-10,FALSE,40,PGA5,pepsinogen A5
547,-1,-7.17572710182604,-9.53969483752377,-4.81175936612832,2.69143178042166e-09,0,1,35.3952447715753,2.69143178042167e-09,FALSE,41,KIF1A,kinesin family member 1A
154064,2,5.27827533719967,3.90501881169625,6.65153186270309,4.94527438641571e-14,0.505470771241529,0.47710612534558,56.751444673398,4.94527438641575e-14,FALSE,42,RAET1L,retinoic acid early transcript 1L
4842,-1,-6.0487920703903,-7.85290015256917,-4.24468398821143,4.98631497900309e-11,0,1,43.1825604129023,4.9863149790031e-11,FALSE,43,NOS1,nitric oxide synthase 1
6329,-1,-6.17466514633419,-8.04771453183781,-4.30161576083057,1.03885226415868e-10,0,1,41.7469302975987,1.03885226415868e-10,FALSE,44,SCN4A,sodium voltage-gated channel alpha subunit 4
9076,2,4.56862251746661,3.53241111146463,5.6048339234686,5.55197312863786e-18,0.390973054691628,0.531788365939928,74.6741000064068,5.55197312863787e-18,FALSE,45,CLDN1,claudin 1
84141,2,4.92024146108949,3.68151716359101,6.15896575858796,6.97010104927938e-15,0.0586628089406717,0.808622045657757,60.6065694386665,6.97010104927933e-15,FALSE,46,EVA1A,"eva-1 homolog A, regulator of programmed cell death"
105369194,-1,-5.51681723941812,-7.08654512940664,-3.94708934942961,5.64614064039103e-12,0,1,47.4487337080811,5.64614064039102e-12,FALSE,47,,
5348,-1,-5.14755710670553,-6.52393487767075,-3.77117933574031,2.29931394265325e-13,0,1,53.7307903428631,2.29931394265326e-13,FALSE,48,FXYD1,FXYD domain containing ion transport regulator 1
6865,-2,-5.29928019993078,-6.76585308805247,-3.83270731180908,1.41998373979763e-12,0.32616926481562,0.567923518078734,50.155971248685,1.41998373979763e-12,FALSE,49,TACR2,tachykinin receptor 2
51059,-1,-6.18565546630481,-8.15593649628962,-4.21537443631999,7.59036627691067e-10,0,1,37.8626741125014,7.59036627691063e-10,FALSE,50,FAM135B,family with sequence similarity 135 member B
120071,2,4.35749124776617,3.3748418085279,5.34014068700443,3.58235756626963e-18,0.00614693408897841,0.937507975832476,75.5391350509616,3.58235756626961e-18,FALSE,51,LARGE2,LARGE xylosyl- and glucuronyltransferase 2
117,-1,-6.08830609744179,-8.02690004898076,-4.14971214590282,7.48786171850398e-10,0,1,37.8891998004642,7.48786171850401e-10,FALSE,52,ADCYAP1R1,ADCYAP receptor type I
9542,-1,-5.87365804637701,-7.71502192176991,-4.03229417098411,4.05298070829417e-10,0,1,39.0871731579971,4.05298070829416e-10,FALSE,53,NRG2,neuregulin 2
9075,1,6.67578841675407,4.38279860215742,8.96877823135072,1.15512523281843e-08,0,1,32.5609493033683,1.15512523281843e-08,FALSE,54,CLDN2,claudin 2
2172,1,5.64978213353476,3.90243207517604,7.39713219189348,2.33923714293544e-10,0,1,40.1605587255151,2.33923714293545e-10,FALSE,55,FABP6,fatty acid binding protein 6
57822,1,5.86539139620953,3.98475591160758,7.74602688081148,9.78956505765001e-10,0,1,37.3663713056453,9.78956505765005e-10,FALSE,56,GRHL3,grainyhead like transcription factor 3
760,-2,-4.77670642172843,-6.09109097999089,-3.46232186346597,1.05712894422203e-12,1.64261506902036,0.199967047549054,50.7350842534315,1.05712894422204e-12,FALSE,57,CA2,carbonic anhydrase 2
54346,1,6.19078906644219,4.09996484075744,8.28161329212694,6.50142523773598e-09,0,1,33.6785316862572,6.50142523773599e-09,FALSE,58,UNC93A,unc-93 homolog A
2981,-2,-7.26436097338831,-9.96383714060507,-4.56488480617154,1.33253334703726e-07,4.72655058901447,0.0297003927834684,27.8183918325466,1.33253334703726e-07,FALSE,59,GUCA2B,guanylate cyclase activator 2B
254439,-2,-4.46500759515691,-5.63586306572468,-3.29415212458915,7.76516704286166e-14,0.34857095324129,0.554923195600246,55.8642544474196,7.76516704286165e-14,FALSE,60,C11orf86,chromosome 11 open reading frame 86
9340,-2,-4.26413239116016,-5.33887357475007,-3.18939120757026,7.4656709352467e-15,0.453608127151565,0.500626473914284,60.4713633139707,7.46567093524666e-15,FALSE,61,GLP2R,glucagon like peptide 2 receptor
9413,-2,-4.32236573484953,-5.42952027270414,-3.21521119699493,1.98246482093322e-14,0.173657725464831,0.676881321662691,58.5494360977208,1.98246482093322e-14,FALSE,62,ENTREP1,endosomal transmembrane epsin interactor 1
105373428,1,5.3178797964836,3.65856657918315,6.97719301378405,3.35481880789494e-10,0,1,39.4563102458725,3.35481880789494e-10,FALSE,63,,
286133,-2,-4.2016144037423,-5.24896524901244,-3.15426355847217,3.75919378041188e-15,0.120453300576407,0.728543367653552,61.8221626545627,3.75919378041187e-15,FALSE,64,SCARA5,scavenger receptor class A member 5
3778,-1,-5.15314620502078,-6.72849124319508,-3.57780116684648,1.4430118264052e-10,0,1,41.104534294127,1.4430118264052e-10,FALSE,65,KCNMA1,potassium calcium-activated channel subfamily M alpha 1
6947,1,6.51698617549307,4.18895744344843,8.84501490753771,4.09648163741021e-08,0,1,30.1032308830631,4.0964816374102e-08,FALSE,66,TCN1,transcobalamin 1
5803,-1,-6.58624512900297,-8.95976887024461,-4.21272138776133,5.36809328005001e-08,0,1,29.5790895758726,5.36809328005001e-08,FALSE,67,PTPRZ1,protein tyrosine phosphatase receptor type Z1
90586,-1,-4.86728436954463,-6.31173226009394,-3.42283647899532,3.99148388432186e-11,0,1,43.6180117415123,3.99148388432188e-11,FALSE,68,,
100288077,1,6.21988739285837,4.01386546974944,8.4259093159673,3.27378910262852e-08,0,1,30.5380694297772,3.27378910262853e-08,FALSE,69,,
1056,2,4.16059778813419,3.09230779022402,5.22888778604435,2.28746815510581e-14,0.0362441092954638,0.849012264140997,58.2678945073472,2.28746815510581e-14,FALSE,70,CEL,carboxyl ester lipase
64388,-2,-4.47482071386627,-5.72344187642195,-3.2261995513106,2.15391743082235e-12,0.424231508211755,0.51483312034774,49.3385155537049,2.15391743082236e-12,FALSE,71,GREM2,"gremlin 2, DAN family BMP antagonist"
3624,2,4.54105302996603,3.2453764131459,5.83672964678617,6.45494663886996e-12,1.38312636751769,0.239569330274691,47.1863176549623,6.45494663887001e-12,FALSE,72,INHBA,inhibin subunit beta A
768,2,4.36011162414011,3.1473280377997,5.57289521048053,1.83710946968209e-12,0.0279795339486253,0.867156947092025,49.6506314894035,1.83710946968208e-12,FALSE,73,CA9,carbonic anhydrase 9
11170,-2,-4.05805558502652,-5.11068868774473,-3.00542248230831,4.15814476687931e-14,0.0842317770996828,0.771642495289195,57.0923761161434,4.1581447668793e-14,FALSE,74,FAM107A,family with sequence similarity 107 member A
4322,1,5.21996886510326,3.50579083067699,6.93414689952953,2.39547914962965e-09,0,1,35.6221522779122,2.39547914962965e-09,FALSE,75,MMP13,matrix metallopeptidase 13
55532,-2,-4.19322548587037,-5.34074192819227,-3.04570904354846,7.9479017936274e-13,0.137660423175393,0.710618035482226,51.2949701341061,7.94790179362738e-13,FALSE,76,SLC30A10,solute carrier family 30 member 10
7123,-2,-3.77466168303712,-4.70018370896232,-2.84913965711192,1.31114154847312e-15,1.11590163482824,0.290802652552729,63.8967442181387,1.31114154847311e-15,FALSE,77,CLEC3B,C-type lectin domain family 3 member B
110806300,-1,-5.15150996970341,-6.84917028861761,-3.45384965078921,2.72328266540522e-09,0,1,35.3723306633264,2.72328266540521e-09,FALSE,78,,
100128006,-1,-5.0351127681085,-6.67245478238828,-3.39777075382872,1.66791815913837e-09,0,1,36.3275219020336,1.66791815913837e-09,FALSE,79,,
84000,1,5.24942439524166,3.4895276584009,7.00932113208243,5.02973193596272e-09,0,1,34.1778846999262,5.02973193596273e-09,FALSE,80,TMPRSS13,transmembrane serine protease 13
2003,1,5.30842456865902,3.5133537409034,7.10349539641464,6.78948717026279e-09,0,1,33.5942001100431,6.78948717026281e-09,FALSE,81,,
100506826,-1,-4.92830827116665,-6.51423577874505,-3.34238076358824,1.12463198827487e-09,0,1,37.0958433908627,1.12463198827487e-09,FALSE,82,,
253152,2,4.27666564240671,3.05499842912885,5.49833285568457,6.82815273014707e-12,0.237032279329116,0.626357823858695,47.0761502376359,6.82815273014704e-12,FALSE,83,EPHX4,epoxide hydrolase 4
7111,-2,-3.98124781634426,-5.04851023436879,-2.91398539831973,2.64520988640373e-13,0.357191792651759,0.55006999347332,53.455472366429,2.64520988640373e-13,FALSE,84,TMOD1,tropomodulin 1
105378828,-1,-5.98055339257042,-8.17619027783975,-3.78491650730109,9.36571162806995e-08,0,1,28.5008550848134,9.36571162806994e-08,FALSE,85,,
340533,-1,-5.81471014391777,-7.9191255378216,-3.71029475001394,6.10915594627165e-08,0,1,29.3284683597835,6.10915594627167e-08,FALSE,86,NEXMIF,neurite extension and migration factor
1272,-1,-5.40987050052099,-7.29342029472034,-3.52632070632164,1.80895401340009e-08,0,1,31.6895234901454,1.80895401340009e-08,FALSE,87,CNTN1,contactin 1
80328,2,4.269726443641,3.02667852243659,5.51277436484542,1.67058639661016e-11,0.0127614305682787,0.910057112723829,45.3231974914789,1.67058639661017e-11,FALSE,88,ULBP2,UL16 binding protein 2
2318,-2,-4.49188408352744,-5.86473313362669,-3.1190350334282,1.42785812087206e-10,1.38087920983762,0.239951442693552,41.1251682564469,1.42785812087207e-10,FALSE,89,FLNC,filamin C
5053,1,5.87608691898335,3.72003153205977,8.03214230590693,9.20983525418149e-08,0,1,28.5333509452322,9.20983525418149e-08,FALSE,90,PAH,phenylalanine hydroxylase
4320,2,3.97134385743245,2.88801700432482,5.05467071054008,6.72128669000049e-13,0.268119091319018,0.604596301411232,51.6240590749008,6.72128669000051e-13,FALSE,91,MMP11,matrix metallopeptidase 11
7148,-2,-4.08115490519473,-5.23163850905604,-2.93067130133343,3.58472300919674e-12,1.27160278609752,0.259466213559481,48.3394242242059,3.58472300919672e-12,FALSE,92,TNXB,tenascin XB
54979,-2,-3.90041937714676,-4.95933721606595,-2.84150153822758,5.22428172764376e-13,0.302167719341743,0.582526636104455,52.1187826685315,5.22428172764377e-13,FALSE,93,PLAAT2,phospholipase A and acyltransferase 2
9378,-2,-5.29230374301947,-7.14408629687934,-3.44052118915959,2.12528126433888e-08,2.27897261193868,0.131138718107208,31.3765890302934,2.12528126433888e-08,FALSE,94,NRXN1,neurexin 1
3651,2,3.99086792484523,2.87098355858224,5.11075229110821,2.85644989426478e-12,0.00435233479582717,0.947399936548151,48.7848000073362,2.85644989426477e-12,FALSE,95,PDX1,pancreatic and duodenal homeobox 1
90019,1,5.38531666931731,3.47096928143708,7.29966405719754,3.5148261895751e-08,0,1,30.40025131151,3.51482618957509e-08,FALSE,96,SYT8,synaptotagmin 8
5521,-1,-5.27720555719754,-7.13546193331379,-3.41894918108128,2.60590624528387e-08,0,1,30.9808223170362,2.60590624528388e-08,FALSE,97,PPP2R2B,protein phosphatase 2 regulatory subunit Bbeta
577,-2,-4.18619068599023,-5.43346090572079,-2.93892046625966,4.76203081220595e-11,0.151493136942809,0.69711252748566,43.2726099433807,4.76203081220596e-11,FALSE,98,ADGRB3,adhesion G protein-coupled receptor B3
64849,1,5.1948694878379,3.37170826913414,7.01803070654166,2.34141917538545e-08,0,1,31.1885594543398,2.34141917538545e-08,FALSE,99,SLC13A3,solute carrier family 13 member 3
54716,2,3.94689803072943,2.83390403868334,5.05989202277553,3.64194975448191e-12,0.0536979775646889,0.816749095382139,48.3083667611411,3.64194975448188e-12,FALSE,100,SLC6A20,solute carrier family 6 member 20
124,-1,-4.76244268041132,-6.34435241247089,-3.18053294835175,3.62182618897592e-09,0,1,34.8170771301653,3.62182618897594e-09,FALSE,101,ADH1A,"alcohol dehydrogenase 1A (class I), alpha polypeptide"
287,-1,-4.4238185329629,-5.81409467734713,-3.03354238857867,4.4732985533942e-10,0,1,38.8945407447613,4.4732985533942e-10,FALSE,102,ANK2,ankyrin 2
60676,-1,-5.23718459664916,-7.09401083910849,-3.38035835418983,3.23745303319546e-08,0,1,30.5597231198367,3.23745303319546e-08,FALSE,103,PAPPA2,pappalysin 2
4620,-1,-4.10222351544929,-5.31699579201109,-2.88745123888749,3.62377291373622e-11,0,1,43.8071578699864,3.62377291373625e-11,FALSE,104,MYH2,myosin heavy chain 2
5268,2,3.92722004695572,2.81198116569801,5.04245892821344,5.13301462164099e-12,0.0052277072921974,0.94236086818875,47.6355133562007,5.13301462164099e-12,FALSE,105,SERPINB5,serpin family B member 5
4684,-2,-3.84257596523987,-4.913280223726,-2.77187170675374,2.0072638291131e-12,0.383971884037749,0.53548517929146,49.4768504597311,2.0072638291131e-12,FALSE,106,NCAM1,neural cell adhesion molecule 1
6398,-2,-3.67582852012154,-4.65194281051698,-2.69971422972611,1.57356763423782e-13,0.0467493325240799,0.828819429418409,54.476014436448,1.57356763423782e-13,FALSE,107,SECTM1,secreted and transmembrane 1
93649,-2,-4.28127525918593,-5.60529335389887,-2.95725716447299,2.33316580599756e-10,1.51456105298439,0.218444427157239,40.165635565532,2.33316580599756e-10,FALSE,108,MYOCD,myocardin
105369668,1,5.57221774650386,3.5068627790526,7.63757271395512,1.2374313310073e-07,0,1,27.9616588766786,1.2374313310073e-07,FALSE,109,,
27132,2,3.9391798919787,2.81039049381818,5.06796929013922,7.93249127366849e-12,0.440780766813309,0.506745853033094,46.7823428273672,7.93249127366847e-12,FALSE,110,CPNE7,copine 7
25984,2,6.64335472898381,3.95944211513132,9.32726734283631,1.22592475853331e-06,3.60641656009548,0.057557014130742,23.5360904574146,1.22592475853331e-06,FALSE,111,KRT23,keratin 23
653820,1,4.55033770979299,3.06458969851074,6.03608572107524,1.94064243492274e-09,0,1,36.0323946956449,1.94064243492273e-09,FALSE,112,FAM72B,family with sequence similarity 72 member B
1301,1,5.10935267500386,3.29774948087991,6.92095586912781,3.24304984450992e-08,0,1,30.5563720069013,3.24304984450991e-08,FALSE,113,COL11A1,collagen type XI alpha 1 chain
9099,-1,-4.0631052852218,-5.27348237752259,-2.85272819292101,4.72389876224911e-11,0,1,43.2883411042914,4.72389876224913e-11,FALSE,114,USP2,ubiquitin specific peptidase 2
3505,1,4.96247612772607,3.23179740704773,6.69315484840441,1.91046841874447e-08,0,1,31.5834912502325,1.91046841874448e-08,FALSE,115,,
66004,-1,-4.60896150108358,-6.13744073263983,-3.08048226952733,3.41990504349763e-09,0,1,34.9287672971347,3.41990504349763e-09,FALSE,116,LYNX1,Ly6/neurotoxin 1
1114,-2,-3.96637164529727,-5.12473926658625,-2.80800402400829,1.93134518591986e-11,0.8019555709938,0.370509328379678,45.0391486122566,1.93134518591985e-11,FALSE,117,CHGB,chromogranin B
3552,1,5.6158306049823,3.50357663537928,7.72808457458532,1.87887638715804e-07,0,1,27.1538810230821,1.87887638715804e-07,FALSE,118,IL1A,interleukin 1 alpha
9211,-1,-5.44273935775145,-7.45693500710365,-3.42854370839925,1.1824050946446e-07,0,1,28.0496824841024,1.18240509464459e-07,FALSE,119,LGI1,leucine rich glioma inactivated 1
79776,-1,-4.59408613461634,-6.123983061231,-3.06418920800169,3.9679748554832e-09,0,1,34.6393795717007,3.96797485548321e-09,FALSE,120,ZFHX4,zinc finger homeobox 4
6663,-1,-4.50282329939365,-5.98516460244151,-3.02048199634579,2.621946352831e-09,0,1,35.4461908856701,2.621946352831e-09,FALSE,121,SOX10,SRY-box transcription factor 10
1811,-2,-4.2634074305342,-5.61479701811084,-2.91201784295755,6.27523589332924e-10,1.39448598120079,0.237648983270947,38.2339106454451,6.27523589332925e-10,FALSE,122,SLC26A3,solute carrier family 26 member 3
57126,-2,-4.33497575619105,-5.72812904131095,-2.94182247107116,1.06947788376704e-09,0.0204802898217852,0.886203810333881,37.1939001859267,1.06947788376705e-09,FALSE,123,CD177,CD177 molecule
111188157,-1,-4.72763282365771,-6.35296960742747,-3.10229603988795,1.19130258456573e-08,0,1,32.5010156037941,1.19130258456573e-08,FALSE,124,LYNX1-SLURP2,LYNX1-SLURP2 readthrough
5239,-2,-3.90798086886694,-5.05993601935764,-2.75602571837624,2.9482667491066e-11,0.790250173425725,0.374024489275202,44.2109552170042,2.94826674910661e-11,FALSE,125,PGM5,phosphoglucomutase 5
5462,2,3.66303287803634,2.65083821830761,4.67522753776507,1.31314403095519e-12,0.200914882680915,0.65398339033898,50.3094688477257,1.31314403095518e-12,FALSE,126,POU5F1B,POU class 5 homeobox 1B
1756,-2,-3.71320575222958,-4.75825425185314,-2.66815725260602,3.30673157452133e-12,0.588634934368155,0.442947467108962,48.4977196880616,3.30673157452134e-12,FALSE,127,DMD,dystrophin
5662,-1,-5.14392725992035,-7.02360203954477,-3.26425248029593,8.15581766420654e-08,0,1,28.7687101440672,8.15581766420654e-08,FALSE,128,PSD,pleckstrin and Sec7 domain containing
1830,1,4.86705069190072,3.14650813909785,6.58759324470359,2.95093255180548e-08,0,1,30.7395202291902,2.95093255180547e-08,FALSE,129,DSG3,desmoglein 3
3741,-1,-4.90293790136267,-6.64500144455263,-3.16087435817271,3.46395824122159e-08,0,1,30.4285307609255,3.46395824122159e-08,FALSE,130,KCNA5,potassium voltage-gated channel subfamily A member 5
145741,2,4.01958121078452,2.79096141341209,5.24820100815695,1.43374341140236e-10,0.743903629707164,0.388413268622264,41.1171286630575,1.43374341140236e-10,FALSE,131,C2CD4A,C2 calcium dependent domain containing 4A
2906,2,4.22553683998864,2.87379251529428,5.577281164683,8.9650356256792e-10,1.79101024816343,0.180803122704506,37.5379764182543,8.96503562567919e-10,FALSE,132,GRIN2D,glutamate ionotropic receptor NMDA type subunit 2D
5317,1,4.7813608122892,3.09479337701759,6.46792824756081,2.75347046280217e-08,0,1,30.8739215586589,2.75347046280217e-08,FALSE,133,PKP1,plakophilin 1
22866,-1,-4.99827949711206,-6.81291217393798,-3.18364682028614,6.71687395965797e-08,0,1,29.1447143459949,6.71687395965797e-08,FALSE,134,CNKSR2,connector enhancer of kinase suppressor of Ras 2
200931,-2,-4.32550493601153,-5.75049566067329,-2.90051421134977,2.69134045471812e-09,0.692253156926849,0.405399054281386,35.3953108626089,2.69134045471811e-09,FALSE,135,SLC51A,solute carrier family 51 member A
2596,-1,-5.56666877627013,-7.71735144939445,-3.41598610314581,3.91537832669108e-07,0,1,25.7355984429024,3.91537832669108e-07,FALSE,136,GAP43,growth associated protein 43
53353,-1,-4.58801308063286,-6.16732459494135,-3.00870156632437,1.24216569326667e-08,0,1,32.419765822575,1.24216569326667e-08,FALSE,137,LRP1B,LDL receptor related protein 1B
115572,-1,-5.17900685241881,-7.1071907965238,-3.25082290831382,1.40673597012614e-07,0,1,27.713554347324,1.40673597012613e-07,FALSE,138,TENT5B,terminal nucleotidyltransferase 5B
340706,2,3.7760663356129,2.66716775695447,4.88496491427133,2.48671360514845e-11,0.695415459455681,0.404328467571805,44.5442610364351,2.48671360514845e-11,FALSE,139,VWA2,von Willebrand factor A domain containing 2
344,2,3.91677788910109,2.725341535015,5.10821424318718,1.16928041107138e-10,0.071426568719039,0.789270910728927,41.5157010462716,1.16928041107138e-10,FALSE,140,APOC2,apolipoprotein C2
7704,-2,-3.84033377207633,-4.98744845116385,-2.69321909298881,5.32309031461284e-11,0.00692002467882926,0.933703099311334,43.0546884105147,5.32309031461282e-11,FALSE,141,ZBTB16,zinc finger and BTB domain containing 16
145270,-1,-4.59756205261564,-6.18896176382487,-3.00616234140641,1.49317226034507e-08,0,1,32.0621640073728,1.49317226034507e-08,FALSE,142,PRIMA1,proline rich membrane anchor 1
5350,-1,-4.52740421738273,-6.07822444983684,-2.97658398492862,1.05374935128207e-08,0,1,32.7394822855587,1.05374935128206e-08,FALSE,143,PLN,phospholamban
100533990,2,3.8994928993867,2.7126512243206,5.0863345744528,1.19735593689769e-10,0.0848809462467013,0.770788737931897,41.4693161887985,1.19735593689769e-10,FALSE,144,APOC4-APOC2,APOC4-APOC2 readthrough (NMD candidate)
10580,-1,-4.11906438499483,-5.43582776875824,-2.80230100123142,8.72694150215429e-10,0,1,37.5904790524619,8.72694150215428e-10,FALSE,145,SORBS1,sorbin and SH3 domain containing 1
9080,1,4.83322672601928,3.0966257864044,6.56982766563416,4.90058367950647e-08,0,1,29.7557194494842,4.90058367950648e-08,FALSE,146,CLDN9,claudin 9
220441,-2,-3.63757929786914,-4.67430558081791,-2.60085301492038,6.11435854449482e-12,0.176564870409883,0.674342109742774,47.2925687051199,6.11435854449483e-12,FALSE,147,RNF152,ring finger protein 152
2676,-2,-3.79645327367629,-4.92777248867337,-2.66513405867921,4.79392779902191e-11,0.505612337895529,0.477044435220444,43.2595475673728,4.79392779902193e-11,FALSE,148,GFRA3,GDNF family receptor alpha 3
1591,1,5.54991183946469,3.38549308510121,7.71433059382818,5.01710636487349e-07,0,1,25.2572331991767,5.01710636487348e-07,FALSE,149,CYP24A1,cytochrome P450 family 24 subfamily A member 1
123264,-2,-3.58219872435697,-4.59510863322897,-2.56928881548497,4.16414674542085e-12,0.463138866533781,0.496160661857891,48.0456300027446,4.16414674542085e-12,FALSE,150,SLC51B,SLC51 subunit beta
25975,2,4.08030427351471,2.76231590361435,5.39829264341508,1.29698993702103e-09,0.863156152116187,0.352856969527633,36.8178247698499,1.29698993702103e-09,FALSE,151,EGFL6,EGF like domain multiple 6
23551,-2,-3.42532203276468,-4.35823482989711,-2.49240923563225,6.187452416621e-13,0.00676075677610216,0.934468730985307,51.7865401921454,6.18745241662098e-13,FALSE,152,RASD2,RASD family member 2
23066,-1,-3.78274561528327,-4.92640347688214,-2.6390877536844,9.00671499557995e-11,0,1,42.0260154378077,9.00671499557995e-11,FALSE,153,CAND2,cullin associated and neddylation dissociated 2 (putative)
1836,-2,-3.37719953753591,-4.28970885803808,-2.46469021703375,4.05142091295154e-13,0.75648211580731,0.38443168262701,52.6180811138375,4.05142091295154e-13,FALSE,154,SLC26A2,solute carrier family 26 member 2
51285,-2,-3.32557076710712,-4.20857594960293,-2.44256558461131,1.56387997409222e-13,0.123075395339594,0.725722618809875,54.4881502486915,1.56387997409222e-13,FALSE,155,RASL12,RAS like family 12
3131,-2,-3.57737984547419,-4.6112145923745,-2.54354509857387,1.18469191501164e-11,0.0194920471954118,0.88896504025553,45.9964214532509,1.18469191501165e-11,FALSE,156,HLF,"HLF transcription factor, PAR bZIP family member"
651,-2,-5.96486353459224,-8.41411004138184,-3.51561702780263,1.81257487787812e-06,3.96472213262603,0.0464631898158323,22.7841175119588,1.81257487787812e-06,FALSE,157,BMP3,bone morphogenetic protein 3
10170,-2,-3.80775743261786,-4.98322154542928,-2.63229331980644,2.16664185127519e-10,1.1263048733026,0.288564890698144,40.3102955154705,2.16664185127518e-10,FALSE,158,DHRS9,dehydrogenase/reductase 9
1268,-1,-5.03849865351481,-6.95063223725477,-3.12636506977485,2.41040690206199e-07,0,1,26.6723951844667,2.41040690206199e-07,FALSE,159,CNR1,cannabinoid receptor 1
3502,1,4.77931425048077,3.01899536868928,6.53963313227226,1.02996506643037e-07,0,1,28.3168318444192,1.02996506643037e-07,FALSE,160,,
64063,2,4.32635023029611,2.81479821677555,5.83790224381668,2.0257129539638e-08,1.7355870257957,0.18769895254384,31.469753240756,2.0257129539638e-08,FALSE,161,PRSS22,serine protease 22
4488,2,3.64884339918562,2.53586526410372,4.76182153426752,1.31312102226187e-10,0.148616961644902,0.699860558269868,41.2889051079397,1.31312102226187e-10,FALSE,162,MSX2,msh homeobox 2
56977,-2,-3.46134324296483,-4.46594859273749,-2.45673789319218,1.44810823253582e-11,7.98015371227851e-06,0.99774604566908,45.6031188023126,1.44810823253582e-11,FALSE,163,STOX2,storkhead box 2
51676,-2,-3.85712119418938,-5.09767254014637,-2.61656984823239,1.10179865990872e-09,1.41151076840889,0.234805758940183,37.1358409878483,1.10179865990871e-09,FALSE,164,ASB2,ankyrin repeat and SOCS box containing 2
4225,-2,-3.82011255684934,-5.03998299468814,-2.60024211901054,8.36884025070876e-10,0.0021107317010279,0.963355920257742,37.6722090111336,8.36884025070875e-10,FALSE,165,MEP1B,meprin A subunit beta
6997,2,3.59976446312871,2.50758727520051,4.6919416510569,1.04738420803003e-10,0.335608352598057,0.562375200086501,41.7309383331898,1.04738420803004e-10,FALSE,166,CRIPTO,"cripto, EGF-CFC family member"
6263,-2,-3.80630649455533,-5.02167302921834,-2.59093995989232,8.34354817506091e-10,0.1307158333733,0.717690989975366,37.6781131842595,8.34354817506096e-10,FALSE,167,RYR3,ryanodine receptor 3
101929680,-2,-3.81928370239699,-5.04616794155971,-2.59239946323427,1.05171835737992e-09,0.040107880916614,0.841269798613561,37.2265548805806,1.05171835737992e-09,FALSE,168,,
7038,2,3.81715149717771,2.58797702495531,5.04632596940011,1.15341766418447e-09,0.594197036160808,0.440800724712761,37.0465620529226,1.15341766418447e-09,FALSE,169,TG,thyroglobulin
6799,-2,-3.27981449470996,-4.19036828476594,-2.36926070465397,1.66754756217124e-12,0.0985228195531433,0.753609561369172,49.8406308760363,1.66754756217124e-12,FALSE,170,SULT1A2,sulfotransferase family 1A member 2
57761,2,3.50577732822858,2.45803537192145,4.55351928453571,5.44973898285733e-11,7.28749798429862e-05,0.993188794077459,43.0086853430068,5.44973898285734e-11,FALSE,171,TRIB3,tribbles pseudokinase 3
4314,1,4.68198272249204,2.9257336669322,6.43823177805187,1.7409284824847e-07,0,1,27.301316397712,1.74092848248471e-07,FALSE,172,MMP3,matrix metallopeptidase 3
9607,-1,-6.65759451949687,-9.59427318659686,-3.72091585239689,8.85753165894675e-06,0,1,19.7432210096813,8.85753165894675e-06,FALSE,173,CARTPT,CART prepropeptide
6374,1,4.85069743154489,2.98722441030404,6.71417045278574,3.36318357370747e-07,0,1,26.0290510103349,3.36318357370747e-07,FALSE,174,CXCL5,C-X-C motif chemokine ligand 5
84951,2,3.41046418638215,2.38884672727874,4.43208164548555,6.03189672910404e-11,0.00684991720803425,0.93403901452297,42.8101309371616,6.03189672910402e-11,FALSE,175,TNS4,tensin 4
2899,-2,-3.94210129669112,-5.28245452419827,-2.60174806918397,8.19327494330902e-09,1.24989184158406,0.263573135958015,33.2286894339171,8.19327494330901e-09,FALSE,176,GRIK3,glutamate ionotropic receptor kainate type subunit 3
6820,2,4.06326967315492,2.64612671563679,5.48041263067304,1.91333126176978e-08,1.77706735451904,0.18250985113698,31.580583482063,1.91333126176978e-08,FALSE,177,SULT2B1,sulfotransferase family 2B member 1
23305,1,4.59296151862512,2.85859961695556,6.32732342029468,2.09838154410354e-07,0,1,26.9402949222508,2.09838154410354e-07,FALSE,178,ACSL6,acyl-CoA synthetase long chain family member 6
147111,1,5.67829338799764,3.28942809678013,8.06715867921516,3.18054849700819e-06,0,1,21.7044366121863,3.18054849700819e-06,FALSE,179,NOTUM,"notum, palmitoleoyl-protein carboxylesterase"
7857,-1,-4.74915611018596,-6.58830561966673,-2.91000660070519,4.16778696714932e-07,0,1,25.6150378455883,4.16778696714932e-07,FALSE,180,SCG2,secretogranin II
159296,-2,-3.59401255546357,-4.74438087697114,-2.44364423395601,9.16144587758079e-10,0.236289291060874,0.626899124812593,37.4957059325325,9.16144587758076e-10,FALSE,181,NKX2-3,NK2 homeobox 3
6517,-2,-3.37211624503076,-4.39307711911901,-2.3511553709425,9.5735951599206e-11,0.937253812021366,0.332985093044002,41.9066609747344,9.57359515992058e-11,FALSE,182,SLC2A4,solute carrier family 2 member 4
127534,1,4.35926027261723,2.74592372721367,5.97259681802079,1.18462129382618e-07,0,1,28.0460586666032,1.18462129382618e-07,FALSE,183,GJB4,gap junction protein beta 4
4148,1,4.48411256990565,2.7881850497847,6.1800400900266,2.19239833524715e-07,0,1,26.8555851860815,2.19239833524714e-07,FALSE,184,MATN3,matrilin 3
9423,-2,-3.5487680891793,-4.685423975139,-2.41211220321961,9.40292027323411e-10,0.962552828967911,0.326544531371645,37.4449633809962,9.40292027323409e-10,FALSE,185,NTN1,netrin 1
51176,2,3.55562656310535,2.4107747887968,4.7004783374139,1.14928544489189e-09,0.0562584368716995,0.812510471875342,37.0535602486008,1.14928544489188e-09,FALSE,186,LEF1,lymphoid enhancer binding factor 1
6533,2,3.11583549091579,2.23245930336271,3.99921167846887,4.73958111758003e-12,0.484088638353548,0.48657614508427,47.7918503535563,4.73958111758002e-12,FALSE,187,SLC6A6,solute carrier family 6 member 6
4070,1,4.52210702981942,2.79393766926275,6.25027639037609,2.91835285905424e-07,0,1,26.3029981264347,2.91835285905423e-07,FALSE,188,TACSTD2,tumor associated calcium signal transducer 2
203859,-2,-3.49280694075763,-4.60423507999,-2.38137880152526,7.30022715736243e-10,0.163509327634529,0.685945902518515,37.9387107667632,7.30022715736241e-10,FALSE,189,ANO5,anoctamin 5
3294,-2,-3.41105734941106,-4.47769111398787,-2.34442358483425,3.65958950261875e-10,0.00131740794817737,0.97104624785605,39.2865208261301,3.65958950261875e-10,FALSE,190,HSD17B2,hydroxysteroid 17-beta dehydrogenase 2
6335,-2,-3.63861249558566,-4.84312743980536,-2.43409755136597,3.2061008255447e-09,0.0332066894694785,0.855404563385162,35.0544703911086,3.20610082554471e-09,FALSE,191,SCN9A,sodium voltage-gated channel alpha subunit 9
2651,-2,-3.31768921032285,-4.33014096853014,-2.30523745211556,1.33984706490706e-10,0.0717448955825726,0.788812952615247,41.2495205463156,1.33984706490706e-10,FALSE,192,GCNT2,glucosaminyl (N-acetyl) transferase 2 (I blood group)
84940,-2,-3.40036174830562,-4.46411832427953,-2.3366051723317,3.72484559458239e-10,0.917974483555541,0.338007369363624,39.2520108668571,3.72484559458239e-10,FALSE,193,CORO6,coronin 6
11075,-2,-3.57952383298029,-4.76085766883915,-2.39818999712143,2.87067832401706e-09,0.0875646187560962,0.767296374241683,35.2696713042347,2.87067832401707e-09,FALSE,194,STMN2,stathmin 2
23148,-1,-4.20433462231349,-5.77198353341036,-2.63668571121662,1.46823826562515e-07,0,1,27.6307784184784,1.46823826562515e-07,FALSE,195,NACAD,NAC alpha domain containing
64067,-1,-4.57047697378736,-6.36550764900009,-2.77544629857463,6.02458417904956e-07,0,1,24.9043656089308,6.02458417904956e-07,FALSE,196,NPAS3,neuronal PAS domain protein 3
8549,2,3.49195627181197,2.34636122127371,4.63755132235023,2.31104949675426e-09,0.221576767530329,0.637841118077619,35.6920520763394,2.31104949675425e-09,FALSE,197,LGR5,leucine rich repeat containing G protein-coupled receptor 5
3500,1,4.51693850827258,2.7511098198819,6.28276719666326,5.344016442379e-07,0,1,25.1354926715099,5.34401644237897e-07,FALSE,198,,
197257,-2,-3.27477227000717,-4.30607746932115,-2.24346707069318,4.85860858611655e-10,1.11398004752627,0.291218408081633,38.7332533038525,4.85860858611654e-10,FALSE,199,LDHD,lactate dehydrogenase D
6297,-1,-4.0845467243134,-5.60972939951315,-2.55936404911365,1.52992063432739e-07,0,1,27.5511792364649,1.52992063432739e-07,FALSE,200,SALL2,spalt like transcription factor 2
11065,2,3.16030376982341,2.19212046693419,4.12848707271264,1.57803883567899e-10,1.15520615132004,0.282461965749146,40.9297095944853,1.57803883567899e-10,FALSE,201,UBE2C,ubiquitin conjugating enzyme E2 C
10309,1,4.45776702665873,2.70594027151731,6.20959378180015,6.11969039911208e-07,0,1,24.8741705187263,6.11969039911211e-07,FALSE,202,CCNO,cyclin O
5125,-2,-2.820852601129,-3.58463427319673,-2.05707092906127,4.53079650124023e-13,0.0202499618503315,0.886841181963562,52.3984576240822,4.53079650124022e-13,FALSE,203,PCSK5,proprotein convertase subtilisin/kexin type 5
10590,-2,-3.82888248635991,-5.20418895399945,-2.45357601872038,4.85388647027218e-08,0.486321115736168,0.485572976190228,29.7742812388333,4.85388647027218e-08,FALSE,204,SCGN,"secretagogin, EF-hand calcium binding protein"
23650,2,4.01998244936157,2.52688597676614,5.51307892195699,1.31339523946528e-07,1.88152134584,0.170161337570895,27.846380758173,1.31339523946528e-07,FALSE,205,TRIM29,tripartite motif containing 29
85407,2,3.41654038417387,2.28205169490247,4.55102907344528,3.58078866494139e-09,0.1745878384725,0.67606622683052,34.8392629295505,3.5807886649414e-09,FALSE,206,NKD1,NKD inhibitor of WNT signaling pathway 1
80332,-2,-3.33784330520394,-4.42499681238863,-2.25068979801925,1.77024252628307e-09,0.292416312868444,0.588676244895487,36.2114845129371,1.77024252628307e-09,FALSE,207,ADAM33,ADAM metallopeptidase domain 33
51316,-2,-3.4073119515604,-4.5376520744106,-2.2769718287102,3.4599004265959e-09,1.20701743108131,0.271923617490164,34.9061288778296,3.45990042659589e-09,FALSE,208,PLAC8,placenta associated 8
10529,2,3.1523909551031,2.16949519299924,4.13528671720696,3.25558020623264e-10,0.427014926741427,0.513457325123716,39.5149468790495,3.25558020623265e-10,FALSE,209,NEBL,nebulette
4751,2,3.05700033268003,2.13061446489772,3.98338620046235,9.9488262859473e-11,0.971041150292325,0.324420656238834,41.8314878451474,9.94882628594725e-11,FALSE,210,NEK2,NIMA related kinase 2
11251,-1,-4.06588040013957,-5.60551401323269,-2.52624678704645,2.26823186259487e-07,0,1,26.7898704260141,2.26823186259486e-07,FALSE,211,PTGDR2,prostaglandin D2 receptor 2
7153,2,2.77389427307725,2.01728005079521,3.53050849535929,6.6908978089007e-13,1.04031079250861,0.307749200815896,51.6329559402291,6.69089780890068e-13,FALSE,212,TOP2A,DNA topoisomerase II alpha
563,2,3.08818986542749,2.13974818403393,4.03663154682104,1.7504762937005e-10,0.616994645341591,0.432166291895848,40.7270454540143,1.75047629370049e-10,FALSE,213,AZGP1,"alpha-2-glycoprotein 1, zinc-binding"
4499,-2,-3.96982594639853,-5.45852856677382,-2.48112332602324,1.72741521198828e-07,0.0455915339604043,0.830920033083278,27.3163839418802,1.72741521198828e-07,FALSE,214,MT1M,metallothionein 1M
8647,-1,-4.19911495661714,-5.82701798051808,-2.5712119327162,4.2891883704122e-07,0,1,25.5596351783518,4.28918837041219e-07,FALSE,215,ABCB11,ATP binding cassette subfamily B member 11
140893,2,3.14721386121563,2.15649282746258,4.13793489496868,4.77888514782922e-10,0.00181075625413071,0.966057876655696,38.7655478287245,4.77888514782922e-10,FALSE,216,RBBP8NL,RBBP8 N-terminal like
401491,-1,-3.94982067978761,-5.43048633903991,-2.46915502053531,1.70987053970683e-07,0,1,27.3361237977998,1.70987053970683e-07,FALSE,217,,
3503,1,4.29543895638799,2.60126426829941,5.98961364447657,6.71861678705226e-07,0,1,24.6941969418125,6.71861678705227e-07,FALSE,218,,
340024,-2,-3.69813448831259,-5.02950384639777,-2.36676513022741,5.20454560600029e-08,0.0386368594945804,0.844169832922644,29.6390629561407,5.2045456060003e-08,FALSE,219,SLC6A19,solute carrier family 6 member 19
9455,-1,-4.68711391078278,-6.62225820723191,-2.75196961433365,2.06221720288309e-06,0,1,22.5361897199691,2.0622172028831e-06,FALSE,220,HOMER2,homer scaffold protein 2
11240,-2,-3.27402085412098,-4.35026357558812,-2.19777813265385,2.48597442176185e-09,0.0507346152164905,0.821789883619648,35.5499185469329,2.48597442176184e-09,FALSE,221,PADI2,peptidyl arginine deiminase 2
1261,-1,-4.99765233675873,-7.1260573611064,-2.86924731241106,4.18171302366946e-06,0,1,21.1796955572242,4.18171302366946e-06,FALSE,222,CNGA3,cyclic nucleotide gated channel subunit alpha 3
140803,-2,-3.31143407502456,-4.41758029502393,-2.20528785502519,4.42466668178666e-09,0.866564271206561,0.351908222900358,34.4273289904522,4.42466668178665e-09,FALSE,223,TRPM6,transient receptor potential cation channel subfamily M member 6
1113,-2,-4.36202599505821,-6.11050281779819,-2.61354917231823,1.01023009093179e-06,1.80601532851549,0.1789869688689,23.908532562955,1.01023009093179e-06,FALSE,224,CHGA,chromogranin A
7166,-2,-3.84628622977398,-5.28075083063218,-2.41182162891578,1.47760609546521e-07,1.52859713562847,0.216323111821762,27.618476070914,1.47760609546521e-07,FALSE,225,TPH1,tryptophan hydroxylase 1
28513,-2,-3.49218028142602,-4.71153786421139,-2.27282269864065,1.98572106597878e-08,0.679603738714864,0.40972320865412,31.5084708575711,1.98572106597878e-08,FALSE,226,CDH19,cadherin 19
79148,-2,-3.2609076746148,-4.34143818439772,-2.18037716483188,3.32018115964422e-09,0.0265035729936643,0.870676553956746,34.986388922844,3.32018115964422e-09,FALSE,227,MMP28,matrix metallopeptidase 28
248,-2,-3.37697747515047,-4.52883493691523,-2.2251200133857,9.12943521705453e-09,0.560246166251893,0.454161075454867,33.0183243690405,9.12943521705452e-09,FALSE,228,ALPI,"alkaline phosphatase, intestinal"
3872,2,3.77900650995446,2.37469243038236,5.18332058952657,1.33293301497735e-07,0.0305907310028468,0.861156590657941,27.8178116334744,1.33293301497734e-07,FALSE,229,KRT17,keratin 17
22974,2,2.80691392498728,1.99375051328625,3.62007733668832,1.3285733854879e-11,0.00376913227890795,0.951046020590096,45.7718760802945,1.32857338548789e-11,FALSE,230,TPX2,TPX2 microtubule nucleation factor
64220,1,4.42043987411687,2.61918159677035,6.22169815146339,1.50992922464824e-06,0,1,23.1353022918738,1.50992922464824e-06,FALSE,231,STRA6,signaling receptor and transporter of retinol STRA6
290,-2,-3.43638272793872,-4.63763079628772,-2.23513465958972,2.06073136057487e-08,0.467252480166711,0.494253878991171,31.4364742867543,2.06073136057486e-08,FALSE,232,ANPEP,"alanyl aminopeptidase, membrane"
121268,1,4.52617156147769,2.65202127626179,6.40032184669359,2.2077217851441e-06,0,1,22.4052285540343,2.2077217851441e-06,FALSE,233,RHEBL1,RHEB like 1
6900,-1,-4.35888158629434,-6.13147075991822,-2.58629241267046,1.43813744292944e-06,0,1,23.2289799614648,1.43813744292944e-06,FALSE,234,CNTN2,contactin 2
4619,-1,-3.67697860091323,-5.03383881127615,-2.32011839055032,1.08822210843854e-07,0,1,28.2103304035595,1.08822210843854e-07,FALSE,235,MYH1,myosin heavy chain 1
1996,-1,-4.88015689392034,-6.98340258101934,-2.77691120682134,5.42352072025482e-06,0,1,20.681581083775,5.42352072025482e-06,FALSE,236,ELAVL4,ELAV like RNA binding protein 4
23676,-1,-4.97013918391141,-7.13062243339767,-2.80965593442516,6.51801271178514e-06,0,1,20.3297237277224,6.51801271178514e-06,FALSE,237,SMPX,small muscle protein X-linked
9603,2,2.88244260507858,1.99791077553246,3.7669744346247,1.69198021462541e-10,0.144819095837446,0.703536414979919,40.7934642573546,1.69198021462542e-10,FALSE,238,NFE2L3,NFE2 like bZIP transcription factor 3
5593,-1,-4.077184189223,-5.69610331998001,-2.45826505846599,7.97034195755055e-07,0,1,24.3650066670126,7.97034195755056e-07,FALSE,239,PRKG2,protein kinase cGMP-dependent 2
101927267,-1,-4.58118782389019,-6.5098874917379,-2.65248815604248,3.23275259996012e-06,0,1,21.6732063631761,3.23275259996012e-06,FALSE,240,,
773,-1,-4.0100287564738,-5.58967842939755,-2.43037908355006,6.50868810891513e-07,0,1,24.7553797178311,6.50868810891512e-07,FALSE,241,CACNA1A,calcium voltage-gated channel subunit alpha1 A
7161,1,3.60736308735797,2.27442304270637,4.94030313200957,1.13111822843467e-07,0,1,28.135501802912,1.13111822843467e-07,FALSE,242,TP73,tumor protein p73
43849,1,4.5063617434741,2.61707378717795,6.39564969977024,2.94040422305588e-06,0,1,21.8550584613931,2.94040422305588e-06,FALSE,243,KLK12,kallikrein related peptidase 12
10216,-1,-3.99676102373757,-5.57938482091858,-2.41413722655656,7.43292530042248e-07,0,1,24.4994966406771,7.43292530042248e-07,FALSE,244,PRG4,proteoglycan 4
7272,2,2.76477549465879,1.93651912494342,3.59303186437417,6.05022089742871e-11,0.0994276463418613,0.752517564825869,42.8041971790768,6.0502208974287e-11,FALSE,245,TTK,TTK protein kinase
221416,2,4.61929207550164,2.65071212500568,6.58787202599761,4.24371754052458e-06,2.72662298413095,0.0986877584513642,21.1514874270869,4.24371754052457e-06,FALSE,246,,
1160,2,3.29196963002774,2.13709990916349,4.44683935089198,2.31158430104467e-08,0.0026984700928783,0.958571083102099,31.2134542180709,2.31158430104467e-08,FALSE,247,CKMT2,"creatine kinase, mitochondrial 2"
646627,-2,-3.44045933519764,-4.68687838417523,-2.19404028622005,6.30108215193325e-08,0.466895140601304,0.494419027491483,29.2685282487225,6.30108215193323e-08,FALSE,248,LYPD8,LY6/PLAUR domain containing 8
339855,-1,-4.32066274717231,-6.11460879343359,-2.52671670091103,2.35252028319604e-06,0,1,22.2832310953649,2.35252028319604e-06,FALSE,249,KY,kyphoscoliosis peptidase
10913,2,3.26230447709008,2.11876243484415,4.405846519336,2.25247927834124e-08,0.832713287273772,0.361489125311776,31.2637374009377,2.25247927834123e-08,FALSE,250,EDAR,ectodysplasin A receptor
1501,-1,-4.49406284643811,-6.40150462331698,-2.58662106955924,3.87813421515073e-06,0,1,21.3241576316835,3.87813421515074e-06,FALSE,251,CTNND2,catenin delta 2
4223,-1,-4.20988456154674,-5.94292996855812,-2.47683915453536,1.92529798746811e-06,0,1,22.6681810800415,1.9252979874681e-06,FALSE,252,MEOX2,mesenchyme homeobox 2
28231,2,2.85181423615729,1.95232718640809,3.7513012859065,5.16376602152467e-10,0.142834568966469,0.705479171348516,38.6143578790508,5.1637660215247e-10,FALSE,253,SLCO4A1,solute carrier organic anion transporter family member 4A1
126,-2,-4.99072986852187,-7.20877849750713,-2.77268123953662,1.03358493658481e-05,4.36254126175021,0.0367374630407576,19.448324054934,1.03358493658481e-05,FALSE,254,ADH1C,"alcohol dehydrogenase 1C (class I), gamma polypeptide"
677776,1,3.74031501591043,2.29009494358077,5.19053508824009,4.30359270619064e-07,0,1,25.553166214712,4.30359270619066e-07,FALSE,255,,
4319,1,4.47695730649725,2.5669489693388,6.3869656436557,4.34723747530134e-06,0,1,21.1053015586704,4.34723747530133e-06,FALSE,256,MMP10,matrix metallopeptidase 10
54894,2,2.83944246186485,1.93665071839541,3.7422342053343,7.07332942757791e-10,0.688376442077642,0.406717162507366,38.0003126791466,7.07332942757791e-10,FALSE,257,RNF43,ring finger protein 43
57016,-2,-3.51365741191053,-4.8365037965574,-2.19081102726367,1.93030311662395e-07,1.83178986648587,0.17591628160444,27.1016780597282,1.93030311662395e-07,FALSE,258,AKR1B10,aldo-keto reductase family 1 member B10
3899,-2,-3.30712899564506,-4.50315719811835,-2.11110079317177,5.9771853136298e-08,1.31616190736721,0.251282031661046,29.3707888539307,5.97718531362982e-08,FALSE,259,AFF3,ALF transcription elongation factor 3
84733,2,2.93998385289873,1.96598428041909,3.91398342537836,3.29698565057554e-09,0.622773511718211,0.430018495159736,35.0000399343738,3.29698565057554e-09,FALSE,260,CBX2,chromobox 2
660,-2,-2.9091230980448,-3.87091943000225,-1.94732676608734,3.06165780031069e-09,0.0345222386053613,0.852600341232113,35.1442392097147,3.06165780031068e-09,FALSE,261,BMX,BMX non-receptor tyrosine kinase
3576,2,3.50474925366405,2.17326402478488,4.83623448254323,2.48222510110422e-07,0.968199177576474,0.325129709789203,26.6156685892923,2.48222510110422e-07,FALSE,262,CXCL8,C-X-C motif chemokine ligand 8
3800,-2,-3.24181239598657,-4.41330639796449,-2.07031839400866,5.83768462440847e-08,1.23409228698532,0.266612659374001,29.4165543040585,5.83768462440847e-08,FALSE,263,KIF5C,kinesin family member 5C
83959,1,3.89770174965394,2.32019610212095,5.47520739718693,1.28099499808287e-06,0,1,23.4515495983963,1.28099499808287e-06,FALSE,264,SLC4A11,solute carrier family 4 member 11
3501,1,4.09558218465383,2.39448507934849,5.79667928995917,2.37201150259905e-06,0,1,22.2673872171818,2.37201150259906e-06,FALSE,265,,
202559,-1,-4.07697961462493,-5.76682502446154,-2.38713420478833,2.25987508470289e-06,0,1,22.3603866590163,2.25987508470289e-06,FALSE,266,KHDRBS2,"KH RNA binding domain containing, signal transduction associated 2"
1030,-2,-3.08432419246381,-4.16078283642873,-2.00786554849889,1.9566760890372e-08,0.334766959148583,0.56286552077414,31.5370831933952,1.9566760890372e-08,FALSE,267,CDKN2B,cyclin dependent kinase inhibitor 2B
63928,-2,-3.13830167787123,-4.24875203399579,-2.02785132174666,3.03932026156701e-08,0.243506320861995,0.621685055936115,30.6822542645417,3.03932026156701e-08,FALSE,268,CHP2,calcineurin like EF-hand protein 2
2674,-2,-3.36083428278903,-4.61268012008971,-2.10898844548836,1.42557865984653e-07,1.39195790943359,0.238074733729845,27.6878147305603,1.42557865984653e-07,FALSE,269,GFRA1,GDNF family receptor alpha 1
79628,1,3.28236122179572,2.07914032594744,4.485582117644,8.95523115896811e-08,0,1,28.5876329495562,8.95523115896812e-08,FALSE,270,SH3TC2,SH3 domain and tetratricopeptide repeats 2
9073,-2,-4.24968428868673,-6.05406328144518,-2.44530529592829,3.90982808524575e-06,0.804423679285681,0.369774044499086,21.3085546212328,3.90982808524576e-06,FALSE,271,CLDN8,claudin 8
2045,-2,-5.16935319263627,-7.54658739074201,-2.79211899453052,2.02615389157906e-05,2.46079250058359,0.116719878904291,18.164550516462,2.02615389157906e-05,FALSE,272,EPHA7,EPH receptor A7
259266,2,2.58174583636744,1.80906954291308,3.35442212982181,5.79880062920089e-11,0.900858057386481,0.342551738598333,42.8872280300111,5.79880062920093e-11,FALSE,273,ASPM,assembly factor for spindle microtubules
9499,-1,-3.97258776280408,-5.6085282486701,-2.33664727693806,1.94149427131477e-06,0,1,22.6520849813596,1.94149427131478e-06,FALSE,274,MYOT,myotilin
123745,1,4.2453167512228,2.43824769370811,6.05238580873749,4.13437724043155e-06,0,1,21.201514324241,4.13437724043156e-06,FALSE,275,PLA2G4E,phospholipase A2 group IVE
6332,-2,-4.71813900807334,-6.82102636926529,-2.61525164688139,1.09520389620808e-05,2.50177577847819,0.113718008578375,19.3377359001444,1.09520389620808e-05,FALSE,276,SCN7A,sodium voltage-gated channel alpha subunit 7
256158,-1,-3.84969680386213,-5.41733897358486,-2.2820546341394,1.48583838117398e-06,0,1,23.1662297957683,1.48583838117398e-06,FALSE,277,HMCN2,hemicentin 2
23302,-2,-3.04108852135836,-4.1079748774235,-1.97420216529321,2.31362615482895e-08,0.00711067262768397,0.932798191618479,31.2117402257058,2.31362615482895e-08,FALSE,278,WSCD1,WSC domain containing 1
2675,-2,-3.00374173792798,-4.04743946758706,-1.9600440082689,1.69322672993135e-08,0.181188010624908,0.670354264670461,31.8179271410651,1.69322672993135e-08,FALSE,279,GFRA2,GDNF family receptor alpha 2
1087,-2,-3.65665858379485,-5.10628769867541,-2.20702946891429,7.65484983517548e-07,1.17463270467092,0.278451385137759,24.4428139383141,7.65484983517548e-07,FALSE,280,CEACAM7,CEA cell adhesion molecule 7
4605,2,2.89142713828869,1.91660354882752,3.86625072774986,6.11964339564184e-09,0.651797463080143,0.41947077178264,33.796258854498,6.11964339564186e-09,FALSE,281,MYBL2,MYB proto-oncogene like 2
387104,-1,-3.43831076138093,-4.75351909716726,-2.1231024255946,2.9931686209427e-07,0,1,26.2541117556633,2.99316862094271e-07,FALSE,282,MTCL3,MTCL family member 3
4355,-1,-3.98441424208221,-5.63949068870491,-2.32933779545952,2.37709792765831e-06,0,1,22.2632740894623,2.37709792765831e-06,FALSE,283,MPP2,MAGUK p55 scaffold protein 2
93035,-1,-4.17722339167135,-5.95464613890035,-2.39980064444236,4.10046584816915e-06,0,1,21.2172999871409,4.10046584816914e-06,FALSE,284,PKHD1L1,PKHD1 like 1
257019,-2,-3.26364887208266,-4.47279546310549,-2.05450228105983,1.22178838063275e-07,1.37408314016683,0.241111580709325,27.9862768689757,1.22178838063275e-07,FALSE,285,FRMD3,FERM domain containing 3
84623,-1,-4.3432166242758,-6.22497814239099,-2.46145510616061,6.07642427514997e-06,0,1,20.4639750669003,6.07642427514996e-06,FALSE,286,KIRREL3,kirre like nephrin family adhesion molecule 3
2199,-2,-2.96037493772897,-3.98653691240341,-1.93421296305453,1.5648215100431e-08,0.248709575535224,0.617985174122379,31.971115160383,1.5648215100431e-08,FALSE,287,FBLN2,fibulin 2
80258,-1,-3.97142624626402,-5.62933991875402,-2.31351257377402,2.66647856521706e-06,0,1,22.0427288867877,2.66647856521705e-06,FALSE,288,EFHC2,EF-hand domain containing 2
6703,1,4.43905553036324,2.489324997429,6.38878606329747,8.10639419653673e-06,0,1,19.9126083586492,8.10639419653675e-06,FALSE,289,SPRR2D,small proline rich protein 2D
3782,-2,-2.92936769914708,-3.94114791734334,-1.91758748095082,1.39007345243666e-08,0.597630178040319,0.439483651692605,32.2011654924512,1.39007345243665e-08,FALSE,290,KCNN3,potassium calcium-activated channel subfamily N member 3
2348,1,4.60739294483214,2.54576161240251,6.66902427726177,1.1857922779931e-05,0,1,19.1860104218394,1.1857922779931e-05,FALSE,291,FOLR1,folate receptor alpha
4747,-1,-4.52923276416376,-6.54807778829021,-2.51038774003731,1.09689381213374e-05,0,1,19.3347917658742,1.09689381213374e-05,FALSE,292,NEFL,neurofilament light chain
729,-1,-4.12700564529854,-5.89707259667985,-2.35693869391723,4.8828137852257e-06,0,1,20.8827130514083,4.88281378522568e-06,FALSE,293,C6,complement C6
687,-2,-2.61302580148255,-3.43971401822001,-1.78633758474509,5.82389608109623e-10,0.828219662882237,0.362787837709499,38.3795681131813,5.82389608109625e-10,FALSE,294,KLF9,KLF transcription factor 9
4118,-1,-3.74723069505282,-5.28896836855167,-2.20549302155397,1.90037474233316e-06,0,1,22.6932174238207,1.90037474233316e-06,FALSE,295,MAL,"mal, T cell differentiation protein"
105377924,1,4.59418513087524,2.52009940023596,6.66827086151452,1.41577213335126e-05,0,1,18.8477606741463,1.41577213335126e-05,FALSE,296,,
101927969,-1,-3.91816257426431,-5.57265341719966,-2.26367173132896,3.45749112850049e-06,0,1,21.5442981374295,3.4574911285005e-06,FALSE,297,,
23584,-2,-3.13147595891006,-4.29413552509837,-1.96881639272174,1.29951630159742e-07,0.476654110355653,0.48994178872796,27.8669351690955,1.29951630159741e-07,FALSE,298,VSIG2,V-set and immunoglobulin domain containing 2
4969,-2,-2.96788052183556,-4.03101870075333,-1.90474234291779,4.46293544625755e-08,0.0753487019659908,0.783702570266039,29.9370897881393,4.46293544625755e-08,FALSE,299,OGN,osteoglycin
6662,2,2.61656270360581,1.77304557874383,3.46007982846779,1.20374146025221e-09,0.363248885144088,0.546707401064541,36.9632940764687,1.20374146025221e-09,FALSE,300,SOX9,SRY-box transcription factor 9
221662,-2,-2.98274748979541,-4.05555458049548,-1.90994039909534,5.05605096635748e-08,0.88921442162177,0.345690280982995,29.6951750118286,5.05605096635749e-08,FALSE,301,RBM24,RNA binding motif protein 24
1589,-1,-3.65533075426196,-5.14931307156698,-2.16134843695694,1.62310525776452e-06,0,1,22.9963350943555,1.62310525776452e-06,FALSE,302,CYP21A2,cytochrome P450 family 21 subfamily A member 2
24137,2,2.50189219731415,1.72975552343307,3.27402887119524,2.14318892732696e-10,0.893961017807192,0.344406162152821,40.3315586901263,2.14318892732695e-10,FALSE,303,KIF4A,kinesin family member 4A
30818,-1,-3.83825033251252,-5.45368925892243,-2.22281140610261,3.21107703140308e-06,0,1,21.6861115398198,3.21107703140308e-06,FALSE,304,KCNIP3,potassium voltage-gated channel interacting protein 3
9145,-1,-3.52300009518687,-4.94111057781725,-2.10488961255649,1.12095046763599e-06,0,1,23.7083514865687,1.12095046763599e-06,FALSE,305,SYNGR1,synaptogyrin 1
4151,-2,-3.26116988523526,-4.51794637085891,-2.00439339961162,3.65985018356637e-07,0.171112031469406,0.679125395326713,25.8658607783662,3.65985018356637e-07,FALSE,306,MB,myoglobin
100170841,1,3.51019797680681,2.09498700512919,4.92540894848443,1.16577187335204e-06,0,1,23.6329007700768,1.16577187335204e-06,FALSE,307,EPOP,elongin BC and polycomb repressive complex 2 associated protein
10446,-1,-3.52994099572821,-4.96336378626156,-2.09651820519487,1.38884266260693e-06,0,1,23.2960593332299,1.38884266260692e-06,FALSE,308,LRRN2,leucine rich repeat neuronal 2
5764,-2,-3.49419788748051,-4.91185342832319,-2.07654234663783,1.35941408349891e-06,2.13794546629518,0.143694222142824,23.3372531043082,1.35941408349891e-06,FALSE,309,PTN,pleiotrophin
57464,2,2.86431334205448,1.84110368697004,3.88752299713892,4.09723351161062e-08,0.0141576448492268,0.905286525088553,30.102874977091,4.09723351161062e-08,FALSE,310,STRIP2,striatin interacting protein 2
2260,-1,-3.39426332859244,-4.75161544782566,-2.03691120935922,9.52602854049367e-07,0,1,24.0216146323014,9.5260285404937e-07,FALSE,311,FGFR1,fibroblast growth factor receptor 1
10351,-2,-3.27530507612536,-4.55899658686862,-1.99161356538211,5.70939570480707e-07,0.0168010606414714,0.896867945074556,25.0079654285851,5.70939570480709e-07,FALSE,312,ABCA8,ATP binding cassette subfamily A member 8
9928,1,2.95162665258916,1.86988871093296,4.03336459424536,8.8955344746744e-08,0,1,28.6005841309809,8.89553447467437e-08,FALSE,313,KIF14,kinesin family member 14
9068,-2,-2.84405627423161,-3.85841845828476,-1.82969409017845,3.89995874161545e-08,0.038894655164504,0.843657509411516,30.1985751684088,3.89995874161547e-08,FALSE,314,ANGPTL1,angiopoietin like 1
85409,2,2.98744157317867,1.88290436892329,4.09197877743405,1.15098042069338e-07,0.714956881535439,0.397803142433897,28.1018120632412,1.15098042069338e-07,FALSE,315,NKD2,NKD inhibitor of WNT signaling pathway 2
54821,2,2.72946173263687,1.78573953921202,3.67318392606172,1.43912901246335e-08,0.00422636073847269,0.948165666921759,32.133783612078,1.43912901246335e-08,FALSE,316,ERCC6L,"ERCC excision repair 6 like, spindle assembly checkpoint helicase"
84803,-2,-2.71890236865774,-3.65707505047742,-1.78072968683805,1.34585758188203e-08,0.367557890703598,0.544338445421474,32.2639727785494,1.34585758188203e-08,FALSE,317,GPAT3,glycerol-3-phosphate acyltransferase 3
2532,-1,-3.95919432728686,-5.67804400475156,-2.24034464982216,6.34434306820899e-06,0,1,20.3814005980406,6.34434306820901e-06,FALSE,318,ACKR1,atypical chemokine receptor 1 (Duffy blood group)
2273,-2,-4.26278539476004,-6.17355587178331,-2.35201491773677,1.228135755184e-05,3.64050828380015,0.0563897164065321,19.1190397163071,1.228135755184e-05,FALSE,319,FHL1,four and a half LIM domains 1
401022,-1,-3.46197284403989,-4.87165200128678,-2.052293686793,1.48387854234489e-06,0,1,23.1687678931965,1.4838785423449e-06,FALSE,320,,
100288346,-1,-3.77168411158844,-5.37867484938022,-2.16469337379666,4.22228975293003e-06,0,1,21.1611886723211,4.22228975293004e-06,FALSE,321,,
83540,2,2.96152979597924,1.86418011432973,4.05887947762875,1.22614159444334e-07,0.170217407262771,0.679918663228155,27.9793944497916,1.22614159444334e-07,FALSE,322,NUF2,NUF2 component of NDC80 kinetochore complex
1510,-2,-3.14271799397597,-4.35866938684639,-1.92676660110555,4.06956579602974e-07,0.0132126326037353,0.908487752663598,25.6610591202618,4.06956579602973e-07,FALSE,323,CTSE,cathepsin E
84069,2,3.10514859253479,1.9083296180963,4.30196756697328,3.67375423877012e-07,0.0380785035697277,0.845285587574611,25.8585414788774,3.67375423877012e-07,FALSE,324,PLEKHN1,pleckstrin homology domain containing N1
284992,1,3.4804328094873,2.04446928167386,4.91639633730074,2.0292951713578e-06,0,1,22.5671061326025,2.02929517135779e-06,FALSE,325,CCDC150,coiled-coil domain containing 150
1837,-2,-3.14837541257235,-4.37933164913271,-1.91741917601198,5.36062772231135e-07,1.45739415613989,0.227345193258116,25.1295076767622,5.36062772231134e-07,FALSE,326,DTNA,dystrobrevin alpha
4359,-2,-2.81886026416185,-3.84774238235497,-1.78997814596873,7.88353115105657e-08,0.372874559730682,0.541441541090682,28.8344743545535,7.88353115105657e-08,FALSE,327,MPZ,myelin protein zero
9892,-1,-4.3054385286073,-6.27251817766147,-2.33835887955313,1.7878245037854e-05,0,1,18.402934368969,1.7878245037854e-05,FALSE,328,SNAP91,synaptosome associated protein 91
816,-1,-4.36211660553839,-6.36611921365549,-2.35811399742129,1.98779211810951e-05,0,1,18.2009542753824,1.98779211810951e-05,FALSE,329,CAMK2B,calcium/calmodulin dependent protein kinase II beta
7276,-2,-3.23229594495883,-4.52576254378511,-1.93882934613256,9.68992377193153e-07,1.08751476203004,0.297022513928171,23.9887699692313,9.68992377193153e-07,FALSE,330,TTR,transthyretin
346389,2,2.69673756497331,1.73941331868555,3.65406181126106,3.36832688423787e-08,0.239077933264266,0.624872874471963,30.4828405722753,3.36832688423787e-08,FALSE,331,MACC1,MET transcriptional regulator MACC1
23500,-2,-2.57865982715716,-3.46197643043229,-1.69534322388204,1.05457942756736e-08,0.955784054673866,0.328251372866648,32.7379516886801,1.05457942756736e-08,FALSE,332,DAAM2,dishevelled associated activator of morphogenesis 2
2852,-2,-2.63256924688666,-3.55045852692818,-1.71467996684514,1.89513988432356e-08,0.517798396081638,0.471782337442971,31.5991349583657,1.89513988432356e-08,FALSE,333,GPER1,G protein-coupled estrogen receptor 1
983,2,2.73025545189888,1.74662318960204,3.71388771419572,5.3206784095383e-08,1.20485993414564,0.272352493231764,29.5962862070302,5.3206784095383e-08,FALSE,334,CDK1,cyclin dependent kinase 1
6469,2,2.74100998983097,1.74802137665382,3.73399860300812,6.29494927556412e-08,0.16548318280087,0.684157646815204,29.2704151387583,6.29494927556412e-08,FALSE,335,SHH,sonic hedgehog signaling molecule
11346,-2,-2.30877835081357,-3.0293461650135,-1.58821053661365,3.38704391478146e-10,0.986152372948604,0.320684589916856,39.4376425126473,3.38704391478145e-10,FALSE,336,SYNPO,synaptopodin
10537,2,2.94470833401759,1.82096928669431,4.06844738134088,2.8064960611915e-07,0.977162282421432,0.322900398513433,26.3784825865998,2.80649606119149e-07,FALSE,337,UBD,ubiquitin D
4741,-2,-3.90938259706794,-5.64463324517023,-2.17413194896566,1.00709716306607e-05,1.97080619208771,0.160362315223892,19.4979118291416,1.00709716306607e-05,FALSE,338,NEFM,neurofilament medium chain
2934,-2,-2.47338034799243,-3.2998780260185,-1.64688266996636,4.48061295125271e-09,0.0473790720719666,0.827688310336426,34.4028734648283,4.48061295125271e-09,FALSE,339,GSN,gelsolin
7516,2,2.92573058030444,1.81230342918994,4.03915773141894,2.602660943458e-07,0.081638964171682,0.775088502621724,26.524134975027,2.602660943458e-07,FALSE,340,XRCC2,X-ray repair cross complementing 2
1590,-1,-3.43268235724377,-4.86826759381075,-1.99709712067679,2.77856713726494e-06,0,1,21.9636973646503,2.77856713726494e-06,FALSE,341,,
8436,-2,-3.54497512230113,-5.05233349826942,-2.03761674633283,4.03825153764304e-06,2.20574168557164,0.137497748624508,21.2466042455393,4.03825153764304e-06,FALSE,342,CAVIN2,caveolae associated protein 2
5347,2,2.57073891466936,1.68010731303326,3.46137051630546,1.53787399052312e-08,1.19717016095136,0.273888006373114,32.0048594182976,1.53787399052312e-08,FALSE,343,PLK1,polo like kinase 1
1191,-2,-2.6837901646671,-3.64801708279498,-1.71956324653922,4.88945246306856e-08,0.804792906730703,0.369664221494088,29.7601278881336,4.88945246306858e-08,FALSE,344,CLU,clusterin
728833,2,2.80617221194071,1.76114579355462,3.85119863032681,1.41707027886746e-07,0.646432807066021,0.421390938667924,27.6993949245599,1.41707027886746e-07,FALSE,345,FAM72D,family with sequence similarity 72 member D
6546,-1,-3.55713691737961,-5.0791277170196,-2.03514611773963,4.63310116508071e-06,0,1,20.9832759239425,4.6331011650807e-06,FALSE,346,SLC8A1,solute carrier family 8 member A1
2840,-1,-3.90874005215087,-5.65454931616912,-2.16293078813262,1.14283768162989e-05,0,1,19.2564476147507,1.1428376816299e-05,FALSE,347,GPR17,G protein-coupled receptor 17
7102,-2,-2.50971631435752,-3.36856787338619,-1.65086475532885,1.02004490112796e-08,0.0462998238899797,0.829631708941063,32.8026728747018,1.02004490112796e-08,FALSE,348,TSPAN7,tetraspanin 7
63876,-1,-3.53067463765095,-5.04479452603351,-2.01655474926839,4.87006559050823e-06,0,1,20.8877206003433,4.87006559050823e-06,FALSE,349,PKNOX2,PBX/knotted 1 homeobox 2
105373878,-1,-3.6127291432506,-5.17927284876467,-2.04618543773653,6.18319015078128e-06,0,1,20.4306392394914,6.18319015078128e-06,FALSE,350,,
285382,-2,-2.53925910260391,-3.42449975334443,-1.6540184518634,1.88717971525374e-08,0.257425784228929,0.611894216790343,31.6073088716928,1.88717971525373e-08,FALSE,351,C3orf70,chromosome 3 open reading frame 70
79154,-2,-2.41987126256626,-3.22986915012544,-1.60987337500709,4.7586720528144e-09,0.976237792517594,0.323129402974125,34.2856931268532,4.7586720528144e-09,FALSE,352,DHRS11,dehydrogenase/reductase 11
100505385,-1,-3.11484743730082,-4.36650648655492,-1.86318838804672,1.07429372934067e-06,0,1,23.7901760094536,1.07429372934066e-06,FALSE,353,IQCJ-SCHIP1,IQCJ-SCHIP1 readthrough
54576,-2,-3.02573354921659,-4.22106936431115,-1.83039773412203,7.00503376632495e-07,1.13343442081868,0.287043954614253,24.6137439880146,7.00503376632495e-07,FALSE,354,UGT1A8,UDP glucuronosyltransferase family 1 member A8
3589,1,3.93628719787426,2.16099348902791,5.71158090672061,1.38801116757485e-05,0,1,18.8855357453247,1.38801116757486e-05,FALSE,355,IL11,interleukin 11
5138,-2,-3.16771639161279,-4.45572051367513,-1.87971226955044,1.43318081490473e-06,2.1084475524833,0.146487861062218,23.2356197149778,1.43318081490473e-06,FALSE,356,PDE2A,phosphodiesterase 2A
55355,2,2.51742766327011,1.64293696469929,3.39191836184093,1.67872914208304e-08,0.323599621006668,0.56945239258236,31.8346290357731,1.67872914208305e-08,FALSE,357,HJURP,Holliday junction recognition protein
79949,1,3.69759731300957,2.07205656441504,5.3231380616041,8.26100364777931e-06,0,1,19.8764895928212,8.26100364777933e-06,FALSE,358,PLEKHS1,pleckstrin homology domain containing S1
4593,-2,-3.01040815508783,-4.20175186318786,-1.8190644469878,7.32149071725672e-07,0.036271563299122,0.848955778048874,24.5286018987038,7.32149071725671e-07,FALSE,359,MUSK,muscle associated receptor tyrosine kinase
341208,1,4.08265233388732,2.20801074377217,5.95729392400247,1.9681822172552e-05,0,1,18.2198368133239,1.9681822172552e-05,FALSE,360,HEPHL1,hephaestin like 1
201501,-2,-3.01119249102033,-4.20385466068345,-1.81853032135721,7.48068912353819e-07,1.44369367465605,0.229542557620299,24.4871550744336,7.48068912353822e-07,FALSE,361,ZBTB7C,zinc finger and BTB domain containing 7C
84281,-2,-2.88952692110146,-4.00706782398398,-1.77198601821894,4.02638732308631e-07,0.00328048427431378,0.954325726920217,25.6816437299979,4.02638732308632e-07,FALSE,362,C2orf88,chromosome 2 open reading frame 88
57452,-2,-3.02492881043122,-4.2292745685995,-1.82058305226294,8.53152754291372e-07,1.11125997666208,0.291808221515113,24.2339453368879,8.5315275429137e-07,FALSE,363,GALNT16,polypeptide N-acetylgalactosaminyltransferase 16
5729,-2,-2.88231559891789,-3.99792549788323,-1.76670569995254,4.10962717559148e-07,0.436641583727009,0.508747889904499,25.6421554070873,4.10962717559147e-07,FALSE,364,PTGDR,prostaglandin D2 receptor
8470,-1,-3.49777585158704,-5.00738239372428,-1.9881693094498,5.59192134645804e-06,0,1,20.6230357066489,5.59192134645805e-06,FALSE,365,SORBS2,sorbin and SH3 domain containing 2
677838,1,3.27420317880127,1.90353033935716,4.64487601824538,2.84261382865676e-06,0,1,21.919963136731,2.84261382865676e-06,FALSE,366,,
8708,-2,-4.24585242132777,-6.23818401435921,-2.25352082829634,2.95542757337403e-05,2.48719906495597,0.114775824645996,17.4462755697765,2.95542757337403e-05,FALSE,367,B3GALT1,"beta-1,3-galactosyltransferase 1"
151126,-1,-4.21807145584965,-6.19545124751742,-2.24069166418188,2.90331089608075e-05,0,1,17.4800980474252,2.90331089608075e-05,FALSE,368,ZNF385B,zinc finger protein 385B
554282,1,3.2543621787587,1.89184889509445,4.61687546242295,2.84960150816007e-06,0,1,21.915251548425,2.84960150816008e-06,FALSE,369,FAM72C,family with sequence similarity 72 member C
1820,2,2.46004731967895,1.60382366450687,3.31627097485102,1.78914605149981e-08,0.343053579968795,0.558071918515335,31.7109066986549,1.78914605149981e-08,FALSE,370,ARID3A,AT-rich interaction domain 3A
11254,1,3.78630470529714,2.08092344716512,5.49168596342916,1.35189679858121e-05,0,1,18.9358294197346,1.35189679858121e-05,FALSE,371,SLC6A14,solute carrier family 6 member 14
55118,-1,-3.66665287100544,-5.29606793388282,-2.03723780812806,1.03140263662308e-05,0,1,19.4523610307074,1.03140263662308e-05,FALSE,372,CRTAC1,cartilage acidic protein 1
59352,2,2.67798607297374,1.67939441235033,3.67657773359716,1.47095362782059e-07,0.759535665841888,0.383473873897063,27.6272043784903,1.47095362782059e-07,FALSE,373,LGR6,leucine rich repeat containing G protein-coupled receptor 6
2694,1,3.87080398574327,2.10589728943114,5.6357106820554,1.71876624119793e-05,0,1,18.4780032604448,1.71876624119793e-05,FALSE,374,CBLIF,cobalamin binding intrinsic factor
114815,-1,-4.17683324775792,-6.13747251710061,-2.21619397841523,2.97469883352912e-05,0,1,17.4339205652028,2.97469883352912e-05,FALSE,375,SORCS1,sortilin related VPS10 domain containing receptor 1
595135,-2,-2.93145552789774,-4.09730860541559,-1.76560245037989,8.29942402628403e-07,0.780368451740494,0.377028477840957,24.2870717150438,8.29942402628404e-07,FALSE,376,,
29970,-1,-3.0843894367983,-4.35014995406034,-1.81862891953625,1.78802363570152e-06,0,1,22.8103267781703,1.78802363570152e-06,FALSE,377,SCHIP1,schwannomin interacting protein 1
54658,-2,-2.99363621027354,-4.20403991803706,-1.78323250251002,1.25033704863668e-06,0.219540667310484,0.639390129896052,23.4981535780014,1.25033704863668e-06,FALSE,378,UGT1A1,UDP glucuronosyltransferase family 1 member A1
11004,2,2.45037670489869,1.58568384102836,3.31506956876903,2.78935905255516e-08,0.0662265113046037,0.796912363499479,30.848790597266,2.78935905255517e-08,FALSE,379,KIF2C,kinesin family member 2C
652995,1,3.84198455598009,2.08627436962898,5.5976947423312,1.79520625914002e-05,0,1,18.3950830889892,1.79520625914002e-05,FALSE,380,,
23022,-2,-2.67708251761868,-3.6873855307885,-1.66677950444885,2.0640260954623e-07,0.369280417982037,0.543396763455295,26.9722018715924,2.0640260954623e-07,FALSE,381,PALLD,"palladin, cytoskeletal associated protein"
84699,-1,-4.12488511238837,-6.06298933157933,-2.18678089319741,3.02721346615119e-05,0,1,17.4006568237784,3.02721346615118e-05,FALSE,382,CREB3L3,cAMP responsive element binding protein 3 like 3
23382,-2,-2.40767579832451,-3.24825110581214,-1.56710049083689,1.97745635769014e-08,0.723811910840453,0.394896372748359,31.5165695617278,1.97745635769013e-08,FALSE,383,AHCYL2,adenosylhomocysteinase like 2
9833,2,2.41641567302872,1.56960459634486,3.26322674971258,2.23371712793769e-08,0.955155697082489,0.328410421813068,31.2799758855159,2.23371712793769e-08,FALSE,384,MELK,maternal embryonic leucine zipper kinase
89958,2,2.69025798336188,1.66713248520124,3.71338348152252,2.55493815416004e-07,0.0305731973529326,0.861195982738967,26.559887019382,2.55493815416003e-07,FALSE,385,SAPCD2,suppressor APC domain containing 2
81285,-1,-4.04620092345766,-5.93910395539791,-2.15329789151741,2.79510672585753e-05,0,1,17.552312322708,2.79510672585753e-05,FALSE,386,OR51E2,olfactory receptor family 51 subfamily E member 2
6422,-2,-3.65112619808473,-5.29142038618042,-2.01083200998904,1.28479802820585e-05,1.47351856053175,0.224791363624027,19.0329619026693,1.28479802820585e-05,FALSE,387,SFRP1,secreted frizzled related protein 1
1271,-2,-4.32411211489128,-6.39775105292283,-2.25047317685972,4.36858504231465e-05,3.47122588194291,0.0624450170119695,16.7041274505857,4.36858504231465e-05,FALSE,388,CNTFR,ciliary neurotrophic factor receptor
9201,-2,-3.33831046852433,-4.77933337523817,-1.89728756181049,5.61202806815286e-06,1.85832831858841,0.172817860297446,20.6161640681053,5.61202806815288e-06,FALSE,389,DCLK1,doublecortin like kinase 1
57595,-2,-3.56815470550945,-5.15683334986651,-1.97947606115238,1.07229136644015e-05,1.90922151015114,0.167049760210511,19.3781100813715,1.07229136644015e-05,FALSE,390,PDZD4,PDZ domain containing 4
105375957,-1,-3.29218655960761,-4.70391200255861,-1.88046111665661,4.86108256476379e-06,0,1,20.8912570810188,4.86108256476379e-06,FALSE,391,,
158471,-2,-2.84002031295354,-3.96253033527682,-1.71751029063025,7.09186152938802e-07,1.26739462058979,0.260256016892183,24.5900051714424,7.09186152938802e-07,FALSE,392,PRUNE2,prune homolog 2 with BCH domain
132430,-1,-3.8690653665848,-5.65351382689382,-2.08461690627578,2.14132984562791e-05,0,1,18.0592744617248,2.14132984562791e-05,FALSE,393,PABPC4L,poly(A) binding protein cytoplasmic 4 like
55789,2,2.65144533963882,1.6485633320698,3.65432734720784,2.19750803238919e-07,0.0133269049648702,0.908094620016414,26.851086228743,2.1975080323892e-07,FALSE,394,DEPDC1B,DEP domain containing 1B
2786,2,2.83244816245887,1.70788910536202,3.95700721955571,7.94969559568987e-07,0.306039599350853,0.580120675144553,24.3700032758443,7.94969559568987e-07,FALSE,395,GNG4,G protein subunit gamma 4
171024,-2,-5.33921303116439,-8.07453609399513,-2.60388996833366,0.000130373960394542,4.36703430746642,0.0366407092789442,14.6363715641584,0.000130373960394542,FALSE,396,SYNPO2,synaptopodin 2
402415,2,2.8286003574958,1.70605490678547,3.95114580820612,7.86308652367987e-07,0.594946447915809,0.440512707227788,24.3911062233076,7.86308652367988e-07,FALSE,397,XKRX,XK related X-linked
54997,2,2.82571364419933,1.70222467808652,3.94920261031214,8.24185118100527e-07,1.03885665708198,0.308087532368727,24.3004802299346,8.24185118100523e-07,FALSE,398,TESC,tescalcin
128239,2,2.47534288737491,1.57717844299397,3.37350733175585,6.60253871341179e-08,1.12174006420393,0.289544081437291,29.1779783393495,6.60253871341182e-08,FALSE,399,IQGAP3,IQ motif containing GTPase activating protein 3
137075,-2,-2.45076334800484,-3.33373389169438,-1.5677928043153,5.32642685640013e-08,0.858896244551216,0.354047754101866,29.5941931743516,5.32642685640013e-08,FALSE,400,CLDN23,claudin 23
2845,1,3.55239497882724,1.96062610972593,5.14416384792855,1.2193096497889e-05,0,1,19.1328058076393,1.2193096497889e-05,FALSE,401,GPR22,G protein-coupled receptor 22
7137,1,4.54616693982934,2.31388466894005,6.77844921071863,6.56357542882409e-05,0,1,15.932675859842,6.56357542882409e-05,FALSE,402,TNNI3,"troponin I3, cardiac type"
6999,2,3.00414726060418,1.76427244048251,4.24402208072585,2.04543242844944e-06,0.0754988869912856,0.783492480693767,22.5518895916877,2.04543242844945e-06,FALSE,403,TDO2,"tryptophan 2,3-dioxygenase"
196446,1,4.48065944131329,2.28950289404417,6.67181598858241,6.12616625077397e-05,0,1,16.0632434096496,6.12616625077396e-05,FALSE,404,MYRFL,myelin regulatory factor like
1795,-1,-3.65449244542876,-5.31402226338253,-1.99496262747499,1.58820054324818e-05,0,1,18.6285991966484,1.58820054324818e-05,FALSE,405,DOCK3,dedicator of cytokinesis 3
10232,2,2.73879916566711,1.66863057376593,3.80896775756829,5.27629271782427e-07,0.860425586786067,0.353619621560047,25.1600879075054,5.27629271782427e-07,FALSE,406,MSLN,mesothelin
43,-2,-2.61983555876891,-3.61361429365182,-1.626056823886,2.37972663910174e-07,0.321336950348598,0.570805292414621,26.6971467200848,2.37972663910175e-07,FALSE,407,ACHE,acetylcholinesterase (Yt blood group)
8777,-1,-3.00931695599307,-4.25486935052458,-1.76376456146156,2.18654604768905e-06,0,1,22.423739752868,2.18654604768905e-06,FALSE,408,MPDZ,multiple PDZ domain crumbs cell polarity complex component
80307,2,2.61179519177922,1.61928232372514,3.60430805983329,2.50081257422842e-07,1.06000953498852,0.303213010253849,26.6012549643014,2.50081257422842e-07,FALSE,409,,
5754,2,2.37109731610657,1.5316250391579,3.21056959305525,3.0956945639182e-08,0.00465814740967621,0.945586130317625,30.6465945768457,3.09569456391821e-08,FALSE,410,PTK7,protein tyrosine kinase 7 (inactive)
81624,2,2.48476291502296,1.57107392666757,3.39845190337834,9.81633481808149e-08,0.13388352278137,0.714438969532952,28.4098743843662,9.81633481808152e-08,FALSE,411,DIAPH3,diaphanous related formin 3
6932,1,3.01237080625996,1.75742547472257,4.26731613779735,2.5424251770675e-06,0,1,22.1341794994549,2.5424251770675e-06,FALSE,412,TCF7,transcription factor 7
169522,1,3.57057704650197,1.95360486059647,5.18754923240747,1.50491945282373e-05,0,1,18.7312991809702,1.50491945282374e-05,FALSE,413,KCNV2,potassium voltage-gated channel modifier subfamily V member 2
23089,-2,-2.82124500962347,-3.95487114616404,-1.68761887308291,1.07305815123447e-06,0.223273573607629,0.636556860258641,23.7923910446279,1.07305815123447e-06,FALSE,414,PEG10,paternally expressed 10
54498,2,2.3928206104066,1.5333580495091,3.2522831713041,4.85023999329552e-08,0.183905643609753,0.668038056474129,29.7757382086893,4.85023999329553e-08,FALSE,415,SMOX,spermine oxidase
675,2,2.35210765150299,1.51861925659314,3.18559604641283,3.18362470564101e-08,0.641426173349258,0.423194830540855,30.5922526176637,3.183624705641e-08,FALSE,416,BRCA2,BRCA2 DNA repair associated
8538,-2,-2.79026319925804,-3.90698802446386,-1.67353837405223,9.72160627814754e-07,0.345563996602007,0.556635050002763,23.9824850796729,9.72160627814754e-07,FALSE,417,BARX2,BARX homeobox 2
6712,2,2.4411859250244,1.54964905056815,3.33272279948065,8.01775372691986e-08,0.000292832630122127,0.986346983972146,28.8017764742213,8.01775372691986e-08,FALSE,418,SPTBN2,"spectrin beta, non-erythrocytic 2"
9319,2,2.39153761506612,1.53125899804536,3.25181623208688,5.07633596077868e-08,0.477453953331215,0.489577840087051,29.6874132252574,5.07633596077868e-08,FALSE,419,TRIP13,thyroid hormone receptor interactor 13
57460,2,2.42688107065537,1.54163915099186,3.31212299031888,7.73429132720561e-08,0.00398099535479349,0.949690752743947,28.8714920233024,7.7342913272056e-08,FALSE,420,PPM1H,"protein phosphatase, Mg2+/Mn2+ dependent 1H"
1805,-2,-4.35705243684044,-6.49193657964901,-2.22216829403187,6.3326276721394e-05,3.50877457941302,0.0610445918743892,16.0004844654621,6.33262767213939e-05,FALSE,421,DPT,dermatopontin
55273,-2,-2.88091235238615,-4.06163090471119,-1.7001938000611,1.73348904051971e-06,0.035799708774987,0.849929711849184,22.8698596257333,1.73348904051971e-06,FALSE,422,TMEM100,transmembrane protein 100
5959,-2,-2.35891121202551,-3.20433408030404,-1.51348834374699,4.53296963961464e-08,0.0241013708630043,0.876627257277475,29.9068993451142,4.53296963961462e-08,FALSE,423,RDH5,retinol dehydrogenase 5
4496,-2,-3.31150099199019,-4.77689936549872,-1.84610261848166,9.4619136195089e-06,1.14161805226851,0.285310684408643,19.617088469113,9.46191361950889e-06,FALSE,424,MT1H,metallothionein 1H
23136,-2,-2.32945098629733,-3.16064754003757,-1.49825443255709,3.95493180881347e-08,0.158192284655728,0.690826318676255,30.1714281729484,3.95493180881348e-08,FALSE,425,EPB41L3,erythrocyte membrane protein band 4.1 like 3
54575,-2,-3.24620866015614,-4.67368676341152,-1.81873055690076,8.3065162012548e-06,1.62119579859716,0.202925131126256,19.8659864913463,8.3065162012548e-06,FALSE,426,UGT1A10,UDP glucuronosyltransferase family 1 member A10
22802,-2,-7.95184951304548,-12.4139845564903,-3.48971446960062,0.000477987013170665,7.67021981799556,0.00561396174950015,12.1996414704219,0.000477987013170664,FALSE,427,CLCA4,chloride channel accessory 4
50943,2,2.54824825738679,1.57109077660993,3.52540573816365,3.2007118208129e-07,0.52423238588164,0.469041829414437,26.1246530487754,3.20071182081289e-07,FALSE,428,FOXP3,forkhead box P3
1608,-2,-2.85171874894966,-4.02557808745603,-1.67785941044329,1.92212201801045e-06,0.559023547328605,0.454653937904771,22.6713533280487,1.92212201801045e-06,FALSE,429,DGKG,diacylglycerol kinase gamma
6550,-2,-2.94978320905586,-4.18871528179626,-1.71085113631546,3.06382866685605e-06,0.825128598619219,0.363684938536688,21.776164505111,3.06382866685604e-06,FALSE,430,SLC9A3,solute carrier family 9 member A3
6372,1,3.29154040832389,1.8288605437003,4.75422027294748,1.03083010144206e-05,0,1,19.4534215677958,1.03083010144206e-05,FALSE,431,CXCL6,C-X-C motif chemokine ligand 6
654463,-2,-3.23588210560376,-4.66277661363633,-1.80898759757119,8.79875280242436e-06,1.89469212449795,0.168673644450725,19.7559459803915,8.79875280242434e-06,FALSE,432,FER1L6,fer-1 like family member 6
72,-2,-5.71655146483526,-8.75469654312868,-2.67840638654183,0.000226153487304907,4.93774983355883,0.0262762225820732,13.6002659291442,0.000226153487304906,FALSE,433,ACTG2,"actin gamma 2, smooth muscle"
10875,-2,-2.26641768123503,-3.07256752474579,-1.46026783772427,3.58299520785336e-08,0.263941170411544,0.607425355018466,30.3629897712889,3.58299520785336e-08,FALSE,434,FGL2,fibrinogen like 2
57733,-1,-3.65725086600765,-5.36727194145524,-1.94722979056007,2.76740190570898e-05,0,1,17.5712540910551,2.76740190570898e-05,FALSE,435,GBA3,glucosylceramidase beta 3 (gene/pseudogene)
10350,-2,-2.79551071478207,-3.94677893554023,-1.64424249402391,1.94374651575887e-06,0.862227176600686,0.353116181732747,22.6498573427312,1.94374651575886e-06,FALSE,436,ABCA9,ATP binding cassette subfamily A member 9
144455,2,2.53891054628783,1.55419398082014,3.52362711175552,4.33998506908169e-07,0.160486245335934,0.688709236652839,25.536918671666,4.33998506908168e-07,FALSE,437,E2F7,E2F transcription factor 7
7104,1,5.20391643278446,2.4898907063612,7.91794215920772,0.00017123147397576,0,1,14.1230627777061,0.00017123147397576,FALSE,438,TM4SF4,transmembrane 4 L six family member 4
94234,2,5.61470167175081,2.63288478408364,8.59651855941798,0.000223749415413276,6.77907351327367,0.00922327521627547,13.620329474292,0.000223749415413276,FALSE,439,FOXQ1,forkhead box Q1
9899,-1,-3.92549001935373,-5.81153484347949,-2.03944519522797,4.51636421840533e-05,0,1,16.6410190176055,4.51636421840532e-05,FALSE,440,SV2B,synaptic vesicle glycoprotein 2B
191585,1,4.01817088942526,2.07189957481568,5.96444220403484,5.20024311216505e-05,0,1,16.3736772088033,5.20024311216507e-05,FALSE,441,,
1675,-2,-2.71186940600904,-3.81006218502734,-1.61367662699074,1.29890708228942e-06,1.20204548101507,0.272913235516576,23.424835932638,1.29890708228942e-06,FALSE,442,CFD,complement factor D
340419,-1,-3.82139840680076,-5.64187978790395,-2.00091702569757,3.88544134337368e-05,0,1,16.9265455911651,3.88544134337367e-05,FALSE,443,RSPO2,R-spondin 2
7447,2,3.31859388115738,1.82330624450751,4.81388151780724,1.36210928605995e-05,1.94267858412675,0.163377992549384,18.9214717318917,1.36210928605995e-05,FALSE,444,VSNL1,visinin like 1
7804,2,2.54014427144624,1.54840863995503,3.53187990293745,5.16502141293213e-07,0.4050287602364,0.524503556425586,25.2011938786505,5.16502141293214e-07,FALSE,445,LRP8,LDL receptor related protein 8
79085,-2,-2.24218107043508,-3.04383670979726,-1.44052543107291,4.20787722383753e-08,0.0737425240761629,0.785963629371592,30.0512015625403,4.20787722383753e-08,FALSE,446,SLC25A23,solute carrier family 25 member 23
51196,-2,-2.18483178685531,-2.95108146169453,-1.41858211201609,2.29030245373473e-08,0.635818001126371,0.425229229151954,31.2314096565601,2.29030245373472e-08,FALSE,447,PLCE1,phospholipase C epsilon 1
399694,-1,-3.87918060008841,-5.74942159171865,-2.00893960845817,4.79747239426323e-05,0,1,16.5265056833369,4.79747239426324e-05,FALSE,448,SHC4,SHC adaptor protein 4
5570,-2,-2.74064980539632,-3.87296968946603,-1.60832992132661,2.09676558384945e-06,0.81005651993284,0.368103541087276,22.5042739572641,2.09676558384944e-06,FALSE,449,PKIB,cAMP-dependent protein kinase inhibitor beta
1238,-2,-3.25856680303098,-4.7289207524665,-1.78821285359547,1.40147458973765e-05,1.96044787009993,0.161465427669401,18.8671218709665,1.40147458973765e-05,FALSE,450,ACKR2,atypical chemokine receptor 2
389791,1,4.03958688994984,2.06026347323928,6.01891030666041,6.33220470532325e-05,0,1,16.0006109211708,6.33220470532325e-05,FALSE,451,,
144406,1,3.32323115336889,1.80812369051432,4.83833861622346,1.71587643768009e-05,0,1,18.4812102694782,1.7158764376801e-05,FALSE,452,CFAP251,cilia and flagella associated protein 251
54443,2,2.42161905683875,1.4934738953468,3.34976421833071,3.15854458085911e-07,0.118284313503018,0.730902790903029,26.1502607277323,3.1585445808591e-07,FALSE,453,ANLN,"anillin, actin binding protein"
677826,1,2.88948066900681,1.65633769683806,4.12262364117556,4.37850152541017e-06,0,1,21.0915697907179,4.37850152541016e-06,FALSE,454,,
54474,-2,-2.53565599470582,-3.53924507681234,-1.53206691259929,7.34465943975337e-07,0.116369357821209,0.733006069636351,24.5225141243951,7.34465943975338e-07,FALSE,455,KRT20,keratin 20
32,-2,-2.06617188603345,-2.76423789180653,-1.36810588026037,6.58409024275569e-09,0.0480527130184074,0.826487018748436,33.6539541796825,6.58409024275568e-09,FALSE,456,ACACB,acetyl-CoA carboxylase beta
126433,-1,-3.38191202967781,-4.94169969924624,-1.82212436010938,2.14181951331307e-05,0,1,18.0588391370665,2.14181951331307e-05,FALSE,457,FBXO27,F-box protein 27
1894,2,2.21258151646475,1.41490986573599,3.01025316719352,5.4322760537316e-08,0.166469688529104,0.683268556924718,29.5560523529687,5.43227605373159e-08,FALSE,458,ECT2,epithelial cell transforming 2
53827,2,2.23299876902749,1.42114132285107,3.0448562152039,7.01273785559028e-08,0.0489409286269873,0.824916491107628,29.0612033117806,7.01273785559026e-08,FALSE,459,FXYD5,FXYD domain containing ion transport regulator 5
5742,-2,-3.02487260393923,-4.35358387991125,-1.69616132796722,8.12177258003169e-06,1.72426083145481,0.189145505032992,19.9089849323653,8.12177258003168e-06,FALSE,460,PTGS1,prostaglandin-endoperoxide synthase 1
55388,2,2.37357137511632,1.46821559819002,3.27892715204262,2.77031756371721e-07,0.98189388031409,0.321731684491893,26.4035437436438,2.77031756371722e-07,FALSE,461,MCM10,minichromosome maintenance 10 replication initiation factor
10024,2,2.44684230624592,1.49242004617421,3.40126456631762,5.04117529242553e-07,0.886011099151694,0.346560556214155,25.2480024755225,5.04117529242554e-07,FALSE,462,TROAP,trophinin associated protein
57758,-2,-2.63827296397078,-3.71779719505513,-1.55874873288643,1.66782141743981e-06,5.85201454487004e-05,0.993896365430325,22.9440904501616,1.6678214174398e-06,FALSE,463,SCUBE2,"signal peptide, CUB domain and EGF like domain containing 2"
3673,2,2.35486376576209,1.45901382237993,3.25071370914424,2.57678141141777e-07,0.542727842578741,0.461304413596011,26.5434405599345,2.57678141141777e-07,FALSE,464,ITGA2,integrin subunit alpha 2
2875,-2,-2.3456402430279,-3.23582854090375,-1.45545194515205,2.41092709037017e-07,0.579668017534207,0.446442476880462,26.671978246363,2.41092709037016e-07,FALSE,465,GPT,glutamic--pyruvic transaminase
26586,2,2.21471796632556,1.40960547642911,3.01983045622201,6.98702876524802e-08,0.0289513537460831,0.864891406957507,29.0683185988577,6.98702876524802e-08,FALSE,466,CKAP2,cytoskeleton associated protein 2
1063,2,2.29122537508461,1.43240238792397,3.15004836224525,1.70500411927006e-07,1.4376079229152,0.230526823050356,27.3416350718665,1.70500411927006e-07,FALSE,467,CENPF,centromere protein F
2641,-2,-4.19494870306478,-6.29907971090945,-2.09081769522011,9.32456883188145e-05,1.29152610700573,0.255766898969395,15.2687659569275,9.32456883188145e-05,FALSE,468,GCG,glucagon
388364,-2,-6.40867905730712,-9.95472900016651,-2.86262911444774,0.000396820601077019,6.17452355568149,0.0129602807326331,12.5471049889588,0.000396820601077019,FALSE,469,TMIGD1,transmembrane and immunoglobulin domain containing 1
30815,-2,-2.58944199595571,-3.6471803056698,-1.53170368624163,1.60118204368736e-06,1.01650728627505,0.313348925695564,23.0224791383626,1.60118204368736e-06,FALSE,470,ST6GALNAC6,"ST6 N-acetylgalactosaminide alpha-2,6-sialyltransferase 6"
1908,-2,-2.69236942366766,-3.81741830232993,-1.56732054500538,2.72650332460264e-06,0.130644389293822,0.717764847498923,22.0000009373442,2.72650332460264e-06,FALSE,471,EDN3,endothelin 3
5101,-1,-3.60112707419714,-5.32088464218786,-1.88136950620642,4.05869081927223e-05,0,1,16.8437434095669,4.05869081927224e-05,FALSE,472,PCDH9,protocadherin 9
54857,-1,-3.17287095127526,-4.6134740748541,-1.73226782769642,1.58348669636743e-05,0,1,18.6342661883076,1.58348669636743e-05,FALSE,473,GDPD2,glycerophosphodiester phosphodiesterase domain containing 2
92949,-2,-2.56338928139719,-3.60607244030199,-1.52070612249239,1.44654130222695e-06,0.0890313997728455,0.765412160370601,23.2177746718547,1.44654130222695e-06,FALSE,474,ADAMTSL1,ADAMTS like 1
815,-1,-3.56566589541798,-5.26743301742299,-1.86389877341298,4.01423713282389e-05,0,1,16.8646455767692,4.0142371328239e-05,FALSE,475,CAMK2A,calcium/calmodulin dependent protein kinase II alpha
9787,2,2.27651158118753,1.41717744878606,3.135845713589,2.07763780434079e-07,0.199762850953911,0.654912334013096,26.9594970473424,2.07763780434078e-07,FALSE,476,DLGAP5,DLG associated protein 5
55165,2,2.45905203659465,1.47991956089245,3.43818451229686,8.55018692136091e-07,0.136557779325837,0.711727313185337,24.2297375112278,8.55018692136089e-07,FALSE,477,CEP55,centrosomal protein 55
1511,-2,-2.93141910288174,-4.22157389978974,-1.64126430597374,8.45514629108635e-06,0.198738434422431,0.655741078137662,19.8320846005525,8.45514629108631e-06,FALSE,478,CTSG,cathepsin G
4147,-2,-2.35276673554348,-3.26538313522245,-1.4401503358645,4.35205058098362e-07,0.175409806128539,0.675348024090908,25.531562100651,4.35205058098363e-07,FALSE,479,MATN2,matrilin 2
202374,-1,-3.06723416355626,-4.44946316863745,-1.68500515847507,1.36599861356201e-05,0,1,18.9160321524021,1.36599861356201e-05,FALSE,480,STK32A,serine/threonine kinase 32A
4493,-2,-2.59700335268145,-3.67322685013064,-1.52077985523226,2.25038428540177e-06,0.191387969987506,0.661763924159033,22.368469147813,2.25038428540177e-06,FALSE,481,MT1E,metallothionein 1E
26033,-2,-3.11875421541521,-4.53755507529501,-1.69995335553542,1.645004149132e-05,0.750180965958848,0.386418941928551,18.561607971982,1.645004149132e-05,FALSE,482,ATRNL1,attractin like 1
83461,2,2.22972121609629,1.39198686954907,3.0674555626435,1.82180535366658e-07,0.111747012162587,0.73816388654163,27.2135169318199,1.82180535366658e-07,FALSE,483,CDCA3,cell division cycle associated 3
79026,-2,-2.24516357993957,-3.09418037341961,-1.39614678645953,2.18364743722128e-07,0.0868018085884296,0.768283061704502,26.8633145945682,2.18364743722127e-07,FALSE,484,AHNAK,AHNAK nucleoprotein
4026,-2,-2.13111873710475,-2.90680704125341,-1.3554304329561,7.25306561120488e-08,0.303264668364037,0.581842968632136,28.9959265268812,7.25306561120488e-08,FALSE,485,LPP,LIM domain containing preferred translocation partner in lipoma
78986,-1,-3.52420483009776,-5.21463625697818,-1.83377340321734,4.38637048531471e-05,0,1,16.6964195797855,4.38637048531472e-05,FALSE,486,DUSP26,dual specificity phosphatase 26
3977,-1,-3.1774460955035,-4.64051976745677,-1.71437242355023,2.07584264445117e-05,0,1,18.1184138262716,2.07584264445117e-05,FALSE,487,LIFR,LIF receptor subunit alpha
54884,-2,-2.15115798643829,-2.9410442090512,-1.36127176382538,9.41222087626503e-08,7.29716746160576e-07,0.999318419486901,28.4912641280436,9.41222087626501e-08,FALSE,488,RETSAT,retinol saturase
7146,-2,-3.69860747252648,-5.50440881348996,-1.892806131563,5.96072033926556e-05,3.18709664066351,0.0742217251011151,16.1150896241488,5.96072033926556e-05,FALSE,489,,
54798,-1,-3.65518836735541,-5.43494548325138,-1.87543125145944,5.69052745539013e-05,0,1,16.2029552220874,5.69052745539013e-05,FALSE,490,DCHS2,dachsous cadherin-related 2
1215,-2,-2.84333152510862,-4.09233198472632,-1.59433106549093,8.12627853409003e-06,0.343346761489899,0.557903748735989,19.9079245524748,8.12627853409002e-06,FALSE,491,CMA1,chymase 1
375057,-1,-3.50059870157517,-5.18152846930192,-1.81966893384842,4.47078999931745e-05,0,1,16.6602571467847,4.47078999931745e-05,FALSE,492,STUM,"stum, mechanosensory transduction mediator homolog"
158866,-1,-3.63234737840389,-5.40007968351021,-1.86461507329757,5.64099349355209e-05,0,1,16.2195176854157,5.64099349355209e-05,FALSE,493,ZDHHC15,zinc finger DHHC-type palmitoyltransferase 15
9314,-2,-2.72260615149529,-3.89660689787384,-1.54860540511675,5.48516496327184e-06,1.66374951083537,0.19709783193112,20.6599410919667,5.48516496327183e-06,FALSE,494,KLF4,KLF transcription factor 4
11211,1,3.80242495073261,1.91811074575188,5.68673915571335,7.65086160053036e-05,0,1,15.6426684334544,7.65086160053037e-05,FALSE,495,FZD10,frizzled class receptor 10
8771,1,3.16325943395302,1.69739626028897,4.62912260761707,2.34206824854815e-05,0,1,17.8887064395231,2.34206824854815e-05,FALSE,496,TNFRSF6B,TNF receptor superfamily member 6b
100505635,-1,-3.25905769747029,-4.78899030534023,-1.72912508960035,2.97843143882344e-05,0,1,17.4315368542039,2.97843143882344e-05,FALSE,497,,
6659,2,2.0290783889576,1.30713951247025,2.75101726544494,3.61561986785769e-08,0.0441504557506228,0.833573939369003,30.3454075271024,3.61561986785768e-08,FALSE,498,SOX4,SRY-box transcription factor 4
137872,-2,-2.42354041741892,-3.40574617219107,-1.44133466264678,1.32406797390852e-06,1.0555984053942,0.30422123781077,23.3879290161178,1.32406797390852e-06,FALSE,499,ADHFE1,alcohol dehydrogenase iron containing 1
285313,-2,-2.66482860769729,-3.80583936854527,-1.52381784684931,4.70582861378715e-06,0.102210347968115,0.749193082535406,20.9534367519634,4.70582861378715e-06,FALSE,500,IGSF10,immunoglobulin superfamily member 10
2139,-2,-3.00532454664783,-4.37107370736367,-1.63957538593199,1.61133244329221e-05,1.5788242351271,0.208930134240164,18.6010326290909,1.61133244329221e-05,FALSE,501,EYA2,EYA transcriptional coactivator and phosphatase 2
1610,-1,-3.92378065924571,-5.89443864900882,-1.95312266948259,9.52090360332624e-05,0,1,15.2294110779962,9.52090360332624e-05,FALSE,502,DAO,D-amino acid oxidase
4973,1,3.21541532906457,1.70774430359364,4.7230863545355,2.91480737808755e-05,0,1,17.4725849467176,2.91480737808755e-05,FALSE,503,OLR1,oxidized low density lipoprotein receptor 1
4498,-1,-3.57806863035058,-5.32494971395539,-1.83118754674577,5.95673841588635e-05,0,1,16.1163552122214,5.95673841588635e-05,FALSE,504,,
3248,-2,-2.54890475198428,-3.61818813254183,-1.47962137142673,2.98186479564996e-06,0.25132414158809,0.616144248135341,21.8281918582016,2.98186479564997e-06,FALSE,505,HPGD,15-hydroxyprostaglandin dehydrogenase
7140,-1,-3.45906092432962,-5.12778805312735,-1.79033379553189,4.84962572925505e-05,0,1,16.5060042205444,4.84962572925505e-05,FALSE,506,TNNT3,"troponin T3, fast skeletal type"
113130,2,2.34906950757894,1.41103767284874,3.28710134230913,9.18942286814357e-07,0.660364686622027,0.416431224715258,24.0908854035744,9.18942286814359e-07,FALSE,507,CDCA5,cell division cycle associated 5
401093,-2,-2.22072710926024,-3.07439426799298,-1.36705995052751,3.42094779638108e-07,0.956283265716879,0.328125086172828,25.9961732281384,3.42094779638108e-07,FALSE,508,,
8547,1,3.83004537225304,1.91530921675379,5.7447815277523,8.83600945661517e-05,0,1,15.3704344666761,8.83600945661518e-05,FALSE,509,FCN3,ficolin 3
79608,-1,-3.54507551301338,-5.27247873923656,-1.8176722867902,5.76203550139196e-05,0,1,16.1792993407904,5.76203550139197e-05,FALSE,510,RIC3,RIC3 acetylcholine receptor chaperone
9796,-1,-3.4985009838786,-5.19618500720778,-1.80081696054942,5.36808917605413e-05,0,1,16.3134741696204,5.36808917605412e-05,FALSE,511,PHYHIP,phytanoyl-CoA 2-hydroxylase interacting protein
7483,-2,-3.25695593364051,-4.79542541990971,-1.71848644737131,3.33545702371921e-05,1.74996484381194,0.185881152049142,17.2163932234004,3.33545702371921e-05,FALSE,512,WNT9A,Wnt family member 9A
1760,-2,-2.32306485311108,-3.24730226853074,-1.39882743769142,8.37768795440232e-07,0.685947554699144,0.407546197417527,24.2689931287078,8.37768795440234e-07,FALSE,513,DMPK,DM1 protein kinase
5067,-2,-2.6139022292182,-3.73068982570852,-1.49711463272789,4.48794877785824e-06,1.07396639197765,0.300051247369555,21.0442618306533,4.48794877785824e-06,FALSE,514,CNTN3,contactin 3
23035,-2,-2.17024258611772,-2.99480843901417,-1.34567673322127,2.48816267359205e-07,0.0015182138669248,0.96891888018334,26.6110525825167,2.48816267359204e-07,FALSE,515,PHLPP2,PH domain and leucine rich repeat protein phosphatase 2
4137,-1,-3.35677093951076,-4.96480708925843,-1.74873478976309,4.2874113441217e-05,0,1,16.7397119271705,4.28741134412169e-05,FALSE,516,MAPT,microtubule associated protein tau
85477,-2,-2.35246496233854,-3.29790395655696,-1.40702596812011,1.07803486081022e-06,0.373783688573134,0.540949022893372,23.7834847855342,1.07803486081022e-06,FALSE,517,SCIN,scinderin
2247,-2,-2.37629991873269,-3.33790276267513,-1.41469707479024,1.27612554412682e-06,0.303884608447649,0.581457306751416,23.4588765686996,1.27612554412682e-06,FALSE,518,FGF2,fibroblast growth factor 2
9569,2,2.06577083844789,1.30800569479016,2.82353598210563,9.13560131551078e-08,0.267282514163388,0.605160537550036,28.5490208741415,9.13560131551075e-08,FALSE,519,GTF2IRD1,GTF2I repeat domain containing 1
6998,1,3.78329072305174,1.88781643213096,5.67876501397252,9.15312848954238e-05,0,1,15.3038188528827,9.15312848954237e-05,FALSE,520,CRIPTO3,"cripto, EGF-CFC family member 3"
7045,2,2.28723057658696,1.38018631536912,3.1942748378048,7.72042373206209e-07,0.112131254035728,0.737730658374242,24.426380533045,7.72042373206206e-07,FALSE,521,TGFBI,transforming growth factor beta induced
10669,2,2.26480329514688,1.3725099198991,3.15709667039466,6.53332520045273e-07,0.594873823081584,0.440540606086765,24.7480976665606,6.53332520045275e-07,FALSE,522,CGREF1,cell growth regulator with EF-hand domain 1
64699,2,2.56082034552358,1.47271137236249,3.64892931868468,3.9747989217804e-06,0.059863623975159,0.806711618302131,21.2769621843731,3.9747989217804e-06,FALSE,523,TMPRSS3,transmembrane serine protease 3
4085,2,2.23583005930197,1.3624046139866,3.10925550461734,5.24311522659015e-07,0.376073322621166,0.539712255929843,25.1722527297472,5.24311522659015e-07,FALSE,524,MAD2L1,mitotic arrest deficient 2 like 1
6446,-1,-2.94193186410609,-4.28295684330633,-1.60090688490585,1.70986088332693e-05,0,1,18.4879035714817,1.70986088332693e-05,FALSE,525,SGK1,serum/glucocorticoid regulated kinase 1
79937,-1,-3.35650107897022,-4.9717121641206,-1.74128999381984,4.64279062266042e-05,0,1,16.5886556200549,4.64279062266041e-05,FALSE,526,CNTNAP3,contactin associated protein family member 3
729533,2,2.40483809682358,1.41826574078602,3.39141045286114,1.77446351505308e-06,0.685606484589024,0.407662810608926,22.8249578413402,1.77446351505307e-06,FALSE,527,FAM72A,family with sequence similarity 72 member A
4621,-1,-2.99088820842036,-4.36543207897015,-1.61634433787057,2.00160586187427e-05,0,1,18.187764912324,2.00160586187427e-05,FALSE,528,MYH3,myosin heavy chain 3
23657,2,2.49110613371399,1.44685571345128,3.53535655397669,2.93121345974658e-06,0.708706390521283,0.399873593650382,21.8610655636136,2.93121345974658e-06,FALSE,529,SLC7A11,solute carrier family 7 member 11
57158,-2,-4.56802068480893,-6.98780489639856,-2.14823647321929,0.000215615463151928,4.66045973783999,0.0308649261482828,13.6898606721606,0.000215615463151928,FALSE,530,JPH2,junctophilin 2
64151,2,2.23687574560805,1.35913333412617,3.11461815708993,5.88800494732358e-07,0.103007855283195,0.748249518467666,24.9485744973148,5.88800494732357e-07,FALSE,531,NCAPG,non-SMC condensin I complex subunit G
105378230,-1,-2.93885299767905,-4.28418396952987,-1.59352202582823,1.85630606666485e-05,0,1,18.3313152902734,1.85630606666486e-05,FALSE,532,,
6581,2,2.43695580290687,1.42315019048797,3.45076141532577,2.46137740865783e-06,0.434911384600933,0.509588794812413,22.1963776531563,2.46137740865784e-06,FALSE,533,SLC22A3,solute carrier family 22 member 3
4857,-2,-3.25453561760549,-4.81010624609589,-1.6989649891151,4.12080683801563e-05,1.74409402104984,0.18662092217796,16.8149186609017,4.12080683801563e-05,FALSE,534,NOVA1,NOVA alternative splicing regulator 1
6855,-2,-2.55887069909026,-3.65423899507658,-1.46350240310393,4.68014356633312e-06,0.973652007677247,0.323771064511548,20.9639218161864,4.68014356633312e-06,FALSE,535,SYP,synaptophysin
891,2,2.25156464836224,1.3596479403044,3.14348135642009,7.50742031920442e-07,0.292883669739488,0.58837850547121,24.4802825109173,7.50742031920443e-07,FALSE,536,CCNB1,cyclin B1
414236,2,2.4535583417377,1.42731825612037,3.47979842735503,2.78695782270025e-06,0.412129155914145,0.5208908034419,21.9579105534405,2.78695782270026e-06,FALSE,537,,
7012,2,2.15865185598732,1.32710152353651,2.99020218843813,3.61969956275985e-07,0.0107837782018422,0.917292376906206,25.8871541784538,3.61969956275985e-07,FALSE,538,,
8611,-2,-2.13060667015383,-2.94628173151838,-1.31493160878927,3.06219622775182e-07,0.952219538976162,0.329154975547055,26.2100819034152,3.06219622775183e-07,FALSE,539,PLPP1,phospholipid phosphatase 1
8174,-2,-2.79350026760895,-4.04906744942775,-1.53793308579015,1.29643193035622e-05,0.000325859476736108,0.985597706620558,19.0157607927437,1.29643193035622e-05,FALSE,540,MADCAM1,mucosal vascular addressin cell adhesion molecule 1
100289279,-1,-3.14949163573339,-4.64287683963049,-1.65610643183629,3.5729858873986e-05,0,1,17.0857250166498,3.57298588739861e-05,FALSE,541,CNTNAP3C,contactin associated protein family member 3C
28797,1,4.03032583503138,1.95285601754292,6.10779565251984,0.000143322770596035,0,1,14.4579611441196,0.000143322770596035,FALSE,542,,
2263,-2,-2.6018699648357,-3.73249481949969,-1.47124511017171,6.47052075951672e-06,0.0110557268997878,0.916259786854608,20.3437167693698,6.47052075951673e-06,FALSE,543,FGFR2,fibroblast growth factor receptor 2
2305,2,2.19334455488001,1.33309692409257,3.05359218566745,5.81523038179889e-07,0.00298291517082679,0.956444335358805,24.9725524121194,5.81523038179889e-07,FALSE,544,FOXM1,forkhead box M1
8348,2,2.23252158252528,1.34522683284558,3.11981633220499,8.16157138020154e-07,0.817329403093216,0.365962144397868,24.3193347492121,8.16157138020151e-07,FALSE,545,H2BC17,H2B clustered histone 17
4208,-1,-2.77732039211245,-4.02685111070347,-1.52778967352143,1.32222768277243e-05,0,1,18.9781674056947,1.32222768277244e-05,FALSE,546,MEF2C,myocyte enhancer factor 2C
25840,-2,-2.20659648441839,-3.07728091721766,-1.33591205161913,6.793218526633e-07,0.13668410201154,0.71159997286645,24.672915226566,6.79321852663302e-07,FALSE,547,TMT1A,thiol methyltransferase 1A
27111,-2,-2.19941325811445,-3.06999961396491,-1.328826902264,7.3616481432995e-07,0.825006163426425,0.363720535300875,24.5180624252435,7.3616481432995e-07,FALSE,548,SDCBP2,syndecan binding protein 2
2069,2,2.4103624686475,1.39945980637345,3.42126513092155,2.96438010827062e-06,0.0425622626824059,0.836551708314762,21.8394760113862,2.96438010827063e-06,FALSE,549,EREG,epiregulin
2294,-2,-2.66350222960672,-3.84281414279302,-1.48419031642043,9.57201105364538e-06,1.16276410664705,0.280893025829927,19.5949852061045,9.57201105364538e-06,FALSE,550,FOXF1,forkhead box F1
699,2,2.2466628247831,1.34415704198033,3.14916860758586,1.06593620034058e-06,0.315980047650731,0.57403356380257,23.8052087227303,1.06593620034058e-06,FALSE,551,BUB1,BUB1 mitotic checkpoint serine/threonine kinase
56603,-2,-2.43015279099216,-3.4551202865806,-1.40518529540373,3.36816281073843e-06,0.837357635248461,0.360153583581636,21.5945001460344,3.36816281073843e-06,FALSE,552,CYP26B1,cytochrome P450 family 26 subfamily B member 1
259292,1,3.9299072423024,1.90797659597075,5.95183788863405,0.000139267086730754,0,1,14.5120334884172,0.000139267086730754,FALSE,553,TAS2R46,taste 2 receptor member 46
54084,1,3.85588851738828,1.88307759092423,5.82869944385233,0.000127738211682783,0,1,14.6748675698026,0.000127738211682783,FALSE,554,TSPEAR,thrombospondin type laminin G domain and EAR repeats
85455,-2,-2.3244256480517,-3.27970897174173,-1.36914232436168,1.85099969974468e-06,0.263385049936699,0.607804059653752,22.7438041554268,1.85099969974469e-06,FALSE,555,DISP2,dispatched RND transporter family member 2
10635,2,2.22216373073731,1.3325187443737,3.11180871710091,9.79978991173587e-07,0.547175955061498,0.459473898719486,23.9670631779955,9.79978991173584e-07,FALSE,556,RAD51AP1,RAD51 associated protein 1
109729182,-1,-2.84249965477119,-4.14567430543408,-1.5393250041083,1.91054812683712e-05,0,1,18.2764472071704,1.91054812683712e-05,FALSE,557,,
2295,-2,-3.40979893252705,-5.0908036315965,-1.72879423345759,7.01878541488733e-05,2.05303365179148,0.151903249419779,15.8057776463095,7.01878541488732e-05,FALSE,558,FOXF2,forkhead box F2
5523,-2,-2.082589569755,-2.88058964381231,-1.2845894956977,3.13678116409369e-07,0.452439855672179,0.501178577354337,26.1636117991738,3.13678116409368e-07,FALSE,559,PPP2R3A,protein phosphatase 2 regulatory subunit B''alpha
29841,2,2.68624609333934,1.48498879822029,3.88750338845838,1.1713002367804e-05,0.145478014742078,0.702894736646657,19.2094840217503,1.1713002367804e-05,FALSE,560,GRHL1,grainyhead like transcription factor 1
57554,-1,-3.61099704862664,-5.42825705730003,-1.79373703995325,9.83780274347414e-05,0,1,15.1675805526155,9.83780274347415e-05,FALSE,561,LRRC7,leucine rich repeat containing 7
157777,1,3.95430549181503,1.90846948940383,6.00014149422623,0.000151664972567732,0,1,14.3514236155228,0.000151664972567732,FALSE,562,MCMDC2,minichromosome maintenance domain containing 2
115,-2,-2.10522337457559,-2.91996434934327,-1.2904823998079,4.09720820286619e-07,0.033427353210057,0.854930240730818,25.647995702736,4.09720820286619e-07,FALSE,563,ADCY9,adenylate cyclase 9
733,-1,-3.44746406716838,-5.15721977477097,-1.73770835956579,7.7510052908084e-05,0,1,15.6180768009398,7.7510052908084e-05,FALSE,564,C8G,complement C8 gamma chain
4501,-2,-2.30601557034397,-3.25818886170867,-1.35384227897927,2.06733830718503e-06,0.482125441578486,0.487461153025402,22.5314251375536,2.06733830718503e-06,FALSE,565,MT1X,metallothionein 1X
5328,2,2.41441988169705,1.38838800499849,3.44045175839561,3.98594220051086e-06,0.582621897830452,0.445286451890213,21.2715958071584,3.98594220051087e-06,FALSE,566,PLAU,"plasminogen activator, urokinase"
2307,1,4.21156390378621,1.98655588159849,6.43657192597394,0.000207357210787441,0,1,13.763212311035,0.000207357210787441,FALSE,567,FOXS1,forkhead box S1
619562,1,2.84307097911695,1.52836822799023,4.15777373024367,2.25056973244425e-05,0,1,17.9645541458578,2.25056973244424e-05,FALSE,568,,
25788,2,2.18814384734544,1.3088666589517,3.06742103573918,1.07433493295373e-06,0.161366705934622,0.687901328567176,23.7901021872861,1.07433493295374e-06,FALSE,569,RAD54B,RAD54 homolog B
3306,-2,-2.73246985013458,-3.97582500400932,-1.48911469625983,1.65236075409435e-05,1.74225295903861,0.186853614959207,18.5531024000333,1.65236075409435e-05,FALSE,570,HSPA2,heat shock protein family A (Hsp70) member 2
4133,-1,-3.16855051508999,-4.70376289390247,-1.63333813627751,5.22779244986802e-05,0,1,16.3636629496494,5.22779244986803e-05,FALSE,571,MAP2,microtubule associated protein 2
94030,-1,-3.30092718946166,-4.92462140662241,-1.67723297230091,6.76067862693029e-05,0,1,15.8766760718102,6.76067862693028e-05,FALSE,572,LRRC4B,leucine rich repeat containing 4B
8313,2,2.22703473818746,1.31823487243854,3.13583460393637,1.56355625766897e-06,0.0271108168630501,0.869216619022922,23.0681972553996,1.56355625766897e-06,FALSE,573,AXIN2,axin 2
63951,-1,-3.38979362574029,-5.07607688176237,-1.70351036971821,8.14982494769979e-05,0,1,15.5232139787896,8.1498249476998e-05,FALSE,574,DMRTA1,DMRT like family A1
6652,2,2.11665635056566,1.2748317895383,2.95848091159302,8.30459417778229e-07,0.00170592095555408,0.967054504106454,24.2858721721387,8.3045941777823e-07,FALSE,575,SORD,sorbitol dehydrogenase
6442,-2,-4.2354484660057,-6.49168299536597,-1.97921393664543,0.000233890160286617,4.15569908389033,0.0414946416817312,13.5371269942534,0.000233890160286617,FALSE,576,SGCA,sarcoglycan alpha
2049,2,2.37342440937879,1.35960114294737,3.38724767581022,4.4665683867363e-06,0.225482851185262,0.63489364510309,21.0534117242613,4.46656838673628e-06,FALSE,577,EPHB3,EPH receptor B3
3570,-2,-2.16566957454316,-3.04138538858998,-1.28995376049633,1.25313714747643e-06,0.505480963771785,0.477101683339261,23.4938497775734,1.25313714747644e-06,FALSE,578,IL6R,interleukin 6 receptor
57458,-2,-2.15647031841841,-3.02671982046428,-1.28622081637254,1.19314330439095e-06,0.0582349462976547,0.809307747144916,23.5882425563147,1.19314330439095e-06,FALSE,579,TMCC3,transmembrane and coiled-coil domain family 3
79861,-2,-2.38703786837749,-3.41164019121866,-1.36243554553633,4.96716310345661e-06,1.01579909425355,0.313517552517355,20.8499072501775,4.96716310345662e-06,FALSE,580,TUBAL3,tubulin alpha like 3
90853,1,4.11130254761032,1.93243048635719,6.29017460886345,0.000217094426329915,0,1,13.6770236049111,0.000217094426329915,FALSE,581,SPOCD1,SPOC domain containing 1
8787,-2,-2.6852348639768,-3.91171977268548,-1.45874995526812,1.77793989791965e-05,0.767562053213642,0.380972308898398,18.4134988467078,1.77793989791966e-05,FALSE,582,RGS9,regulator of G protein signaling 9
8836,2,2.29123509930453,1.32723134130208,3.25523885730699,3.18639348234244e-06,0.251777343792494,0.615826366249993,21.7009144767409,3.18639348234243e-06,FALSE,583,GGH,gamma-glutamyl hydrolase
653,-2,-2.64238478019053,-3.84202365167081,-1.44274590871025,1.58081786195568e-05,0.202380751645881,0.652805995820386,18.6374821810317,1.58081786195569e-05,FALSE,584,BMP5,bone morphogenetic protein 5
10894,-2,-3.89411065268423,-5.93150384228833,-1.85671746308013,0.00017959167209509,3.15180553612451,0.0758429997920395,14.0334049623684,0.00017959167209509,FALSE,585,LYVE1,lymphatic vessel endothelial hyaluronan receptor 1
6833,-1,-3.30195389096386,-4.94432350232046,-1.65958427960726,8.13216000876826e-05,0,1,15.5273159248697,8.13216000876827e-05,FALSE,586,ABCC8,ATP binding cassette subfamily C member 8
219348,-2,-2.35121222575109,-3.36099939688958,-1.34142505461261,5.02775420974893e-06,0.0634785807474225,0.801080051608505,20.8266849235475,5.02775420974892e-06,FALSE,587,PLAC9,placenta associated 9
111,-2,-3.69935937860089,-5.6117185661051,-1.78700019109667,0.000149771278934799,5.07901829043901,0.0242170781836189,14.3750808359974,0.000149771278934799,FALSE,588,ADCY5,adenylate cyclase 5
1588,1,3.614688331078,1.75604451788648,5.47333214426952,0.000137994394039579,0,1,14.5293289150898,0.000137994394039578,FALSE,589,CYP19A1,cytochrome P450 family 19 subfamily A member 1
6241,2,2.18781960034816,1.28358414040048,3.09205506029584,2.11430279878159e-06,0.220518629877454,0.638645032276853,22.4882743818912,2.1143027987816e-06,FALSE,590,RRM2,ribonucleotide reductase regulatory subunit M2
1158,-1,-3.20539728359077,-4.79159711889626,-1.61919744828529,7.47300670181507e-05,0,1,15.6871522020854,7.47300670181506e-05,FALSE,591,CKM,"creatine kinase, M-type"
57670,2,2.02004963367443,1.22470761831267,2.81539164903619,6.42396595435415e-07,0.000325828817580587,0.985598384097527,24.7806339208581,6.42396595435415e-07,FALSE,592,KIAA1549,KIAA1549
5152,-2,-2.30230718354965,-3.28803805692971,-1.3165763101696,4.69981918971724e-06,0.574651782746036,0.448416320310066,20.9558847430935,4.69981918971724e-06,FALSE,593,PDE9A,phosphodiesterase 9A
84962,2,2.10271256708944,1.24921721666395,2.95620791751493,1.37453215722811e-06,0.587919970820727,0.443224582130711,23.3159805071016,1.37453215722811e-06,FALSE,594,AJUBA,ajuba LIM protein
221091,-2,-2.42047006821192,-3.48775122034068,-1.35318891608316,8.79035749526306e-06,0.886004086566588,0.346562464640419,19.7577704334711,8.79035749526306e-06,FALSE,595,LRRN4CL,LRRN4 C-terminal like
443,-2,-2.5704520700489,-3.73915920831869,-1.40174493177911,1.62708577674125e-05,0.0829694503159454,0.773312919444407,18.582485780712,1.62708577674125e-05,FALSE,596,ASPA,aspartoacylase
6525,-2,-2.38472919104782,-3.43001773849731,-1.33944064359833,7.76813445042869e-06,0.298502641417068,0.584822656310946,19.9941033878815,7.7681344504287e-06,FALSE,597,SMTN,smoothelin
222643,2,2.33035580393024,1.3213113718211,3.33940023603938,5.99759575024971e-06,0.00760144770695338,0.930523443493265,20.4889674117052,5.9975957502497e-06,FALSE,598,UNC5CL,unc-5 family C-terminal like
441501,-1,-3.06847435846784,-4.57239888021118,-1.5645498367245,6.36276455147025e-05,0,1,15.9914961454731,6.36276455147025e-05,FALSE,599,,
1946,-2,-2.41773288221876,-3.4856748602138,-1.34979090422372,9.11377069373939e-06,0.784700150169372,0.375707510315356,19.6887208104137,9.11377069373939e-06,FALSE,600,EFNA5,ephrin A5
3352,2,3.47571893623599,1.69799341974161,5.25344445273037,0.000127094182946607,2.10637739846274,0.14668620512149,14.6843953945165,0.000127094182946607,FALSE,601,HTR1D,5-hydroxytryptamine receptor 1D
10178,-1,-3.46828266551579,-5.2419710322133,-1.69459429881828,0.000126833511699457,0,1,14.6882656156817,0.000126833511699457,FALSE,602,TENM1,teneurin transmembrane protein 1
677839,2,2.29793193866388,1.30875139527935,3.2871124820484,5.28545468527994e-06,0.820518010595735,0.365028755247806,20.7309581019073,5.28545468527995e-06,FALSE,603,,
157376,-1,-3.17000081965316,-4.74514384567486,-1.59485779363146,7.99802609410873e-05,0,1,15.5587585666538,7.99802609410874e-05,FALSE,604,,
84264,2,2.44617166656746,1.35667181281673,3.53567152031818,1.07972373335711e-05,0.134282908929233,0.714032057824421,19.3649193473084,1.07972373335711e-05,FALSE,605,HAGHL,hydroxyacylglutathione hydrolase like
5365,-1,-3.14609512682146,-4.70692320471271,-1.58526704893021,7.79501466400734e-05,0,1,15.6073706406057,7.79501466400735e-05,FALSE,606,PLXNB3,plexin B3
129807,-2,-2.408381130542,-3.47407120381404,-1.34269105726995,9.45068543769486e-06,0.0011246411981592,0.973247420847562,19.6193571433057,9.45068543769487e-06,FALSE,607,NEU4,neuraminidase 4
163589,1,3.7837533589566,1.79447258610672,5.77303413180648,0.000193012464541248,0,1,13.8979149931063,0.000193012464541248,FALSE,608,TDRD5,tudor domain containing 5
10752,-1,-2.95949822454733,-4.39637481615108,-1.52262163294358,5.41649009343959e-05,0,1,16.296465074589,5.4164900934396e-05,FALSE,609,CHL1,cell adhesion molecule L1 like
8110,-2,-2.33351824036428,-3.35014998567708,-1.31688649505149,6.83416467673139e-06,0.0378572613618666,0.845730040442813,20.2391024268471,6.83416467673141e-06,FALSE,610,DPF3,double PHD fingers 3
3781,-1,-3.26754165338669,-4.91200481154319,-1.62307849523019,9.84256382891928e-05,0,1,15.1666669725828,9.84256382891929e-05,FALSE,611,KCNN2,potassium calcium-activated channel subfamily N member 2
4321,2,2.66926922032525,1.42650013307431,3.9120383075762,2.55722282801472e-05,1.23379400645086,0.266670460999964,17.7214827011685,2.55722282801472e-05,FALSE,612,MMP12,matrix metallopeptidase 12
6710,-1,-2.60959940744919,-3.81258981563731,-1.40660899926107,2.12180289533497e-05,0,1,18.0767163359206,2.12180289533497e-05,FALSE,613,SPTB,"spectrin beta, erythrocytic"
23345,-2,-2.19935066929537,-3.12676004308421,-1.27194129550652,3.35082513931013e-06,0.914924161199579,0.338811260830581,21.6043984863169,3.35082513931014e-06,FALSE,614,SYNE1,spectrin repeat containing nuclear envelope protein 1
100127888,1,2.53079517102238,1.38031324857172,3.68127709347304,1.62173358214645e-05,0,1,18.5887667648482,1.62173358214645e-05,FALSE,615,,
643008,-1,-2.93853555080359,-4.36377088124865,-1.51330022035854,5.32161340972094e-05,0,1,16.3299524918534,5.32161340972095e-05,FALSE,616,SMIM5,small integral membrane protein 5
1058,2,2.30771047831145,1.30525943188692,3.31016152473598,6.42281606100513e-06,0.135686713249182,0.712607223993446,20.3578766683065,6.42281606100512e-06,FALSE,617,CENPA,centromere protein A
8336,2,2.10480207692738,1.23883585391977,2.970768299935,1.89930375117568e-06,0.174291592724019,0.676325561421475,22.6943006426333,1.89930375117568e-06,FALSE,618,H2AC17,H2A clustered histone 17
9837,2,2.21129125572546,1.27345653570464,3.14912597574629,3.81273017453197e-06,0.00709242170731418,0.932884286306533,21.3567648235038,3.81273017453196e-06,FALSE,619,GINS1,GINS complex subunit 1
4495,-2,-2.68567781236419,-3.94320412298777,-1.42815150174061,2.84085727629774e-05,0.915137184823678,0.338755036586667,17.5214419390938,2.84085727629774e-05,FALSE,620,MT1G,metallothionein 1G
26040,-2,-2.95092043733432,-4.39022484265979,-1.51161603200886,5.85951926502634e-05,2.12728320216444,0.144697019909035,16.147521563219,5.85951926502635e-05,FALSE,621,SETBP1,SET binding protein 1
11099,-2,-1.94501033771523,-2.70865609987456,-1.1813645755559,5.97448691994265e-07,0.000684758338363006,0.97912342913699,24.9204636355061,5.97448691994265e-07,FALSE,622,PTPN21,protein tyrosine phosphatase non-receptor type 21
140738,-1,-2.68519938911324,-3.94811880067352,-1.42227997755296,3.08303634321372e-05,0,1,17.3659275292452,3.08303634321372e-05,FALSE,623,TMEM37,transmembrane protein 37
9452,-2,-2.09237266166328,-2.95608585997133,-1.22865946335524,2.05361869780806e-06,0.721647518216201,0.395604024512697,22.5442163709809,2.05361869780806e-06,FALSE,624,ITM2A,integral membrane protein 2A
9971,-1,-3.28751079516804,-4.95732914705059,-1.61769244328549,0.000113970906035885,0,1,14.8899108540141,0.000113970906035885,FALSE,625,NR1H4,nuclear receptor subfamily 1 group H member 4
80323,-2,-2.198398475046,-3.13741860836759,-1.25937834172442,4.46242076302578e-06,0.796037254973871,0.372280812385517,21.0551918194589,4.46242076302577e-06,FALSE,626,CCDC68,coiled-coil domain containing 68
957,-2,-2.0161125301465,-2.83364830075043,-1.19857675954257,1.34195508250963e-06,0.0979115451363892,0.754350403243692,23.3621168442193,1.34195508250963e-06,FALSE,627,ENTPD5,ectonucleoside triphosphate diphosphohydrolase 5 (inactive)
10721,2,2.21970711714704,1.26471580576413,3.17469842852994,5.22394873916757e-06,0.435485296832463,0.509309598393117,20.7533729392457,5.22394873916758e-06,FALSE,628,POLQ,DNA polymerase theta
2902,-1,-3.52092253407378,-5.35312524817889,-1.68871981996866,0.000165591939579307,0,1,14.1860693223339,0.000165591939579307,FALSE,629,GRIN1,glutamate ionotropic receptor NMDA type subunit 1
768211,-2,-2.0471240299231,-2.88640500349917,-1.20784305634703,1.74749232915741e-06,0.0603587319569206,0.805929845861355,22.8543955119025,1.74749232915741e-06,FALSE,630,RELL1,RELT like 1
2277,-1,-3.18538765347753,-4.79242793448122,-1.57834737247384,0.000102357782720961,0,1,15.0927104949174,0.000102357782720961,FALSE,631,VEGFD,vascular endothelial growth factor D
100874195,1,3.02502021964226,1.52571980963308,4.52432062965144,7.67061660703344e-05,0,1,15.6377917858493,7.67061660703345e-05,FALSE,632,,
6943,-2,-2.41878262932702,-3.51010148704956,-1.32746377160448,1.39889489939096e-05,0.36409451019479,0.546240996338445,18.8706363061263,1.39889489939096e-05,FALSE,633,TCF21,transcription factor 21
1944,2,2.34098215413003,1.30149706195175,3.38046724630831,1.01498934379342e-05,0.0501461600945538,0.82280913926408,19.4830012091202,1.01498934379341e-05,FALSE,634,EFNA3,ephrin A3
57212,-1,-2.7196388201763,-4.01555020318031,-1.42372743717229,3.90144923308601e-05,0,1,16.9187407677537,3.90144923308599e-05,FALSE,635,,
5023,-2,-2.14485800669632,-3.05333922404374,-1.2363767893489,3.70406014508479e-06,0.0662285876111152,0.796909249625307,21.4122038489331,3.70406014508479e-06,FALSE,636,P2RX1,purinergic receptor P2X 1
238,-1,-3.37377563620674,-5.11247731648381,-1.63507395592967,0.000142889212360605,0,1,14.4636675086598,0.000142889212360605,FALSE,637,ALK,ALK receptor tyrosine kinase
284346,-2,-2.22724001133843,-3.19269192381495,-1.26178809886191,6.13971348931178e-06,0.60191142563273,0.43784965856055,20.444143820851,6.13971348931176e-06,FALSE,638,ZNF575,zinc finger protein 575
6368,-2,-2.21265715196185,-3.16897582276625,-1.25633848115745,5.7653976096204e-06,0.703619617709184,0.401570116570866,20.5645477939653,5.76539760962043e-06,FALSE,639,CCL23,C-C motif chemokine ligand 23
51203,2,2.00456109502729,1.18660847338094,2.82251371667364,1.56075852383108e-06,0.797788061770396,0.371755526591061,23.071640663975,1.56075852383108e-06,FALSE,640,NUSAP1,nucleolar and spindle associated protein 1
105755954,-1,-3.19406961532701,-4.81714993961316,-1.57098929104086,0.000114775420993823,0,1,14.8766419569665,0.000114775420993823,FALSE,641,,
1780,-2,-2.73955936494716,-4.05602803580711,-1.4230906940872,4.52946063061783e-05,1.3195863492916,0.250666301540182,16.6355267550681,4.52946063061785e-05,FALSE,642,DYNC1I1,dynein cytoplasmic 1 intermediate chain 1
1244,1,2.98735548383731,1.50288718726413,4.47182378041049,8.00512218222401e-05,0,1,15.5570819099707,8.00512218222401e-05,FALSE,643,ABCC2,ATP binding cassette subfamily C member 2
25789,-1,-3.33307752401081,-5.05118722360723,-1.61496782441439,0.000143378055938823,0,1,14.4572347446571,0.000143378055938823,FALSE,644,TMEM59L,transmembrane protein 59 like
4886,-2,-2.56049873430739,-3.75773397862909,-1.36326348998569,2.76836961029621e-05,0.00127885180404148,0.971472900741304,17.5705892663239,2.76836961029621e-05,FALSE,645,NPY1R,neuropeptide Y receptor Y1
10020,-2,-1.99895608301915,-2.81788649596147,-1.18002567007683,1.71716601219251e-06,0.995872802139628,0.318311234018316,22.8880444205272,1.71716601219252e-06,FALSE,646,GNE,glucosamine (UDP-N-acetyl)-2-epimerase/N-acetylmannosamine kinase
57569,-2,-2.43195103986934,-3.54387339060953,-1.32002868912914,1.81303707643735e-05,5.44978290645057e-05,0.994109858636232,18.3762511095688,1.81303707643735e-05,FALSE,647,ARHGAP20,Rho GTPase activating protein 20
100129792,-2,-2.34811895884873,-3.40417871849136,-1.2920591992061,1.31301721409161e-05,0.00255403870669157,0.959694068465123,18.991505046028,1.31301721409162e-05,FALSE,648,CCDC152,coiled-coil domain containing 152
701,2,2.0361634272472,1.19089895549316,2.88142789900125,2.34260434105907e-06,0.225476806562069,0.634898182044052,22.2913421062548,2.34260434105907e-06,FALSE,649,BUB1B,BUB1 mitotic checkpoint serine/threonine kinase B
29968,2,2.23412776292302,1.25442274767835,3.2138327781677,7.83957805841938e-06,0.964785362620925,0.325984146798648,19.9765980124894,7.83957805841939e-06,FALSE,650,PSAT1,phosphoserine aminotransferase 1
55635,2,2.29665104940401,1.27375975850522,3.31954234030281,1.07943243827782e-05,0.000114603448887578,0.991458569528058,19.3654346098457,1.07943243827782e-05,FALSE,651,DEPDC1,DEP domain containing 1
10990,-2,-2.03828091542068,-2.88736145899263,-1.18920037184873,2.5381726315992e-06,0.271264264670538,0.602484951087872,22.1373932433378,2.5381726315992e-06,FALSE,652,LILRB5,leukocyte immunoglobulin like receptor B5
105371818,-1,-3.03231754227905,-4.55411093699414,-1.51052414756396,9.40642215167561e-05,0,1,15.2522582225722,9.4064221516756e-05,FALSE,653,,
388595,-2,-2.67660612847398,-3.95864575128443,-1.39456650566354,4.27747112023675e-05,0.545016309065951,0.460361208209048,16.7441159440321,4.27747112023675e-05,FALSE,654,TMEM82,transmembrane protein 82
8987,-2,-2.03934389039748,-2.890285587147,-1.18840219364797,2.63756350887289e-06,0.162893235441542,0.686506634719814,22.0636573618603,2.63756350887288e-06,FALSE,655,STBD1,starch binding domain 1
387755,-2,-2.78818125118803,-4.14675819521721,-1.42960430715884,5.7609027403031e-05,1.17612567884306,0.278146144001115,16.1796717678757,5.7609027403031e-05,FALSE,656,INSC,INSC spindle orientation adaptor protein
79465,2,2.31529666588875,1.27583567632264,3.35475765545486,1.26759119694494e-05,0.479767566312512,0.488527618391329,19.0586916875523,1.26759119694494e-05,FALSE,657,ULBP3,UL16 binding protein 3
101929215,-1,-3.20299081745478,-4.84479469174653,-1.56118694316303,0.000131469977665563,0,1,14.6205939855625,0.000131469977665564,FALSE,658,,
990,2,2.06024335112095,1.19230755119074,2.92817915105117,3.28060390784156e-06,0.00496694827212417,0.943814340961288,21.6450214328815,3.28060390784158e-06,FALSE,659,CDC6,cell division cycle 6
8814,-2,-1.99225964115598,-2.81633896349529,-1.16818031881667,2.15490088456622e-06,0.0614793846772836,0.804172808871808,22.451740934347,2.15490088456621e-06,FALSE,660,CDKL1,cyclin dependent kinase like 1
26031,2,2.00611326962405,1.17193525291006,2.84029128633803,2.43480992308579e-06,0.0437286743258711,0.834359228472381,22.2172141953939,2.43480992308579e-06,FALSE,661,OSBPL3,oxysterol binding protein like 3
10004,-2,-2.37026509658997,-3.45146301119117,-1.28906718198876,1.7332258493576e-05,0.0145064156203928,0.904132561133116,18.4620373823147,1.73322584935761e-05,FALSE,662,NAALADL1,N-acetylated alpha-linked acidic dipeptidase like 1
6414,-2,-2.33286036862958,-3.39070160322269,-1.27501913403646,1.54401018934696e-05,0.00622597400373821,0.937108312333222,18.6824009738777,1.54401018934696e-05,FALSE,663,SELENOP,selenoprotein P
3627,2,2.46322966949803,1.31697299612115,3.6094863428749,2.53307030494663e-05,0.0207126744608568,0.885564443299139,17.7395354155095,2.53307030494664e-05,FALSE,664,CXCL10,C-X-C motif chemokine ligand 10
92235,1,4.44418140127224,1.9553641318163,6.93299867072818,0.000465556261467095,0,1,12.2488048064625,0.000465556261467094,FALSE,665,STYXL2,serine/threonine/tyrosine interacting like 2
1843,-2,-2.02590007430521,-2.87766427832603,-1.17413587028439,3.13568754920326e-06,0.529629211006838,0.466762788581425,21.7316876151588,3.13568754920327e-06,FALSE,666,DUSP1,dual specificity phosphatase 1
6790,2,2.00683860039189,1.16776275019816,2.84591445058562,2.7629985024054e-06,0.0787098883386859,0.779053402448778,21.9744811948303,2.76299850240541e-06,FALSE,667,AURKA,aurora kinase A
220963,-2,-2.51511685292264,-3.69902189394643,-1.33121181189884,3.13000517640191e-05,0.0102425521652603,0.919387334946426,17.3371927294489,3.13000517640192e-05,FALSE,668,SLC16A9,solute carrier family 16 member 9
6262,-1,-3.28579624670209,-4.99712777557471,-1.57446471782948,0.000167768820441023,0,1,14.1614960987506,0.000167768820441023,FALSE,669,RYR2,ryanodine receptor 2
124222,2,2.03037714206177,1.17024037161281,2.89051391251073,3.71806516879684e-06,0.0157018395276474,0.900280525581074,21.4049681099516,3.71806516879683e-06,FALSE,670,PAQR4,progestin and adipoQ receptor family member 4
92999,-1,-2.42246453256829,-3.54962326249175,-1.29530580264483,2.52771071806436e-05,0,1,17.7435648640309,2.52771071806436e-05,FALSE,671,ZBTB47,zinc finger and BTB domain containing 47
1139,-1,-2.65193155011103,-3.93509435444243,-1.36876874577963,5.10675752843613e-05,0,1,16.4080616192719,5.10675752843612e-05,FALSE,672,CHRNA7,cholinergic receptor nicotinic alpha 7 subunit
23492,-2,-1.98728408698706,-2.819696655719,-1.15487151825513,2.88029575674403e-06,0.00982778307498267,0.92103094341242,21.8946916796773,2.88029575674404e-06,FALSE,673,CBX7,chromobox 7
109616965,1,2.42823727943425,1.29617702117555,3.56029753769295,2.62160829585888e-05,0,1,17.6741826073937,2.62160829585887e-05,FALSE,674,,
991,2,2.07885369240498,1.18373185823049,2.97397552657947,5.31711477516767e-06,1.03901910902652,0.308049710960541,20.7195219504324,5.31711477516766e-06,FALSE,675,CDC20,cell division cycle 20
1740,-1,-3.23049115693841,-4.90914193986002,-1.55184037401681,0.000162031073953262,0,1,14.2269753958782,0.000162031073953261,FALSE,676,DLG2,discs large MAGUK scaffold protein 2
65267,-1,-3.10633866452925,-4.70095256689069,-1.51172476216781,0.000134511934189762,0,1,14.577488066903,0.000134511934189762,FALSE,677,WNK3,WNK lysine deficient protein kinase 3
414062,2,3.12106044614618,1.51600128977022,4.72611960252215,0.00013830615580924,0.496802597968982,0.480908412049222,14.5250773798317,0.00013830615580924,FALSE,678,CCL3L3,C-C motif chemokine ligand 3 like 3
134147,-2,-1.92479789521958,-2.71733044247837,-1.13226534796079,1.93496610650519e-06,0.0786699948515372,0.779107948730925,22.6585565019364,1.93496610650519e-06,FALSE,679,CMBL,carboxymethylenebutenolidase homolog
389125,-2,-2.34433971581958,-3.42240344291099,-1.26627598872817,2.02509732866293e-05,0.437301369244486,0.508427853641137,18.1655438461944,2.02509732866293e-05,FALSE,680,MUSTN1,"musculoskeletal, embryonic nuclear protein 1"
646851,1,2.99690913551389,1.47529763625517,4.51852063477262,0.000113260968771451,0,1,14.9016984175809,0.000113260968771451,FALSE,681,FAM227A,family with sequence similarity 227 member A
3039,-2,-2.43346505433385,-3.57480519023456,-1.29212491843313,2.92970319051353e-05,0.110418811749407,0.739667827520489,17.4628945067633,2.92970319051353e-05,FALSE,682,HBA1,hemoglobin subunit alpha 1
9132,-2,-2.30718660296356,-3.36469940019905,-1.24967380572808,1.90218284460805e-05,0.220360867093681,0.63876509323315,18.2848061887639,1.90218284460805e-05,FALSE,683,KCNQ4,potassium voltage-gated channel subfamily Q member 4
10103,-2,-2.29945466370125,-3.35214085040651,-1.24676847699598,1.85818193174548e-05,0.202909927833777,0.652382217945522,18.3293910356191,1.85818193174548e-05,FALSE,684,TSPAN1,tetraspanin 1
1294,2,2.17833660144353,1.20742887003344,3.14924433285362,1.09559684070417e-05,0.682989862768045,0.408559073042842,19.3370509140837,1.09559684070417e-05,FALSE,685,COL7A1,collagen type VII alpha 1 chain
79987,-2,-2.02631099421122,-2.89469526966426,-1.15792671875819,4.79799083338024e-06,1.02302572862313,0.311802371431412,20.9162816961721,4.79799083338026e-06,FALSE,686,SVEP1,"sushi, von Willebrand factor type A, EGF and pentraxin domain containing 1"
6358,-1,-2.73644125961575,-4.08821506577219,-1.38466745345931,7.25936180998808e-05,0,1,15.742017421651,7.25936180998809e-05,FALSE,687,CCL14,C-C motif chemokine ligand 14
84417,-1,-3.3834307896705,-5.17542310065572,-1.59143847868528,0.000215111230775252,0,1,13.6942575844913,0.000215111230775252,FALSE,688,ECRG4,ECRG4 augurin precursor
80320,1,2.62917814936677,1.34968412584133,3.90867217289221,5.63857507385503e-05,0,1,16.2203300626148,5.63857507385504e-05,FALSE,689,SP6,Sp6 transcription factor
994,2,2.08839989136318,1.17527079159884,3.00152899112752,7.37405568920742e-06,0.549959742292567,0.458334143875285,20.0936641727493,7.37405568920742e-06,FALSE,690,CDC25B,cell division cycle 25B
432,1,3.12991166857945,1.50681401381362,4.75300932334528,0.000157137155298366,0,1,14.2846973678495,0.000157137155298366,FALSE,691,ASGR1,asialoglycoprotein receptor 1
125,-2,-3.89742184195536,-6.04279608895043,-1.75204759496029,0.000370016971022713,3.49496107581475,0.0615558552301667,12.6778288733323,0.000370016971022714,FALSE,692,ADH1B,"alcohol dehydrogenase 1B (class I), beta polypeptide"
27115,-2,-2.24129917112977,-3.26026526879213,-1.22233307346741,1.62443759642414e-05,0.01711701234356,0.895908207862177,18.5855909132208,1.62443759642414e-05,FALSE,693,PDE7B,phosphodiesterase 7B
57593,-2,-2.49730417648556,-3.69097438951435,-1.30363396345677,4.12285995046749e-05,1.04041080575144,0.307725948612768,16.8139733938698,4.12285995046748e-05,FALSE,694,EBF4,EBF family member 4
23250,2,1.85506079188503,1.09802719682604,2.61209438694401,1.56491689592498e-06,0.875322372883922,0.349486052577538,23.066524835365,1.56491689592498e-06,FALSE,695,ATP11A,ATPase phospholipid transporting 11A
9510,-2,-2.6820585475236,-4.00310941886353,-1.36100767618367,6.91447954958673e-05,2.23339144124728,0.135057111557596,15.8341081265423,6.91447954958672e-05,FALSE,696,ADAMTS1,ADAM metallopeptidase with thrombospondin type 1 motif 1
956,-2,-2.35888408024229,-3.46039588549822,-1.25737227498637,2.70167609784508e-05,0.156102154508936,0.692770821738668,17.6169640818783,2.70167609784509e-05,FALSE,697,ENTPD3,ectonucleoside triphosphate diphosphohydrolase 3
7173,-1,-3.46947861793415,-5.32828203268135,-1.61067520318695,0.000253897695402315,0,1,13.3831297784132,0.000253897695402315,FALSE,698,TPO,thyroid peroxidase
7739,2,2.13523640987896,1.18502832934867,3.08544449040925,1.06133717840359e-05,0.0480789358042757,0.826440435117152,19.397719555852,1.06133717840359e-05,FALSE,699,ZNF185,zinc finger protein 185 with LIM domain
128414,1,3.1033323598736,1.49273201902604,4.71393270072116,0.000159052525042934,0,1,14.2618934908615,0.000159052525042934,FALSE,700,NKAIN4,sodium/potassium transporting ATPase interacting 4
9934,-2,-2.24122675784842,-3.2656458980397,-1.21680761765714,1.80277645001406e-05,0.860853724048791,0.353499893237773,18.3870649981503,1.80277645001406e-05,FALSE,701,P2RY14,purinergic receptor P2Y14
780851,1,2.59810026426538,1.32763015614566,3.8685703723851,6.12068158643135e-05,0,1,16.0649394695717,6.12068158643136e-05,FALSE,702,,
161753,-2,-2.59282367214602,-3.86016827758732,-1.32547906670473,6.07615454028137e-05,0.0203501571319144,0.886563465955596,16.078765714787,6.07615454028136e-05,FALSE,703,CIMAP1C,ciliary microtubule associated protein 1C
8318,2,2.06877878912474,1.15871434836062,2.97884322988886,8.37237074187492e-06,0.449343166277711,0.502647039350787,19.8508908270055,8.37237074187492e-06,FALSE,704,CDC45,cell division cycle 45
57482,-2,-2.04504958283217,-2.93927108018804,-1.1508280854763,7.38217398970296e-06,0.0963478443975536,0.756257180690223,20.0915597718126,7.38217398970295e-06,FALSE,705,CRACD,capping protein inhibiting regulator of actin dynamics
641518,1,3.46414028559265,1.60065065289429,5.32762991829101,0.000268974883788191,0,1,13.27495820328,0.000268974883788191,FALSE,706,,
6584,-2,-1.89785181728887,-2.69356392462808,-1.10213970994965,2.94373134068749e-06,0.564356397891832,0.452510289639599,21.852888493456,2.9437313406875e-06,FALSE,707,SLC22A5,solute carrier family 22 member 5
257194,-2,-3.02328317057622,-4.58839532726091,-1.45817101389153,0.00015308714788884,2.40777160212937,0.120734122048487,14.3338516572191,0.00015308714788884,FALSE,708,NEGR1,neuronal growth regulator 1
55672,-2,-1.91322516119989,-2.72125367120044,-1.10519665119935,3.47159169781362e-06,1.3869712037403e-06,0.999060333631662,21.5364928201319,3.47159169781362e-06,FALSE,709,NBPF1,NBPF member 1
2774,-2,-2.12166038753002,-3.07258938838653,-1.17073138667351,1.22571143228678e-05,0.309371813170548,0.578065921898763,19.1228110153136,1.22571143228678e-05,FALSE,710,GNAL,G protein subunit alpha L
1264,-2,-5.10810072016601,-8.08878565459136,-2.12741578574066,0.000782656526437295,5.97554298424816,0.014505614595905,11.2819180569548,0.000782656526437297,FALSE,711,CNN1,calponin 1
650,-2,-2.1355443643156,-3.09669309238293,-1.17439563624828,1.33201393721501e-05,0.5077065198136,0.47613337509422,18.9640978243398,1.33201393721502e-05,FALSE,712,BMP2,bone morphogenetic protein 2
9088,2,2.11185304105707,1.16664454121059,3.05706154090356,1.19174283534451e-05,0.014159521479881,0.905280277614274,19.176455279295,1.19174283534451e-05,FALSE,713,PKMYT1,"protein kinase, membrane associated tyrosine/threonine 1"
6373,1,3.63972871364096,1.6506903515003,5.62876707578162,0.000335113058529814,0,1,12.8631665539509,0.000335113058529814,FALSE,714,CXCL11,C-X-C motif chemokine ligand 11
3040,-2,-2.38581937223411,-3.51966068672281,-1.25197805774541,3.7212290538376e-05,0.146261745007306,0.702133676357002,17.0085287351576,3.7212290538376e-05,FALSE,715,HBA2,hemoglobin subunit alpha 2
677799,1,2.52693078811364,1.29640055872797,3.75746101749931,5.70128754501772e-05,0,1,16.1993765873903,5.70128754501774e-05,FALSE,716,,
6641,2,2.01916110920053,1.13574209834189,2.90258012005918,7.4735771198748e-06,0.0401958878684773,0.841098065013105,20.0680255729462,7.47357711987481e-06,FALSE,717,SNTB1,syntrophin beta 1
54209,2,2.34864570416091,1.23942056110654,3.45787084721528,3.325058539155e-05,0.165760780032789,0.683907150180683,17.2223252713288,3.325058539155e-05,FALSE,718,TREM2,triggering receptor expressed on myeloid cells 2
7850,-2,-2.18364380470599,-3.18080233656623,-1.18648527284574,1.77023924363305e-05,0.0333875790662972,0.855015616536889,18.4217701253836,1.77023924363305e-05,FALSE,719,IL1R2,interleukin 1 receptor type 2
2110,-2,-1.91366873268737,-2.72617645406865,-1.10116101130608,3.90775528471025e-06,0.738713377427821,0.390073341149378,21.3095711831439,3.90775528471025e-06,FALSE,720,ETFDH,electron transfer flavoprotein dehydrogenase
79442,2,2.28720282921507,1.21857024149006,3.35583541694008,2.72960074734336e-05,0.0962082493192201,0.756428225560927,17.5974084156813,2.72960074734337e-05,FALSE,721,LRRC2,leucine rich repeat containing 2
10826,-2,-2.00891181095313,-2.88777178231797,-1.1300518395883,7.46024125498185e-06,0.00318720978711122,0.954979041416096,20.0714411893812,7.46024125498187e-06,FALSE,722,FAXDC2,fatty acid hydroxylase domain containing 2
105369378,-1,-3.42036119535095,-5.26527487790404,-1.57544751279786,0.000279431554676205,0,1,13.2034680781488,0.000279431554676206,FALSE,723,,
27284,-2,-2.13135208477782,-3.09520352464205,-1.1675006449136,1.46395741018942e-05,0.715083079209901,0.397761499845764,18.7839263746319,1.46395741018942e-05,FALSE,724,SULT1B1,sulfotransferase family 1B member 1
3783,2,2.38813495824039,1.24754654591385,3.52872337056693,4.06554805342114e-05,1.36775993473573,0.242197131034594,16.8405396340342,4.06554805342114e-05,FALSE,725,KCNN4,potassium calcium-activated channel subfamily N member 4
23331,-2,-1.9902911455455,-2.85975371929642,-1.12082857179458,7.23811844365793e-06,0.546796298091318,0.459629687712124,20.1292511727417,7.23811844365793e-06,FALSE,726,TTC28,tetratricopeptide repeat domain 28
54825,-2,-2.29595503753928,-3.37497712921139,-1.21693294586717,3.04021622558387e-05,0.445098128340559,0.504672014313857,17.3925102082679,3.04021622558386e-05,FALSE,727,CDHR2,cadherin related family member 2
56849,-1,-3.5038977675463,-5.41012731442171,-1.59766822067089,0.000314966916811457,0,1,12.9792214080026,0.000314966916811457,FALSE,728,TCEAL7,transcription elongation factor A like 7
26768,1,2.46893804730534,1.26939414861857,3.66848194599211,5.4821778386121e-05,0,1,16.2736238930891,5.48217783861211e-05,FALSE,729,,
759,-2,-6.80018535743515,-10.9264187882793,-2.67395192659098,0.00123749887269118,6.91242223683022,0.00855989531989574,10.4335018336084,0.00123749887269118,FALSE,730,CA1,carbonic anhydrase 1
55248,2,1.92891329382612,1.09797335279763,2.75985323485461,5.36999864304951e-06,0.00181670546188598,0.966002197956582,20.7005709849803,5.36999864304952e-06,FALSE,731,PACC1,proton activated chloride channel 1
54659,-2,-2.59931979986669,-3.89045379263078,-1.30818580710259,7.95296920277521e-05,1.17136480070427,0.279120988104866,15.5694396115015,7.95296920277521e-05,FALSE,732,UGT1A3,UDP glucuronosyltransferase family 1 member A3
100132741,-1,-2.96226797164632,-4.5036249263747,-1.42091101691794,0.000165372619999281,0,1,14.1885630785799,0.000165372619999281,FALSE,733,,
10924,-2,-2.13451741858415,-3.10874475839527,-1.16029007877303,1.75283646411232e-05,0.145176291851353,0.703188357986886,18.4405963813955,1.75283646411232e-05,FALSE,734,SMPDL3A,sphingomyelin phosphodiesterase acid like 3A
332,2,2.05791185202235,1.13415129337662,2.98167241066809,1.26358005696731e-05,0.0102153476863303,0.919494096248004,19.0647400467094,1.26358005696731e-05,FALSE,735,BIRC5,baculoviral IAP repeat containing 5
3833,2,1.98430177318541,1.11048419766215,2.85811934870867,8.55634171965215e-06,0.448832650733919,0.502889831801136,19.8093429912431,8.55634171965214e-06,FALSE,736,KIFC1,kinesin family member C1
100188953,-1,-3.26497656356071,-5.01747411696592,-1.5124790101555,0.000260717931839052,0,1,13.3334174901412,0.000260717931839052,FALSE,737,,
782,-2,-1.95776516329599,-2.8155699581348,-1.09996036845719,7.70505801224337e-06,0.0343535625363296,0.852956765643708,20.0096934751043,7.70505801224337e-06,FALSE,738,CACNB1,calcium voltage-gated channel auxiliary subunit beta 1
79801,2,2.02141167182755,1.11955222969439,2.92327111396071,1.11782556533551e-05,1.00638075888816,0.315771461163011,19.2986978666997,1.1178255653355e-05,FALSE,739,SHCBP1,SHC binding and spindle associated 1
105371532,-1,-3.02370110743158,-4.61436156105056,-1.43304065381261,0.000194763451360064,0,1,13.8809417615313,0.000194763451360065,FALSE,740,,
5063,-1,-2.66721436247633,-4.01498164606624,-1.31944707888642,0.000104997233876941,0,1,15.0446540095845,0.000104997233876941,FALSE,741,PAK3,p21 (RAC1) activated kinase 3
11126,-1,-2.929312316474,-4.45816997451696,-1.40045465843104,0.000173121546462064,0,1,14.1024130702371,0.000173121546462064,FALSE,742,CD160,CD160 molecule
105372629,1,2.39864762269953,1.23382906203462,3.56346618336444,5.43592326410915e-05,0,1,16.2896788149772,5.43592326410916e-05,FALSE,743,,
150468,2,2.61996897595531,1.30302702349364,3.93691092841698,9.65035363881744e-05,1.69045466542465,0.193541045110421,15.2039073328058,9.65035363881745e-05,FALSE,744,CKAP2L,cytoskeleton associated protein 2 like
1602,2,2.238605581114,1.18348619113498,3.29372497109303,3.20513931521233e-05,0.433046610000611,0.510497797258383,17.2921159138855,3.20513931521232e-05,FALSE,745,DACH1,dachshund family transcription factor 1
23034,-2,-2.47499884346404,-3.69321703456417,-1.25678065236392,6.83463363196073e-05,1.51784299855772,0.217946203902979,15.856087071874,6.83463363196073e-05,FALSE,746,SAMD4A,sterile alpha motif domain containing 4A
140902,1,3.2563676578651,1.50170763702443,5.01102767870577,0.00027542662088019,0,1,13.2305252346245,0.00027542662088019,FALSE,747,R3HDML,R3H domain containing like
10953,2,1.7388769143652,1.02602336505913,2.45173046367128,1.74445684630913e-06,0.15530601982671,0.69351544446093,22.8577370786519,1.74445684630913e-06,FALSE,748,TOMM34,translocase of outer mitochondrial membrane 34
9912,-2,-2.18780955414222,-3.2094331664225,-1.16618594186194,2.70154366145419e-05,1.22080504021039,0.269202720405741,17.6170573103676,2.70154366145419e-05,FALSE,749,ARHGAP44,Rho GTPase activating protein 44
7358,-2,-1.81320997305082,-2.5786629760351,-1.04775697006655,3.4376025504434e-06,0.070699226634897,0.790321414717374,21.5553618557588,3.43760255044341e-06,FALSE,750,UGDH,UDP-glucose 6-dehydrogenase
8356,2,2.27924787309477,1.19266657887594,3.36582916731361,3.93465722024216e-05,0.15586481455671,0.692992575124285,16.9026519929655,3.93465722024216e-05,FALSE,751,H3C12,H3 clustered histone 12
845,-2,-5.80449587219179,-9.29159374130501,-2.31739800307857,0.00110440199856436,7.42804324003112,0.00642151313484085,10.6438053184617,0.00110440199856436,FALSE,752,CASQ2,calsequestrin 2
57101,-1,-2.48814204027121,-3.72000485656676,-1.25627922397566,7.53348920149219e-05,0,1,15.6719063570823,7.5334892014922e-05,FALSE,753,ANO2,anoctamin 2
54221,-1,-3.62979872601321,-5.64649795130555,-1.61309950072087,0.000419214499443326,0,1,12.4445445529941,0.000419214499443327,FALSE,754,SNTG2,syntrophin gamma 2
2523,2,2.17518017999185,1.1571784321055,3.1931819278782,2.81565432189869e-05,0.343888547182718,0.557593232523059,17.5383854031123,2.8156543218987e-05,FALSE,755,FUT1,fucosyltransferase 1 (H blood group)
4233,2,1.93942558145015,1.08352299398501,2.79532816891529,8.9473311730214e-06,0.0289935335640938,0.864793968377318,19.7239431894253,8.94733117302141e-06,FALSE,756,MET,"MET proto-oncogene, receptor tyrosine kinase"
10808,2,1.71472520670284,1.01248167043797,2.41696874296771,1.70304527807686e-06,0.000144666123937631,0.990403496786857,22.9039161602997,1.70304527807686e-06,FALSE,757,HSPH1,heat shock protein family H (Hsp110) member 1
93953,1,2.68896632448218,1.31549155904613,4.06244108991822,0.00012445257596937,0,1,14.7239908688215,0.000124452575969371,FALSE,758,GCNA,germ cell nuclear acidic peptidase
5144,-2,-1.89656886706462,-2.72655563655592,-1.06658209757332,7.51223313133859e-06,0.0531154953933081,0.817728132665084,20.0581593574015,7.51223313133858e-06,FALSE,759,PDE4D,phosphodiesterase 4D
1674,-2,-5.4371065542206,-8.68559045029324,-2.18862265814796,0.00103636653812391,5.75550651064278,0.0164370561723636,10.7614411282273,0.00103636653812391,FALSE,760,DES,desmin
54657,-2,-2.59174932747556,-3.90141491955507,-1.28208373539605,0.000105037457833887,1.20031580448633,0.273258568290638,15.0439310945989,0.000105037457833887,FALSE,761,UGT1A4,UDP glucuronosyltransferase family 1 member A4
152573,-1,-3.177177727526,-4.88954024361282,-1.46481521143918,0.000276275202512624,0,1,13.2247592878712,0.000276275202512624,FALSE,762,SHISA3,shisa family member 3
1902,-2,-1.97343546974165,-2.85866520525492,-1.08820573422838,1.24627279739276e-05,0.607591140924053,0.435696232394358,19.0910605050832,1.24627279739275e-05,FALSE,763,LPAR1,lysophosphatidic acid receptor 1
8671,-2,-4.94657064481582,-7.86662349261978,-2.02651779701185,0.000899595084128486,6.45675540234151,0.0110531291107663,11.0235935191279,0.000899595084128487,FALSE,764,SLC4A4,solute carrier family 4 member 4
225689,2,2.24070993065317,1.17085978086319,3.31056008044314,4.04354282391242e-05,0.533730762907083,0.465042578659065,16.8508400500613,4.04354282391242e-05,FALSE,765,MAPK15,mitogen-activated protein kinase 15
7694,-1,-3.08012829991596,-4.72793496359779,-1.43232163623413,0.000248673812093421,0,1,13.4221252285818,0.000248673812093421,FALSE,766,ZNF135,zinc finger protein 135
55214,-2,-2.18264713686838,-3.21338047760953,-1.15191379612724,3.31959299814204e-05,0.00246379316907629,0.960411971078086,17.2254506913634,3.31959299814204e-05,FALSE,767,P3H2,prolyl 3-hydroxylase 2
55771,2,2.01694347415031,1.10005449743505,2.93383245086558,1.62174978842764e-05,0.315469483182633,0.574343125779243,18.588747714811,1.62174978842764e-05,FALSE,768,PRR11,proline rich 11
9881,-2,-1.91756135801358,-2.76616332102475,-1.06895939500241,9.47263252278475e-06,0.173875000837428,0.676690685691652,19.6149252160406,9.47263252278474e-06,FALSE,769,TRANK1,tetratricopeptide repeat and ankyrin repeat containing 1
341,2,2.24280226975196,1.1700405858192,3.31556395368472,4.17349310885614e-05,0.239549356114062,0.62453178310416,16.7908100758258,4.17349310885613e-05,FALSE,770,APOC1,apolipoprotein C1
7360,-2,-1.7517599657407,-2.48690027454959,-1.01661965693181,3.00639390842649e-06,0.0326716248065312,0.856561504110425,21.8124728119987,3.0063939084265e-06,FALSE,771,UGP2,UDP-glucose pyrophosphorylase 2
80178,2,2.0914172894349,1.12182457200055,3.06101000686926,2.36140510452782e-05,0.660739029128392,0.41629915940868,17.8730586376359,2.36140510452781e-05,FALSE,772,TEDC2,tubulin epsilon and delta complex 2
2775,-2,-4.10933468442185,-6.4665254332629,-1.7521439355808,0.00063352072134497,5.19170004757748,0.022695005001855,11.6748081780912,0.00063352072134497,FALSE,773,GNAO1,G protein subunit alpha o1
2353,-2,-2.08367899531213,-3.0485472326101,-1.11881075801415,2.30968425051443e-05,0.141252711484123,0.707038810006959,17.9152053125803,2.30968425051443e-05,FALSE,774,FOS,"Fos proto-oncogene, AP-1 transcription factor subunit"
6548,-2,-1.77407873099617,-2.52636658931325,-1.0217908726791,3.7992177814131e-06,0.375108390836999,0.540232839874713,21.363571355262,3.7992177814131e-06,FALSE,775,SLC9A1,solute carrier family 9 member A1
4935,2,3.74344526508187,1.63402195804649,5.85286857211726,0.000504773714438245,3.56189186383836,0.0591203221532858,12.0979469703936,0.000504773714438246,FALSE,776,GPR143,G protein-coupled receptor 143
2767,-2,-1.64197839379213,-2.30713057248993,-0.976826215094337,1.30941773116256e-06,0.427921413454739,0.513010645474848,23.4093320716745,1.30941773116257e-06,FALSE,777,GNA11,G protein subunit alpha 11
84830,-2,-2.45460351102101,-3.68088224649675,-1.22832477554528,8.73812221052067e-05,1.44957718529612,0.228595808815228,15.3914837979003,8.73812221052068e-05,FALSE,778,ADTRP,androgen dependent TFPI regulating protein
4915,-1,-3.01355795295088,-4.62612977539868,-1.40098613050308,0.000249511392971992,0,1,13.415817562317,0.000249511392971992,FALSE,779,NTRK2,neurotrophic receptor tyrosine kinase 2
8519,2,1.75363361277732,1.01008270954312,2.49718451601151,3.79155910853789e-06,0.690739814371663,0.405912856379215,21.3674400154022,3.79155910853789e-06,FALSE,780,IFITM1,interferon induced transmembrane protein 1
6387,-2,-2.37840196819906,-3.55586550411888,-1.20093843227923,7.52631504452603e-05,1.39376423193143,0.237770438196877,15.6737083001224,7.52631504452603e-05,FALSE,781,CXCL12,C-X-C motif chemokine ligand 12
57578,-1,-3.54011337640299,-5.51944915326279,-1.56077759954319,0.00045580832520002,0,1,12.288293473113,0.000455808325200019,FALSE,782,UNC79,"unc-79 homolog, NALCN channel complex subunit"
23743,-2,-2.18180996328199,-3.22594849105404,-1.13767143550993,4.21258908845555e-05,0.924964782902749,0.336174750217983,16.7731171799822,4.21258908845555e-05,FALSE,783,BHMT2,betaine--homocysteine S-methyltransferase 2
9518,2,2.05896714342058,1.09882680790482,3.01910747893635,2.63362259066246e-05,0.294893516264504,0.587101580804229,17.665485800698,2.63362259066246e-05,FALSE,784,GDF15,growth differentiation factor 15
102724250,-2,-1.84912662537534,-2.6664343363642,-1.03181891438648,9.23540891950305e-06,0.37340915946234,0.541151823324993,19.6633854878961,9.23540891950304e-06,FALSE,785,LOC102724250,neuroblastoma breakpoint family member 1-like
89832,-1,-2.68780067805544,-4.08629062899074,-1.28931072712014,0.000165277357861236,0,1,14.1896472870571,0.000165277357861236,FALSE,786,CHRFAM7A,CHRNA7 (exons 5-10) and FAM7A (exons A-E) fusion
8507,2,1.84018282161841,1.02626793832798,2.65409770490884,9.36714523580914e-06,0.723587721060702,0.394969587269951,19.636322049951,9.36714523580914e-06,FALSE,787,ENC1,ectodermal-neural cortex 1
4502,-2,-2.12594583018243,-3.13739288531143,-1.11449877505342,3.79498162281608e-05,0.576251394417416,0.447785417204289,16.9712668507994,3.79498162281608e-05,FALSE,788,MT2A,metallothionein 2A
221150,2,2.10578429453004,1.10677236796671,3.10479622109338,3.60649270831291e-05,0.0678809072335979,0.794447537701274,17.0679986787794,3.60649270831292e-05,FALSE,789,SKA3,spindle and kinetochore associated complex subunit 3
22915,-1,-2.89067940329143,-4.43308080741862,-1.34827799916424,0.000239484022195216,0,1,13.492773009936,0.000239484022195216,FALSE,790,MMRN1,multimerin 1
8600,2,2.19153949227853,1.13213225355503,3.25094673100203,5.02473662220894e-05,0.00756554406540123,0.930687301402093,16.4387546002275,5.02473662220896e-05,FALSE,791,TNFSF11,TNF superfamily member 11
23255,-2,-2.50037650530472,-3.77341461872311,-1.22733839188634,0.000118325908838026,0.485446161315341,0.485965730652825,14.8191805238723,0.000118325908838026,FALSE,792,MTCL1,microtubule crosslinking factor 1
22822,2,2.10096372111278,1.10302616787695,3.0989012743486,3.68608582525887e-05,0.882121923362794,0.347621159703582,17.0265460298566,3.68608582525887e-05,FALSE,793,PHLDA1,pleckstrin homology like domain family A member 1
54972,2,2.2540357773382,1.15003389992068,3.35803765475573,6.29023391116183e-05,1.15379841151888,0.282755418454274,16.013201495038,6.29023391116183e-05,FALSE,794,TMEM132A,transmembrane protein 132A
317649,-2,-1.89451172178796,-2.75134484126606,-1.03767860230986,1.46688472580233e-05,0.182157125489128,0.669525957571829,18.7801166399933,1.46688472580233e-05,FALSE,795,EIF4E3,eukaryotic translation initiation factor 4E family member 3
4892,-1,-3.62336502480594,-5.67736474227642,-1.56936530733546,0.00054525073428081,0,1,11.9541747115154,0.00054525073428081,FALSE,796,NRAP,nebulin related anchoring protein
129049,-2,-2.19878932125873,-3.27054232975068,-1.12703631276679,5.79449405022723e-05,0.233591838289143,0.628873230129047,16.1686588459323,5.79449405022724e-05,FALSE,797,SGSM1,small G protein signaling modulator 1
114088,-2,-2.96904797789201,-4.57353038723262,-1.3645655685514,0.000286892869286874,1.87676552440864,0.170702222805234,13.154086487409,0.000286892869286874,FALSE,798,TRIM9,tripartite motif containing 9
1825,2,3.7500640487521,1.6060288053061,5.8940992921981,0.000607797234597959,2.24610840175156,0.133950895572511,11.7519439820853,0.00060779723459796,FALSE,799,DSC3,desmocollin 3
4629,-2,-5.51605324103765,-8.85965409253496,-2.17245238954035,0.0012231761163955,8.20752581363922,0.00417169962289184,10.4550045559816,0.0012231761163955,FALSE,800,MYH11,myosin heavy chain 11
4288,2,1.96743475244779,1.05374691961005,2.88112258528554,2.43901038562089e-05,0.531381458856808,0.466026643917645,17.8115279038271,2.4390103856209e-05,FALSE,801,MKI67,marker of proliferation Ki-67
57405,2,2.16570124429123,1.11464328519708,3.21675920338538,5.37943394297073e-05,0.0567173197105035,0.811761666429581,16.3094735839017,5.37943394297074e-05,FALSE,802,SPC25,SPC25 component of NDC80 kinetochore complex
163175,-2,-2.52842707647386,-3.83106425409168,-1.22578989885605,0.000142204257398363,1.5899419538131,0.207334427195188,14.4727183059903,0.000142204257398363,FALSE,803,LGI4,leucine rich repeat LGI family member 4
54860,-2,-4.93034001473845,-7.88188083118697,-1.97879919828993,0.00106043702321064,4.68108002252561,0.0304965693356892,10.7189522686543,0.00106043702321063,FALSE,804,MS4A12,membrane spanning 4-domains A12
5145,-1,-2.91673348169422,-4.48991903953641,-1.34354792385203,0.000279242342194207,0,1,13.2047375663071,0.000279242342194207,FALSE,805,PDE6A,phosphodiesterase 6A
57556,-2,-2.00873458869182,-2.95664856874046,-1.06082060864318,3.27599315277886e-05,1.02538144537911,0.311245907328642,17.2505696472237,3.27599315277887e-05,FALSE,806,SEMA6A,semaphorin 6A
55010,2,2.37970124995646,1.17445686729849,3.58494563261442,0.000108897233164847,1.54840686914217,0.213370784304152,14.9758274469924,0.000108897233164847,FALSE,807,PARPBP,PARP1 binding protein
7851,-2,-1.85226482011381,-2.69329557352189,-1.01123406670573,1.58468842384467e-05,0.0227450755164583,0.880121885325497,18.6328198626441,1.58468842384467e-05,FALSE,808,MALL,"mal, T cell differentiation protein like"
55698,-1,-3.04380855000042,-4.71054585799019,-1.37707124201065,0.00034451398569628,0,1,12.8113983141116,0.00034451398569628,FALSE,809,RADIL,Rap associating with DIL domain
113115,2,2.1378069545306,1.09775094545599,3.17786296360521,5.60973756221774e-05,0.34806916340635,0.555208170086325,16.2300440310921,5.60973756221772e-05,FALSE,810,MTFR2,mitochondrial fission regulator 2
4638,-2,-3.85764427467448,-6.08543280999845,-1.6298557393505,0.000689102322781417,4.71187979671583,0.0299548798424133,11.5184119764239,0.000689102322781416,FALSE,811,MYLK,myosin light chain kinase
51512,2,1.86998388994908,1.01481396136923,2.72515381852894,1.82069531533501e-05,0.358251744448316,0.549478778596,18.3682199219372,1.820695315335e-05,FALSE,812,GTSE1,G2 and S-phase expressed 1
5579,-2,-2.08169871918292,-3.084257291512,-1.07914014685383,4.70854255842897e-05,0.498175816999919,0.480302750804211,16.5619863560519,4.70854255842897e-05,FALSE,813,PRKCB,protein kinase C beta
3784,2,1.76923390822587,0.982695549089125,2.55577226736261,1.03978874147533e-05,0.265683125968659,0.606242379760217,19.4368943865175,1.03978874147533e-05,FALSE,814,KCNQ1,potassium voltage-gated channel subfamily Q member 1
55356,2,2.03999061553331,1.06496408906009,3.01501714200654,4.11871489714782e-05,0.0992353861871073,0.752749136966692,16.8158822918959,4.11871489714782e-05,FALSE,815,SLC22A15,solute carrier family 22 member 15
170690,-1,-3.23587773386971,-5.03951202820435,-1.43224343953507,0.000437528952622212,0,1,12.3646953540302,0.000437528952622213,FALSE,816,ADAMTS16,ADAM metallopeptidase with thrombospondin type 1 motif 16
7757,-2,-2.43142000875878,-3.67840314827617,-1.1844368692414,0.00013257789802194,0.124464019743565,0.724242443061374,14.6047790738901,0.00013257789802194,FALSE,817,ZNF208,zinc finger protein 208
56899,-1,-2.59813956890204,-3.96107142923059,-1.23520770857349,0.000186781801856694,0,1,13.9595959645274,0.000186781801856695,FALSE,818,ANKS1B,ankyrin repeat and sterile alpha motif domain containing 1B
199675,1,2.98265368835344,1.35326464547295,4.61204273123393,0.000333502060501993,0,1,12.8721846491862,0.000333502060501993,FALSE,819,MCEMP1,mast cell expressed membrane protein 1
114041,-1,-3.79166467429707,-5.97954430676121,-1.60378504183293,0.000682087701015724,0,1,11.5374325790057,0.000682087701015724,FALSE,820,,
55640,-2,-1.81242507993619,-2.63141584578091,-0.993434314091474,1.44180230560615e-05,0.290174388356807,0.590108799799636,18.8130105170979,1.44180230560615e-05,FALSE,821,FLVCR2,FLVCR choline and putative heme transporter 2
56934,-1,-3.18968337768444,-4.96387631891567,-1.41549043645321,0.000425619310141351,0,1,12.4162268377403,0.000425619310141351,FALSE,822,CA10,carbonic anhydrase 10
51514,2,1.90771263294858,1.02165565718796,2.79376960870919,2.44439803493183e-05,0.130435987115867,0.717980420217196,17.8073295168571,2.44439803493183e-05,FALSE,823,DTL,denticleless E3 ubiquitin protein ligase homolog
114805,-1,-3.32274787951782,-5.19019807112674,-1.4552976879089,0.000487819057033602,0,1,12.1616613691232,0.000487819057033602,FALSE,824,GALNT13,polypeptide N-acetylgalactosaminyltransferase 13
7366,-1,-3.61743307445271,-5.68811395555243,-1.54675219335299,0.000617036377079054,0,1,11.7238659722407,0.000617036377079054,FALSE,825,UGT2B15,UDP glucuronosyltransferase family 2 member B15
90381,2,2.13492876616432,1.08939015067898,3.18046738164966,6.2774273354591e-05,0.0571882617578053,0.810996503623347,16.0170600935196,6.27742733545909e-05,FALSE,826,TICRR,TOPBP1 interacting checkpoint and replication regulator
144402,-2,-2.01343844085884,-2.97474157078456,-1.05213531093312,4.04101190353794e-05,0.0632218248767037,0.80147432761988,16.8520283587895,4.04101190353794e-05,FALSE,827,CPNE8,copine 8
28778,1,3.04209920714485,1.36470899904603,4.71948941524367,0.000378594306747522,0,1,12.6349847165516,0.000378594306747522,FALSE,828,,
342926,-1,-3.08287431704332,-4.78855488078005,-1.37719375330659,0.000396398152708763,0,1,12.5490953775455,0.000396398152708762,FALSE,829,ZNF677,zinc finger protein 677
84171,-2,-2.53441099709285,-3.86012976247231,-1.2086922317134,0.00017902338837869,1.40333765083983,0.23616553756131,14.039364943169,0.00017902338837869,FALSE,830,LOXL4,lysyl oxidase like 4
23284,-2,-2.49582282382181,-3.79484314858564,-1.19680249905798,0.00016608208710999,1.68188351111239,0.194674366094794,14.1805081407083,0.00016608208710999,FALSE,831,ADGRL3,adhesion G protein-coupled receptor L3
6330,-2,-2.12340132162301,-3.16367857481775,-1.08312406842828,6.31674672170146e-05,0.00119147203691482,0.972464323306165,16.0052382809851,6.31674672170146e-05,FALSE,832,SCN4B,sodium voltage-gated channel beta subunit 4
8736,-2,-3.82427187965515,-6.04277985310003,-1.60576390621027,0.000728578274017011,5.00798520486723,0.02523065516441,11.4148895682946,0.000728578274017013,FALSE,833,MYOM1,myomesin 1
2949,-2,-2.15627320772208,-3.21961727900593,-1.09292913643823,7.05392964578025e-05,0.197040450045798,0.657120389904695,15.7963274356502,7.05392964578026e-05,FALSE,834,GSTM5,glutathione S-transferase mu 5
9153,-2,-2.98911457618455,-4.63245166602973,-1.34577748633936,0.000363805380303382,1.61706953951714,0.203500883065651,12.7094861482927,0.000363805380303382,FALSE,835,SLC28A2,solute carrier family 28 member 2
692084,1,2.37191807776254,1.15655072389118,3.5872854316339,0.000130731091291454,0,1,14.6312159118674,0.000130731091291454,FALSE,836,,
9133,2,1.89485380094558,1.01087741725583,2.77883018463533,2.65392970407189e-05,0.0406225426974009,0.840268265209449,17.6508763017203,2.65392970407189e-05,FALSE,837,CCNB2,cyclin B2
353189,-2,-2.2201816470136,-3.3311255175457,-1.1092377764815,8.96882308492487e-05,0.66625954247762,0.414358748291932,15.3422467865967,8.96882308492489e-05,FALSE,838,SLCO4C1,solute carrier organic anion transporter family member 4C1
25928,-2,-2.30087699701332,-3.46842635160899,-1.13332764241765,0.00011224175058165,0.705776183631247,0.400849592791741,14.918751855363,0.00011224175058165,FALSE,839,SOSTDC1,sclerostin domain containing 1
81618,-2,-1.98109739772375,-2.92618165118028,-1.03601314426722,3.98235573861162e-05,0.928473111099515,0.33526000074815,16.8797800235326,3.98235573861162e-05,FALSE,840,ITM2C,integral membrane protein 2C
10293,2,1.81043194525361,0.983894511102638,2.63696937940457,1.76221006438823e-05,0.00903102303115929,0.92428965196557,18.4304328505696,1.76221006438823e-05,FALSE,841,TRAIP,TRAF interacting protein
25894,2,1.9103696337524,1.01370854426358,2.80703072324122,2.96972200337898e-05,0.132689300358684,0.715659815197935,17.4371035414091,2.96972200337898e-05,FALSE,842,PLEKHG4,pleckstrin homology and RhoGEF domain containing G4
771,-2,-2.12463176501622,-3.17042256399341,-1.07884096603903,6.83755261324866e-05,0.294411482171531,0.587407319088674,15.8552790343148,6.83755261324865e-05,FALSE,843,CA12,carbonic anhydrase 12
1164,2,2.11088311902513,1.07390936558225,3.147856872468,6.61459692220634e-05,1.23682134940744,0.266084537853367,15.918019310169,6.61459692220633e-05,FALSE,844,CKS2,CDC28 protein kinase regulatory subunit 2
7448,1,2.97354819486489,1.33569353982537,4.61140284990441,0.000373202868065725,0,1,12.6617993501965,0.000373202868065724,FALSE,845,VTN,vitronectin
54579,-2,-2.56748888224495,-3.92354569240814,-1.21143207208176,0.000206526977359023,1.28550392437041,0.256878176365566,13.770748834384,0.000206526977359023,FALSE,846,UGT1A5,UDP glucuronosyltransferase family 1 member A5
339965,-1,-3.16432748569374,-4.93506359912275,-1.39359137226473,0.000460948305040976,0,1,12.2673664854187,0.000460948305040976,FALSE,847,CCDC158,coiled-coil domain containing 158
2919,2,3.06267099855806,1.3613403101046,4.76400168701152,0.000418312370360357,2.68551030024919,0.101264780749382,12.4485681873893,0.000418312370360357,FALSE,848,CXCL1,C-X-C motif chemokine ligand 1
1033,2,1.94548892500765,1.02129493925663,2.86968291075867,3.69363678408694e-05,0.551967222401484,0.457515000405032,17.0226602690797,3.69363678408693e-05,FALSE,849,CDKN3,cyclin dependent kinase inhibitor 3
677822,1,2.75956686095359,1.2680111367894,4.25112258511778,0.000287643298856589,0,1,13.1491917225548,0.000287643298856589,FALSE,850,,
3957,-2,-2.14077980250927,-3.20287754602265,-1.07868205899589,7.79776128272447e-05,0.105929415861979,0.744826901355192,15.6067044880606,7.79776128272448e-05,FALSE,851,LGALS2,galectin 2
7008,-2,-1.80023491473358,-2.62543237154166,-0.975037457925499,1.90435245550984e-05,0.0282475948174148,0.866528046497295,18.2826346704502,1.90435245550983e-05,FALSE,852,TEF,"TEF transcription factor, PAR bZIP family member"
26579,2,2.29670625705174,1.12543687336821,3.46797564073527,0.000121423919981722,0.239778350138599,0.624366247805332,14.7704425148448,0.000121423919981722,FALSE,853,MYEOV,myeloma overexpressed
677805,1,2.82866312425759,1.28571639698667,4.37160985152851,0.000326672835114101,0,1,12.9109077039315,0.000326672835114101,FALSE,854,,
629,2,2.05676549800286,1.04978153729908,3.06374945870665,6.24840539665579e-05,0.65537924566892,0.418195998744278,16.0258337337387,6.24840539665579e-05,FALSE,855,CFB,complement factor B
641,2,2.00635158592571,1.03376637701837,2.97893679483306,5.27219046656971e-05,0.272329781033077,0.601773200033191,16.3476352882191,5.27219046656971e-05,FALSE,856,BLM,BLM RecQ like helicase
10449,-2,-1.69733502161062,-2.45907178911016,-0.935598254111095,1.25805100263426e-05,0.0732675185145423,0.786637364884072,19.073108937104,1.25805100263426e-05,FALSE,857,ACAA2,acetyl-CoA acyltransferase 2
23635,-2,-1.90950635504464,-2.81951131208803,-0.999501398001245,3.91083944280116e-05,1.03394031836049,0.309234993626035,16.9141774336009,3.91083944280116e-05,FALSE,858,SSBP2,single stranded DNA binding protein 2
5333,-2,-1.81180012861409,-2.65411410806146,-0.96948614916671,2.4884749435949e-05,0.0666695819387153,0.796249058081965,17.773327247762,2.48847494359491e-05,FALSE,859,PLCD1,phospholipase C delta 1
57716,-2,-1.95272034271809,-2.8934409425939,-1.01199974284228,4.73297593084182e-05,0.747046919446915,0.387412807156614,16.5521713920731,4.73297593084181e-05,FALSE,860,PRX,periaxin
1062,1,2.1553350582231,1.07192345446001,3.23874666198619,9.65329002938702e-05,0,1,15.2033328177568,9.65329002938703e-05,FALSE,861,CENPE,centromere protein E
9304,1,2.76249460184518,1.25566494369123,4.26932425999913,0.000326600399033541,0,1,12.9113227915784,0.000326600399033542,FALSE,862,,
53841,-2,-1.83588779704837,-2.69659145900032,-0.975184135096423,2.90716800181016e-05,0.942071195195573,0.331745751882825,17.4775740510724,2.90716800181016e-05,FALSE,863,CDHR5,cadherin related family member 5
2146,2,1.76644212326997,0.95401158074176,2.57887266579818,2.03070333124334e-05,0.151450172803834,0.697153355554908,18.1602792876962,2.03070333124335e-05,FALSE,864,EZH2,enhancer of zeste 2 polycomb repressive complex 2 subunit
23048,-2,-1.92663376720002,-2.85180444830745,-1.00146308609258,4.47358510392585e-05,1.14167220915085,0.285299258438984,16.6590715929757,4.47358510392585e-05,FALSE,865,FNBP1,formin binding protein 1
2743,-1,-2.70828353142588,-4.17951189425144,-1.23705516860032,0.000308609934099872,0,1,13.017400363653,0.000308609934099872,FALSE,866,GLRB,glycine receptor beta
25994,-2,-1.74353507609327,-2.5415985126133,-0.945471639573236,1.85264470561519e-05,0.00365099675530137,0.951818359670925,18.335076732904,1.85264470561518e-05,FALSE,867,HIGD1A,HIG1 hypoxia inducible domain family member 1A
5187,-2,-1.86495458653815,-2.74837497475178,-0.981534198324517,3.50951234266961e-05,0.672845607903715,0.412061254400705,17.119767708207,3.5095123426696e-05,FALSE,868,PER1,period circadian regulator 1
23140,-2,-1.65388732117328,-2.39014212380902,-0.917632518537538,1.06878105202754e-05,0.199634076389366,0.655016371254938,19.3843720309654,1.06878105202754e-05,FALSE,869,ZZEF1,zinc finger ZZ-type and EF-hand domain containing 1
29128,2,1.94176403024687,1.0037584371744,2.87976962331934,4.96393392863518e-05,0.000717175749723669,0.978635095735367,16.461834447542,4.96393392863518e-05,FALSE,870,UHRF1,ubiquitin like with PHD and ring finger domains 1
56729,1,3.3287680969728,1.42301289314097,5.23452330080464,0.000618306789188392,0,1,11.7200383944339,0.000618306789188392,FALSE,871,RETN,resistin
57484,-2,-3.68774095545511,-5.84226146219844,-1.53322044871179,0.000794418316062272,3.97885439784637,0.0460748897467886,11.2542285618268,0.000794418316062272,FALSE,872,RNF150,ring finger protein 150
220108,-2,-2.08026256331854,-3.11635903741818,-1.0441660892189,8.31298286383141e-05,0.982821873375507,0.321503122690475,15.4857447850307,8.31298286383142e-05,FALSE,873,FAM124A,family with sequence similarity 124 member A
2908,-2,-1.68406495930324,-2.44375056857611,-0.924379350030378,1.39382023467104e-05,0.657565916828281,0.417420583606274,18.8775688000233,1.39382023467104e-05,FALSE,874,NR3C1,nuclear receptor subfamily 3 group C member 1
64922,-2,-1.96715085545327,-2.92497811727269,-1.00932359363385,5.69020305111992e-05,0.516302252475485,0.472423312383782,16.2030632194335,5.69020305111994e-05,FALSE,875,LRRC19,leucine rich repeat containing 19
10926,2,1.65525825663151,0.915145544316825,2.3953709689462,1.16814831770353e-05,0.293810422699577,0.587789005413423,19.2146279717016,1.16814831770353e-05,FALSE,876,DBF4,DBF4-CDC7 kinase regulatory subunit
284076,-2,-2.00265095672804,-2.98607020090621,-1.01923171254986,6.5711382017442e-05,0.0736437344863793,0.786103557657608,15.9304961412912,6.57113820174419e-05,FALSE,877,TTLL6,tubulin tyrosine ligase like 6
79658,-2,-2.58976685237816,-3.98551085928289,-1.19402284547344,0.000276193530118866,1.56113626259452,0.211498927117133,13.2253134588961,0.000276193530118867,FALSE,878,ARHGAP10,Rho GTPase activating protein 10
11261,-2,-1.68117361247115,-2.44202680229073,-0.920320422651573,1.4862469576053e-05,0.383547099611964,0.535710975576836,18.7551084653218,1.48624695760529e-05,FALSE,879,CHP1,calcineurin like EF-hand protein 1
440107,1,3.2116613776225,1.38177632633513,5.04154642890987,0.000581789300505746,0,1,11.8333595780532,0.000581789300505745,FALSE,880,PLEKHG7,pleckstrin homology and RhoGEF domain containing G7
677771,1,2.76122339001327,1.24372795845143,4.27871882157511,0.000362007350459303,0,1,12.7187515731616,0.000362007350459303,FALSE,881,,
4998,2,1.95510551323899,1.00069460829163,2.90951641818635,5.94519724078672e-05,0.0448090726177938,0.832355493936298,16.1200281951594,5.94519724078672e-05,FALSE,882,ORC1,origin recognition complex subunit 1
6578,-2,-2.15739573507448,-3.25358494185701,-1.06120652829194,0.000114609077040742,0.18576717082804,0.666463165321115,14.8793777807989,0.000114609077040742,FALSE,883,SLCO2A1,solute carrier organic anion transporter family member 2A1
93986,-2,-3.11504410769089,-4.88104379123692,-1.34904442414486,0.000545865298966215,2.31785204067408,0.127896525977911,11.9520758372578,0.000545865298966215,FALSE,884,FOXP2,forkhead box P2
6472,2,1.77062975241914,0.943755529924637,2.59750397491365,2.70503628798796e-05,0.334013002043015,0.563305587266371,17.6146002139126,2.70503628798797e-05,FALSE,885,SHMT2,serine hydroxymethyltransferase 2
8863,-2,-1.94510810650911,-2.89500299196463,-0.995213221053594,5.98413650077161e-05,0.323162332370022,0.569713368100043,16.1076643456757,5.9841365007716e-05,FALSE,886,PER3,period circadian regulator 3
114822,2,2.06465700619988,1.03005078946155,3.09926322293821,9.18013646436958e-05,0.980844817893102,0.321990323207757,15.2982531506963,9.1801364643696e-05,FALSE,887,RHPN1,rhophilin Rho GTPase binding protein 1
113026,-2,-1.83844347032126,-2.71575470909037,-0.961132231552145,4.00503659732307e-05,0.117376825509205,0.731897133979958,16.869000732611,4.00503659732308e-05,FALSE,888,PLCD3,phospholipase C delta 3
29785,2,1.90278843906177,0.980107780420442,2.82546909770311,5.30164477446443e-05,0.0636024451712257,0.800890147788429,16.3370770108041,5.30164477446444e-05,FALSE,889,CYP2S1,cytochrome P450 family 2 subfamily S member 1
26112,-2,-2.66586355259828,-4.12330014795856,-1.208426957238,0.000337001685428001,2.63271005560659,0.104682897126305,12.8526498422738,0.000337001685428002,FALSE,890,CCDC69,coiled-coil domain containing 69
3161,2,2.29405928706741,1.09494271112265,3.49317586301218,0.000177077950276134,1.5273371454388,0.216512532069009,14.0599133474792,0.000177077950276134,FALSE,891,HMMR,hyaluronan mediated motility receptor
5831,2,1.82076635890695,0.952965488018156,2.68856722979574,3.91777933933978e-05,0.633384584129731,0.426116537398322,16.9108119438821,3.91777933933978e-05,FALSE,892,PYCR1,pyrroline-5-carboxylate reductase 1
8332,2,1.94686199029134,0.989882386513756,2.90384159406892,6.68252004986569e-05,0.00294397497382807,0.956729285327257,15.8986830342099,6.68252004986569e-05,FALSE,893,H2AC16,H2A clustered histone 16
8438,2,1.68027583956949,0.909351315435833,2.45120036370315,1.93850969975157e-05,0.521337307185686,0.470271781678206,18.2487711471096,1.93850969975157e-05,FALSE,894,RAD54L,RAD54 like
29028,2,1.70554177152566,0.915353336967661,2.49573020608365,2.33292807708898e-05,0.000579176240460002,0.980799899158692,17.8961480998318,2.33292807708898e-05,FALSE,895,ATAD2,ATPase family AAA domain containing 2
6322,1,2.04129995322202,1.01527327826702,3.06732662817702,9.64367980489454e-05,0,1,15.2052137462095,9.64367980489454e-05,FALSE,896,SCML1,Scm polycomb group protein like 1
55670,-2,-1.73166052974913,-2.54070453523288,-0.922616524265385,2.727932270411e-05,0.0869009984933573,0.768154494679272,17.5985711931216,2.727932270411e-05,FALSE,897,PEX26,peroxisomal biogenesis factor 26
9245,-2,-2.18566141789862,-3.31482630799882,-1.05649652779842,0.000148363475892179,0.301320010074048,0.58305607404076,14.3928640203629,0.000148363475892179,FALSE,898,GCNT3,"glucosaminyl (N-acetyl) transferase 3, mucin type"
29798,1,2.99238276519501,1.29844410810035,4.68632142228967,0.00053553441492469,0,1,11.9876792265062,0.000535534414924691,FALSE,899,,
79908,-2,-2.25571652159103,-3.43486144794859,-1.07657159523348,0.000177235892298123,0.0519709627716407,0.819668468551044,14.0582366476005,0.000177235892298123,FALSE,900,BTNL8,butyrophilin like 8
23460,-2,-2.04112940564484,-3.0698112579624,-1.01244755332729,0.000100659569602089,0.556209847236456,0.455791396425143,15.1242937737841,0.000100659569602089,FALSE,901,ABCA6,ATP binding cassette subfamily A member 6
150726,2,1.87348392079547,0.961475860980324,2.78549198061061,5.66764556825671e-05,0.0956595143935537,0.757101908200094,16.2105880500877,5.66764556825669e-05,FALSE,902,FBXO41,F-box protein 41
2354,-2,-2.76217018725686,-4.29751238690526,-1.22682798760847,0.000421744336980229,1.37341391938462,0.241226190091114,12.4333075161786,0.000421744336980229,FALSE,903,FOSB,"FosB proto-oncogene, AP-1 transcription factor subunit"
27329,1,2.56612165418554,1.16778321530261,3.96446009306847,0.000322189345845523,0,1,12.9367764267015,0.000322189345845523,FALSE,904,ANGPTL3,angiopoietin like 3
23228,-2,-1.82282712325513,-2.7017005185353,-0.943953727974964,4.80195381555607e-05,0.177744157182373,0.673319086627459,16.5247352586003,4.80195381555608e-05,FALSE,905,PLCL2,phospholipase C like 2
10984,2,1.8760649581656,0.958943788846899,2.79318612748431,6.08973635526585e-05,0.372499047503193,0.541645214460084,16.0745376074378,6.08973635526586e-05,FALSE,906,,
643827,-1,-2.82682913933868,-4.41210003052911,-1.24155824814825,0.000474104849457793,0,1,12.2148554122245,0.000474104849457794,FALSE,907,,
1512,2,1.75035257930191,0.919632323159473,2.58107283544435,3.63232004720707e-05,0.00384149297396361,0.950578935255635,17.0544476807702,3.63232004720707e-05,FALSE,908,CTSH,cathepsin H
11343,-2,-1.72683947238378,-2.5415781046641,-0.912100840103453,3.26504762358525e-05,0.553327060204497,0.456961436797436,17.2569284041998,3.26504762358524e-05,FALSE,909,MGLL,monoglyceride lipase
6080,1,2.20514545409993,1.05422434884208,3.35606655935778,0.00017316301750332,0,1,14.1019625344512,0.00017316301750332,FALSE,910,,
51497,2,1.51492226112799,0.848289182457754,2.18155533979823,8.42795977260683e-06,0.0115116263176162,0.914557134847018,19.838240791417,8.42795977260685e-06,FALSE,911,NELFCD,negative elongation factor complex member C/D
201895,-2,-1.58621071282007,-2.3047053726779,-0.867716052962238,1.51164009740459e-05,0.762048517593873,0.382688203686338,18.7228022403236,1.51164009740459e-05,FALSE,912,SMIM14,small integral membrane protein 14
79750,-2,-2.28544818863069,-3.49570402162871,-1.07519235563267,0.000214584176888385,0.000265609555743609,0.986997026301618,13.6988646147639,0.000214584176888385,FALSE,913,ZNF385D,zinc finger protein 385D
64072,-1,-2.28536178538054,-3.49581278112351,-1.07491078963757,0.00021520809114499,0,1,13.6934121556562,0.00021520809114499,FALSE,914,CDH23,cadherin related 23
389332,-1,-2.41628426841576,-3.71908587896637,-1.11348265786515,0.000277859585101814,0,1,13.2140413417195,0.000277859585101814,FALSE,915,SMIM32,small integral membrane protein 32
84968,-1,-3.49325677173939,-5.54878088995357,-1.43773265352521,0.000865789811922345,0,1,11.0946101808079,0.000865789811922345,FALSE,916,PNMA6A,PNMA family member 6A
2707,2,1.94453334280816,0.971894670497449,2.91717201511888,8.91280734560169e-05,0.0280342078231865,0.867028425510485,15.3540837213547,8.91280734560169e-05,FALSE,917,GJB3,gap junction protein beta 3
2865,-1,-3.24792210838952,-5.1348131447859,-1.36103107199314,0.000741642814285206,0,1,11.3818733871557,0.000741642814285207,FALSE,918,FFAR3,free fatty acid receptor 3
171586,-2,-1.78019108021193,-2.63882624841098,-0.921555912012882,4.83311271948392e-05,0.0246512423184401,0.875239220217889,16.5124713999713,4.83311271948392e-05,FALSE,919,ABHD3,"abhydrolase domain containing 3, phospholipase"
654322,1,2.47007688653191,1.12532461112673,3.81482916193709,0.00031807747385552,0,1,12.9608221163935,0.00031807747385552,FALSE,920,,
8329,2,1.84982612415194,0.940836714595981,2.75881553370789,6.64651788328243e-05,0.87029489868851,0.350873681164161,15.9089073361264,6.64651788328244e-05,FALSE,921,H2AC13,H2A clustered histone 13
1951,2,1.78319595867322,0.918921066239556,2.64747085110688,5.25800905334079e-05,0.0156163120789995,0.900551066277391,16.3527399716685,5.25800905334079e-05,FALSE,922,CELSR3,cadherin EGF LAG seven-pass G-type receptor 3
26806,1,2.34875069137013,1.08641223097078,3.61108915176948,0.000265550272534506,0,1,13.2989819108101,0.000265550272534506,FALSE,923,,
27074,2,2.06569699250112,1.00200042918862,3.12939355581361,0.000141091557574881,0.0103204046742429,0.91908259942274,14.4875151891312,0.000141091557574881,FALSE,924,LAMP3,lysosomal associated membrane protein 3
5865,-2,-2.14860864646499,-3.27073016714015,-1.02648712578984,0.000174809482210583,0.676398145307217,0.410829775888527,14.0841628185719,0.000174809482210583,FALSE,925,RAB3B,"RAB3B, member RAS oncogene family"
11148,-2,-2.09675157752637,-3.18289894557053,-1.0106042094822,0.000154570230739462,0.805994475363148,0.369307141456701,14.3157013804041,0.000154570230739462,FALSE,926,HHLA2,HHLA2 member of B7 family
857,-2,-2.76634981534954,-4.32377417680393,-1.20892545389516,0.000498885103488138,2.17526805482727,0.140245077999299,12.1198278025886,0.000498885103488138,FALSE,927,CAV1,caveolin 1
57502,-1,-2.92926742871952,-4.60085494859689,-1.25767990884215,0.000593397419218328,0,1,11.7965764660346,0.000593397419218329,FALSE,928,NLGN4X,neuroligin 4 X-linked
388335,-2,-2.83930734372479,-4.44799059495822,-1.23062409249136,0.000541553614778993,2.42744333435017,0.119227212858197,11.9668518116975,0.000541553614778991,FALSE,929,TMEM220,transmembrane protein 220
114905,-2,-2.33343574757508,-3.58738331290729,-1.07948818224287,0.000265070415216208,1.16276910789557,0.280891991281878,13.3023730396774,0.000265070415216208,FALSE,930,C1QTNF7,C1q and TNF related 7
783,-2,-2.04992945512522,-3.1049070993567,-0.994951810893745,0.000139862969302863,0.90413991260781,0.341674068515801,14.503990286246,0.000139862969302863,FALSE,931,CACNB2,calcium voltage-gated channel auxiliary subunit beta 2
79915,2,1.87090705419857,0.94178925953522,2.80002484886191,7.92495360089314e-05,0.674111837775501,0.411621695871975,15.5761116406652,7.92495360089316e-05,FALSE,932,ATAD5,ATPase family AAA domain containing 5
23397,2,1.98017520223601,0.973902073959038,2.98644833051299,0.000114844730047049,0.370785678149093,0.542576317433918,14.8755032233087,0.000114844730047049,FALSE,933,NCAPH,non-SMC condensin I complex subunit H
8363,2,1.70394565282272,0.892276690802783,2.51561461484265,3.8789489432255e-05,0.882836017384904,0.347426091976477,16.9297202499231,3.87894894322549e-05,FALSE,934,H4C11,H4 clustered histone 11
389058,2,2.22189496786757,1.04503717289712,3.39875276283802,0.000215267441256941,0.145972664626821,0.702414122270719,13.6928943179686,0.000215267441256941,FALSE,935,SP5,Sp5 transcription factor
55601,-2,-1.68265938049011,-2.47960454970083,-0.885714211279392,3.49977482695286e-05,0.00279134806504598,0.957864800793731,17.1250449093945,3.49977482695287e-05,FALSE,936,DDX60,DExD/H-box helicase 60
890,2,1.76814899055378,0.910925660635614,2.62537232047194,5.28361620334194e-05,0.109219766982296,0.741034174296905,16.3435325601456,5.28361620334194e-05,FALSE,937,CCNA2,cyclin A2
58480,-2,-1.75874662921044,-2.61002359965294,-0.907469658767947,5.13699712670196e-05,0.268114341229983,0.604599501994016,16.3968705871312,5.13699712670197e-05,FALSE,938,RHOU,ras homolog family member U
28796,1,2.91007557145935,1.24886692490422,4.57128421801448,0.000595996460335147,0,1,11.7884403620416,0.000595996460335148,FALSE,939,,
7087,1,2.74492032170763,1.19847015654519,4.29137048687007,0.000503477044155982,0,1,12.1027429216827,0.000503477044155982,FALSE,940,ICAM5,intercellular adhesion molecule 5
342527,1,3.08263598960752,1.2991996860984,4.86607229311665,0.00070465700732455,0,1,11.4769229293466,0.00070465700732455,FALSE,941,SMTNL2,smoothelin like 2
102724153,-1,-2.22959761684364,-3.41450498874244,-1.04469024494484,0.000226029165659108,0,1,13.6012981934718,0.000226029165659108,FALSE,942,,
1734,2,2.13539119500487,1.01624367922121,3.25453871078854,0.000184230925267513,0.757057147690361,0.384251052694922,13.9854487873177,0.000184230925267513,FALSE,943,DIO2,iodothyronine deiodinase 2
8970,2,1.78428640610849,0.912516899298151,2.65605591291884,6.03242915518327e-05,0.565081078281975,0.452220212574102,16.0924425577862,6.03242915518327e-05,FALSE,944,H2BC11,H2B clustered histone 11
8362,2,1.69946283316387,0.887305853940062,2.51161981238767,4.10864968459234e-05,0.882066929892471,0.347636188329771,16.8205256178197,4.10864968459235e-05,FALSE,945,H4C12,H4 clustered histone 12
58189,-2,-2.92100847196219,-4.59305817858003,-1.24895876534435,0.000617102594336955,3.06946552978163,0.0797756957879311,11.723666272194,0.000617102594336954,FALSE,946,WFDC1,WAP four-disulfide core domain 1
1368,-2,-1.81070279988735,-2.70336768602802,-0.918037913746683,7.01908825711015e-05,0.00924245977266699,0.923411199732827,15.8056960095277,7.01908825711015e-05,FALSE,947,CPM,carboxypeptidase M
58476,-2,-2.42280703162614,-3.74968353560922,-1.09593052764307,0.00034518654278545,2.27170351057726,0.13175500797855,12.8077495146637,0.00034518654278545,FALSE,948,TP53INP2,tumor protein p53 inducible nuclear protein 2
56901,2,1.97244269790177,0.962437141036702,2.98244825476684,0.000129388734371498,0.00497349885031027,0.943777364743008,14.6506686484453,0.000129388734371498,FALSE,949,NDUFA4L2,NDUFA4 mitochondrial complex associated like 2
7518,2,1.60447886054028,0.854266770669917,2.35469095041064,2.7677961515006e-05,0.0651289625128548,0.798565722006033,17.570983211242,2.7677961515006e-05,FALSE,950,XRCC4,X-ray repair cross complementing 4
2187,2,2.00020020071257,0.970067389593664,3.03033301183148,0.000141434806918718,1.14697113948492,0.284184094905235,14.482938101907,0.000141434806918718,FALSE,951,FANCB,FA complementation group B
9588,-2,-1.66033039133792,-2.4507109443347,-0.869949838341137,3.83433895709976e-05,0.0286607046105343,0.86556482331627,16.9516791932172,3.83433895709976e-05,FALSE,952,PRDX6,peroxiredoxin 6
100874243,-1,-2.84905382265537,-4.47802344922806,-1.22008419608268,0.000608134834809384,0,1,11.7509104405321,0.000608134834809383,FALSE,953,,
8904,2,1.64994305709661,0.865502070788454,2.43438404340477,3.74842777732165e-05,0.104657145716827,0.746310877964651,16.9947014671315,3.74842777732166e-05,FALSE,954,CPNE1,copine 1
5241,-2,-3.23254247989802,-5.1309827740544,-1.33410218574164,0.000845962539467501,2.94934799757907,0.085912212484492,11.1375784813145,0.000845962539467499,FALSE,955,PGR,progesterone receptor
112476,-2,-2.00809468476627,-3.04647623249832,-0.969713137034224,0.000150456297604277,0.0238596923815,0.877242452197343,14.3664885555217,0.000150456297604277,FALSE,956,PRRT2,proline rich transmembrane protein 2
28387,1,3.26751450417355,1.34343909805452,5.19158991029258,0.000873271009808302,0,1,11.0786553853478,0.000873271009808302,FALSE,957,,
84812,-1,-2.28836758870063,-3.52509400262855,-1.05164117477271,0.000287172200567834,0,1,13.1522630099841,0.000287172200567833,FALSE,958,PLCD4,phospholipase C delta 4
2877,2,1.73833410507062,0.88972483137207,2.58694337876916,5.94737183441854e-05,0.00135569028062477,0.970628766666681,16.1193355820231,5.94737183441854e-05,FALSE,959,GPX2,glutathione peroxidase 2
6282,2,1.71334133560271,0.882098215283816,2.54458445592161,5.34881978913655e-05,0.475243462859714,0.490584769012207,16.3202887947037,5.34881978913656e-05,FALSE,960,S100A11,S100 calcium binding protein A11
56256,-2,-2.73717266623902,-4.29147571041452,-1.18286962206352,0.000557369599008545,1.97216244987219,0.160218517077368,11.913220378033,0.000557369599008544,FALSE,961,SERTAD4,SERTA domain containing 4
5016,2,1.8916913175193,0.933466179216918,2.84991645582169,0.000109154662364594,0.0031527851213897,0.955222577651589,14.9713720478176,0.000109154662364593,FALSE,962,OVGP1,oviductal glycoprotein 1
3291,-2,-1.76982373659485,-2.64200766353223,-0.89763980965747,6.97513900623658e-05,0.618310487659093,0.431675812990398,15.8175805596687,6.97513900623659e-05,FALSE,963,HSD11B2,hydroxysteroid 11-beta dehydrogenase 2
64115,-2,-1.57868778623057,-2.31582694888157,-0.841548623579574,2.69829875230504e-05,0.155142986503299,0.693668200979636,17.6193429974469,2.69829875230504e-05,FALSE,964,VSIR,V-set immunoregulatory receptor
6338,-2,-4.42751357856056,-7.1574882140065,-1.69753894311462,0.00147937720368379,6.17307347603944,0.0129709075298829,10.1041261946008,0.00147937720368379,FALSE,965,SCNN1B,sodium channel epithelial 1 subunit beta
3159,2,1.64816181134837,0.861212909340291,2.43511071335645,4.04509285503387e-05,0.0428518466256174,0.83600448870001,16.8501126540934,4.04509285503388e-05,FALSE,966,HMGA1,high mobility group AT-hook 1
9156,2,1.97120610338015,0.955486075022331,2.98692613173797,0.000142551540863654,0.00126099660237571,0.971672662728677,14.468123929968,0.000142551540863654,FALSE,967,EXO1,exonuclease 1
135644,-2,-2.35521164999373,-3.64314449561535,-1.06727880437212,0.000338192290332477,1.12863214121453,0.288067293773454,12.8460505267482,0.000338192290332478,FALSE,968,TRIM40,tripartite motif containing 40
11252,-2,-1.57715644932867,-2.31567376840738,-0.838639130249952,2.84359992605521e-05,0.214548824966537,0.643225205682905,17.5196072292379,2.84359992605521e-05,FALSE,969,PACSIN2,protein kinase C and casein kinase substrate in neurons 2
57082,2,1.71953453558534,0.879654020430123,2.55941505074056,6.00169109484794e-05,0.52852078906693,0.467229415156272,16.1021169132145,6.00169109484795e-05,FALSE,970,KNL1,kinetochore scaffold 1
3854,1,3.43152058606803,1.38635457554051,5.47668659659555,0.00100700333673558,0,1,10.8146449642708,0.00100700333673558,FALSE,971,KRT6B,keratin 6B
84981,-2,-1.73399023485039,-2.58502862403955,-0.882951845661235,6.51255456781899e-05,0.118137579609633,0.731063278879502,15.9474472708244,6.51255456781899e-05,FALSE,972,,
114795,-1,-2.98846765476904,-4.72486362788477,-1.25207168165331,0.000742878298354645,0,1,11.3787815890461,0.000742878298354646,FALSE,973,TMEM132B,transmembrane protein 132B
84502,-1,-3.28890877798766,-5.23638548302684,-1.34143207294848,0.000932968510105602,0,1,10.956082526444,0.000932968510105602,FALSE,974,JPH4,junctophilin 4
5648,-2,-4.42605476953264,-7.16195497910585,-1.69015455995943,0.00152035921376166,4.96784033925368,0.0258228713134997,10.0537769096265,0.00152035921376167,FALSE,975,MASP1,MBL associated serine protease 1
10462,-2,-1.87580401563819,-2.82948491806241,-0.922123113213963,0.000115695688732292,0.169760215004232,0.68032500013894,14.8615782563126,0.000115695688732292,FALSE,976,CLEC10A,C-type lectin domain containing 10A
79901,-2,-1.88074905667084,-2.83793254031886,-0.923565573022826,0.000117592932764077,0.235982566669972,0.627122894422247,14.8308996034613,0.000117592932764077,FALSE,977,CYBRD1,cytochrome b reductase 1
101927813,1,2.69793932867106,1.16291374533058,4.23296491201154,0.00057147134594819,0,1,11.8666819909369,0.00057147134594819,FALSE,978,,
28825,1,2.88841323674402,1.21918124299007,4.55764523049798,0.00069513349946781,0,1,11.502213774317,0.00069513349946781,FALSE,979,,
400986,1,1.60398871857369,0.842036646463092,2.36594079068429,3.69241244333753e-05,0,1,17.0232897782,3.69241244333753e-05,FALSE,980,ANKRD36C,ankyrin repeat domain 36C
3329,2,1.54870632248597,0.824912338866415,2.27250030610552,2.74384389791096e-05,0.0806757957836916,0.776383673870403,17.5875112031886,2.74384389791096e-05,FALSE,981,HSPD1,heat shock protein family D (Hsp60) member 1
9620,2,2.03658938090271,0.966472570437202,3.10670619136823,0.000191404410931123,0.0322961424870679,0.857379241117168,13.9136398971292,0.000191404410931123,FALSE,982,CELSR1,cadherin EGF LAG seven-pass G-type receptor 1
1736,2,1.55543691496144,0.825408945856911,2.28546488406596,2.96673506794109e-05,0.00165173768017547,0.967581638858863,17.4390164378056,2.96673506794108e-05,FALSE,983,DKC1,dyskerin pseudouridine synthase 1
153572,1,3.14782162002033,1.29301963055199,5.00262360948867,0.00088008999418102,0,1,11.0642327652207,0.000880089994181019,FALSE,984,IRX2,iroquois homeobox 2
105371768,-2,-1.84961361096191,-2.789561313685,-0.909665908238814,0.000114888198095745,0.30137637476564,0.583020841336573,14.8747894050042,0.000114888198095745,FALSE,985,,
6700,1,3.94910824515985,1.5345265364135,6.3636899539062,0.00134795402783066,0,1,10.2756770161463,0.00134795402783066,FALSE,986,SPRR2A,small proline rich protein 2A
8425,-2,-1.80320951464865,-2.7111324888445,-0.895286540452805,9.91554509798463e-05,0.0264384235816736,0.870834201564765,15.1527183612828,9.91554509798465e-05,FALSE,987,LTBP4,latent transforming growth factor beta binding protein 4
717,2,2.417769715791,1.07439885397441,3.76114057760758,0.00041950275772727,1.97032270513132,0.160413612803729,12.4432607181799,0.00041950275772727,FALSE,988,C2,complement C2
400916,-2,-1.56745723464227,-2.30847000130828,-0.826444467976268,3.38491710247082e-05,0.333256771381571,0.563747646851854,17.1884297182955,3.38491710247082e-05,FALSE,989,CHCHD10,coiled-coil-helix-coiled-coil-helix domain containing 10
653567,-2,-3.0031939539364,-4.75979251089797,-1.24659539697483,0.000805550336371625,4.1597594970321,0.0413952813883004,11.2284006496903,0.000805550336371625,FALSE,990,TMEM236,transmembrane protein 236
151246,2,1.93156209936014,0.931690775768296,2.93143342295198,0.000152919756179208,1.33066219842255,0.248687446172845,14.3359113425582,0.000152919756179208,FALSE,991,SGO2,shugoshin 2
3002,2,2.03228188360537,0.959607252865013,3.10495651434573,0.000204546558596,0.262870847396985,0.608154668885562,13.7888502335364,0.000204546558596,FALSE,992,GZMB,granzyme B
2788,-1,-2.56135411729412,-4.00860089718782,-1.11410733740042,0.000522852762413557,0,1,12.0323442634767,0.000522852762413556,FALSE,993,GNG7,G protein subunit gamma 7
6665,-1,-2.8992471403729,-4.58504655411118,-1.21344772663462,0.000749619803958484,0,1,11.3620019650755,0.000749619803958483,FALSE,994,SOX15,SRY-box transcription factor 15
7098,-2,-1.73889979857631,-2.60395594241029,-0.873843654742323,8.15366854078451e-05,0.520555789180412,0.470604694414135,15.522322649388,8.15366854078451e-05,FALSE,995,TLR3,toll like receptor 3
348249,-2,-1.76968173734499,-2.65808947888618,-0.881273995803797,9.45415544117064e-05,0.452538376891304,0.501131978095206,15.2426982275861,9.45415544117063e-05,FALSE,996,CCL15-CCL14,CCL15-CCL14 readthrough (NMD candidate)
5961,-1,-3.13003771340129,-4.980004343737,-1.28007108306558,0.000912678258925644,0,1,10.9968305571722,0.000912678258925644,FALSE,997,PRPH2,peripherin 2
8522,-2,-1.80512790303621,-2.71892157986163,-0.891334226210795,0.000108054320518943,0.838138754269276,0.359929631119804,14.9904905104781,0.000108054320518943,FALSE,998,GAS7,growth arrest specific 7
79075,2,1.94836209100582,0.931905828489754,2.96481835352188,0.000172034583831501,0.0768222291658194,0.781650931100277,14.1142606091058,0.000172034583831501,FALSE,999,DSCC1,DNA replication and sister chromatid cohesion 1
80034,-2,-2.07304361212121,-3.17847221346774,-0.967615010774687,0.000237310030777129,0.11066498027635,0.739388331683974,13.5098854077239,0.000237310030777129,FALSE,1000,CSRNP3,cysteine and serine rich nuclear protein 3
57519,-2,-1.80016100137519,-2.71233023427441,-0.88799176847598,0.000109741462400144,0.0551943282198999,0.81425939178456,14.9612555380476,0.000109741462400144,FALSE,1001,STARD9,StAR related lipid transfer domain containing 9
3043,-2,-2.04527738099878,-3.13243229644708,-0.958122465550478,0.000226643082196999,0.459396502535331,0.49790615362138,13.5962062896635,0.000226643082196999,FALSE,1002,HBB,hemoglobin subunit beta
1152,-2,-1.85329267882081,-2.80450225706961,-0.902083100572007,0.000134155143287523,1.03731594626954,0.308446534437412,14.5824928688821,0.000134155143287523,FALSE,1003,CKB,creatine kinase B
100652824,1,2.94694973478667,1.22175143845812,4.67214803111522,0.000814052774580613,0,1,11.2089155575129,0.000814052774580611,FALSE,1004,KIAA2012,KIAA2012
10549,2,1.61076861381904,0.83142949047087,2.3901077371672,5.10144025985265e-05,0.0797456014832268,0.777642460105734,16.4100363138201,5.10144025985267e-05,FALSE,1005,PRDX4,peroxiredoxin 4
124975,-2,-1.73960241668788,-2.61099242900523,-0.868212404370522,9.12393592964236e-05,0.679255978225823,0.409843043101085,15.309853360922,9.12393592964236e-05,FALSE,1006,GGT6,gamma-glutamyltransferase 6
5983,2,2.13708829141393,0.983082282619675,3.29109430020819,0.000283826568216607,1.6413657689566,0.200138182160438,13.1742218204772,0.000283826568216607,FALSE,1007,RFC3,replication factor C subunit 3
389792,2,1.80937320839281,0.888014609315911,2.73073180746971,0.000118602544249242,0.0141920203119024,0.905172152564955,14.8147765631058,0.000118602544249242,FALSE,1008,IER5L,immediate early response 5 like
220042,2,2.06747513601634,0.961961693522749,3.17298857850994,0.000246928000150715,0.0100783409685313,0.920033961731141,13.4353417274966,0.000246928000150715,FALSE,1009,DDIAS,DNA damage induced apoptosis suppressor
374877,1,2.83366366954498,1.18561194365629,4.48171539543367,0.000751773837283426,0,1,11.356672698348,0.000751773837283426,FALSE,1010,SAXO5,stabilizer of axonemal microtubules 5
441631,-2,-1.93764645128174,-2.95120298656851,-0.924089915994962,0.000179017736054735,0.146967543469316,0.701450291297091,14.0394243186278,0.000179017736054735,FALSE,1011,TSPAN11,tetraspanin 11
79443,-2,-1.49829339225617,-2.19955520926698,-0.797031575245359,2.81924947689705e-05,0.0672073504079807,0.795447134591312,17.5359591512519,2.81924947689704e-05,FALSE,1012,FYCO1,FYVE and coiled-coil domain autophagy adaptor 1
489,-2,-1.7766799874585,-2.67674707047219,-0.8766129044448,0.000109347765873938,0.546207738384781,0.459871363601144,14.9680368877732,0.000109347765873938,FALSE,1013,ATP2A3,ATPase sarcoplasmic/endoplasmic reticulum Ca2+ transporting 3
7957,-2,-2.15031173608352,-3.31599551361469,-0.984627958552346,0.000299764642316335,1.24082196859465,0.26531269922498,13.0718641981455,0.000299764642316335,FALSE,1014,EPM2A,"EPM2A glucan phosphatase, laforin"
440145,2,1.87523107464249,0.904855860708882,2.8456062885761,0.000152114385667695,0.0591184237962472,0.807894772092432,14.3458529375134,0.000152114385667695,FALSE,1015,MZT1,mitotic spindle organizing protein 1
6840,-2,-2.44877012881352,-3.82679816931735,-1.0707420883097,0.000496057443457849,2.2020648121584,0.137826011013775,12.1304276035972,0.00049605744345785,FALSE,1016,SVIL,supervillin
80243,-2,-1.82440359595032,-2.75894029381706,-0.889866898083587,0.000130113377673698,0.0947728250200695,0.758194987179699,14.6401423969386,0.000130113377673698,FALSE,1017,PREX2,"phosphatidylinositol-3,4,5-trisphosphate dependent Rac exchange factor 2"
83879,2,2.36444801906676,1.04533005384667,3.68356598428685,0.00044286065933955,1.90415794044657,0.167613650694527,12.3420827353142,0.000442860659339551,FALSE,1018,CDCA7,cell division cycle associated 7
4494,-2,-2.02393471512781,-3.10196182496269,-0.94590760529294,0.000233489135476529,0.24700005315627,0.619195398657293,13.5403476897243,0.000233489135476529,FALSE,1019,MT1F,metallothionein 1F
8884,2,1.6424542316714,0.83572294332476,2.44918552001804,6.59720902033162e-05,0.0320877588173618,0.857835183840386,15.9230013864927,6.59720902033162e-05,FALSE,1020,SLC5A6,solute carrier family 5 member 6
23371,-2,-1.91369113925258,-2.91381603367332,-0.913566244831837,0.000176625020272339,1.30167406260832,0.253907663113441,14.0647299828276,0.000176625020272338,FALSE,1021,TNS2,tensin 2
6920,-2,-1.71258634767612,-2.57008539020836,-0.855087305143883,9.06234584934705e-05,0.675899534291445,0.411002290918571,15.3226488758786,9.06234584934705e-05,FALSE,1022,TCEA3,transcription elongation factor A3
80336,2,2.22261767862331,1.00079927691086,3.44443608033577,0.000363325170753685,1.65851806445393,0.197803530646685,12.7119561873589,0.000363325170753684,FALSE,1023,PABPC1L,poly(A) binding protein cytoplasmic 1 like
92815,2,2.07295058839719,0.957519182190201,3.18838199460417,0.000270050392779228,1.77281024061084,0.183034671690616,13.2674770704916,0.000270050392779229,FALSE,1024,H2AC25,H2A clustered histone 25
387103,2,2.0730710877823,0.956994586187279,3.18914758937732,0.00027204456351319,0.0198399062170404,0.887985122861203,13.2536849474306,0.00027204456351319,FALSE,1025,CENPW,centromere protein W
35,-2,-1.88291076930316,-2.86400751692708,-0.901814021679234,0.00016886859526739,1.52256453292083,0.217231815115341,14.1492033682762,0.00016886859526739,FALSE,1026,ACADS,acyl-CoA dehydrogenase short chain
158584,2,1.64981201851383,0.834150170938099,2.46547386608956,7.3595036863923e-05,0.862817478990213,0.352951439441552,15.7161009796087,7.35950368639231e-05,FALSE,1027,FAAH2,fatty acid amide hydrolase 2
57000,-1,-2.06197719188467,-3.17193724669058,-0.952017137078757,0.00027154647161842,0,1,13.2571202889202,0.00027154647161842,FALSE,1028,,
116496,-2,-3.47659316032409,-5.58568445484042,-1.36750186580775,0.00123455499290458,4.35931195716195,0.036807168466084,10.4379008387772,0.00123455499290459,FALSE,1029,NIBAN1,niban apoptosis regulator 1
91156,1,3.17452973868572,1.27691159445645,5.07214788291499,0.001042390604861,0,1,10.7507146123547,0.001042390604861,FALSE,1030,IGFN1,immunoglobulin like and fibronectin type III domain containing 1
146691,-2,-1.53496231148612,-2.26997683569081,-0.79994778728142,4.25686769664453e-05,0.0565360288072404,0.812057113283092,16.7532771500202,4.25686769664452e-05,FALSE,1031,TOM1L2,target of myb1 like 2 membrane trafficking protein
3070,2,1.83925659097425,0.886897393739104,2.79161578820939,0.000153580702548299,0.800872138013149,0.370832742465137,14.3277918480209,0.0001535807025483,FALSE,1032,HELLS,"helicase, lymphoid specific"
8633,-2,-2.01331593059763,-3.0898208719052,-0.936810989290058,0.000246768141536746,0.0322235533476523,0.857537893094371,13.4365566244385,0.000246768141536745,FALSE,1033,UNC5C,unc-5 netrin receptor C
7139,1,3.22339772274061,1.2898685673416,5.15692687813962,0.00108514370651222,0,1,10.6763430823207,0.00108514370651222,FALSE,1034,TNNT2,"troponin T2, cardiac type"
84955,2,1.74412991633978,0.858382078440755,2.6298777542388,0.000113678037165094,1.21817630665606,0.269718849693023,14.8947645716562,0.000113678037165094,FALSE,1035,NUDCD1,NudC domain containing 1
101927193,-1,-3.53987294704587,-5.69597408996292,-1.38377180412882,0.00129152539307675,0,1,10.3545986895242,0.00129152539307675,FALSE,1036,,
9215,-2,-1.6307707169687,-2.43582328578666,-0.825718148150732,7.18002845751803e-05,0.0983963558115549,0.753762623192459,15.7628052776395,7.18002845751802e-05,FALSE,1037,LARGE1,LARGE xylosyl- and glucuronyltransferase 1
85457,-2,-1.57057151997087,-2.33271574898673,-0.808427290955013,5.36906530967036e-05,1.01143835988039,0.31455849895461,16.3131296145572,5.36906530967036e-05,FALSE,1038,CIPC,CLOCK interacting pacemaker
728577,-1,-2.90623033329088,-4.61877280051235,-1.19368786606941,0.000880667679292817,0,1,11.0630161161302,0.000880667679292816,FALSE,1039,CNTNAP3B,contactin associated protein family member 3B
692063,1,2.43737358271146,1.05683212486793,3.81791504055499,0.000539462370021142,0,1,11.9740612509343,0.000539462370021142,FALSE,1040,,
54102,-2,-2.22546897902135,-3.45540216229613,-0.995535795746578,0.000390528102246117,0.654573430975449,0.41848228873879,12.5769760643451,0.000390528102246118,FALSE,1041,CLIC6,chloride intracellular channel 6
81578,-2,-2.87621811251524,-4.56773225462422,-1.18470397040626,0.000860122461317616,2.37214591909101,0.123517157081719,11.106789717132,0.000860122461317616,FALSE,1042,COL21A1,collagen type XXI alpha 1 chain
79101,2,1.51323625854355,0.790991130589927,2.23548138649718,4.01726059778842e-05,0.482004285335059,0.487515857653779,16.8632165828555,4.01726059778842e-05,FALSE,1043,TAF1D,"TATA-box binding protein associated factor, RNA polymerase I subunit D"
220965,-2,-1.97159636091301,-3.02142102751123,-0.921771694314792,0.000232448409668996,0.928893428955291,0.335150632037994,13.5487320025398,0.000232448409668996,FALSE,1044,FAM13C,family with sequence similarity 13 member C
8120,-1,-3.26804093642349,-5.23663370224021,-1.29944817060677,0.00113905938917984,0,1,10.5866703069509,0.00113905938917984,FALSE,1045,AP3B2,adaptor related protein complex 3 subunit beta 2
84466,-1,-2.62365022280248,-4.13774775448101,-1.10955269112395,0.00068314909451979,0,1,11.5345418891577,0.000683149094519791,FALSE,1046,MEGF10,multiple EGF like domains 10
1594,2,1.98471509322864,0.924585597176028,3.04484458928125,0.000243182381490832,0.336979340399629,0.561578014936855,13.4640182201201,0.000243182381490831,FALSE,1047,CYP27B1,cytochrome P450 family 27 subfamily B member 1
646962,-2,-2.15910521051602,-3.34386321508206,-0.974347205949985,0.000354479197871201,0.0194781310229563,0.889004426769461,12.7580555798675,0.0003544791978712,FALSE,1048,HRCT1,histidine rich carboxyl terminus 1
116447,2,1.69891112607302,0.842292557425068,2.55552969472097,0.000101428203030757,0.0773474895908085,0.780924721303187,15.109932861936,0.000101428203030757,FALSE,1049,TOP1MT,DNA topoisomerase I mitochondrial
4352,-1,-2.40822595603997,-3.7713155002423,-1.04513641183764,0.00053468811595876,0,1,11.9906264930303,0.000534688115958759,FALSE,1050,MPL,"MPL proto-oncogene, thrombopoietin receptor"
57549,-2,-1.81812154418082,-2.76069450991331,-0.87554857844832,0.000156476606254134,0.0894289055938573,0.764904443090113,14.2926266521273,0.000156476606254134,FALSE,1051,IGSF9,immunoglobulin superfamily member 9
374393,2,1.82003613627463,0.875309469995521,2.76476280255374,0.000159422919179396,0.0537324856104732,0.816691270121812,14.257515602328,0.000159422919179396,FALSE,1052,FAM111B,FAM111 trypsin like peptidase B
65018,-2,-1.53188527758446,-2.27257893190712,-0.791191623261795,5.04458592625241e-05,0.0217509045644502,0.882751681970524,16.4312808466541,5.04458592625241e-05,FALSE,1053,PINK1,PTEN induced kinase 1
4601,-2,-1.67169071920462,-2.51285627121279,-0.830525167196452,9.81439455224779e-05,0.371040728983197,0.542437527523067,15.1720787104261,9.81439455224781e-05,FALSE,1054,MXI1,"MAX interactor 1, dimerization protein"
1434,2,1.49034923559206,0.778484304780942,2.20221416640317,4.07210842800857e-05,0.00535834897720218,0.941646374052568,16.837479635072,4.07210842800856e-05,FALSE,1055,CSE1L,chromosome segregation 1 like
27163,-2,-1.75633582629666,-2.6584132750745,-0.854258377518825,0.000135615805492597,0.251524051981179,0.616003984222188,14.5620879850276,0.000135615805492598,FALSE,1056,NAAA,N-acylethanolamine acid amidase
1773,2,1.72187690683495,0.842192087306166,2.60156172636374,0.00012485453350084,0.0158573837735777,0.899790418819775,14.7179115937655,0.00012485453350084,FALSE,1057,DNASE1,deoxyribonuclease 1
23125,-2,-1.44024846073704,-2.11887902953416,-0.761617891939923,3.187984313466e-05,0.135952458286011,0.712338441340699,17.3023138137948,3.187984313466e-05,FALSE,1058,CAMTA2,calmodulin binding transcription activator 2
135398,2,1.95412197636532,0.907883675283324,3.00036027744731,0.000251485705288454,0.0174432155539245,0.894926736664352,13.4010334202009,0.000251485705288454,FALSE,1059,C6orf141,chromosome 6 open reading frame 141
3170,2,1.84177550194424,0.875408479450282,2.8081425244382,0.000187381383162363,0.172275272556045,0.678097567011704,13.953570910133,0.000187381383162363,FALSE,1060,FOXA2,forkhead box A2
196996,2,2.07676151338058,0.941881258129058,3.2116417686321,0.0003349992401262,0.002756367085638,0.958129406848992,12.863802253468,0.0003349992401262,FALSE,1061,GRAMD2A,GRAM domain containing 2A
5567,-2,-1.8680706055735,-2.85404773384047,-0.882093477306526,0.000204473908429858,1.85993414955316,0.172632400540395,13.7895176225773,0.000204473908429858,FALSE,1062,PRKACB,protein kinase cAMP-activated catalytic subunit beta
7432,-2,-3.35814020663646,-5.40207744684236,-1.31420296643056,0.00128112745388108,1.47856632438525,0.223998968930104,10.3695215402898,0.00128112745388107,FALSE,1063,VIP,vasoactive intestinal peptide
3990,-2,-2.17310429618699,-3.37980313509152,-0.966405457282472,0.000416133730073706,0.224029762755248,0.635986447444267,12.4583214718809,0.000416133730073705,FALSE,1064,LIPC,"lipase C, hepatic type"
8331,2,1.84953935306013,0.873595314604849,2.82548339151542,0.000203699612600427,0.228752999321332,0.632450006127759,13.7966454444565,0.000203699612600427,FALSE,1065,H2AC14,H2A clustered histone 14
60436,2,1.67744928324856,0.824327566791482,2.53057099970565,0.000116309910550339,0.551551927660325,0.457684269822732,14.8515911304546,0.000116309910550339,FALSE,1066,TGIF2,TGFB induced factor homeobox 2
57576,-1,-2.55147164954068,-4.02849219769383,-1.07445110138753,0.000709892344231524,0,1,11.4631665334181,0.000709892344231524,FALSE,1067,KIF17,kinesin family member 17
10586,-2,-2.96798557752679,-4.74026673259916,-1.19570442245442,0.00102966799113652,2.1394940344691,0.143549229358298,10.7734429273137,0.00102966799113652,FALSE,1068,MAB21L2,mab-21 like 2
80714,2,1.81634719031495,0.86326448579627,2.76942989483364,0.000187549983603196,0.380524773818128,0.537322520039481,13.9518801811138,0.000187549983603195,FALSE,1069,PBX4,PBX homeobox 4
643382,-2,-1.8028691075819,-2.74641240762225,-0.859325807541545,0.000180402258491222,0.0615749447000532,0.804023772441694,14.0249365773389,0.000180402258491222,FALSE,1070,TMEM253,transmembrane protein 253
29951,-2,-5.1837008246688,-8.49420117779603,-1.87320047154157,0.00214789330663893,5.67173101081594,0.0172404355799443,9.4186522373647,0.00214789330663893,FALSE,1071,PDZRN4,PDZ domain containing ring finger 4
25890,-2,-3.02607952568099,-4.84088887950636,-1.21127017185562,0.00108266108936905,2.9069230308199,0.088200001632291,10.6805800230976,0.00108266108936905,FALSE,1072,ABI3BP,ABI family member 3 binding protein
92312,1,2.5561361420995,1.07274130437667,4.03953097982233,0.000731894331268662,0,1,11.4064530557048,0.000731894331268661,FALSE,1073,MEX3A,mex-3 RNA binding family member A
100631383,-2,-1.69150860674708,-2.55807075627754,-0.824946457216617,0.000130346573799709,0.000328494740494587,0.98553959372233,14.6367675123033,0.000130346573799709,FALSE,1074,FAM47E-STBD1,FAM47E-STBD1 readthrough
5602,-2,-1.90247557986674,-2.92112056298074,-0.883830596752731,0.000251691093293781,0.579658931395905,0.446446039989534,13.3995021461792,0.000251691093293781,FALSE,1075,MAPK10,mitogen-activated protein kinase 10
7263,-2,-1.64647893234817,-2.48207109841102,-0.810886766285309,0.00011247223034682,0.886319865766458,0.346476541645716,14.9148818963385,0.00011247223034682,FALSE,1076,TST,thiosulfate sulfurtransferase
202333,-1,-2.35254472513355,-3.694481945469,-1.0106075047981,0.000590360183270291,0,1,11.8061300247184,0.000590360183270293,FALSE,1077,CMYA5,cardiomyopathy associated 5
64105,2,1.80372805876433,0.853450765713254,2.75400535181542,0.000199048115902976,0.566139946015908,0.451796889099042,13.8400481383473,0.000199048115902976,FALSE,1078,CENPK,centromere protein K
81620,2,1.67812914051108,0.816571325790808,2.53968695523135,0.000134762787922534,0.453504431428447,0.500675436779574,14.5739772694975,0.000134762787922534,FALSE,1079,CDT1,chromatin licensing and DNA replication factor 1
10208,2,1.63497655756138,0.803456414401071,2.46649670072169,0.000116308414850245,0.453836997400065,0.500518435146776,14.8516153857068,0.000116308414850246,FALSE,1080,USPL1,ubiquitin specific peptidase like 1
6450,-1,-2.51734072711908,-3.98116819940296,-1.0535132548352,0.000750195045133638,0,1,11.3605772553275,0.000750195045133639,FALSE,1081,SH3BGR,SH3 domain binding glutamate rich protein
4283,2,2.08429468273974,0.929007272621148,3.23958209285833,0.000406173164621825,0.0962331697236907,0.756397680794073,12.5035789897207,0.000406173164621824,FALSE,1082,CXCL9,C-X-C motif chemokine ligand 9
6948,-2,-1.65369895660039,-2.50067685536524,-0.806721057835547,0.000129835237022769,0.0879117629744888,0.766848894082204,14.6441757042686,0.000129835237022769,FALSE,1083,TCN2,transcobalamin 2
11095,-2,-3.56364182138835,-5.76585702575219,-1.36142661702451,0.00151586522217426,3.32856687929619,0.0680861769775771,10.0592305635313,0.00151586522217426,FALSE,1084,ADAMTS8,ADAM metallopeptidase with thrombospondin type 1 motif 8
23483,2,1.64387665908756,0.803478987344165,2.48427433083095,0.000126165034847465,0.0741700244507184,0.785359263225666,14.6982272960124,0.000126165034847464,FALSE,1085,TGDS,"TDP-glucose 4,6-dehydratase"
81930,2,2.30608164467445,0.991168912942596,3.6209943764063,0.000587400210189039,2.47240153113171,0.115860779165309,11.8154884265262,0.000587400210189038,FALSE,1086,KIF18A,kinesin family member 18A
55022,-2,-1.81140789768265,-2.77258388112836,-0.850231914236936,0.000221015877487717,1.17804853216396,0.277753633947215,13.6434082436732,0.000221015877487717,FALSE,1087,PID1,phosphotyrosine interaction domain containing 1
8969,2,1.6913216112122,0.815749137644736,2.56689408477966,0.000153083193359207,0.390023251244621,0.532287180157937,14.3339002898998,0.000153083193359207,FALSE,1088,H2AC11,H2A clustered histone 11
54478,2,1.91203184379547,0.878102418733274,2.94596126885766,0.000289481641415846,0.0422749276558439,0.837096599842503,13.1372551052974,0.000289481641415847,FALSE,1089,PIMREG,PICALM interacting mitotic regulator
94240,2,1.71741519592091,0.822950638197098,2.61187975364472,0.000167735750934649,0.124136613807682,0.724590595249174,14.1618669887577,0.000167735750934649,FALSE,1090,EPSTI1,epithelial stromal interaction 1
53832,2,1.68587837569728,0.812456967814987,2.55929978357957,0.000154872630913816,0.373888862113811,0.540892098511204,14.3120220745539,0.000154872630913816,FALSE,1091,IL20RA,interleukin 20 receptor subunit alpha
4239,-2,-2.46018530223251,-3.88813951662949,-1.03223108783553,0.000733420449309954,2.02966699945808,0.154254402296726,11.402583366242,0.000733420449309953,FALSE,1092,MFAP4,microfibril associated protein 4
7293,2,2.05954065405947,0.917298447595373,3.20178286052356,0.000409400333674387,0.0463909700188876,0.829466671960237,12.4887943178503,0.000409400333674387,FALSE,1093,TNFRSF4,TNF receptor superfamily member 4
26271,2,1.76736922424312,0.834086566780785,2.70065188170546,0.000205946194924375,0.130110831114558,0.718317153102592,13.776039109342,0.000205946194924375,FALSE,1094,FBXO5,F-box protein 5
51602,2,1.48867157467142,0.754918895300351,2.22242425404249,6.99469584609333e-05,0.110647145755771,0.739408569108375,15.8122828163651,6.99469584609335e-05,FALSE,1095,NOP58,NOP58 ribonucleoprotein
9212,2,1.7946013369718,0.841178024002412,2.74802464994118,0.000224974512883626,0.465014866586167,0.495289547349259,13.6100782425506,0.000224974512883626,FALSE,1096,AURKB,aurora kinase B
79007,2,1.79557425209672,0.841086468354452,2.75006203583899,0.000226853218009292,0.653831774720534,0.418746042300525,13.5944665880407,0.000226853218009292,FALSE,1097,DBNDD1,dysbindin domain containing 1
146909,1,2.13975221450546,0.936853089713166,3.34265133929775,0.00048949266133638,0,1,12.1552734476512,0.00048949266133638,FALSE,1098,KIF18B,kinesin family member 18B
943,1,2.94483701991004,1.16852035586478,4.7211536839553,0.00115691971610201,0,1,10.5579093793875,0.00115691971610201,FALSE,1099,TNFRSF8,TNF receptor superfamily member 8
4128,-2,-1.75522172248196,-2.68282924379639,-0.827614201167537,0.00020836745282212,0.157659682212941,0.691320394274457,13.7540826397418,0.00020836745282212,FALSE,1100,MAOA,monoamine oxidase A
55143,2,1.8101780487257,0.842913510550081,2.77744258690132,0.000244497230635838,1.48572076937052,0.222881595451577,13.4539013295666,0.000244497230635839,FALSE,1101,CDCA8,cell division cycle associated 8
79633,-2,-1.89644735854379,-2.92595635005033,-0.866938367037238,0.000305691658748004,0.0443275554943057,0.833245375982456,13.0351933741282,0.000305691658748004,FALSE,1102,FAT4,FAT atypical cadherin 4
27147,-2,-1.74844969610113,-2.67213454847738,-0.824764843724884,0.000207234759556927,0.000166995421657938,0.989689487420706,13.7643219604747,0.000207234759556927,FALSE,1103,DENND2A,DENN domain containing 2A
57650,2,1.82724363685394,0.846969419012434,2.80751785469545,0.000258792771979791,0.328282570800764,0.566672126851347,13.3473158454734,0.000258792771979791,FALSE,1104,CIP2A,cellular inhibitor of PP2A
642475,2,1.92880818567916,0.874777339680054,2.98283903167827,0.000335008432180483,0.0723520886722749,0.787942429477616,12.8637509058441,0.000335008432180484,FALSE,1105,MROH6,maestro heat like repeat family member 6
3590,-2,-1.68066426757538,-2.55676179044087,-0.804566744709877,0.000169979461014959,0.0408278378076695,0.839870603200612,14.1368682522326,0.000169979461014959,FALSE,1106,IL11RA,interleukin 11 receptor subunit alpha
667,-2,-1.58716158190454,-2.39853295735635,-0.775790206452723,0.000126087717600669,0.393982175146313,0.530213593487322,14.6993829086883,0.000126087717600669,FALSE,1107,DST,dystonin
22848,-2,-1.39473303935681,-2.06802956483694,-0.721436513876688,4.90594100821373e-05,0.0665615229735445,0.796410612078827,16.4841141455509,4.90594100821373e-05,FALSE,1108,AAK1,AP2 associated kinase 1
10749,-2,-1.44713702955539,-2.15816916125352,-0.73610489785726,6.63409032734428e-05,0.494617804868828,0.481874606909581,15.9124495915666,6.63409032734429e-05,FALSE,1109,KIF1C,kinesin family member 1C
5028,-2,-1.94349849553468,-3.01124996948447,-0.875747021584884,0.000360424405965482,0.31841122637017,0.57256400765411,12.7269471417831,0.000360424405965482,FALSE,1110,P2RY1,purinergic receptor P2Y1
6769,-1,-3.16365803431475,-5.09968057757447,-1.22763549105504,0.00136107542458637,0,1,10.2578047758846,0.00136107542458637,FALSE,1111,STAC,SH3 and cysteine rich domain
220134,2,1.82332902727151,0.841572808262332,2.80508524628069,0.000272566233996793,0.944855026070951,0.331032372970628,13.250093775121,0.000272566233996793,FALSE,1112,SKA1,spindle and kinetochore associated complex subunit 1
8343,2,1.69476454790675,0.805049026127713,2.58448006968578,0.00018890079268626,0.865921855002095,0.352086791211251,13.9383892527008,0.00018890079268626,FALSE,1113,H2BC7,H2B clustered histone 7
6340,-1,-2.6974608048876,-4.30546009516134,-1.08946151461386,0.00100940994445412,0,1,10.8102257262086,0.00100940994445412,FALSE,1114,SCNN1G,sodium channel epithelial 1 subunit gamma
348093,-2,-4.74480181761672,-7.78179467110408,-1.70780896412936,0.00219774330815199,7.1740925051727,0.00739638523462389,9.37658720215005,0.00219774330815199,FALSE,1115,RBPMS2,"RNA binding protein, mRNA processing factor 2"
29070,2,1.79996781271843,0.833530516580255,2.76640510885661,0.000261843437044181,0.0325627752571886,0.856798058375134,13.3253399362839,0.000261843437044181,FALSE,1116,CCDC113,coiled-coil domain containing 113 [Source:HGNC Symbol;Acc:HGNC:25002]
2781,-2,-2.13904181020304,-3.34904610163852,-0.929037518767569,0.000530590001341945,1.35964141430517,0.243599637279235,12.0049652643103,0.000530590001341946,FALSE,1117,GNAZ,G protein subunit alpha z
28378,1,3.29599229695565,1.26376959305067,5.32821500086063,0.00147886930727823,0,1,10.1047590042367,0.00147886930727823,FALSE,1118,,
11181,-2,-1.98118815832014,-3.07855792328848,-0.883818393351802,0.000402387109234832,0.927304785143711,0.335564255665523,12.5210759134667,0.000402387109234833,FALSE,1119,TREH,trehalase
127845,2,1.81354925104876,0.835626176560724,2.79147232553679,0.000278266523996891,0.00610736982744212,0.937709002594889,13.211298446602,0.000278266523996892,FALSE,1120,GOLT1A,golgi transport 1A
10882,-2,-2.27120504154783,-3.57833176128524,-0.964078321810426,0.000660319046358048,1.09649365222051,0.295036890813112,11.5977430945934,0.000660319046358048,FALSE,1121,C1QL1,complement C1q like 1
7068,-2,-2.46970466336089,-3.9211816968815,-1.01822762984029,0.000853297759780578,1.50356442082777,0.220123731067055,11.1215645974235,0.000853297759780577,FALSE,1122,THRB,thyroid hormone receptor beta
9700,2,1.63964195962696,0.783051635161965,2.49623228409195,0.000175664699831154,0.759836614269814,0.383379658626938,14.0749836918516,0.000175664699831154,FALSE,1123,ESPL1,"extra spindle pole bodies like 1, separase"
23052,-2,-1.52133553370577,-2.29304384875232,-0.749627218659218,0.000111615149907027,0.182045451844767,0.669621272617162,14.9293136043274,0.000111615149907027,FALSE,1124,ENDOD1,endonuclease domain containing 1
83547,-2,-1.62211667040317,-2.46703885860821,-0.777194482198135,0.000168008012380038,0.0121081615047555,0.912379958751504,14.1588156393635,0.000168008012380038,FALSE,1125,RILP,Rab interacting lysosomal protein
255738,2,3.19409073477704,1.22732166036098,5.16085980919311,0.00145737948075571,2.81380439768458,0.0934565053991142,10.1317377146146,0.00145737948075571,FALSE,1126,PCSK9,proprotein convertase subtilisin/kexin type 9
5050,2,1.52849049454052,0.750692455118284,2.30628853396276,0.000117336643094652,0.138959626329241,0.709317482714155,14.8350146099884,0.000117336643094651,FALSE,1127,PAFAH1B3,platelet activating factor acetylhydrolase 1b catalytic subunit 3
196051,1,2.97325878741864,1.1618334746084,4.78468410022888,0.00129507468095928,0,1,10.349532668026,0.00129507468095928,FALSE,1128,PLPP4,phospholipid phosphatase 4
283335,-1,-2.06138357854274,-3.22331125493216,-0.89945590215332,0.000506707924404317,0,1,12.0908160320089,0.000506707924404318,FALSE,1129,,
6484,-2,-2.01032192075922,-3.13613346804158,-0.884510373476863,0.000465540168403434,0.205014616180851,0.650703279558456,12.2488693090689,0.000465540168403433,FALSE,1130,ST3GAL4,"ST3 beta-galactoside alpha-2,3-sialyltransferase 4"
64499,-2,-1.92828095887492,-2.99568718312114,-0.8608747346287,0.000399072700613236,0.516425005020335,0.472370669967879,12.5365300412693,0.000399072700613236,FALSE,1131,TPSB2,tryptase beta 2
10444,-2,-1.42322610520115,-2.12764529414687,-0.718806916255418,7.49622753833392e-05,0.0331528219572025,0.855520600130025,15.6812842876241,7.49622753833391e-05,FALSE,1132,ZER1,zyg-11 related cell cycle regulator
25879,2,1.56558749130898,0.758170631249881,2.37300435136808,0.000144471327511886,0.374455208318583,0.540585756885691,14.4429277852306,0.000144471327511886,FALSE,1133,DCAF13,DDB1 and CUL4 associated factor 13
112858,2,1.40762420070951,0.713848306044474,2.10140009537454,6.98976500999332e-05,0.179427383812598,0.671865800298863,15.8136171222378,6.98976500999332e-05,FALSE,1134,TP53RK,TP53 regulating kinase
6752,-2,-2.28158514542689,-3.60415399795241,-0.959016292901367,0.000721789479782755,1.23737608814701,0.265977345497608,11.4322828849268,0.000721789479782756,FALSE,1135,SSTR2,somatostatin receptor 2
1134,-1,-2.78477449931185,-4.46694512942721,-1.10260386919649,0.00117594379576388,0,1,10.5277643805049,0.00117594379576388,FALSE,1136,CHRNA1,cholinergic receptor nicotinic alpha 1 subunit
1300,1,2.68235528195931,1.07268400944338,4.29202655447524,0.00109046337957823,0,1,10.6672972199077,0.00109046337957823,FALSE,1137,COL10A1,collagen type X alpha 1 chain
151648,2,1.78229511008782,0.817305269263268,2.74728495091238,0.000294637231681423,0.350274163312133,0.553957973896268,13.1041824370559,0.000294637231681423,FALSE,1138,SGO1,shugoshin 1
6844,-2,-1.5126230493451,-2.28363111831151,-0.741614980378697,0.000120450028659476,0.143594916332959,0.704733014750106,14.7856275959831,0.000120450028659476,FALSE,1139,VAMP2,vesicle associated membrane protein 2
9401,2,1.66029790212839,0.782746159454104,2.53784964480268,0.000208750238859187,0.014299978348463,0.904813869821666,13.7506350043387,0.000208750238859187,FALSE,1140,RECQL4,RecQ like helicase 4
26777,2,2.74111642499101,1.08841843256026,4.39381441742177,0.00115105560489643,3.11490635800455,0.0775789380178976,10.5673026739807,0.00115105560489643,FALSE,1141,,
10370,-1,-2.04498083985967,-3.20008689844566,-0.889874781273678,0.000520675190788566,0,1,12.0401235963892,0.000520675190788566,FALSE,1142,CITED2,Cbp/p300 interacting transactivator with Glu/Asp rich carboxy-terminal domain 2
7367,-1,-3.48331981839104,-5.66078493415306,-1.30585470262902,0.00171631411213091,0,1,9.83061009441949,0.00171631411213092,FALSE,1143,UGT2B17,UDP glucuronosyltransferase family 2 member B17
2971,2,1.76979733879852,0.811753165793744,2.72784151180331,0.000293868079779058,0.82666812966946,0.363237746822521,13.1090792801545,0.000293868079779057,FALSE,1144,GTF3A,general transcription factor IIIA
163223,-2,-3.67527822883832,-5.98846671871982,-1.36208973895682,0.00184530550697559,3.30308666887782,0.0691498301348754,9.69738371898746,0.00184530550697559,FALSE,1145,ZNF676,zinc finger protein 676
114907,-2,-2.29458743828908,-3.63111305137726,-0.958061825200901,0.000765644077738627,1.88774064759832,0.169456974436442,11.3227217148838,0.000765644077738626,FALSE,1146,FBXO32,F-box protein 32
57181,1,1.8774813777438,0.84047406954281,2.91448868594479,0.000387466829072289,0,1,12.5916842292176,0.000387466829072289,FALSE,1147,SLC39A10,solute carrier family 39 member 10
166336,-2,-2.03127489817414,-3.17987416091641,-0.882675635431873,0.000527954432548473,1.49319798606184,0.221720936457292,12.0142459683988,0.000527954432548473,FALSE,1148,PRICKLE2,prickle planar cell polarity protein 2
101927572,-2,-1.93625352367193,-3.016815459404,-0.855691587939862,0.000444664914221682,0.692205460379213,0.405415233454988,12.3344927645065,0.000444664914221682,FALSE,1149,,
3714,2,1.71057528195383,0.792470856372659,2.628679707535,0.000260483564616884,0.397382359084469,0.528444221326242,13.3351039235044,0.000260483564616884,FALSE,1150,JAG2,jagged canonical Notch ligand 2
29923,2,1.98568575579011,0.868284507696749,3.10308700388348,0.000495888006924133,0.069643614977954,0.791856384385071,12.1310646906864,0.000495888006924133,FALSE,1151,HILPDA,hypoxia inducible lipid droplet associated
54517,2,1.50344835143557,0.733391779857634,2.27350492301351,0.000129921172556098,0.785564231288007,0.375444783786135,14.6429286284082,0.000129921172556098,FALSE,1152,PUS7,pseudouridine synthase 7
2048,2,1.48488741122848,0.727591504901589,2.24218331755537,0.000121514821884636,0.574003877486083,0.448672254297474,14.7690314177073,0.000121514821884636,FALSE,1153,EPHB2,EPH receptor B2
56992,2,1.63098005417052,0.768005962925892,2.49395414541515,0.000212026400663814,0.487692194507055,0.484958573620014,13.7213855466645,0.000212026400663814,FALSE,1154,KIF15,kinesin family member 15
84866,-2,-1.97528733100504,-3.0867591288133,-0.863815533196777,0.000495435657997214,1.31652148700065,0.251217290442889,12.1327666147765,0.000495435657997214,FALSE,1155,TMEM25,transmembrane protein 25
27306,-2,-2.10548616818836,-3.31076051681935,-0.900211819557375,0.000617409760946968,0.759848609351963,0.383375904112808,11.7227401925924,0.000617409760946968,FALSE,1156,HPGDS,hematopoietic prostaglandin D synthase
100507420,1,2.98449069724136,1.15148021065979,4.81750118382293,0.00141685516289676,0,1,10.1837268478847,0.00141685516289676,FALSE,1157,,
162514,-2,-1.86183228945025,-2.89302834509101,-0.830636233809476,0.000402057130783575,0.229153892392397,0.632151915402701,12.5226087404251,0.000402057130783576,FALSE,1158,TRPV3,transient receptor potential cation channel subfamily V member 3
51302,2,1.82807386902696,0.81942336426157,2.83672437379234,0.000381980292299672,0.63481881513457,0.42559323058708,12.6183405214527,0.000381980292299673,FALSE,1159,CYP39A1,cytochrome P450 family 39 subfamily A member 1
677837,1,2.15410162769475,0.910553504111894,3.39764975127761,0.000686052762312248,0,1,11.5266569142827,0.000686052762312247,FALSE,1160,,
1111,2,1.70071150271798,0.783563580436698,2.61785942499925,0.00027856835135391,0.0181384579929763,0.892865604224937,13.2092666465196,0.00027856835135391,FALSE,1161,CHEK1,checkpoint kinase 1
79981,-2,-2.04339032706139,-3.20807302096771,-0.878707633155068,0.000584557104380976,1.2516526089483,0.263237072526958,11.824522277124,0.000584557104380976,FALSE,1162,FRMD1,FERM domain containing 1
27250,-2,-1.65484506967965,-2.53957756547251,-0.770112573886791,0.00024636586283582,1.40647420406456,0.235642578328883,13.4396173836463,0.00024636586283582,FALSE,1163,PDCD4,programmed cell death 4
3604,2,2.06062340811326,0.883132752794886,3.23811406343163,0.0006036667997271,0.179646069756537,0.67167757915787,11.764636190061,0.000603666799727101,FALSE,1164,TNFRSF9,TNF receptor superfamily member 9
84057,2,1.68303059414788,0.777748491339689,2.58831269695608,0.000268627867642687,0.601400064864509,0.438044335973951,13.2773784480045,0.000268627867642687,FALSE,1165,MND1,meiotic nuclear divisions 1
138151,-2,-1.56555531674199,-2.38668456802972,-0.744426065454263,0.000186344344401849,0.525511696501883,0.468499972085344,13.9640041790998,0.00018634434440185,FALSE,1166,NACC2,NACC family member 2
222256,-1,-2.47543309706648,-3.95183460525936,-0.999031588873602,0.00101546662669196,0,1,10.7991508616157,0.00101546662669196,FALSE,1167,CDHR3,cadherin related family member 3
8355,2,1.9571837232754,0.852992677945307,3.0613747686055,0.000512674649849398,0.0538363784818448,0.816517294485647,12.0689901009496,0.000512674649849397,FALSE,1168,H3C8,H3 clustered histone 8
9760,-2,-2.92902463656753,-4.72864863419613,-1.12940063893893,0.00142277650773802,3.55438436947533,0.0593883341679021,10.1760370555775,0.00142277650773802,FALSE,1169,TOX,thymocyte selection associated high mobility group box
102724050,-1,-2.81889204006053,-4.54050534181828,-1.09727873830278,0.00133124913713688,0,1,10.298686772428,0.00133124913713688,FALSE,1170,,
10699,1,2.59998898351966,1.03408310191747,4.16589486512185,0.00113683092470918,0,1,10.5902908335305,0.00113683092470918,FALSE,1171,CORIN,"corin, serine peptidase"
595097,1,2.37417821505718,0.969546053713172,3.77881037640119,0.000923579848527097,0,1,10.9748248320467,0.000923579848527097,FALSE,1172,,
1180,1,3.13926332510235,1.19020013471958,5.08832651548512,0.00159499380032251,0,1,9.96551702971024,0.00159499380032251,FALSE,1173,CLCN1,chloride voltage-gated channel 1
63922,2,1.53078199927798,0.733754786711256,2.3278092118447,0.000166992759979661,0.221230165718567,0.638104188227889,14.1702194520921,0.000166992759979661,FALSE,1174,CHTF18,chromosome transmission fidelity factor 18
83448,2,1.46343390897988,0.714856368001033,2.21201144995873,0.000127293215817725,0.409107781250665,0.52242270803763,14.6814457029434,0.000127293215817725,FALSE,1175,PUS7L,pseudouridine synthase 7 like
79762,-2,-2.39366827971186,-3.81349739321826,-0.973839166205472,0.000952229088136019,2.28847402898377,0.130338011363436,10.9182229200859,0.00095222908813602,FALSE,1176,C1orf115,chromosome 1 open reading frame 115
121506,2,2.40264931892475,0.975890795476237,3.82940784237325,0.000964911099233231,0.0804046386087468,0.776749804316391,10.8937149147011,0.000964911099233232,FALSE,1177,ERP27,endoplasmic reticulum protein 27
206358,-2,-1.58495814907543,-2.42224238910564,-0.74767390904521,0.00020712596200496,0.102237864684546,0.749160458901773,13.7653084350295,0.00020712596200496,FALSE,1178,SLC36A1,solute carrier family 36 member 1
8000,-1,-3.62454032896211,-5.91673689571282,-1.3323437622114,0.00194046009514442,0,1,9.60502145583517,0.00194046009514442,FALSE,1179,PSCA,prostate stem cell antigen
55198,-2,-1.45947310619975,-2.20721044816766,-0.711735764231837,0.000130474683726312,0.204703462135711,0.650950835533149,14.6349160528146,0.000130474683726312,FALSE,1180,APPL2,"adaptor protein, phosphotyrosine interacting with PH domain and leucine zipper 2"
338328,-1,-3.1522084609144,-5.11348528179687,-1.19093164003193,0.00163215457368751,0,1,9.92312018581705,0.00163215457368751,FALSE,1181,GPIHBP1,glycosylphosphatidylinositol anchored high density lipoprotein binding protein 1
388796,1,2.16379499741349,0.906789444672397,3.42080055015458,0.000741221596953054,0,1,11.3829286729252,0.000741221596953055,FALSE,1182,,
653149,1,2.93045264870091,1.12522075142011,4.73568454598171,0.00146448308155341,0,1,10.1227754087219,0.00146448308155341,FALSE,1183,NBPF6,NBPF member 6
3553,2,2.14507497948565,0.900805874209619,3.38934408476168,0.000727745978389137,0.20309011152546,0.652238073927257,11.4170131350438,0.000727745978389138,FALSE,1184,IL1B,interleukin 1 beta
5334,-2,-1.82881199204321,-2.84502377336136,-0.812600210725059,0.00041994280092428,0.786731145552973,0.375090389105955,12.4413025843495,0.00041994280092428,FALSE,1185,PLCL1,phospholipase C like 1 (inactive)
2731,1,2.04291302039033,0.871637602606367,3.21418843817429,0.000629612084372473,0,1,11.6863227833815,0.000629612084372473,FALSE,1186,GLDC,glycine decarboxylase
29943,1,2.92804227464735,1.12297940796849,4.73310514132621,0.0014762527487203,0,1,10.1080225766502,0.0014762527487203,FALSE,1187,PADI1,peptidyl arginine deiminase 1
7177,-2,-1.91045202792637,-2.98653167643471,-0.834372379418024,0.000502005457896002,0.481509041307535,0.48773957689481,12.1082009551347,0.000502005457896002,FALSE,1188,TPSAB1,tryptase alpha/beta 1
80148,-2,-1.58791674276071,-2.43067656177877,-0.745156923742657,0.000221678221680971,0.00122847862246269,0.972040142719809,13.6377898951503,0.000221678221680971,FALSE,1189,SLC66A2,solute carrier family 66 member 2
10090,-2,-2.44540523475842,-3.90764403599769,-0.983166433519145,0.00104624601600317,1.89707506107542,0.168406078467918,10.7438824801747,0.00104624601600317,FALSE,1190,UST,uronyl 2-sulfotransferase
9172,-1,-2.25575952712384,-3.58304353563835,-0.928475518609334,0.000865288881807091,0,1,11.0956834634774,0.000865288881807091,FALSE,1191,MYOM2,myomesin 2
10628,-2,-1.44494593911086,-2.18707227028468,-0.70281960793703,0.000135567432640118,0.0580217972651892,0.809650339073268,14.5627601852913,0.000135567432640118,FALSE,1192,TXNIP,thioredoxin interacting protein
100874028,2,1.7985825893384,0.799308856406834,2.79785632226996,0.000419156606016025,0.317527205578352,0.573097507133668,12.4448025041449,0.000419156606016025,FALSE,1193,,
89839,2,1.75272767692343,0.786516153903579,2.71893919994329,0.000377382672962848,0.108863864120805,0.741441336105599,12.6409771422158,0.000377382672962849,FALSE,1194,ARHGAP11B,Rho GTPase activating protein 11B
8341,2,1.5523147791783,0.7308756371384,2.37375392121819,0.000212358283043594,0.45029921023668,0.502192898439499,13.7184479518653,0.000212358283043594,FALSE,1195,H2BC15,H2B clustered histone 15
367,-2,-2.31325271848374,-3.68470051348398,-0.941804923483503,0.000946662641906962,1.16506926817433,0.280416694330199,10.9290844882608,0.000946662641906961,FALSE,1196,AR,androgen receptor
79739,-2,-1.88483087803539,-2.94735281473253,-0.822308941338257,0.000507392783007154,1.32506252993678,0.249685501919284,12.088297717737,0.000507392783007154,FALSE,1197,TTLL7,tubulin tyrosine ligase like 7
4157,2,1.83708263856816,0.808205439546731,2.86595983758959,0.00046602956882839,0.557166015805729,0.455404356794139,12.2469087488455,0.00046602956882839,FALSE,1198,MC1R,melanocortin 1 receptor
107985504,-1,-3.00356878798679,-4.86848061211227,-1.13865696386131,0.00159589041267165,0,1,9.9644823510835,0.00159589041267165,FALSE,1199,,
27151,-1,-2.59875340060454,-4.17642273637444,-1.02108406483464,0.00124452946843774,0,1,10.4230387974935,0.00124452946843774,FALSE,1200,CPAMD8,C3 and PZP like alpha-2-macroglobulin domain containing 8
3009,2,1.75271894170508,0.78357680621508,2.72186107719508,0.000393140387696525,0.485062349006916,0.486138184416445,12.5645167778205,0.000393140387696524,FALSE,1201,H1-5,"H1.5 linker histone, cluster member"
8346,2,1.8137074224783,0.800108373991524,2.82730647096508,0.000453005427240362,0.663988673154108,0.415155313349396,12.2998057957382,0.000453005427240361,FALSE,1202,H2BC10,H2B clustered histone 10
4234,2,1.52166001711435,0.719616226145217,2.32370380808348,0.000200410287766112,0.171507836869093,0.67877520744897,13.8272329175399,0.000200410287766112,FALSE,1203,METTL1,"methyltransferase 1, tRNA methylguanosine"
2157,-2,-1.8142916761498,-2.82882825750586,-0.799755094793751,0.000456614679124801,0.34627587445736,0.556228875865219,12.2849947710551,0.000456614679124802,FALSE,1204,F8,coagulation factor VIII
55603,-2,-1.61650982350736,-2.48816819558671,-0.744851451428017,0.000278199852858402,0.796849141505157,0.3720370972056,13.2117475537995,0.000278199852858401,FALSE,1205,TENT5A,terminal nucleotidyltransferase 5A
10917,-2,-2.19429802729293,-3.48461798614286,-0.903978068442994,0.000858889363120162,0.661180077680422,0.416143640395971,11.1094504757217,0.000858889363120163,FALSE,1206,BTNL3,butyrophilin like 3
2564,2,1.84522689643607,0.806585107446986,2.88386868542516,0.000497634394229493,0.399517877462864,0.527338350071845,12.1245087280843,0.000497634394229493,FALSE,1207,GABRE,gamma-aminobutyric acid type A receptor subunit epsilon
83903,2,1.63275866172424,0.748049250542358,2.51746807290612,0.000297836714552216,0.00148649427264416,0.969245115793623,13.0839501400611,0.000297836714552215,FALSE,1208,HASPIN,histone H3 associated protein kinase
221895,-2,-1.66246558178364,-2.56884998303795,-0.756081180529323,0.000324500548982868,0.732105342970419,0.392201614981016,12.9233962948187,0.000324500548982868,FALSE,1209,JAZF1,JAZF zinc finger 1
23336,-2,-5.12888940975523,-8.47813941344049,-1.77963940606997,0.00268741406689547,6.72658221032014,0.00949864330934708,9.00840117632157,0.00268741406689547,FALSE,1210,SYNM,synemin
10218,-2,-2.0305326945484,-3.20460002262491,-0.856465366471898,0.000699615565670852,0.920900298818621,0.337238694191201,11.4902677795479,0.000699615565670851,FALSE,1211,ANGPTL7,angiopoietin like 7
79153,-2,-1.65259395723986,-2.55387142638836,-0.751316488091359,0.000325871047731758,0.153757854278131,0.694969776828975,12.9155074462445,0.000325871047731758,FALSE,1212,GDPD3,glycerophosphodiester phosphodiesterase domain containing 3
775,-1,-2.63341832705085,-4.24267022405038,-1.02416643005133,0.00133972293255229,0,1,10.286978446374,0.00133972293255229,FALSE,1213,CACNA1C,calcium voltage-gated channel subunit alpha1 C
23359,-2,-2.00855004687925,-3.16926529350596,-0.847834800252537,0.000694849444064392,0.185995358520402,0.666270758310383,11.5029734834456,0.000694849444064391,FALSE,1214,ENTREP2,endosomal transmembrane epsin interactor 2
56937,2,1.63909524982464,0.745070098310486,2.5331204013388,0.000326422238741017,0.0238094686815049,0.877370696907764,12.9123441162279,0.000326422238741018,FALSE,1215,PMEPA1,"prostate transmembrane protein, androgen induced 1"
5697,-1,-3.74343304550648,-6.13762110649783,-1.34924498451513,0.00218032763322621,0,1,9.39117211491246,0.00218032763322621,FALSE,1216,PYY,peptide YY
339479,-1,-2.91172645839913,-4.72110616496436,-1.1023467518339,0.00161019992811488,0,1,9.94804858246778,0.00161019992811487,FALSE,1217,BRINP3,BMP/retinoic acid inducible neural specific 3
6242,2,1.45943608671476,0.695419407392536,2.22345276603698,0.00018114790295553,0.13497528352897,0.713328260219975,14.017180431131,0.00018114790295553,FALSE,1218,RTKN,rhotekin
9745,-1,-2.95575367000062,-4.79711196358924,-1.114395376412,0.00165440866636885,0,1,9.8981960746291,0.00165440866636885,FALSE,1219,ZNF536,zinc finger protein 536
100528031,-2,-1.99174881368779,-3.14228336467143,-0.841214262704144,0.000691333471060079,1.92670941957053,0.165118900969057,11.5124030512164,0.00069133347106008,FALSE,1220,,
91748,-2,-1.45568310568258,-2.21740555880995,-0.69396065255521,0.000179983058828084,0.00205133421644378,0.96387483716625,14.0293112577646,0.000179983058828084,FALSE,1221,MIDEAS,mitotic deacetylase associated SANT domain protein
6725,1,3.02200260881108,1.13261665307164,4.91138856455052,0.00171918831536954,0,1,9.82753244388114,0.00171918831536955,FALSE,1222,SRMS,src-related kinase lacking C-terminal regulatory tyrosine and N-terminal myristylation sites
340654,1,2.77562739461267,1.06035627238518,4.49089851684016,0.00151609016015964,0,1,10.0589572024719,0.00151609016015964,FALSE,1223,LIPM,lipase family member M
899,2,1.60332196450679,0.732692069684544,2.47395185932905,0.000306903659099852,0.80115277012896,0.370748933561241,13.0277829835328,0.000306903659099852,FALSE,1224,CCNF,cyclin F
127602,1,2.06833164588362,0.860334684649641,3.2763286071176,0.000791217228899964,0,1,11.2617232867389,0.000791217228899964,FALSE,1225,DNAH14,dynein axonemal heavy chain 14
84722,2,1.68431990089751,0.754614581421057,2.61402522037396,0.000384048501127102,0.0801937378982924,0.777035034763504,12.6082470634327,0.000384048501127103,FALSE,1226,PSRC1,proline and serine rich coiled-coil 1
9811,-2,-1.54068685349257,-2.36603409844174,-0.715339608543392,0.00025350652465702,0.644188909549703,0.422197990415588,13.3860216716269,0.00025350652465702,FALSE,1227,CTIF,cap binding complex dependent translation initiation factor
285958,2,1.75259095403166,0.772150822171923,2.7330310858914,0.000459110786354509,0.000126742798650273,0.991017597042221,12.2748206185144,0.000459110786354509,FALSE,1228,,
6261,-1,-2.27077609331711,-3.62665393541747,-0.914898251216753,0.00102898968183179,0,1,10.7746626555781,0.00102898968183179,FALSE,1229,RYR1,ryanodine receptor 1
100127983,-2,-2.7139655502861,-4.38745722284088,-1.04047387773131,0.00148014365089438,1.79775084854064,0.179984644327115,10.1031716619486,0.00148014365089438,FALSE,1230,C8orf88,chromosome 8 open reading frame 88
677807,1,1.96490769435024,0.829857102134402,3.09995828656608,0.000691490600470563,0,1,11.5119806091907,0.000691490600470563,FALSE,1231,,
10388,1,2.27791885645485,0.915683735470196,3.64015397743951,0.00104754341223238,0,1,10.7415891033393,0.00104754341223238,FALSE,1232,SYCP2,synaptonemal complex protein 2
624,-2,-1.63948846092343,-2.53979778695043,-0.73917913489644,0.000358142389569009,0.162999838288336,0.686409522715753,12.7388262159232,0.000358142389569009,FALSE,1233,BDKRB2,bradykinin receptor B2
1775,2,1.91063358192082,0.813011104032847,3.0082560598088,0.000645560149725859,0.647540810273884,0.42099327855393,11.6397864106951,0.000645560149725858,FALSE,1234,DNASE1L2,deoxyribonuclease 1 like 2
64762,-2,-1.31678877904806,-1.9825583012218,-0.651019256874318,0.000105967829094011,0.664044778258424,0.415135605758839,15.0272875287656,0.00010596782909401,FALSE,1235,GAREM1,GRB2 associated regulator of MAPK1 subtype 1
28821,1,2.64894351565621,1.0194508824378,4.27843614887462,0.00144171890933304,0,1,10.1516532420648,0.00144171890933304,FALSE,1236,,
4254,-2,-1.59208051804655,-2.45893079719196,-0.725230238901146,0.000318556924639271,0.0551179732019408,0.814385566895626,12.9580022587934,0.000318556924639271,FALSE,1237,KITLG,KIT ligand
11228,-2,-1.73432965683509,-2.70541343470855,-0.763245878961628,0.000464485108030445,0.883108587282115,0.347351673732304,12.2531030133361,0.000464485108030445,FALSE,1238,RASSF8,Ras association domain family member 8
9867,-2,-1.37926996252568,-2.09269066188866,-0.665849263162704,0.000151111259402785,0.155139419146996,0.693671544504004,14.3583100409016,0.000151111259402784,FALSE,1239,PJA2,praja ring finger ubiquitin ligase 2
9148,-1,-2.37299454840036,-3.8073573085502,-0.938631788250516,0.00118467802109699,0,1,10.514089279901,0.00118467802109699,FALSE,1240,NEURL1,neuralized E3 ubiquitin protein ligase 1
4318,2,2.31696859105081,0.922707703335847,3.71122947876578,0.00112577292923641,1.4196535281865,0.233460439044596,10.6083633373764,0.00112577292923641,FALSE,1241,MMP9,matrix metallopeptidase 9
105376322,-2,-1.56607114644609,-2.41631947701349,-0.715822815878701,0.00030613235321151,0.561832433057154,0.453522868276725,13.0324954662815,0.000306132353211511,FALSE,1242,,
340267,-2,-2.07245894850623,-3.29136512968832,-0.853552767324142,0.000860846848787437,1.18133427178759,0.277084531670486,11.1052284432586,0.000860846848787438,FALSE,1243,COL28A1,collagen type XXVIII alpha 1 chain
498,-2,-1.2900774402926,-1.94001404925698,-0.640140831328214,0.00010008423094022,0.0316252038108347,0.858852743603778,15.1351156296294,0.00010008423094022,FALSE,1244,ATP5F1A,ATP synthase F1 subunit alpha
474,-2,-2.10721026406783,-3.35161240749428,-0.862808120641389,0.000903701985164577,1.49647926615157,0.221213880009776,11.0151502932126,0.000903701985164577,FALSE,1245,ATOH1,atonal bHLH transcription factor 1
176,1,2.4009420874423,0.94435038889403,3.85753378599057,0.0012350253805433,0,1,10.4371972319067,0.00123502538054329,FALSE,1246,ACAN,aggrecan
80168,-2,-1.59581313157575,-2.46985576107423,-0.721770502077282,0.000345610114979917,0.164118211768389,0.685392937035761,12.8054552015909,0.000345610114979917,FALSE,1247,MOGAT2,monoacylglycerol O-acyltransferase 2
8654,-2,-2.17457244404383,-3.46884602868382,-0.880298859403839,0.000991133728694824,1.91914121333645,0.165951363369816,10.8440564002608,0.000991133728694825,FALSE,1248,PDE5A,phosphodiesterase 5A
54331,-2,-1.55849131633842,-2.40568203204483,-0.711300600632001,0.000311494821539791,0.20828078573136,0.64811825644702,12.9999768876728,0.000311494821539791,FALSE,1249,GNG2,G protein subunit gamma 2
58516,2,1.55669745824337,0.710783759507946,2.40261115697878,0.00030995487459713,0.0126019130353898,0.910618650025546,13.0092571601045,0.00030995487459713,FALSE,1250,SINHCAF,SIN3-HDAC complex associated factor
148545,1,2.9807495497875,1.10911552552946,4.85238357404554,0.0017997921860782,0,1,9.74328245757632,0.0017997921860782,FALSE,1251,NBPF4,NBPF member 4
64093,-2,-2.02856545460255,-3.21800362397519,-0.839127285229917,0.000829725042220144,0.60020912153589,0.43849824786601,11.1735323531873,0.000829725042220145,FALSE,1252,SMOC1,SPARC related modular calcium binding 1
5794,-2,-1.57828078702309,-2.44051952551517,-0.716042048531019,0.000333727142639058,0.401581559912637,0.526273601832661,12.8709220406193,0.000333727142639058,FALSE,1253,PTPRH,protein tyrosine phosphatase receptor type H
8038,1,2.58654798123285,0.993729833308293,4.17936612915741,0.00145883854243318,0,1,10.1298932751656,0.00145883854243318,FALSE,1254,ADAM12,ADAM metallopeptidase domain 12
7784,2,1.61514818096139,0.724524008039956,2.50577235388283,0.000378846263253548,0.0433060289385367,0.83515010122976,12.633741034932,0.000378846263253547,FALSE,1255,ZP3,zona pellucida glycoprotein 3
51761,-1,-3.08490488355272,-5.03279020834426,-1.13701955876118,0.00190901328331155,0,1,9.63502768265676,0.00190901328331155,FALSE,1256,ATP8A2,ATPase phospholipid transporting 8A2
191,2,1.46405016408794,0.682788932154736,2.24531139602115,0.000239823905595285,0.000475740882313207,0.9825983325814,13.4901118036663,0.000239823905595285,FALSE,1257,AHCY,adenosylhomocysteinase
941,1,3.05148565573226,1.12620322510013,4.9767680863644,0.0018934554009256,0,1,9.65005863818606,0.0018934554009256,FALSE,1258,CD80,CD80 molecule
85235,2,1.69481072725556,0.745101365438709,2.6445200890724,0.000469345109826319,0.674841663940462,0.41136865815366,12.2336810103159,0.000469345109826319,FALSE,1259,H2AC12,H2A clustered histone 12
64236,-2,-1.56186469857697,-2.41638540026913,-0.707343996884799,0.000340507500157577,0.072371054758873,0.787915301295973,12.8332845310657,0.000340507500157577,FALSE,1260,PDLIM2,PDZ and LIM domain 2
79641,-2,-1.4626687319362,-2.2450913043721,-0.680246159500304,0.000248329433693621,0.285697614865502,0.592990884202717,13.4247248923986,0.000248329433693621,FALSE,1261,ROGDI,rogdi atypical leucine zipper
27035,2,1.76608022412496,0.762134150150077,2.77002629809985,0.000565071589036164,0.000300631374323328,0.986166392395087,11.8876569976052,0.000565071589036164,FALSE,1262,NOX1,NADPH oxidase 1
8339,2,1.57825680677531,0.71105891366987,2.44545469988074,0.000361041267529349,0.387435302347373,0.533650605728356,12.7237490814054,0.000361041267529348,FALSE,1263,H2BC8,H2B clustered histone 8
1188,-1,-3.02438606248915,-4.93332120649346,-1.11545091848484,0.0019012940594057,0,1,9.64246988196915,0.0019012940594057,FALSE,1264,CLCNKB,chloride voltage-gated channel Kb
11335,2,1.37973424913478,0.656829985313119,2.10263851295644,0.000183446388014161,0.336947134976682,0.561596716468412,13.9934725197232,0.00018344638801416,FALSE,1265,CBX3,chromobox 3
25959,-2,-2.65101901025339,-4.2949124596007,-1.00712556090608,0.00157374815616465,3.27004132544253,0.0705558462650779,9.99020813509291,0.00157374815616465,FALSE,1266,KANK2,KN motif and ankyrin repeat domains 2
5920,-2,-1.60623676417422,-2.49537140344085,-0.717102124907592,0.00039905482017263,0.0048503338424224,0.944476745818268,12.5366137632604,0.00039905482017263,FALSE,1267,PLAAT4,phospholipase A and acyltransferase 4
51659,2,1.75084139813409,0.755132826532541,2.74654996973564,0.00056815932814737,0.155046261554277,0.693758872696536,11.8775072483279,0.000568159328147371,FALSE,1268,GINS2,GINS complex subunit 2
2289,-2,-1.45003764672542,-2.226530671152,-0.673544622298841,0.000252142884694731,0.0603952733968491,0.805872282088121,13.3961382344074,0.000252142884694731,FALSE,1269,FKBP5,FKBP prolyl isomerase 5
80816,-1,-2.83653991072183,-4.61550316219275,-1.05757665925091,0.0017771812865415,0,1,9.76652408675865,0.0017771812865415,FALSE,1270,ASXL3,ASXL transcriptional regulator 3
283212,1,2.43997238257231,0.944346886386118,3.9355978787585,0.00138625867457708,0,1,10.223986876597,0.00138625867457708,FALSE,1271,KLHL35,kelch like family member 35
57731,-1,-2.81353130553902,-4.57638583241956,-1.05067677865848,0.00175928498829219,0,1,9.78513305081412,0.00175928498829219,FALSE,1272,SPTBN4,"spectrin beta, non-erythrocytic 4"
389337,-2,-1.73794716346277,-2.72599188202728,-0.749902444898256,0.000565737491744006,0.545102977704922,0.460325547347502,11.8854633718598,0.000565737491744006,FALSE,1273,ARHGEF37,Rho guanine nucleotide exchange factor 37
7772,-1,-3.07143877354188,-5.01874577482548,-1.12413177225828,0.00199213516062949,0,1,9.55676828931072,0.00199213516062949,FALSE,1274,ZNF229,zinc finger protein 229
23769,-1,-2.92316420107901,-4.76541788020687,-1.08091052195115,0.00187125987573362,0,1,9.67172055130387,0.00187125987573362,FALSE,1275,FLRT1,fibronectin leucine rich transmembrane protein 1
55616,-2,-1.50639904149099,-2.32741828442088,-0.685379798561102,0.000322992575229072,0.620253624540014,0.430953053124813,12.9321153895673,0.000322992575229073,FALSE,1276,ASAP3,"ArfGAP with SH3 domain, ankyrin repeat and PH domain 3"
11226,2,1.67468423519187,0.730675312470899,2.61869315791284,0.000507054287468081,0.046214462583691,0.829786425625868,12.0895419808202,0.000507054287468082,FALSE,1277,GALNT6,polypeptide N-acetylgalactosaminyltransferase 6
27338,2,1.46797618470592,0.674496187361417,2.26145618205042,0.000287814491286328,0.00461208113003673,0.945855443632308,13.1480769032762,0.000287814491286328,FALSE,1278,UBE2S,ubiquitin conjugating enzyme E2 S
26038,-1,-2.9429832505798,-4.80093910251845,-1.08502739864115,0.00190560276392952,0,1,9.63831203814946,0.00190560276392952,FALSE,1279,CHD5,chromodomain helicase DNA binding protein 5
10455,-2,-1.598627737772,-2.48795694752894,-0.709298528015061,0.000426427161970952,0.413881390253897,0.520006010143229,12.4126856385921,0.000426427161970951,FALSE,1280,ECI2,enoyl-CoA delta isomerase 2
9480,1,2.98607288548328,1.09630761397118,4.87583815699538,0.00195492573178045,0,1,9.59138364697544,0.00195492573178045,FALSE,1281,ONECUT2,one cut homeobox 2
152007,-2,-1.95901117312046,-3.11338538955236,-0.804636956688559,0.000880628636208471,1.60892652017611,0.204642765940179,11.0630983184329,0.000880628636208471,FALSE,1282,GLIPR2,GLI pathogenesis related 2
8480,2,1.51650226403121,0.684123586475261,2.34888094158716,0.000355840273855198,0.503799020089801,0.47783560501714,12.7508875208293,0.000355840273855199,FALSE,1283,RAE1,ribonucleic acid export 1
162461,2,1.73032355807213,0.740756013800224,2.71989110234404,0.000610007777422115,0.259873193278697,0.610207286081573,11.7451870488284,0.000610007777422116,FALSE,1284,TMEM92,transmembrane protein 92
5984,2,1.4052378518376,0.653067804998492,2.15740789867671,0.000250554281469977,0.171805200182877,0.678512427266403,13.4079935231375,0.000250554281469977,FALSE,1285,RFC4,replication factor C subunit 4
10733,2,1.56263299213927,0.694441406262521,2.43082457801601,0.000419214442162895,0.911953514233297,0.33959662470375,12.4445448081962,0.000419214442162893,FALSE,1286,PLK4,polo like kinase 4
6609,-2,-1.35990367572648,-2.08015311347338,-0.639654237979582,0.00021508187234597,0.031421673109794,0.859302915680555,13.6945139101668,0.00021508187234597,FALSE,1287,SMPD1,sphingomyelin phosphodiesterase 1
219790,2,1.74272994602026,0.742415128152917,2.7430447638876,0.000638727051462791,0.210578878556271,0.646314062853762,11.659581583373,0.00063872705146279,FALSE,1288,RTKN2,rhotekin 2
5471,2,1.52434624723975,0.68332091076417,2.36537158371532,0.000381724872853057,0.000464738128786157,0.982800707746416,12.6195908649772,0.000381724872853057,FALSE,1289,PPAT,phosphoribosyl pyrophosphate amidotransferase
291,-2,-1.73917931103985,-2.73763062255373,-0.740727999525964,0.000640128024176458,1.57609090236725,0.209324667197512,11.6555056556047,0.000640128024176457,FALSE,1290,SLC25A4,solute carrier family 25 member 4
57462,-2,-1.44382727946457,-2.22636878308516,-0.661285775843987,0.000298925674751981,0.0170654997221492,0.896064064582257,13.0771139230766,0.000298925674751981,FALSE,1291,MYORG,myogenesis regulating glycosidase (putative)
6717,-2,-1.42930608683476,-2.2015554108668,-0.657056762802721,0.00028610126184469,0.131484731842567,0.716897558008672,13.1592638484319,0.00028610126184469,FALSE,1292,SRI,sorcin
10112,2,2.15795375438193,0.854856943936808,3.46105056482706,0.00117146344025096,1.84614958389651,0.174231885445927,10.5348191675951,0.00117146344025096,FALSE,1293,KIF20A,kinesin family member 20A
55257,2,1.55251716105548,0.689959249445666,2.4150750726653,0.000419127886411204,0.179961854228964,0.671406024459275,12.4449304811485,0.000419127886411203,FALSE,1294,MRGBP,MRG domain binding protein
6491,2,1.42967382807871,0.656313016320393,2.20303463983702,0.000290881245910954,0.451745323177942,0.501507291449168,13.1282184024349,0.000290881245910954,FALSE,1295,STIL,STIL centriolar assembly protein
788,-2,-1.37103223912959,-2.10142204562823,-0.640642432630943,0.000234062664628987,0.0813000534920551,0.775543288677474,13.5357432951697,0.000234062664628987,FALSE,1296,SLC25A20,solute carrier family 25 member 20
817,-2,-1.50156720538413,-2.32823764864933,-0.674896762118921,0.000370733752097899,0.672227470374499,0.412276085821055,12.6742103570447,0.000370733752097899,FALSE,1297,CAMK2D,calcium/calmodulin dependent protein kinase II delta
404220,-2,-1.61482524340884,-2.5246132375763,-0.705037249241383,0.000503604749874492,0.436858097691422,0.508642829133904,12.102270027655,0.000503604749874491,FALSE,1298,,
9194,-1,-2.47880524686949,-4.01512354376156,-0.942486949977414,0.00156503843746421,0,1,10.0004280560878,0.00156503843746421,FALSE,1299,SLC16A7,solute carrier family 16 member 7
2491,2,1.66985177541124,0.719648845872805,2.62005470494968,0.00057239432452885,0.0128820302220309,0.909634930625519,11.8636765402871,0.000572394324528851,FALSE,1300,CENPI,centromere protein I
79866,2,1.64713968097993,0.712743366373728,2.58153599558613,0.000550303339468871,0.157143488769681,0.691800170629568,11.9369893943291,0.00055030333946887,FALSE,1301,BORA,BORA aurora kinase A activator
5326,2,1.42500848183457,0.653271632026463,2.19674533164269,0.000295670142685367,0.00451945333608302,0.94640108672595,13.09762659441,0.000295670142685367,FALSE,1302,PLAGL2,PLAG1 like zinc finger 2
6764,-2,-1.48276139067926,-2.29723124015941,-0.668291541199113,0.000359496651074188,0.0719815343589236,0.788473219476814,12.7317674089806,0.000359496651074188,FALSE,1303,DENND2B,DENN domain containing 2B
4306,-2,-2.87865465733439,-4.70263392483571,-1.05467538983307,0.00197964264672699,4.37899669620026,0.0363844083012846,9.56831625223586,0.00197964264672699,FALSE,1304,NR3C2,nuclear receptor subfamily 3 group C member 2
2822,-2,-1.82968974933724,-2.89812052950847,-0.761258969166017,0.000789522611054641,0.0930091336667294,0.760385963343433,11.2657033198411,0.000789522611054641,FALSE,1305,GPLD1,glycosylphosphatidylinositol specific phospholipase D1
6535,-2,-1.55703966027457,-2.42638353364796,-0.687695786901188,0.000447439022458462,0.731314123071544,0.392457561441286,12.3228833146667,0.000447439022458462,FALSE,1306,SLC6A8,solute carrier family 6 member 8
6819,1,2.66386139381372,0.992055404911904,4.33566738271554,0.0017900963910804,0,1,9.75321227119123,0.0017900963910804,FALSE,1307,SULT1C2,sulfotransferase family 1C member 2
23322,2,1.51476188638928,0.675046937581319,2.35447683519724,0.000406882192320523,0.150928833342571,0.697649307548392,12.5003205787722,0.000406882192320522,FALSE,1308,RPGRIP1L,RPGRIP1 like
728464,-1,-2.2507028058121,-3.62662147733119,-0.874784134293015,0.00134559597019346,0,1,10.2789075128772,0.00134559597019346,FALSE,1309,METTL24,methyltransferase like 24
2168,-2,-2.30346177548454,-3.71784461360135,-0.889078937367735,0.00141294064779756,1.48847635442571,0.222453012602941,10.1888283443697,0.00141294064779757,FALSE,1310,FABP1,fatty acid binding protein 1
57477,2,1.56791173044236,0.688348217619771,2.44747524326495,0.00047613370089076,0.0651784051663089,0.798490923243431,12.2068888605747,0.00047613370089076,FALSE,1311,SHROOM4,shroom family member 4
84319,2,1.46699241628666,0.66137954211783,2.27260529045549,0.00035831255314108,0.110395919516664,0.739693836573542,12.7379377962546,0.00035831255314108,FALSE,1312,CMSS1,cms1 ribosomal small subunit homolog
29127,2,1.3719539961502,0.636082200877879,2.10782579142253,0.000258042904685395,0.427800453001211,0.51307021077514,13.3527576014304,0.000258042904685395,FALSE,1313,RACGAP1,Rac GTPase activating protein 1
26818,1,1.77110773409952,0.742247797265134,2.79996767093391,0.000741016484198736,0,1,11.3834427661522,0.000741016484198736,FALSE,1314,,
677819,1,1.91906661526329,0.782182335470845,3.05595089505573,0.000938208147754623,0,1,10.9457055265599,0.000938208147754624,FALSE,1315,,
59353,-1,-3.03510555271072,-4.97432036060081,-1.09589074482063,0.0021579931175787,0,1,9.41005025874164,0.0021579931175787,FALSE,1316,TMEM35A,transmembrane protein 35A
257000,-1,-2.51980824081155,-4.09172040847016,-0.94789607315294,0.00167876303808443,0,1,9.87130599345562,0.00167876303808443,FALSE,1317,TINCR,TINCR ubiquitin domain containing
6489,-2,-2.07676299511311,-3.32997528003488,-0.823550710191345,0.0011623648940717,1.20622392776395,0.272081254828214,10.5492301762972,0.00116236489407169,FALSE,1318,ST8SIA1,"ST8 alpha-N-acetyl-neuraminide alpha-2,8-sialyltransferase 1"
5212,-1,-2.30702051170032,-3.72702783589805,-0.887013187502592,0.00145122976284601,0,1,10.1395323437371,0.00145122976284601,FALSE,1319,VIT,vitrin
256949,-1,-2.21612850224205,-3.57087923968813,-0.861377764795967,0.00134524543674955,0,1,10.2793882266317,0.00134524543674955,FALSE,1320,KANK3,KN motif and ankyrin repeat domains 3
109729137,-1,-2.1521373681385,-3.46095795856209,-0.843316777714911,0.00126929010561713,0,1,10.3866601371465,0.00126929010561713,FALSE,1321,,
23474,-2,-1.50394184091675,-2.34052616018436,-0.667357521649141,0.000425950506912923,0.0969287045890369,0.755546911649826,12.4147742250983,0.000425950506912922,FALSE,1322,ETHE1,ETHE1 persulfide dioxygenase
101929335,-1,-2.64477567185551,-4.30897155898146,-0.980579784729565,0.00184059278781683,0,1,9.70208278536423,0.00184059278781683,FALSE,1323,,
1917,-2,-2.27688567046204,-3.67694928213938,-0.87682205878469,0.00143539953549794,2.01188477661152,0.156071319040886,10.1597516821214,0.00143539953549794,FALSE,1324,EEF1A2,eukaryotic translation elongation factor 1 alpha 2
7275,-2,-2.28676669282532,-3.69440861287368,-0.87912477277695,0.00145237728992694,1.62091770425826,0.202963874292,10.1380753438858,0.00145237728992694,FALSE,1325,TUB,TUB bipartite transcription factor
23563,-2,-3.0922623378968,-5.07574555974447,-1.10877911604914,0.00224613905063001,2.58894962512414,0.107611678699704,9.33666511059684,0.00224613905063001,FALSE,1326,CHST5,carbohydrate sulfotransferase 5
79616,-2,-1.58066185386797,-2.47474584357511,-0.68657786416084,0.000530144864491476,0.00675276214915597,0.934507400778281,12.006529466847,0.000530144864491477,FALSE,1327,CCNJL,cyclin J like
9060,-2,-1.61835255608728,-2.54065157634822,-0.696053535826349,0.000583571738415038,0.225791675978613,0.634661948144143,11.8276635924612,0.000583571738415039,FALSE,1328,PAPSS2,3'-phosphoadenosine 5'-phosphosulfate synthase 2
7136,1,2.74468438158839,1.00675434883459,4.48261441434219,0.00196588095471181,0,1,9.58112326556001,0.0019658809547118,FALSE,1329,TNNI2,"troponin I2, fast skeletal type"
1869,2,1.56666791371952,0.681247672178652,2.45208815526039,0.000524401747331517,0.943564535897115,0.331362817084608,12.0268304251656,0.000524401747331516,FALSE,1330,E2F1,E2F transcription factor 1
51513,2,1.70840599371997,0.718714038535981,2.69809794890396,0.000716231372902873,0.149001607668011,0.699491289250865,11.4466465995773,0.000716231372902873,FALSE,1331,ETV7,ETS variant transcription factor 7
128272,2,1.49024151661571,0.659765294571993,2.32071773865942,0.000436384829218067,0.363194535045106,0.546737403182481,12.3695839885146,0.000436384829218066,FALSE,1332,ARHGEF19,Rho guanine nucleotide exchange factor 19
408,-2,-1.32847181063114,-2.04054520626628,-0.616398414995994,0.000255597673496701,0.0664257690265728,0.796613769927405,13.3706139231811,0.000255597673496701,FALSE,1333,ARRB1,arrestin beta 1
28481,1,3.10736341082855,1.1088947880098,5.1058320336473,0.00230758426801555,0,1,9.28721734652975,0.00230758426801555,FALSE,1334,,
102466720,-1,-3.90746801160161,-6.46848675548681,-1.3464492677164,0.00278603033946899,0,1,8.94255316280677,0.002786030339469,FALSE,1335,,
1026,-2,-1.48054493237584,-2.30537713327167,-0.655712731479997,0.000434702994103556,0.00456689467898265,0.946120929195235,12.376793697113,0.000434702994103556,FALSE,1336,CDKN1A,cyclin dependent kinase inhibitor 1A
8358,2,1.6008685183636,0.687643888818748,2.51409314790846,0.000590836893035961,0.655577088770012,0.418125753554903,11.8046272657358,0.000590836893035961,FALSE,1337,H3C2,H3 clustered histone 2
677831,1,2.33646431156934,0.887928001771162,3.78500062136752,0.0015701896846036,0,1,9.9943766814094,0.0015701896846036,FALSE,1338,,
140462,2,1.89104326776786,0.765450673998116,3.0166358615376,0.000991870467080249,0.00624056822407196,0.93703479673541,10.8426804812581,0.000991870467080249,FALSE,1339,ASB9,ankyrin repeat and SOCS box containing 9
9493,2,1.46391470529697,0.650863240501369,2.27696617009257,0.000417207815350565,0.26551813862369,0.606354213206676,12.4535066110052,0.000417207815350566,FALSE,1340,KIF23,kinesin family member 23
102465513,-1,-2.16606156386876,-3.49215542199981,-0.839967705737712,0.00136745151176039,0,1,10.2491829824608,0.00136745151176039,FALSE,1341,,
23111,-2,-1.78516398583041,-2.83400372200348,-0.736324249657338,0.000850142236789427,0.469504677393728,0.493215128381632,11.1284364560433,0.000850142236789427,FALSE,1342,SPART,spartin
50,-2,-1.34886270372782,-2.07771993532194,-0.620005472133703,0.000286494063962179,0.395505790654243,0.529419429133142,13.1566929967888,0.000286494063962179,FALSE,1343,ACO2,aconitase 2
5516,-2,-1.20982092166533,-1.83674759284436,-0.582894250486305,0.000155405168102211,0.664453572644971,0.414992053639106,14.3055602427259,0.000155405168102211,FALSE,1344,PPP2CB,protein phosphatase 2 catalytic subunit beta
169981,2,1.57321561485871,0.678972105104904,2.46745912461252,0.000564533528740054,0.215121227541378,0.642782710672146,11.8894313904294,0.000564533528740053,FALSE,1345,SPIN3,spindlin family member 3
10813,2,1.42002982237287,0.638080871897676,2.20197877284806,0.000371814872877208,0.497254216633811,0.48070908648083,12.6687658760689,0.000371814872877207,FALSE,1346,UTP14A,UTP14A small subunit processome component
9560,2,1.99552904740032,0.79132354546333,3.19973454933731,0.00116251296781607,0.689390234213405,0.406371862112675,10.5489947328448,0.00116251296781607,FALSE,1347,CCL4L2,C-C motif chemokine ligand 4 like 2
84913,-2,-1.90396577714551,-3.04193725038116,-0.765994303909871,0.00104079691066924,0.725094509703787,0.394477884949415,10.7535462494919,0.00104079691066924,FALSE,1348,ATOH8,atonal bHLH transcription factor 8
572558,-1,-3.74082609993876,-6.18923055068158,-1.29242164919594,0.00274844528449729,0,1,8.96736610167733,0.00274844528449729,FALSE,1349,,
79092,1,2.56340670254335,0.948233602973287,4.17857980211341,0.00186696951833192,0,1,9.67593778654329,0.00186696951833192,FALSE,1350,CARD14,caspase recruitment domain family member 14
1374,-2,-1.33234470487475,-2.05213424524185,-0.612555164507645,0.000285700280523301,0.153924085424494,0.694813217000598,13.1618919049167,0.000285700280523301,FALSE,1351,CPT1A,carnitine palmitoyltransferase 1A
10874,1,3.5515743435528,1.23439078303318,5.86875790407242,0.00266403026098849,0,1,9.0243748111192,0.00266403026098848,FALSE,1352,NMU,neuromedin U
157570,2,1.57513861820148,0.675767978444143,2.47450925795882,0.000597736835212155,0.708724443766381,0.399867591127745,11.7830122512081,0.000597736835212154,FALSE,1353,ESCO2,establishment of sister chromatid cohesion N-acetyltransferase 2
3336,2,1.33441318764784,0.612005394967603,2.05682098032807,0.000294153247815993,0.403688315160383,0.525190578414763,13.1072622383377,0.000294153247815992,FALSE,1354,HSPE1,heat shock protein family E (Hsp10) member 1
38,-2,-1.45577580532835,-2.26804386021383,-0.643507750442878,0.000443548934433458,0.0568231758261821,0.81158938511731,12.3391836892277,0.000443548934433458,FALSE,1355,ACAT1,acetyl-CoA acetyltransferase 1
541471,1,2.22034667457801,0.848414580849608,3.59227876830641,0.001513812606602,0,1,10.0617269513109,0.001513812606602,FALSE,1356,,
84888,-2,-1.37990122383997,-2.13814379674007,-0.621658650939871,0.000361263290940952,0.230352994274867,0.631262212018265,12.7225993705939,0.000361263290940952,FALSE,1357,SPPL2A,signal peptide peptidase like 2A
114898,-2,-1.90168881082593,-3.0426430704555,-0.760734551196368,0.00108779853907605,0.643300521385504,0.422518151574198,10.6718230666908,0.00108779853907605,FALSE,1358,C1QTNF2,C1q and TNF related 2
57088,-2,-1.32531875314712,-2.04393173854412,-0.606705767750123,0.000300684846938041,0.138036817572682,0.710240533994394,13.0661231503556,0.000300684846938041,FALSE,1359,PLSCR4,phospholipid scramblase 4
6348,2,1.84954811939058,0.745814494070723,2.95328174471044,0.00102217838494857,0.577433932734993,0.447319898759283,10.7869559304202,0.00102217838494857,FALSE,1360,CCL3,C-C motif chemokine ligand 3
81693,-2,-1.65273507492082,-2.61332734664539,-0.69214280319624,0.000745725414070747,0.0626759171670755,0.802315465539515,11.3716764194824,0.000745725414070747,FALSE,1361,AMN,amnion associated transmembrane protein
320,-2,-1.71085524011805,-2.71408136699022,-0.707629113245887,0.000830478366406278,0.0124674737921399,0.911094707038482,11.1718486341259,0.000830478366406278,FALSE,1362,APBA1,amyloid beta precursor protein binding family A member 1
338557,-2,-1.9230462331593,-3.08182310651235,-0.764269359806254,0.0011433223188536,0.23157933690709,0.630355238738508,10.5797643615276,0.0011433223188536,FALSE,1363,FFAR4,free fatty acid receptor 4
285195,-2,-1.64427576266861,-2.59971836512352,-0.688833160213696,0.00074350171826297,0.849194227071664,0.356780386979763,11.3772234527093,0.000743501718262968,FALSE,1364,SLC9A9,solute carrier family 9 member A9
80318,-2,-1.52521948972129,-2.39330579925834,-0.657133180184251,0.000573942955934678,0.546941419826439,0.45957012837317,11.8586447820456,0.000573942955934679,FALSE,1365,GKAP1,G kinase anchoring protein 1
81029,-2,-1.86142401749987,-2.97692987073015,-0.745918164269588,0.00107336399308859,0.0151255363771995,0.902118247984873,10.6965346313202,0.00107336399308859,FALSE,1366,WNT5B,Wnt family member 5B
145483,-2,-1.46024386380324,-2.28192090997364,-0.63856681763284,0.000495548418339528,0.0434505645873386,0.834879188462776,12.1323422169414,0.000495548418339529,FALSE,1367,FAM161B,FAM161 centrosomal protein B
64946,2,1.6491372223487,0.688274921837045,2.60999952286035,0.000768479722315787,1.06822509793821,0.301346698517694,11.3158572997004,0.00076847972231579,FALSE,1368,CENPH,centromere protein H
11142,-2,-1.44521520501262,-2.25668523890709,-0.633745171118139,0.000481820643995924,0.00120060396514462,0.972359044453909,12.1847396117341,0.000481820643995925,FALSE,1369,PKIG,cAMP-dependent protein kinase inhibitor gamma
140838,2,1.43899876678009,0.631963366990177,2.24603416657001,0.000474508646467328,0.590964209922148,0.44204650676122,12.2132671113693,0.000474508646467328,FALSE,1370,NANP,N-acetylneuraminic acid phosphatase
6286,2,2.35624355311622,0.87997887653983,3.8325082296926,0.0017583938052123,2.50769214955876,0.113291734464888,9.78606472994331,0.0017583938052123,FALSE,1371,S100P,S100 calcium binding protein P
5004,2,2.39526628033566,0.890576540236636,3.89995602043468,0.00180849549127812,0.896261360465132,0.343786159785183,9.73441515215858,0.00180849549127813,FALSE,1372,ORM1,orosomucoid 1
122060,-2,-1.79901377447588,-2.87086663848227,-0.727160910469502,0.00100318249095629,0.00299836571628866,0.956331791258258,10.821683145245,0.00100318249095629,FALSE,1373,SLAIN1,SLAIN motif family member 1
118932,2,1.55908585793614,0.663233059586559,2.45493865628572,0.000647255591453531,0.268286616468645,0.604483446911598,11.6349075608174,0.000647255591453531,FALSE,1374,ANKRD22,ankyrin repeat domain 22
22885,-2,-1.58143546108542,-2.4942752773476,-0.668595644823233,0.000685009199938295,0.362335994560095,0.547211737578677,11.5294868439547,0.000685009199938293,FALSE,1375,ABLIM3,actin binding LIM protein family member 3
11260,2,1.39181661799585,0.617945354709639,2.16568788128207,0.000423453373262814,0.0302342448865953,0.861959792372091,12.4257547389329,0.000423453373262815,FALSE,1376,XPOT,exportin for tRNA
51435,-2,-1.68993861621121,-2.68470684613741,-0.695170386285011,0.000869587327503041,0.694866215385945,0.404514115941513,11.0864940597415,0.000869587327503042,FALSE,1377,SCARA3,scavenger receptor class A member 3
81544,2,1.69519225881298,0.696095658368736,2.69428885925722,0.000882537532687576,0.151277082919286,0.697317907422392,11.0590835861787,0.000882537532687575,FALSE,1378,GDPD5,glycerophosphodiester phosphodiesterase domain containing 5
1376,-2,-1.31975052798356,-2.04252951412502,-0.596971541842105,0.000345208251202979,0.330326708737386,0.565466773438497,12.8076318602535,0.000345208251202979,FALSE,1379,CPT2,carnitine palmitoyltransferase 2
79883,2,1.76411127010402,0.714099625637385,2.81412291457066,0.000991559709144665,0.420022873351272,0.516925631128743,10.8432607209715,0.000991559709144665,FALSE,1380,PODNL1,podocan like 1
51308,-1,-2.55794672574493,-4.18353746882136,-0.932355982668502,0.00204169358777595,0,1,9.51166919052659,0.00204169358777595,FALSE,1381,REEP2,receptor accessory protein 2
477,-2,-5.78714822326951,-9.67179510757243,-1.90250133896659,0.00350195307018336,13.7801417154868,0.000205496931413583,8.52554790307976,0.00350195307018335,FALSE,1382,ATP1A2,ATPase Na+/K+ transporting subunit alpha 2
80162,2,1.58639057687453,0.665468759187153,2.50731239456192,0.000734793456561877,0.730672210909451,0.392665385527389,11.3991088566159,0.000734793456561878,FALSE,1383,PGGHG,protein-glucosylgalactosylhydroxylysine glucosidase
3708,-2,-1.55553644884064,-2.45379194534334,-0.65728095233794,0.000688471456927767,0.719321324950459,0.396366617122252,11.5201145878031,0.000688471456927768,FALSE,1384,ITPR1,"inositol 1,4,5-trisphosphate receptor type 1"
55600,-2,-3.45227822346454,-5.7139939520333,-1.19056249489578,0.00277442392008363,2.98106686503943,0.0842437257433135,8.95017904181554,0.00277442392008364,FALSE,1385,ITLN1,intelectin 1
200916,2,1.59506077521864,0.667375465988388,2.52274608444888,0.000751793052419177,0.919445485755158,0.337620611727393,11.3566252278836,0.000751793052419176,FALSE,1386,RPL22L1,ribosomal protein L22 like 1
116966,-2,-2.57933681407896,-4.22218273256288,-0.936490895595038,0.00208937215444996,1.91755240314559,0.166126733181945,9.46931642819147,0.00208937215444996,FALSE,1387,WDR17,WD repeat domain 17
8516,-2,-1.49225904139088,-2.3449361185189,-0.639581964262864,0.00060334232195818,0.943817123869338,0.331298104610142,11.7656369739626,0.000603342321958181,FALSE,1388,ITGA8,integrin subunit alpha 8
23139,-2,-1.27686065795342,-1.97090165878539,-0.582819657121457,0.000311144638034752,0.938004969305366,0.332791441161028,13.0020831491006,0.000311144638034752,FALSE,1389,MAST2,microtubule associated serine/threonine kinase 2
100130933,-1,-2.37556227113091,-3.87300740762728,-0.878117134634541,0.00187526819331288,0,1,9.66778939493727,0.00187526819331288,FALSE,1390,SMIM6,small integral membrane protein 6
151742,-2,-1.46065178738886,-2.29100355334443,-0.630300021433292,0.000565328422804759,0.0783783432225527,0.779507177370106,11.8868106232779,0.000565328422804759,FALSE,1391,PPM1L,"protein phosphatase, Mg2+/Mn2+ dependent 1L"
863,-2,-1.6747117070461,-2.66315345556646,-0.686269958525736,0.000897737366528278,0.0213358475057002,0.883867743183651,11.0274255399357,0.000897737366528278,FALSE,1392,CBFA2T3,CBFA2/RUNX1 partner transcriptional co-repressor 3
2918,2,3.1071162481915,1.08614267374973,5.12808982263327,0.00258408031077892,2.51816481425214,0.112541489930042,9.08008504958234,0.00258408031077892,FALSE,1393,GRM8,glutamate metabotropic receptor 8
54751,-2,-1.39400846274166,-2.17625803682958,-0.611758888653743,0.00047806428850927,0.0032268588854695,0.954700174331209,12.1993399009026,0.00047806428850927,FALSE,1394,FBLIM1,filamin binding LIM protein 1
25900,-2,-1.48780906098911,-2.34024692704045,-0.635371194937768,0.0006242841806146,0.459250886966539,0.497974280357186,11.7021352755124,0.000624284180614599,FALSE,1395,IFFO1,intermediate filament family orphan 1
340526,-2,-2.13842358887508,-3.467239974275,-0.809607203475157,0.00160988322910739,1.62862950560348,0.201892712008513,9.9484106921645,0.00160988322910739,FALSE,1396,RTL5,retrotransposon Gag like 5
57710,-2,-1.69750112362931,-2.70565919114073,-0.689343056117884,0.000966440195978972,0.335718614530843,0.562311005970811,10.8907819602639,0.000966440195978972,FALSE,1397,KIAA1614,KIAA1614
1875,2,1.56036070515417,0.652997037329096,2.46772437297924,0.000750374457943911,0.708412920423446,0.399971187835456,11.3601331263366,0.000750374457943912,FALSE,1398,E2F5,E2F transcription factor 5
54897,-2,-1.41234937606149,-2.2114047311488,-0.613294020974169,0.000531646813230895,0.0947217636626056,0.758258103969843,12.0012569467036,0.000531646813230895,FALSE,1399,CASZ1,castor zinc finger 1
79017,2,1.3888807430181,0.606840425536751,2.17092106049946,0.000499846328020014,0.30083272282269,0.583360848748552,12.1162383499592,0.000499846328020014,FALSE,1400,GGCT,gamma-glutamylcyclotransferase
91298,2,1.3848871719876,0.605361259780085,2.16441308419511,0.00049763659776134,0.051867201113214,0.81984548329401,12.1245004706716,0.00049763659776134,FALSE,1401,RLIG1,RNA 5'-phosphate and 3'-OH ligase 1
114876,-2,-1.85153771151846,-2.97438680246546,-0.728688620571471,0.0012296576903377,1.29192279540896,0.255693906134256,10.4452423924267,0.0012296576903377,FALSE,1402,OSBPL1A,oxysterol binding protein like 1A
54996,-2,-1.41965043848344,-2.22589722917965,-0.613403647787218,0.000558241416675967,0.653064510413817,0.419019163282597,11.9103089206671,0.000558241416675967,FALSE,1403,MTARC2,mitochondrial amidoxime reducing component 2
115795,2,1.61514854963156,0.664668828341864,2.56562827092126,0.000866704192571332,0.123326046697553,0.72545475078999,11.0926526650726,0.000866704192571332,FALSE,1404,FANCD2OS,FANCD2 opposite strand
79783,-2,-1.76468982746099,-2.8257067701853,-0.70367288473668,0.00111481364534226,0.179943556684798,0.671421751515754,10.6264525810775,0.00111481364534226,FALSE,1405,SUGCT,succinyl-CoA:glutarate-CoA transferase
22999,-2,-2.52174165515769,-4.13204343239605,-0.911439877919328,0.00214550497471625,1.52603838049954,0.216707988291742,9.42069236971687,0.00214550497471625,FALSE,1406,RIMS1,regulating synaptic membrane exocytosis 1
100128081,-1,-2.40942604917644,-3.93943346951561,-0.879418628837273,0.00202518874119943,0,1,9.52656446333233,0.00202518874119943,FALSE,1407,,
4485,2,1.53255736570144,0.641137086588083,2.4239776448148,0.000752689546833744,0.0455282462909792,0.831035656196116,11.3544118248625,0.000752689546833743,FALSE,1408,MST1,macrophage stimulating 1
64794,2,1.29044424349592,0.577636669081341,2.0032518179105,0.000387790102890939,0.087911836405128,0.766848799529494,12.5901255053738,0.000387790102890939,FALSE,1409,DDX31,DEAD-box helicase 31
634,-2,-1.76784940211748,-2.83261506853491,-0.703083735700053,0.0011372695879345,0.000484316243362619,0.982442223188053,10.5895775818807,0.0011372695879345,FALSE,1410,CEACAM1,CEA cell adhesion molecule 1
7832,-2,-1.59488418636208,-2.53257874199425,-0.657189630729906,0.000857242632039578,1.07118366462098,0.30067823701149,11.1130097920439,0.000857242632039579,FALSE,1411,BTG2,BTG anti-proliferation factor 2
84899,2,1.3756958485638,0.599479095014904,2.1519126021127,0.000513408128510517,0.0123225965818231,0.911610643927368,12.0663247930538,0.000513408128510517,FALSE,1412,TMTC4,transmembrane O-mannosyltransferase targeting cadherins 4
27085,2,1.64255275332573,0.668230279910384,2.61687522674108,0.000952520677962015,0.0116564139681915,0.91402355596406,10.9176557242445,0.000952520677962016,FALSE,1413,MTBP,MDM2 binding protein
92126,-2,-2.08274617219106,-3.37890029873506,-0.786592045647048,0.00163606228729062,1.65028243668539,0.198920494311862,9.9187188063614,0.00163606228729063,FALSE,1414,DSEL,dermatan sulfate epimerase like
100652759,-1,-2.52973101226203,-4.14853645192234,-0.910925572601719,0.00219229320705527,0,1,9.3811387980268,0.00219229320705527,FALSE,1415,,
84650,2,1.44374870077592,0.615807660877112,2.27168974067474,0.000631410849405848,0.269688666654477,0.603540693785673,11.6810147911505,0.000631410849405848,FALSE,1416,EBPL,EBP like
1410,-2,-3.19297264003913,-5.28398995237879,-1.10195532769947,0.00276381129680099,5.41762541557257,0.0199344534649089,8.95718036336437,0.00276381129680099,FALSE,1417,CRYAB,crystallin alpha B
131096,2,2.74705392244058,0.972679133215072,4.5214287116661,0.00241030901877559,2.83992320371724,0.0919486083299203,9.20745985921947,0.00241030901877559,FALSE,1418,KCNH8,potassium voltage-gated channel subfamily H member 8
100861548,-2,-1.29423463164001,-2.0118572299552,-0.576612033324827,0.000408081957915946,0.0521801505917004,0.819312163759491,12.4948199558732,0.000408081957915946,FALSE,1419,,
5463,-2,-1.5540695737839,-2.46369500245203,-0.64444414511577,0.000812375018911906,0.338994108207513,0.560410417931418,11.2127441418699,0.000812375018911907,FALSE,1420,POU6F1,POU class 6 homeobox 1
84971,-2,-1.3850992472411,-2.17140456488674,-0.598793929595453,0.00055535063561118,0.00959319309425412,0.921976088241558,11.9199804485082,0.00055535063561118,FALSE,1421,ATG4D,autophagy related 4D cysteine peptidase
7414,-2,-2.71310203953517,-4.46547184337774,-0.960732235692598,0.00240927410654655,2.79208629605193,0.0947308216884069,9.20824605824693,0.00240927410654655,FALSE,1422,VCL,vinculin
4609,2,1.56027406477631,0.644188866799685,2.47635926275293,0.000843212539935962,0.26783002506905,0.604791138106875,11.1436183406257,0.000843212539935962,FALSE,1423,MYC,"MYC proto-oncogene, bHLH transcription factor"
1555,2,1.80015525839558,0.707633538941213,2.89267697784994,0.00124030470190061,0.179308070168246,0.671968549587636,10.4293189616295,0.00124030470190061,FALSE,1424,CYP2B6,cytochrome P450 family 2 subfamily B member 6
9289,2,1.46539890537062,0.618989298971547,2.3118085117697,0.000690537724509769,0.0469838201540388,0.828397323160001,11.5145439042558,0.00069053772450977,FALSE,1425,ADGRG1,adhesion G protein-coupled receptor G1
57687,-2,-2.27197147832884,-3.7087993537625,-0.835143602895183,0.00194059792024899,1.6522850287314,0.198648211607832,9.604891032378,0.00194059792024899,FALSE,1426,VAT1L,vesicle amine transport 1 like
6660,-1,-2.06321494894373,-3.34960641908154,-0.776823478805923,0.00166915849802969,0,1,9.88186303800611,0.00166915849802969,FALSE,1427,SOX5,SRY-box transcription factor 5
51474,-2,-1.32837182631077,-2.07498959042858,-0.581754062192945,0.000488215061003178,0.00600107406173567,0.938252361019008,12.1601478800524,0.000488215061003178,FALSE,1428,LIMA1,LIM domain and actin binding 1
684959,1,2.23842912039111,0.824540554001255,3.65231768678096,0.00191595171866421,0,1,9.62836423765987,0.00191595171866421,FALSE,1429,,
685,-2,-1.65265537980057,-2.63934301194476,-0.66596774765637,0.00102764242739223,0.592685067968055,0.441382693876971,10.7770876869624,0.00102764242739223,FALSE,1430,BTC,betacellulin
5734,-2,-1.5921109671918,-2.53603579115129,-0.648186143232323,0.000946865165841216,0.277614738414645,0.598268880451271,10.9286881812479,0.000946865165841216,FALSE,1431,PTGER4,prostaglandin E receptor 4
139886,2,1.66796601776822,0.66779834833499,2.66813368720145,0.00108078961835615,0.443837459457347,0.505276068841698,10.6837804572777,0.00108078961835615,FALSE,1432,SPIN4,spindlin family member 4
2235,-2,-1.46938724340191,-2.3238937896271,-0.614880697176709,0.000750855400592631,0.00183701244941137,0.965812829325299,11.358943101806,0.000750855400592631,FALSE,1433,FECH,ferrochelatase
101928909,-1,-2.63657376701267,-4.33947452235022,-0.933673011675119,0.00240870370589113,0,1,9.20867952501369,0.00240870370589113,FALSE,1434,,
3955,2,1.25768974363943,0.559600192960867,1.955779294318,0.000413829458024447,0.294427820204994,0.587396951111432,12.4686934001068,0.000413829458024447,FALSE,1435,LFNG,LFNG O-fucosylpeptide 3-beta-N-acetylglucosaminyltransferase
8835,-2,-1.50193553710816,-2.38136086361681,-0.622510210599516,0.000815897375705392,0.35225430253581,0.552839789781768,11.2047154299311,0.000815897375705392,FALSE,1436,SOCS2,suppressor of cytokine signaling 2
126669,-2,-1.53237388562617,-2.4344611887039,-0.630286582548433,0.00087037413493168,1.02576939673078,0.311154390141331,11.0848169612509,0.000870374134931678,FALSE,1437,SHE,Src homology 2 domain containing E
7112,2,1.31368164448394,0.573243702388651,2.05411958657924,0.000506378878947773,0.00841576446391926,0.926906621546471,12.0920271971142,0.000506378878947773,FALSE,1438,TMPO,thymopoietin
5596,-1,-2.8149282840551,-4.64694439253319,-0.982912175577011,0.00259940985876149,0,1,9.06926883572932,0.00259940985876149,FALSE,1439,MAPK4,mitogen-activated protein kinase 4
596,-2,-1.59044010546807,-2.53645849597862,-0.644421714957514,0.000983940165699808,0.594198645364565,0.440800105945756,10.857545575143,0.000983940165699806,FALSE,1440,BCL2,BCL2 apoptosis regulator
50853,-2,-1.37863500397071,-2.16823198991416,-0.58903801802726,0.000621408702329762,0.696875772101289,0.403835475581885,11.7107260237853,0.000621408702329763,FALSE,1441,VILL,villin like
56938,2,1.51211761565893,0.622875383811321,2.40135984750654,0.000859664525320114,1.10849190867905,0.29241000918027,11.107777393405,0.000859664525320114,FALSE,1442,BMAL2,basic helix-loop-helix ARNT like 2
23594,2,2.7171273742798,0.952729311884726,4.48152543667486,0.0025420229831337,3.8905252631964,0.0485592342838601,9.11009767707894,0.00254202298313369,FALSE,1443,ORC6,origin recognition complex subunit 6
1909,2,1.58385432571613,0.640479749424893,2.52722890200737,0.000999630169953942,0.260703220025503,0.609637444408168,10.8282510513095,0.000999630169953942,FALSE,1444,EDNRA,endothelin receptor type A
6356,-2,-1.96914671674639,-3.19546051587536,-0.742832917617428,0.00164841312734938,0.566879912649151,0.451501426573457,9.90487736890499,0.00164841312734938,FALSE,1445,CCL11,C-C motif chemokine ligand 11
2517,-2,-1.41184745292126,-2.22872626386677,-0.59496864197574,0.000705348616025781,0.8128883354494,0.36726768900032,11.4750997472465,0.000705348616025781,FALSE,1446,FUCA1,alpha-L-fucosidase 1
130271,-2,-1.59503046990382,-2.54747690413104,-0.642584035676587,0.00102968849962379,0.162729712474125,0.686655671093303,10.7734060618371,0.00102968849962379,FALSE,1447,PLEKHH2,"pleckstrin homology, MyTH4 and FERM domain containing H2"
57332,2,1.48857189942755,0.614345051635014,2.36279874722009,0.000846000457787294,1.02596382835519,0.311108537176833,11.1374953395938,0.000846000457787294,FALSE,1448,CBX8,chromobox 8
5797,-2,-1.44556565079762,-2.28842651437696,-0.602704787218283,0.000775270775554125,0.888050347788639,0.346006192527835,11.2995212861494,0.000775270775554125,FALSE,1449,PTPRM,protein tyrosine phosphatase receptor type M
4299,-2,-1.26881427655701,-1.98076279203714,-0.556865761076886,0.000477641280058754,0.0105023855639709,0.918374776284582,12.2009913079213,0.000477641280058755,FALSE,1450,AFF1,ALF transcription elongation factor 1
102724102,-1,-2.32667681769018,-3.81373598173289,-0.839617653647467,0.00216514639902594,0,1,9.40398249529653,0.00216514639902594,FALSE,1451,,
4143,1,3.32068020569361,1.1253288113495,5.51603160003772,0.00303043131985275,0,1,8.78905535276913,0.00303043131985275,FALSE,1452,MAT1A,methionine adenosyltransferase 1A
100158262,2,2.49141083574751,0.885534841859915,4.0972868296351,0.00235985743283191,3.13396507239314,0.0766770378331908,9.24619116302858,0.00235985743283191,FALSE,1453,,
9388,2,1.62842455352964,0.649505979092901,2.60734312796637,0.00111260257979538,0.411505465613196,0.521206377871339,10.6301239380308,0.00111260257979538,FALSE,1454,LIPG,"lipase G, endothelial type"
10194,-2,-1.38333188375065,-2.1822993288097,-0.584364438691593,0.000690104004030388,0.3174086035087,0.573169156960254,11.5157118226086,0.000690104004030389,FALSE,1455,TSHZ1,teashirt zinc finger homeobox 1
1612,-2,-1.56992201365735,-2.50704614050461,-0.632797886810091,0.00102548563775145,1.05129406131349,0.305209241089123,10.7809765675688,0.00102548563775145,FALSE,1456,DAPK1,death associated protein kinase 1
7018,-1,-2.53764301197209,-4.17866237612708,-0.896623647817098,0.0024386372289717,0,1,9.18607155573014,0.0024386372289717,FALSE,1457,TF,transferrin
374383,2,1.39312867785457,0.585366812565185,2.20089054314396,0.000724052495156356,0.372647860695219,0.541564483103684,11.4264665998795,0.000724052495156355,FALSE,1458,NCR3LG1,natural killer cell cytotoxicity receptor 3 ligand 1
65249,2,1.48184733965359,0.608384362409713,2.35531031689746,0.000883811394125734,0.46138496540312,0.496977418145033,11.0564093206056,0.000883811394125734,FALSE,1459,ZSWIM4,zinc finger SWIM-type containing 4
3045,-2,-1.92593249194703,-3.12580679339921,-0.726058190494843,0.00165541812567592,1.17136581554604,0.279120779846011,9.89707356894122,0.00165541812567592,FALSE,1460,HBD,hemoglobin subunit delta
124460,2,1.69581502143598,0.664169730100394,2.72746031277156,0.00127395966992326,0.460046190960369,0.497602386563191,10.3798801077585,0.00127395966992326,FALSE,1461,SNX20,sorting nexin 20
54463,-2,-1.61693825761351,-2.59074371607579,-0.643132799151224,0.00113636978445609,0.453313588651863,0.500765569858565,10.5910409323371,0.00113636978445609,FALSE,1462,RETREG1,reticulophagy regulator 1
3838,2,1.40460300089497,0.58744447036887,2.22176153142107,0.000754534191992101,0.156683519403347,0.692228458336982,11.3498658489248,0.000754534191992101,FALSE,1463,KPNA2,karyopherin subunit alpha 2
84365,2,1.24838932434703,0.546956895136641,1.94982175355743,0.000486124700610205,0.0311233354695934,0.859965509390778,12.1681510701013,0.000486124700610205,FALSE,1464,NIFK,nucleolar protein interacting with the FHA domain of MKI67
84222,2,1.55850594772123,0.626938815479505,2.49007307996295,0.00104172901424012,0.0242564423378001,0.876234183711464,10.7518895785872,0.00104172901424012,FALSE,1465,,
8354,2,1.74205932845451,0.67456603872163,2.8095526181874,0.00138146213683556,0.211942058278431,0.645249478475541,10.2303798108866,0.00138146213683557,FALSE,1466,H3C11,H3 clustered histone 11
2776,-2,-1.30518339320777,-2.05009991625252,-0.560266870163014,0.000594540685213259,0.0325496542312555,0.856826600836211,11.7929931332858,0.000594540685213259,FALSE,1467,GNAQ,G protein subunit alpha q
29089,2,1.73185708112143,0.671459980313975,2.79225418192889,0.0013693074245747,0.184543205131274,0.667497607223503,10.2466810490286,0.0013693074245747,FALSE,1468,UBE2T,ubiquitin conjugating enzyme E2 T
79651,2,1.55357206173703,0.624440117321908,2.48270400615215,0.0010484444331666,0.0320606474084885,0.857894615711049,10.7399980795216,0.0010484444331666,FALSE,1469,RHBDF2,rhomboid 5 homolog 2
9824,2,1.88415496251803,0.712089180758057,3.056220744278,0.00162856762912978,1.65841969438342,0.197816828680839,9.92716967994584,0.00162856762912978,FALSE,1470,ARHGAP11A,Rho GTPase activating protein 11A
9839,-2,-1.49737035441875,-2.38507678299536,-0.609663925842139,0.000946249569566435,0.433173845142999,0.510435686156071,10.9298930706976,0.000946249569566435,FALSE,1471,ZEB2,zinc finger E-box binding homeobox 2
101927233,-1,-1.88708103837805,-3.06187362537042,-0.712288451385679,0.00164217620818286,0,1,9.91185382783105,0.00164217620818287,FALSE,1472,,
722,1,2.79754130591564,0.966154125179083,4.6289284866522,0.00275391782640868,0,1,8.96373187823086,0.00275391782640868,FALSE,1473,C4BPA,complement component 4 binding protein alpha
9735,2,1.54049945379397,0.619142575368468,2.46185633221947,0.00104901465664876,1.31238876874195,0.251962610840387,10.7389918926147,0.00104901465664876,FALSE,1474,KNTC1,kinetochore associated 1
79955,2,1.9420320928563,0.725526515423156,3.15853767028945,0.00175467578999036,0.98584020932078,0.320761193370991,9.78995686383469,0.00175467578999036,FALSE,1475,PDZD7,PDZ domain containing 7
7094,-2,-1.44211860559109,-2.29117474252732,-0.593062468654869,0.000871611139840339,1.03260000522811,0.309548782598054,11.0821833524527,0.000871611139840339,FALSE,1476,TLN1,talin 1
284403,2,1.6676439812689,0.651859209585705,2.68342875295209,0.00129208938388245,1.00978978531655,0.314953205206214,10.3537927449574,0.00129208938388245,FALSE,1477,WDR62,WD repeat domain 62
8208,2,1.45864495996673,0.59664167663663,2.32064824329683,0.00091130754681058,0.0433842248702395,0.835003474936455,10.9996162375027,0.00091130754681058,FALSE,1478,CHAF1B,chromatin assembly factor 1 subunit B
100287178,2,1.96178126519188,0.729650394332649,3.19391213605111,0.00180466579958292,0.413515738020757,0.520190427928232,9.73831166849576,0.00180466579958293,FALSE,1479,USP17L11,ubiquitin specific peptidase 17 like family member 11
3572,-2,-1.19464434875768,-1.86108917987231,-0.528199517643042,0.000442479308102287,0.406591697705686,0.523704513944669,12.343690962053,0.000442479308102287,FALSE,1480,IL6ST,interleukin 6 cytokine family signal transducer
56954,2,1.31376214668015,0.558629790382498,2.06889450297779,0.000649864914994175,0.0402946785111671,0.840905521312477,11.627424061,0.000649864914994174,FALSE,1481,NIT2,nitrilase family member 2
9767,2,1.41798039856903,0.58531115425604,2.25064964288202,0.000844784163715064,0.0599783201612962,0.806530209650293,11.140164129661,0.000844784163715064,FALSE,1482,JADE3,jade family PHD finger 3
11130,2,1.36930740873337,0.572665514202305,2.16594930326444,0.000754735036460135,0.697810791735378,0.403520279104121,11.3493715623321,0.000754735036460135,FALSE,1483,ZWINT,ZW10 interacting kinetochore protein
54793,-2,-1.43415283717775,-2.27896672749044,-0.589338946865064,0.000877147680561119,1.48397363817209,0.223153843189362,11.0704420566663,0.000877147680561119,FALSE,1484,KCTD9,potassium channel tetramerization domain containing 9
60674,2,1.51523735709408,0.609779394076303,2.42069532011187,0.00103844263197236,0.709061092254648,0.399755682812434,10.7577373088564,0.00103844263197236,FALSE,1485,,
5979,-2,-2.29217844342077,-3.76583045829357,-0.818526428547973,0.00229904324032794,1.82117515765866,0.177173458179552,9.2940102142159,0.00229904324032795,FALSE,1486,RET,ret proto-oncogene
8813,2,1.22645235684108,0.534328320405026,1.91857639327713,0.000514521134623453,0.00839472106427663,0.926997807039047,12.0622876941652,0.000514521134623452,FALSE,1487,DPM1,"dolichyl-phosphate mannosyltransferase subunit 1, catalytic"
93081,2,1.62973426737638,0.638442311070618,2.62102622368213,0.00127174688155816,0.829142209713858,0.362520685319106,10.3830898511751,0.00127174688155815,FALSE,1488,TEX30,testis expressed 30
54852,-2,-1.48661605755688,-2.37320153004006,-0.600030585073702,0.00101460772862028,0.610514633795049,0.434594107211127,10.8007173168595,0.00101460772862028,FALSE,1489,PAQR5,progestin and adipoQ receptor family member 5
57447,-2,-1.42925065669629,-2.2741484813304,-0.584352832062178,0.000914711776221762,0.124885678650834,0.723794823261834,10.9927056487862,0.000914711776221763,FALSE,1490,NDRG2,NDRG family member 2
23710,-2,-1.38856451120929,-2.20328318323988,-0.573845839178689,0.000836392486738164,0.00863992295814752,0.92594234127018,11.1586836474403,0.000836392486738163,FALSE,1491,GABARAPL1,GABA type A receptor associated protein like 1
100533107,2,1.47204348257244,0.595355195443394,2.34873176970148,0.000998436302605257,0.169960400290203,0.680147003587003,10.830463699671,0.000998436302605258,FALSE,1492,RTEL1-TNFRSF6B,RTEL1-TNFRSF6B readthrough (NMD candidate)
55282,1,2.83133867008879,0.968602240150289,4.69407510002729,0.00289074266500306,0,1,8.87517666407714,0.00289074266500306,FALSE,1493,LRRC36,leucine rich repeat containing 36
145581,-2,-2.02750739772929,-3.31217031484916,-0.742844480609415,0.00197947207569705,0.977857337444087,0.322728368134935,9.56847443727665,0.00197947207569706,FALSE,1494,LRFN5,leucine rich repeat and fibronectin type III domain containing 5
9927,-2,-1.12443087304437,-1.74274447488402,-0.506117271204714,0.00036485359878788,0.252277619825307,0.615475881759671,12.7041058628523,0.000364853598787881,FALSE,1495,MFN2,mitofusin 2
56915,2,1.34750973123062,0.563038459919725,2.13198100254151,0.000760765217260397,0.0795866944975306,0.777858292644301,11.3345926090011,0.000760765217260397,FALSE,1496,EXOSC5,exosome component 5
54809,-2,-1.53506313842793,-2.45882093400802,-0.611305342847842,0.00112601016948696,0.124012910135846,0.724722271803547,10.6079737247339,0.00112601016948696,FALSE,1497,SAMD9,sterile alpha motif domain containing 9
26820,1,2.34818302215292,0.830600455835505,3.86576558847034,0.00242386214011235,0,1,9.19719536486804,0.00242386214011235,FALSE,1498,,
25886,2,1.31633560850392,0.553704929342237,2.07896628766559,0.000717017829320086,0.112285761202375,0.737556686091857,11.4446073485755,0.000717017829320086,FALSE,1499,POC1A,POC1 centriolar protein A
105373244,-1,-2.36534509620439,-3.89596886733324,-0.834721325075542,0.00245507033608006,0,1,9.17377951911832,0.00245507033608005,FALSE,1500,,
3371,-2,-2.43797431440061,-4.02128425114514,-0.854664377656082,0.00254495330289268,2.15741913028978,0.141882824230935,9.10799028622783,0.00254495330289268,FALSE,1501,TNC,tenascin C
7941,2,1.71509688879153,0.656603143502154,2.77359063408091,0.00149441596776034,0.514296915386185,0.473284647131273,10.085487793739,0.00149441596776034,FALSE,1502,PLA2G7,phospholipase A2 group VII
387119,-2,-1.44692182237403,-2.30776550713684,-0.586078137611224,0.000986519178352904,0.210282170028806,0.646546331906531,10.8526980465381,0.000986519178352904,FALSE,1503,CEP85L,centrosomal protein 85 like
5464,2,1.29038051477524,0.54580862394583,2.03495240560465,0.000681996813914407,0.0107638022446446,0.917368741835716,11.5376803198745,0.000681996813914407,FALSE,1504,PPA1,inorganic pyrophosphatase 1
92092,2,1.43663892879231,0.583242281052438,2.29003557653219,0.000968659945255688,0.0149946216949214,0.902540639881284,10.8865326072666,0.000968659945255688,FALSE,1505,ZC3HAV1L,"zinc finger CCCH-type containing, antiviral 1 like"
128853,1,3.10388139530681,1.04407221749572,5.1636905731179,0.00314267072501016,0,1,8.7227302026396,0.00314267072501017,FALSE,1506,DUSP15,dual specificity phosphatase 15
219654,-2,-1.85027583884877,-3.00876654165599,-0.691785136041547,0.00174601921109066,1.48343340301337,0.223238106249294,9.79905131571027,0.00174601921109065,FALSE,1507,ZCCHC24,zinc finger CCHC-type containing 24
3727,-2,-1.38026865492713,-2.19204427734808,-0.568493032506177,0.000860562910819157,0.0166804251856686,0.897236806447423,11.1058402570688,0.000860562910819159,FALSE,1508,JUND,"JunD proto-oncogene, AP-1 transcription factor subunit"
107986126,2,1.77540289822166,0.671198196111435,2.87960760033188,0.00162522528333413,1.37545982679963,0.24087602040652,9.93095117370367,0.00162522528333413,FALSE,1509,,
8431,2,2.44023247087844,0.853132007111004,4.02733293464588,0.00258231318180437,1.62225201624581,0.202778061776867,9.08133608422298,0.00258231318180437,FALSE,1510,NR0B2,nuclear receptor subfamily 0 group B member 2
105376095,-1,-2.28345475510034,-3.75767379152939,-0.809235718671291,0.00239868793190402,0,1,9.21630786974298,0.00239868793190402,FALSE,1511,,
4129,-2,-3.34481813555588,-5.57641961670775,-1.11321665440401,0.00330681951892185,5.0705123281068,0.0243361899729596,8.62994282894803,0.00330681951892186,FALSE,1512,MAOB,monoamine oxidase B
5649,-1,-2.6409318730117,-4.37246167971595,-0.909402066307452,0.00279580808651769,0,1,8.93615378874537,0.00279580808651769,FALSE,1513,RELN,reelin
54753,-2,-1.7263773511698,-2.7953286476515,-0.657426054688092,0.00154880345001122,1.19586321821718,0.274150058074101,10.0196327781006,0.00154880345001122,FALSE,1514,ZNF853,zinc finger protein 853
81572,2,1.40870437925743,0.574372079552447,2.24303667896241,0.000935479949969905,0.180526887255754,0.670920832463843,10.9511013362168,0.000935479949969905,FALSE,1515,PDRG1,p53 and DNA damage regulated 1
80324,2,1.32325265659778,0.552247478233651,2.0942578349619,0.000768698879486535,0.0456875308318664,0.830744812098946,11.3153278387012,0.000768698879486535,FALSE,1516,PUS1,pseudouridine synthase 1
9447,1,2.5344947938909,0.87820501095419,4.19078457682761,0.00270703395102137,0,1,8.99510719618563,0.00270703395102137,FALSE,1517,AIM2,absent in melanoma 2
8767,2,1.53738923005741,0.606344688346897,2.46843377176793,0.00121049923475917,0.0209698314233446,0.884861171965065,10.4742499650633,0.00121049923475917,FALSE,1518,RIPK2,receptor interacting serine/threonine kinase 2
3737,-1,-2.50671515123215,-4.14424959061404,-0.869180711850262,0.0026972634153851,0,1,9.00171521304345,0.0026972634153851,FALSE,1519,KCNA2,potassium voltage-gated channel subfamily A member 2
23384,-2,-1.26591363324467,-1.99659652584195,-0.535230740647379,0.000684652433181084,0.00761073469757703,0.930481122808395,11.530455322107,0.000684652433181085,FALSE,1520,SPECC1L,sperm antigen with calponin homology and coiled-coil domains 1 like
3706,-2,-1.55871649294462,-2.50694380100363,-0.610489184885605,0.00127374217253381,0.54813093586327,0.459082399932857,10.3801953468024,0.00127374217253381,FALSE,1521,ITPKA,inositol-trisphosphate 3-kinase A
65982,-2,-1.42806308442757,-2.27974746039878,-0.576378708456366,0.00101486663114941,0.101903207806438,0.749557554839224,10.8002449901979,0.00101486663114941,FALSE,1522,ZSCAN18,zinc finger and SCAN domain containing 18
10365,-2,-1.68538761762189,-2.72817503485259,-0.642600200391187,0.00153618906682648,0.553076253180268,0.457063455974473,10.0346958943658,0.00153618906682648,FALSE,1523,KLF2,KLF transcription factor 2
4891,2,1.41375003646666,0.571827998407026,2.2556720745263,0.000997755595731681,0.000942244284412777,0.975511982907843,10.831726482481,0.000997755595731681,FALSE,1524,SLC11A2,solute carrier family 11 member 2
8406,-2,-3.09564884286166,-5.15489076671526,-1.03640691900807,0.00321491388665397,3.38125125467359,0.0659419751280707,8.68130110807133,0.00321491388665398,FALSE,1525,SRPX,sushi repeat containing protein X-linked
1958,-2,-1.6356279745812,-2.64265503300905,-0.628600916153362,0.00145555390730132,0.0413252130279426,0.838911468173631,10.1340481066643,0.00145555390730132,FALSE,1526,EGR1,early growth response 1
10891,-2,-2.17018965034753,-3.56818127414742,-0.772198026547631,0.00234563808760858,1.95756070406235,0.161774437191751,9.25725910278314,0.00234563808760857,FALSE,1527,PPARGC1A,PPARG coactivator 1 alpha
5087,-2,-1.50013343301105,-2.40770630280768,-0.592560563214426,0.00119681562803847,0.158148701475364,0.690866712964957,10.4952539708524,0.00119681562803847,FALSE,1528,PBX1,PBX homeobox 1
79817,-2,-1.29115250681056,-2.04381832488991,-0.538486688731213,0.000773243202111392,0.347971088522431,0.555263900732669,11.3043834648009,0.000773243202111392,FALSE,1529,MOB3B,MOB kinase activator 3B
51,-2,-1.37113317252465,-2.1835634218332,-0.558702923216099,0.000940257972905781,0.0433426645534061,0.835081388091067,10.9416618245481,0.000940257972905782,FALSE,1530,ACOX1,acyl-CoA oxidase 1
84306,2,1.39508305643722,0.564774859026626,2.22539125384782,0.00099078774403379,0.589983235069938,0.442425601685112,10.844702911763,0.000990787744033788,FALSE,1531,PDCD2L,programmed cell death 2 like
105373372,1,2.43555773965588,0.844260871624694,4.02685460768707,0.0027013848185057,0,1,8.99892486340034,0.00270138481850571,FALSE,1532,,
1057,2,2.92982988368941,0.985193523809069,4.87446624356976,0.00314780670194876,2.35865456731597,0.124589602104836,8.71975308724028,0.00314780670194875,FALSE,1533,,
5367,1,2.57343369174361,0.882778942137823,4.2640884413494,0.00285099349074971,0,1,8.90045664851825,0.00285099349074972,FALSE,1534,PMCH,pro-melanin concentrating hormone
3219,2,1.6085640851913,0.619006782491365,2.59812138789124,0.00144255550901271,0.0157059346393621,0.90026759070766,10.1505838130766,0.00144255550901271,FALSE,1535,HOXB9,homeobox B9
6676,2,1.5298041766889,0.598477532098429,2.46113082127938,0.00128436024043652,0.0275374837843841,0.868200848247875,10.3648688374557,0.00128436024043652,FALSE,1536,SPAG4,sperm associated antigen 4
90362,-1,-2.93340224945629,-4.88118395991385,-0.985620538998726,0.00315979643705098,0,1,8.71282229551713,0.00315979643705099,FALSE,1537,FAM110B,family with sequence similarity 110 member B
27042,2,1.22389618447036,0.519527745162012,1.9282646237787,0.000660204486009827,0.0424312788580079,0.836799862636691,11.5980657708203,0.000660204486009827,FALSE,1538,UTP25,UTP25 small subunit processome component
51351,2,1.48580775533543,0.586494399423118,2.38512111124775,0.00120299028711149,0.17961155868696,0.671707273559807,10.4857460917174,0.00120299028711149,FALSE,1539,ZNF117,zinc finger protein 117
11062,2,1.62201997550096,0.621533647329705,2.62250630367221,0.00148522312118676,0.00577080472336596,0.939446296963139,10.0968583167641,0.00148522312118676,FALSE,1540,DUS4L,dihydrouridine synthase 4 like
727910,-2,-1.62817935486105,-2.63340142519976,-0.622957284522341,0.00150045797356934,0.719601304524835,0.396274719631068,10.0780530193405,0.00150045797356934,FALSE,1541,TLCD2,TLC domain containing 2
120892,-2,-1.47792305194186,-2.37242679550397,-0.58341930837975,0.00120242183941821,0.141707717850635,0.706589177397816,10.4866193340741,0.00120242183941821,FALSE,1542,LRRK2,leucine rich repeat kinase 2
4179,2,1.28773270100742,0.534070950024097,2.04139445199074,0.000811440002077759,0.2401707983321,0.624082782434595,11.2148812892881,0.000811440002077757,FALSE,1543,CD46,CD46 molecule
5864,-2,-1.53424493087495,-2.47131208886237,-0.597177772887542,0.00133189434997779,0.0954861399617815,0.757315200202677,10.2977926257504,0.00133189434997779,FALSE,1544,RAB3A,"RAB3A, member RAS oncogene family"
79629,-2,-1.35294762049723,-2.15550577688067,-0.550389464113783,0.000952834458581177,0.0174013181985499,0.895052270623936,10.917045559307,0.000952834458581177,FALSE,1545,OCEL1,occludin/ELL domain containing 1
28475,1,3.08075796580561,1.02581359294397,5.13570233866725,0.00329949337043618,0,1,8.63398325629347,0.00329949337043618,FALSE,1546,,
105376541,-1,-3.02483911981439,-5.04025609786496,-1.00942214176382,0.00326508240749437,0,1,8.65308397906644,0.00326508240749437,FALSE,1547,,
100303491,-1,-1.84450658071711,-3.01040172900733,-0.678611432426889,0.00193021636339757,0,1,9.61474144675234,0.00193021636339757,FALSE,1548,,
54892,2,1.35102624769629,0.549680377599362,2.15237211779321,0.000951818338000195,0.334374504642137,0.563094504345796,10.9190222026465,0.000951818338000197,FALSE,1549,NCAPG2,non-SMC condensin II complex subunit G2
284486,1,2.81930150096012,0.949775369441026,4.68882763247921,0.00311976044576562,0,1,8.73607084509212,0.00311976044576561,FALSE,1550,THEM5,thioesterase superfamily member 5
375775,-2,-1.87715886751037,-3.06744280560393,-0.686874929416799,0.00199485823377818,1.48707822903795,0.22267034302506,9.55426085322813,0.00199485823377818,FALSE,1551,PNPLA7,patatin like phospholipase domain containing 7
664618,1,2.487505022372,0.854851372980013,4.12015867176399,0.00282473537534582,0,1,8.91735359351365,0.00282473537534581,FALSE,1552,,
1831,-2,-1.45414137011968,-2.33259615555461,-0.575686584684753,0.00117695510005107,0.00258036062538441,0.959487082092275,10.5261757387741,0.00117695510005107,FALSE,1553,TSC22D3,TSC22 domain family member 3
55759,2,1.25391496276829,0.524460462301335,1.98336946323525,0.000754054327448724,0.0527385406476796,0.818364735144058,11.3510473539932,0.000754054327448724,FALSE,1554,WDR12,WD repeat domain 12
8968,2,1.62472298474622,0.619495801382876,2.62995016810957,0.00153576197231862,0.0151141888729737,0.902154786699675,10.0352080874461,0.00153576197231862,FALSE,1555,H3C7,H3 clustered histone 7
1181,-2,-1.2881114295038,-2.04371104121898,-0.532511817788628,0.000834001771497474,0.548994817894938,0.458728702071454,11.1639940777888,0.000834001771497473,FALSE,1556,CLCN2,chloride voltage-gated channel 2
80760,-2,-2.78238574662269,-4.62707291614555,-0.937698577099822,0.0031139394398809,4.18857152952879,0.0406973755910354,8.73947627322317,0.00311393943988091,FALSE,1557,ITIH5,inter-alpha-trypsin inhibitor heavy chain 5
55215,2,1.56228632349037,0.602498873608021,2.52207377337271,0.00142117475251425,0.528580633825576,0.4672042024464,10.1781139835136,0.00142117475251425,FALSE,1558,FANCI,FA complementation group I
22849,-2,-1.40722201262989,-2.25196251379319,-0.56248151146659,0.00109451850064383,0.382116292543183,0.536472802996701,10.6604316033901,0.00109451850064383,FALSE,1559,CPEB3,cytoplasmic polyadenylation element binding protein 3
4001,2,1.32709830423045,0.538669884461948,2.11552672399895,0.000970125853769657,0.89071509271711,0.34528359813231,10.8837317560929,0.000970125853769657,FALSE,1560,LMNB1,lamin B1
10535,2,1.38972129769545,0.55418898016056,2.22525361523033,0.00111427100678297,6.38144487124213e-05,0.993626251051347,10.6273529210792,0.00111427100678297,FALSE,1561,RNASEH2A,ribonuclease H2 subunit A
6549,-2,-2.03047103174034,-3.33751619523288,-0.723425868247803,0.00232859383369617,1.48953970056799,0.222287891629569,9.27061592668508,0.00232859383369618,FALSE,1562,SLC9A2,solute carrier family 9 member A2
64078,1,2.48902203264441,0.8506162937788,4.12742777151002,0.00290586238094666,0,1,8.86565328319308,0.00290586238094665,FALSE,1563,SLC28A3,solute carrier family 28 member 3
26771,1,2.50083050893872,0.853907073022117,4.14775394485532,0.00291865154002559,0,1,8.85763704649844,0.00291865154002558,FALSE,1564,,
23475,2,1.51121329061657,0.58527301055828,2.43715357067487,0.00137987503974378,0.223183310946564,0.636625026601823,10.2325000787938,0.00137987503974378,FALSE,1565,QPRT,quinolinate phosphoribosyltransferase
196872,1,2.28853785554254,0.794059031382879,3.7830166797022,0.00268786753448557,0,1,9.0080928061878,0.00268786753448557,FALSE,1566,,
3707,-2,-1.51937772495248,-2.45165095838046,-0.587104491524488,0.00140188482837259,1.38003687951258,0.240094865512184,10.2033142245141,0.00140188482837259,FALSE,1567,ITPKB,inositol-trisphosphate 3-kinase B
6935,-2,-2.28937164991465,-3.78586522093918,-0.792878078890122,0.00271401410041468,2.50889814051563,0.113205059147022,8.99040118832307,0.00271401410041468,FALSE,1568,ZEB1,zinc finger E-box binding homeobox 1
4351,-2,-1.35114991482861,-2.16013179196287,-0.542168037694355,0.0010622299867077,0.0602066343211498,0.806169644168974,10.7158264961409,0.0010622299867077,FALSE,1569,MPI,mannose phosphate isomerase
27287,1,2.11520201978536,0.74428900529015,3.48611503428057,0.00249409033409046,0,1,9.14492374333798,0.00249409033409046,FALSE,1570,VENTX,VENT homeobox
4051,2,1.40090628216309,0.5546783520479,2.24713421227829,0.00117589011026569,0.0733632887618727,0.786501338596151,10.5278487528304,0.00117589011026569,FALSE,1571,CYP4F3,cytochrome P450 family 4 subfamily F member 3
92421,2,1.46235592170559,0.569646782156568,2.35506506125462,0.00132441148457498,0.0510298305769997,0.821280883930693,10.3081895533724,0.00132441148457498,FALSE,1572,CHMP4C,charged multivesicular body protein 4C
2041,2,1.47393407135313,0.572609250883045,2.37525889182322,0.0013500436760627,0.0765533722351923,0.78202367950368,10.2728190129865,0.0013500436760627,FALSE,1573,EPHA1,EPH receptor A1
2177,2,1.44409230991733,0.564752847901403,2.32343177193325,0.00128753223303364,0.000745346917946829,0.978219625438063,10.3603151371667,0.00128753223303364,FALSE,1574,FANCD2,FA complementation group D2
3149,2,1.3733189938346,0.546393526135436,2.20024446153376,0.00113385910675586,0.224231661918235,0.63583434907924,10.5951302547985,0.00113385910675586,FALSE,1575,HMGB3,high mobility group box 3
147699,2,1.73090578196146,0.638995323904413,2.82281624001851,0.0018902731581113,0.17602325473785,0.674813304902459,9.65314852108772,0.0018902731581113,FALSE,1576,PPM1N,"protein phosphatase, Mg2+/Mn2+ dependent 1N (putative)"
57134,-2,-1.57195473323999,-2.54675986280342,-0.597149603676557,0.00157441461429274,0.286367212539821,0.592557966527053,9.98942847899953,0.00157441461429274,FALSE,1577,MAN1C1,mannosidase alpha class 1C member 1
471,2,1.20763130132784,0.503982434954913,1.91128016770077,0.000768852286904799,0.0262927415260054,0.871187443820359,11.3149573130313,0.000768852286904799,FALSE,1578,ATIC,5-aminoimidazole-4-carboxamide ribonucleotide formyltransferase/IMP cyclohydrolase
60681,2,1.63255250343322,0.612784550940508,2.65232045592593,0.00170268690820675,0.366339508448248,0.545006342047951,9.84527331978066,0.00170268690820675,FALSE,1579,FKBP10,FKBP prolyl isomerase 10
28804,1,2.7846070760135,0.930062376373635,4.63915177565337,0.00325159102565246,0,1,8.66062862053016,0.00325159102565245,FALSE,1580,,
55127,2,1.05456208274851,0.465500779722033,1.64362338577498,0.000450117740041507,0.0197114794066417,0.888345872787981,12.3117417902512,0.000450117740041507,FALSE,1581,HEATR1,HEAT repeat containing 1
54492,-2,-1.3537066587116,-2.16709308838735,-0.540320229035862,0.00110653249455995,1.10263754816813,0.293688000567096,10.6402410643333,0.00110653249455996,FALSE,1582,NEURL1B,neuralized E3 ubiquitin protein ligase 1B
8294,2,1.50593784143585,0.579126028585351,2.43274965428635,0.00144922320579545,0.237474375298457,0.626036234540205,10.1420828481079,0.00144922320579544,FALSE,1583,H4C9,H4 clustered histone 9
619568,1,1.88217852227903,0.677894127040409,3.08646291751765,0.00218960464705126,0,1,9.38338835037017,0.00218960464705126,FALSE,1584,,
6785,-1,-3.07404692527045,-5.13596950220694,-1.01212434833396,0.00347746328088221,0,1,8.53832063444663,0.0034774632808822,FALSE,1585,ELOVL4,ELOVL fatty acid elongase 4
134637,2,1.36436323505572,0.542202941547136,2.18652352856431,0.00114381647814335,0.110448703589817,0.73963387035657,10.5789655090238,0.00114381647814335,FALSE,1586,ADAT2,adenosine deaminase tRNA specific 2
283422,-2,-1.84996269788728,-3.03122633063716,-0.668699065137397,0.00214434700738014,0.163679195696084,0.685791514448746,9.42168234396819,0.00214434700738014,FALSE,1587,,
8317,2,1.66456269818989,0.619525257169567,2.7096001392102,0.00179699321301293,0.442479335172789,0.505928207040099,9.74614341015995,0.00179699321301293,FALSE,1588,CDC7,cell division cycle 7
3110,2,1.54185835401989,0.587193691175066,2.49652301686471,0.00154818973561524,0.473144039895373,0.491544307945804,10.0203627479506,0.00154818973561524,FALSE,1589,MNX1,motor neuron and pancreas homeobox 1
8482,2,1.64782757525128,0.614686609573033,2.68096854092953,0.00177152541955178,0.0405674697562853,0.840375120729395,9.77238457956569,0.00177152541955178,FALSE,1590,SEMA7A,semaphorin 7A (JohnMiltonHagen blood group)
441282,-1,-2.45674122650953,-4.0790014423013,-0.834481010717765,0.00299590477119656,0,1,8.80996076288442,0.00299590477119656,FALSE,1591,AKR1B15,aldo-keto reductase family 1 member B15
51222,-1,-1.66893438091091,-2.7180329654929,-0.619835796328922,0.00182105246046048,0,1,9.72169748412063,0.00182105246046048,FALSE,1592,ZNF219,zinc finger protein 219
83660,-2,-1.39743120337201,-2.24529318446537,-0.549569222278656,0.00123626581974423,0.493951048832336,0.482170105962711,10.4353430799475,0.00123626581974423,FALSE,1593,TLN2,talin 2
23171,-2,-1.2642021437589,-2.012759108252,-0.5156451792658,0.000932660894771956,0.0110541170258911,0.916265861536468,10.9566935824987,0.000932660894771955,FALSE,1594,GPD1L,glycerol-3-phosphate dehydrogenase 1 like
8824,-2,-1.47105394786427,-2.37397857564705,-0.568129320081499,0.00140708783112657,0.603164038504628,0.43737334220429,10.1964826398103,0.00140708783112657,FALSE,1595,CES2,carboxylesterase 2
4779,-2,-1.19746448667545,-1.8966309503104,-0.498298023040496,0.000788398162869981,0.187026978829886,0.665402642604344,11.2683490018235,0.000788398162869981,FALSE,1596,NFE2L1,NFE2 like bZIP transcription factor 1
51330,2,2.12515893424129,0.741081765267952,3.50923610321462,0.00261768505038405,2.63491658126433,0.104537551721455,9.05645852961043,0.00261768505038405,FALSE,1597,TNFRSF12A,TNF receptor superfamily member 12A
1475,1,2.80731938628429,0.93251209638264,4.68212667618594,0.00333728057667159,0,1,8.6132403146005,0.00333728057667158,FALSE,1598,CSTA,cystatin A
145694,-2,-1.48500459235083,-2.39989462772822,-0.570114556973441,0.00146606949942285,0.932278964140018,0.334271437032761,10.1207799075199,0.00146606949942285,FALSE,1599,,
1727,-1,-1.25842216795197,-2.00458007652259,-0.51226425938135,0.00094790256997557,0,1,10.9266594899256,0.00094790256997557,FALSE,1600,CYB5R3,cytochrome b5 reductase 3
55824,-2,-1.43595421976057,-2.31511760048206,-0.556790839039069,0.00136834494672245,0.117162470493654,0.732132631410692,10.247978124865,0.00136834494672245,FALSE,1601,PAG1,phosphoprotein membrane anchor with glycosphingolipid microdomains 1
54908,2,1.30858417905608,0.52406391343727,2.09310444467488,0.0010784027598412,0.393101014711908,0.530673864210618,10.6878704079122,0.0010784027598412,FALSE,1602,SPDL1,spindle apparatus coiled-coil protein 1
183,2,1.55806384050091,0.586927874220474,2.52919980678135,0.00166363904670095,0.140816957214809,0.707470193316192,9.8879577476765,0.00166363904670095,FALSE,1603,AGT,angiotensinogen
11076,-2,-1.8066470020292,-2.96181294215454,-0.651481061903849,0.00217431049954874,0.358445640740628,0.549370756591136,9.39623869752897,0.00217431049954874,FALSE,1604,TPPP,tubulin polymerization promoting protein
5577,-2,-2.41739964683151,-4.01617300564557,-0.818626288017443,0.00304130293447893,3.22261564148539,0.0726274920683206,8.78252278414093,0.00304130293447893,FALSE,1605,PRKAR2B,protein kinase cAMP-dependent type II regulatory subunit beta
3557,2,1.72463855618885,0.629042859140117,2.82023425323758,0.00203354388984615,0.265010212702374,0.606698777141106,9.51900879885815,0.00203354388984616,FALSE,1606,IL1RN,interleukin 1 receptor antagonist
102465428,-1,-1.89480805204101,-3.11533878841202,-0.674277315669998,0.00234436165211082,0,1,9.25825597205635,0.00234436165211081,FALSE,1607,,
7023,2,1.31873530857568,0.524038318891835,2.11343229825953,0.00114434236360385,0.683953739156862,0.408228583947035,10.5781157517625,0.00114434236360385,FALSE,1608,TFAP4,transcription factor AP-4
8914,2,1.32554988751549,0.525607158152517,2.12549261687846,0.00116313229425828,0.0275472078332719,0.868177792670993,10.5480103066185,0.00116313229425828,FALSE,1609,TIMELESS,timeless circadian regulator
80772,-2,-1.27649884778511,-2.03979559829168,-0.513202097278543,0.00104640043359765,0.182290456903214,0.669412202537262,10.7436093690654,0.00104640043359765,FALSE,1610,CPTP,ceramide-1-phosphate transfer protein
124930,2,1.44597671053878,0.555979651560842,2.33597376951672,0.00145079400360945,0.146575201544133,0.701829941132076,10.1400859270642,0.00145079400360945,FALSE,1611,ANKRD13B,ankyrin repeat domain 13B
5373,2,1.0833727179655,0.464487318487581,1.70225811744343,0.000601447636676622,0.0188803686925407,0.890710004175764,11.7714916091528,0.000601447636676622,FALSE,1612,PMM2,phosphomannomutase 2
115557,-2,-3.30913594639645,-5.54514487275317,-1.07312702003973,0.00372438462753072,4.06132970266986,0.0438759370193656,8.41353168620728,0.00372438462753072,FALSE,1613,ARHGEF25,Rho guanine nucleotide exchange factor 25
5025,-2,-1.3686237762297,-2.20128428287066,-0.535963269588747,0.00127501428707608,0.482073440062925,0.48748463157096,10.3783523257571,0.00127501428707608,FALSE,1614,P2RX4,purinergic receptor P2X 4
54941,-2,-1.63001210964079,-2.65731413407421,-0.60271008520737,0.00187176311755776,0.125915726695224,0.722704919521068,9.67122652874613,0.00187176311755776,FALSE,1615,RNF125,ring finger protein 125
8345,2,1.59458536993602,0.593348370906652,2.5958223689654,0.00179951411837131,0.447764900416285,0.503398282983615,9.74356648092369,0.00179951411837131,FALSE,1616,H2BC9,H2B clustered histone 9
254102,-2,-1.29007886742403,-2.06565780300339,-0.514499931844659,0.00111351053259473,0.0406688585921093,0.840178458924112,10.6286154382532,0.00111351053259473,FALSE,1617,EHBP1L1,EH domain binding protein 1 like 1
203260,-2,-1.26503461784821,-2.02225068845158,-0.507818547244826,0.00105889584206423,0.00315313812578032,0.955220073583269,10.7216433702949,0.00105889584206423,FALSE,1618,CCDC107,coiled-coil domain containing 107
5598,-2,-1.14773730706268,-1.81720681004654,-0.478267804078813,0.000778977074208403,0.499425959529605,0.479752459220335,11.2906665967953,0.000778977074208403,FALSE,1619,MAPK7,mitogen-activated protein kinase 7
5906,-2,-1.39932384264147,-2.25722017805912,-0.541427507223824,0.00138904353041653,0.43335501933795,0.51034726672542,10.2202854250469,0.00138904353041653,FALSE,1620,RAP1A,"RAP1A, member of RAS oncogene family"
4176,2,1.24581353204857,0.502350341842576,1.98927672225457,0.00102239204610981,0.00428728093914206,0.947793954447535,10.7865690499656,0.00102239204610981,FALSE,1621,MCM7,minichromosome maintenance complex component 7
8342,2,1.63716247962122,0.602035488940628,2.67228947030182,0.0019359272080774,0.202896431461077,0.65239301792267,9.60931615393365,0.0019359272080774,FALSE,1622,H2BC14,H2B clustered histone 14
395,-2,-1.6919665654073,-2.7676128321028,-0.616320298711806,0.00204940461811508,0.864857660032849,0.352382870774406,9.50475194543915,0.00204940461811508,FALSE,1623,ARHGAP6,Rho GTPase activating protein 6
150590,2,1.48597710478759,0.562691771115339,2.40926243845984,0.0016079843085773,0.0113139370608846,0.915291180766424,9.95058340882684,0.0016079843085773,FALSE,1624,C2orf15,chromosome 2 open reading frame 15
3656,2,1.56248925247229,0.58225398029337,2.5427245246512,0.00178306768518935,0.00634029442194537,0.936534743098218,9.76044475951505,0.00178306768518934,FALSE,1625,IRAK2,interleukin 1 receptor associated kinase 2
4171,2,1.44096099145222,0.550646981559998,2.33127500134445,0.00151301919169589,0.225486955880777,0.634890564265159,10.062692819994,0.0015130191916959,FALSE,1626,MCM2,minichromosome maintenance complex component 2
10799,2,1.39422346723342,0.538604751334783,2.24984218313205,0.0014044023259151,0.798798198708898,0.371452931408456,10.2000055302059,0.0014044023259151,FALSE,1627,RPP40,ribonuclease P/MRP subunit p40
9055,2,1.584102579332,0.587278203909532,2.58092695475446,0.00184147658847056,0.711453228770429,0.398961796917285,9.70120061677106,0.00184147658847056,FALSE,1628,PRC1,protein regulator of cytokinesis 1
8808,1,2.35202347857737,0.794681637748752,3.90936531940599,0.00307543221061605,0,1,8.7621681586623,0.00307543221061605,FALSE,1629,IL1RL2,interleukin 1 receptor like 2
100820829,-2,-1.51048280738433,-2.45472537967465,-0.566240235094019,0.00171673385803804,0.0227435516099308,0.880125870920019,9.830160311773,0.00171673385803804,FALSE,1630,MYZAP,myocardial zonula adherens protein
79071,-2,-1.25894395362993,-2.01574667154776,-0.5021412357121,0.00111252481899671,0.397138592666011,0.528570718916825,10.6302531900237,0.00111252481899671,FALSE,1631,ELOVL6,ELOVL fatty acid elongase 6
79723,2,1.38220349724838,0.53324551640169,2.23116147809506,0.00141755757934032,0.00274769078474905,0.958195297031765,10.1828129510162,0.00141755757934032,FALSE,1632,SUV39H2,SUV39H2 histone lysine methyltransferase
55757,2,1.33012761939427,0.519949701360193,2.14030553742834,0.00129171341172585,0.0957064174880303,0.757044242580936,10.3543299707308,0.00129171341172585,FALSE,1633,UGGT2,UDP-glucose glycoprotein glucosyltransferase 2
2681,-1,-2.17947866907091,-3.61428479765043,-0.744672540491389,0.00290897558233132,0,1,8.86369863552257,0.00290897558233132,FALSE,1634,GGTA1,glycoprotein alpha-galactosyltransferase 1 (inactive)
8613,-2,-1.23502743252921,-1.97461331687714,-0.495441548181281,0.00106440637157412,0.871177541458035,0.350629521574506,10.7120394464834,0.00106440637157412,FALSE,1635,PLPP3,phospholipid phosphatase 3
10939,-2,-1.09436174780637,-1.72877418673682,-0.459949308875917,0.00072238638032676,0.304357777791018,0.581163295273972,11.4307469751073,0.00072238638032676,FALSE,1636,AFG3L2,AFG3 like matrix AAA peptidase subunit 2
960,2,1.48253464456839,0.557529201890409,2.40754008724638,0.00168202803287599,1.1391331702003,0.285835567534704,9.86773113323437,0.00168202803287598,FALSE,1637,CD44,CD44 molecule (IN blood group)
200844,2,2.27104455986298,0.768792495685043,3.77329662404091,0.00304661392859525,1.64174317825493,0.200086464843075,8.77934011841333,0.00304661392859525,FALSE,1638,CFAP20DC,CFAP20 domain containing
91608,1,2.25670667118308,0.764658211412979,3.74875513095318,0.00303250445212296,0,1,8.78780780755334,0.00303250445212296,FALSE,1639,RASL10B,RAS like family 10 member B
84172,2,1.25160530749945,0.49805948030622,2.00515113469267,0.00113228404352531,0.100585818928372,0.751127757843254,10.597700353036,0.00113228404352532,FALSE,1640,POLR1B,RNA polymerase I subunit B
4173,2,1.34961004039584,0.522509973257071,2.1767101075346,0.00138314059955919,0.0438293973553139,0.834171340350116,10.2281401652995,0.00138314059955919,FALSE,1641,MCM4,minichromosome maintenance complex component 4
7782,-2,-1.37379224668817,-2.21910736101097,-0.528477132365369,0.00144603372253122,0.0159042915987383,0.89964309590605,10.1461443204373,0.00144603372253122,FALSE,1642,SLC30A4,solute carrier family 30 member 4
10085,-2,-1.92336226057031,-3.17423105240909,-0.67249346873153,0.00258098182995924,2.15647299757362,0.141970235536533,9.08227918563214,0.00258098182995924,FALSE,1643,EDIL3,EGF like repeats and discoidin domains 3
1384,-2,-1.40290002683479,-2.27016239913328,-0.535637654536307,0.00152190014729225,0.0149874827717927,0.902563727091118,10.0519106778454,0.00152190014729225,FALSE,1644,CRAT,carnitine O-acetyltransferase
8330,2,1.40834565241278,0.536658981642222,2.28003232318333,0.00154217861963763,0.952502670721027,0.329083081120813,10.0275280778777,0.00154217861963763,FALSE,1645,H2AC15,H2A clustered histone 15
653381,1,2.05799449052493,0.708433745408206,3.40755523564165,0.00280056430112473,0,1,8.9330491364347,0.00280056430112473,FALSE,1646,,
57545,-2,-1.48920911593984,-2.42118648784863,-0.557231744031048,0.00173719455267441,0.719822728648987,0.396202063520108,9.80836949915126,0.00173719455267441,FALSE,1647,CC2D2A,coiled-coil and C2 domain containing 2A
22983,-1,-2.90737847086689,-4.86799751405207,-0.946759427681709,0.00365605453161668,0,1,8.44720218591792,0.00365605453161667,FALSE,1648,MAST1,microtubule associated serine/threonine kinase 1
440519,1,1.64295786946375,0.595672958452262,2.69024278047524,0.00210679762936008,0,1,9.45408152702024,0.00210679762936008,FALSE,1649,ZNF724,zinc finger protein 724
65975,-2,-2.25900842909178,-3.75602820444737,-0.761988653736194,0.00310051235837589,1.44345330859086,0.229581336545756,8.74735616927717,0.00310051235837588,FALSE,1650,STK33,serine/threonine kinase 33
7223,-1,-2.78439191469932,-4.65881522384081,-0.909968605557835,0.00359744343835426,0,1,8.47659741805694,0.00359744343835426,FALSE,1651,TRPC4,transient receptor potential cation channel subfamily C member 4
152831,-1,-2.49195522633318,-4.1570129342716,-0.826897518394765,0.00335361020756298,0,1,8.60435008124876,0.00335361020756297,FALSE,1652,KLB,klotho beta
83449,2,1.60454686149342,0.584854638348087,2.62423908463875,0.00204154637962013,0.711509130934059,0.39894327180711,9.51180150238586,0.00204154637962013,FALSE,1653,PMFBP1,polyamine modulated factor 1 binding protein 1
55225,-2,-1.15753866890308,-1.84412226494017,-0.470955072865985,0.000951862219102218,0.570830784298711,0.449928973592254,10.9189367973593,0.000951862219102217,FALSE,1654,RAVER2,"ribonucleoprotein, PTB binding 2"
80209,2,1.29401633605813,0.504925683888897,2.08310698822736,0.00130848808486118,0.146411979836377,0.701988054289311,10.3305133405284,0.00130848808486119,FALSE,1655,PROSER1,proline and serine rich 1
5800,1,2.54935799491898,0.842441535745784,4.25627445409218,0.00341923206148562,0,1,8.56906231911321,0.00341923206148563,FALSE,1656,PTPRO,protein tyrosine phosphatase receptor type O
26504,-2,-1.27052840639131,-2.04209537858325,-0.498961434199372,0.00124901077463028,0.555329977119672,0.456148009502404,10.4164008205701,0.00124901077463028,FALSE,1657,CNNM4,cyclin and CBS domain divalent metal cation transport mediator 4
1112,-2,-1.21572441168858,-1.94665350478882,-0.484795318588336,0.00111440582764223,0.508034454704992,0.475990965733291,10.6271291863699,0.00111440582764223,FALSE,1658,FOXN3,forkhead box N3
10614,-2,-1.30928560321467,-2.11076175024045,-0.507809456188903,0.00136579887099267,0.0185662440227244,0.891617321060997,10.2514137824566,0.00136579887099267,FALSE,1659,HEXIM1,HEXIM P-TEFb complex subunit 1
90529,-2,-1.31727589591528,-2.12487852031998,-0.509673271510588,0.00138919942973283,0.0300037222081065,0.862481784705326,10.2200784358088,0.00138919942973283,FALSE,1660,STPG1,sperm tail PG-rich repeat containing 1
79989,2,1.5869766571602,0.577822904144863,2.59613041017555,0.00205474408600633,0.000441670965541721,0.983232916831401,9.49997757706916,0.00205474408600633,FALSE,1661,IFT56,intraflagellar transport 56
399948,-1,-2.23996536967445,-3.72612124693083,-0.753809492418071,0.00313583486871406,0,1,8.72670034655097,0.00313583486871405,FALSE,1662,,
55425,2,1.31035638414244,0.506485231117319,2.11422753716756,0.00139901382649294,0.300825566377184,0.583365327152473,10.2070948721298,0.00139901382649294,FALSE,1663,GPALPP1,GPALPP motifs containing 1
1019,2,1.2724424458065,0.496798957938311,2.04808593367469,0.00130299564959395,0.292809039192443,0.588426029801225,10.3382772866433,0.00130299564959395,FALSE,1664,CDK4,cyclin dependent kinase 4
245973,1,1.66615330101439,0.59762900164747,2.73467760038131,0.00224178121852207,0,1,9.34022400498159,0.00224178121852206,FALSE,1665,ATP6V1C2,ATPase H+ transporting V1 subunit C2
6201,2,1.25735622759319,0.492052449229675,2.0226600059567,0.0012813524202473,0.482680111926373,0.487210837544863,10.3691973788975,0.0012813524202473,FALSE,1666,RPS7,ribosomal protein S7
389677,2,1.31400062999868,0.50597018052552,2.12203107947183,0.00143633267392077,0.0768895757775374,0.781557670508456,10.15855357209,0.00143633267392077,FALSE,1667,RBM12B,RNA binding motif protein 12B
284110,1,2.16619936131019,0.731599599707901,3.60079912291248,0.00308156313159788,0,1,8.75853601812896,0.00308156313159788,FALSE,1668,GSDMA,gasdermin A
599,-2,-1.36316350544246,-2.20848322096459,-0.517843789920338,0.00157422887429291,0.191370357417945,0.661778519962392,9.98964573334803,0.00157422887429291,FALSE,1669,BCL2L2,BCL2 like 2
3976,2,1.48628873598685,0.549244939163666,2.42333253281004,0.0018785518228181,3.19285505351676e-05,0.995491549019333,9.66457531742031,0.0018785518228181,FALSE,1670,LIF,LIF interleukin 6 family cytokine
9918,2,1.18372717585905,0.472334757885344,1.89511959383276,0.0011090344043986,0.651431975411419,0.419601175814703,10.6360642987033,0.0011090344043986,FALSE,1671,NCAPD2,non-SMC condensin I complex subunit D2
3815,-2,-1.57471625967816,-2.5777216250364,-0.571710894319917,0.0020899765893347,5.04466896400566e-05,0.994333006084013,9.46878582359079,0.0020899765893347,FALSE,1672,KIT,"KIT proto-oncogene, receptor tyrosine kinase"
220992,2,1.314909220701,0.504404801857524,2.12541363954448,0.00147418923329859,0.243186526463807,0.621914051177173,10.110600485237,0.00147418923329859,FALSE,1673,ZNF485,zinc finger protein 485
726,-2,-1.33266458220219,-2.15654443071358,-0.508784733690801,0.00152263621734471,0.846147940929775,0.357644355573164,10.0510198952534,0.00152263621734471,FALSE,1674,CAPN5,calpain 5
157313,2,1.81373401212901,0.633980285468617,2.9934877387894,0.00258494473187865,1.66217758446639,0.197309567095737,9.07947340104328,0.00258494473187865,FALSE,1675,CDCA2,cell division cycle associated 2
27145,-2,-3.41182257939495,-5.73858305167276,-1.08506210711714,0.00405342178234478,5.5361955077653,0.0186270350674405,8.25972723375691,0.00405342178234478,FALSE,1676,FILIP1,filamin A interacting protein 1
2070,-1,-2.90210408104444,-4.8673478911088,-0.936860270980077,0.00379996087132523,0,1,8.37701466578717,0.00379996087132523,FALSE,1677,EYA4,EYA transcriptional coactivator and phosphatase 4
6505,-2,-1.68569563385589,-2.77252250301287,-0.598868764698909,0.00236614976377938,0.00933653319739242,0.923023616353377,9.24131496877894,0.00236614976377938,FALSE,1678,SLC1A1,solute carrier family 1 member 1
6468,-2,-1.20322112561656,-1.93172138456561,-0.474720866667514,0.00120726764213953,0.0202391291224679,0.886871249499605,10.4791886321474,0.00120726764213953,FALSE,1679,FBXW4,F-box and WD repeat domain containing 4
727676,1,2.52451406593874,0.828590709779605,4.22043742209788,0.00352782769404505,0,1,8.51215119502889,0.00352782769404506,FALSE,1680,,
55089,-2,-1.81683429871725,-3.00089189990107,-0.632776697533419,0.00263496488986334,0.0204893267162821,0.886178877875129,9.04442916566108,0.00263496488986335,FALSE,1681,SLC38A4,solute carrier family 38 member 4
55661,2,1.17736017233191,0.467715038800763,1.88700530586305,0.00114699716912911,0.0958408859509975,0.756879004353516,10.5738319804714,0.00114699716912911,FALSE,1682,DDX27,DEAD-box helicase 27
5166,-2,-3.25221906314906,-5.46800651084854,-1.03643161544958,0.00401813494053153,6.28438403138278,0.0121806405721705,8.27560148253082,0.00401813494053153,FALSE,1683,PDK4,pyruvate dehydrogenase kinase 4
8556,-2,-1.39483218086566,-2.26740236199532,-0.522261999735996,0.0017298994970545,0.0792013149068442,0.778382695527626,9.8161088214103,0.0017298994970545,FALSE,1684,CDC14A,cell division cycle 14A
94274,-2,-2.8280411072116,-4.74241166360429,-0.913670550818905,0.00378681831706586,3.69444168145219,0.0545940508061918,8.38331153996166,0.00378681831706586,FALSE,1685,PPP1R14A,protein phosphatase 1 regulatory inhibitor subunit 14A
316,-2,-1.54129895274472,-2.5240510484313,-0.558546857058129,0.00211273920458512,0.986735462691145,0.320541566976603,9.44891607165959,0.00211273920458512,FALSE,1686,AOX1,aldehyde oxidase 1
166968,-2,-1.24525431371776,-2.00725013556504,-0.483258491870469,0.00136015763847369,0.435285887278125,0.509406577063606,10.2590491784789,0.00136015763847369,FALSE,1687,MIER3,MIER family member 3
153090,-2,-1.16930078917381,-1.87445832561747,-0.464143252730153,0.00115390368675725,0.0834665412793849,0.772653491629301,10.5627345060842,0.00115390368675726,FALSE,1688,DAB2IP,DAB2 interacting protein
2549,-2,-1.15055884052115,-1.84166211560603,-0.459455565436278,0.00110248580481095,0.0412059000433398,0.839141000224464,10.6470169978113,0.00110248580481095,FALSE,1689,GAB1,GRB2 associated binding protein 1
84419,-2,-1.48881291772635,-2.43306134571147,-0.544564489741237,0.00199948157170545,0.0964240367808726,0.756163880001946,9.55001156933175,0.00199948157170545,FALSE,1690,C15orf48,chromosome 15 open reading frame 48
655,2,1.77583081343189,0.619757382957002,2.93190424390678,0.002606654178423,0.877428936342257,0.348906841247164,9.06417990217491,0.002606654178423,FALSE,1691,BMP7,bone morphogenetic protein 7
10071,-2,-2.41198467981288,-4.02999411848072,-0.793975241145046,0.00348081838363182,1.16083210776416,0.281293035448515,8.53656537288228,0.00348081838363182,FALSE,1692,MUC12,"mucin 12, cell surface associated"
2770,-2,-1.75984485675712,-2.90453131579299,-0.615158397721245,0.00258461386346586,1.29887615765299,0.254418608401772,9.07970749294303,0.00258461386346586,FALSE,1693,GNAI1,G protein subunit alpha i1
3218,2,2.85249394414916,0.918274726357545,4.78671316194079,0.00384677143208128,2.82143217340882,0.093013377172077,8.35476533699521,0.00384677143208128,FALSE,1694,HOXB8,homeobox B8
83990,2,1.49501404045355,0.545178859267203,2.44484922163989,0.0020360105254894,0.358961212489464,0.54908371819713,9.51678420689739,0.00203601052548941,FALSE,1695,BRIP1,BRCA1 interacting helicase 1
10196,2,1.22342068649231,0.476065436822317,1.9707759361623,0.00133447212996846,0.0481213861207324,0.826365052202235,10.2942246653017,0.00133447212996846,FALSE,1696,PRMT3,protein arginine methyltransferase 3
6575,-2,-1.17471096923378,-1.88562095767264,-0.463800980794923,0.00120095336056039,0.00434971963443068,0.947415718759468,10.4888771281181,0.00120095336056039,FALSE,1697,SLC20A2,solute carrier family 20 member 2
100286986,-1,-2.34994671543302,-3.92459159043221,-0.775301840433831,0.00344474030503709,0,1,8.55553089047806,0.00344474030503709,FALSE,1698,,
80740,1,2.96809530622543,0.950685252721435,4.98550535972943,0.00393184854651932,0,1,8.31502395630408,0.00393184854651932,FALSE,1699,LY6G6C,lymphocyte antigen 6 family member G6C
79971,-2,-1.39710754683968,-2.27564618711011,-0.518568906569243,0.00182789392595298,1.33346801174607,0.248189190788988,9.71480581509761,0.00182789392595298,FALSE,1700,WLS,Wnt ligand secretion mediator
27286,2,1.75196419835502,0.610668731168569,2.89325966554146,0.00262389947284325,0.0773949470503294,0.780859239008061,9.0521231004965,0.00262389947284325,FALSE,1701,SRPX2,sushi repeat containing protein X-linked 2
9818,2,1.2459048351241,0.479427272191324,2.01238239805687,0.00144299431959056,0.0487638547967861,0.825228389800041,10.1500231306715,0.00144299431959056,FALSE,1702,NUP58,nucleoporin 58
7049,-2,-1.52884120155617,-2.50685950758027,-0.550822895532062,0.00218529121916301,0.00453168077680015,0.946328738728514,9.38700331000422,0.00218529121916302,FALSE,1703,TGFBR3,transforming growth factor beta receptor 3
79977,2,1.38344977729346,0.513477006958417,2.2534225476285,0.00182839381153336,0.191957184124568,0.661292637964896,9.71430328658772,0.00182839381153336,FALSE,1704,GRHL2,grainyhead like transcription factor 2
10606,2,1.29363855899842,0.490666028206338,2.09661108979051,0.00159060809970754,0.0838380656782557,0.772162025185936,9.97058657330757,0.00159060809970754,FALSE,1705,PAICS,phosphoribosylaminoimidazole carboxylase and phosphoribosylaminoimidazolesuccinocarboxamide synthase
9302,1,1.81995345661969,0.626694526047844,3.01321238719154,0.00279591126496989,0,1,8.93608638139409,0.00279591126496989,FALSE,1706,,
84128,2,1.17276970770385,0.459446225637828,1.88609318976987,0.0012713845146636,0.00519398039579078,0.942546777638455,10.383616018284,0.0012713845146636,FALSE,1707,WDR75,WD repeat domain 75
6635,2,1.30057105057021,0.490835118538418,2.110306982602,0.00164375230785005,0.00123432779143367,0.971973686290381,9.91008831157264,0.00164375230785005,FALSE,1708,SNRPE,small nuclear ribonucleoprotein polypeptide E
101730217,-2,-1.18129156644029,-1.90173710078072,-0.460846032099855,0.0013104086714994,0.0829076208151426,0.773395090290409,10.3278062371292,0.0013104086714994,FALSE,1709,SPECC1L-ADORA2A,SPECC1L-ADORA2A readthrough (NMD candidate)
57026,-2,-1.42675266089638,-2.33094083951909,-0.522564482273667,0.00198343756110073,0.105956313258339,0.744795634856316,9.56480047408734,0.00198343756110074,FALSE,1710,PDXP,pyridoxal phosphatase
387264,2,1.62000515478943,0.571628538589236,2.66838177098963,0.00245660014226604,0.0712762917181886,0.78948748533863,9.17263946851774,0.00245660014226604,FALSE,1711,KRTAP5-1,keratin associated protein 5-1
79691,2,1.13664778530796,0.448517560195605,1.82477801042031,0.00120602134721189,0.0185402969547749,0.891692614884602,10.4810968520524,0.00120602134721189,FALSE,1712,QTRT2,queuine tRNA-ribosyltransferase accessory subunit 2
9754,-2,-1.31474407565056,-2.13690504261035,-0.49258310869076,0.00172298978126108,0.753131965571601,0.385486439985884,9.82346989344524,0.00172298978126108,FALSE,1713,STARD8,StAR related lipid transfer domain containing 8
10007,2,1.2771434852292,0.48295454941645,2.07133242104196,0.00162246004716211,0.177102640375737,0.673875100792677,9.93408569173085,0.00162246004716211,FALSE,1714,GNPDA1,glucosamine-6-phosphate deaminase 1
57699,-1,-1.76634419251205,-2.923483713635,-0.609204671389104,0.00277305720063459,0,1,8.95107916199697,0.0027730572006346,FALSE,1715,CPNE5,copine 5
84918,2,1.25935001666182,0.477681062156669,2.04101897116697,0.00159015890487498,0.0289468167045919,0.864901892216943,9.97110660825316,0.00159015890487498,FALSE,1716,LRP11,LDL receptor related protein 11
5111,2,1.37069979723861,0.505089755693977,2.23630983878323,0.0019117048427616,7.77698946889188e-05,0.992963767398776,9.63243988744242,0.0019117048427616,FALSE,1717,PCNA,proliferating cell nuclear antigen
9521,2,1.2729293851581,0.480316421275336,2.06554234904086,0.00164569064811792,0.028213471971862,0.866607931563984,9.90791937041961,0.00164569064811792,FALSE,1718,EEF1E1,eukaryotic translation elongation factor 1 epsilon 1
3614,2,1.22070864611621,0.467053387652157,1.97436390458027,0.00150049355437851,0.460195387198381,0.497532672876142,10.0780093265012,0.00150049355437851,FALSE,1719,IMPDH1,inosine monophosphate dehydrogenase 1
338440,2,1.4169774154844,0.516126656444849,2.31782817452395,0.00205000224188527,0.208652787094557,0.647825390940578,9.50421694436797,0.00205000224188527,FALSE,1720,ANO9,anoctamin 9
8535,2,1.24809686620992,0.473232499928869,2.02296123249096,0.00159416795141459,0.731372027252233,0.392438822274389,9.96647056965588,0.00159416795141459,FALSE,1721,CBX4,chromobox 4
10404,-2,-1.30653625712071,-2.1253018190147,-0.487770695226718,0.00176245099942994,0.66149725687205,0.416031852460946,9.78182703678959,0.00176245099942994,FALSE,1722,CPQ,carboxypeptidase Q
9933,2,1.12269110690466,0.441722909927885,1.80365930388144,0.00123214852685125,0.00517795714060133,0.942635313634582,10.4415046855728,0.00123214852685124,FALSE,1723,PUM3,pumilio RNA binding family member 3
6853,-1,-2.33506364609199,-3.90725754724791,-0.762869744936071,0.003602856043102,0,1,8.47386249726968,0.003602856043102,FALSE,1724,SYN1,synapsin I
203,-2,-1.34784655413865,-2.19786395692479,-0.497829151352506,0.00188450602523547,0.338431304824557,0.560736105017223,9.65876173184926,0.00188450602523547,FALSE,1725,AK1,adenylate kinase 1
55795,2,1.29502335663086,0.484112446025955,2.10593426723577,0.00174771091262726,0.164091521888445,0.685417150729046,9.797270456666,0.00174771091262726,FALSE,1726,PCID2,PCI domain containing 2
100527943,2,1.30839025509667,0.486946503578936,2.1298340066144,0.00179738099132264,1.06038456861843,0.303127490169215,9.74574677563543,0.00179738099132264,FALSE,1727,TGIF2-RAB5IF,TGIF2-RAB5IF readthrough
55299,2,1.1623920262796,0.450470479212218,1.87431357334699,0.00137362262112947,0.00162113969571322,0.967883149343263,10.2408770305495,0.00137362262112947,FALSE,1728,BRIX1,biogenesis of ribosomes BRX1
122773,-1,-2.03874129963226,-3.39769356300077,-0.679789036263756,0.00327791680058632,0,1,8.64593608726782,0.00327791680058631,FALSE,1729,KLHDC1,kelch domain containing 1
5151,-2,-1.19827035228577,-1.93836028254965,-0.458180422021896,0.00150689094306598,0.0718420528918745,0.788673395067118,10.0701704095902,0.00150689094306598,FALSE,1730,PDE8A,phosphodiesterase 8A
30,-2,-1.21626625111647,-1.97026828403603,-0.462264218196919,0.00156915494389641,0.158838436778121,0.690228198789602,9.99559061695281,0.00156915494389641,FALSE,1731,ACAA1,acetyl-CoA acyltransferase 1
7748,2,1.28872921184172,0.479958977397034,2.0974994462864,0.00178962555739462,0.0308401124940103,0.860597570863763,9.75369585563392,0.00178962555739462,FALSE,1732,ZNF195,zinc finger protein 195
7433,-2,-1.40714078382173,-2.30461158227735,-0.509669985366108,0.00211904645743612,0.535659247807429,0.464237263348239,9.44344880035627,0.00211904645743613,FALSE,1733,VIPR1,vasoactive intestinal peptide receptor 1
109504726,2,1.4072805838272,0.509439597534213,2.30512157012019,0.00212588670873534,0.285351569312265,0.593214870126164,9.43753813662071,0.00212588670873534,FALSE,1734,ERV3-1-ZNF117,ERV3-1-ZNF117 readthrough
117581,-1,-3.01881676221232,-5.08365229122139,-0.953981233203251,0.00416360238967878,0,1,8.21105117479819,0.00416360238967878,FALSE,1735,TWIST2,twist family bHLH transcription factor 2
390205,1,2.26284169187278,0.739208943327454,3.78647444041811,0.00360430484670755,0,1,8.47313114394429,0.00360430484670755,FALSE,1736,LRRC10B,leucine rich repeat containing 10B
824,-2,-1.25805716041348,-2.04500049293903,-0.471113827887934,0.00172839814586621,1.11805841473525,0.290336911875688,9.81770570729964,0.00172839814586622,FALSE,1737,CAPN2,calpain 2
8344,2,1.44488478511641,0.517817489104818,2.37195208112801,0.00225277913120746,0.379789187800239,0.53771608105548,9.33125582564593,0.00225277913120746,FALSE,1738,H2BC6,H2B clustered histone 6
2,-2,-1.37093515715647,-2.24311749699461,-0.498752817318323,0.00206473742023853,0.179289433182075,0.671984602834592,9.49107559269951,0.00206473742023853,FALSE,1739,A2M,alpha-2-macroglobulin
55723,2,1.35972592224912,0.494641705635409,2.22481013886283,0.0020655558544416,0.489812619177297,0.484010902639148,9.49034847447036,0.0020655558544416,FALSE,1740,ASF1B,anti-silencing function 1B histone chaperone
94,-2,-1.36406929716597,-2.23240273757141,-0.495735856760538,0.00207754470199245,0.40897776615275,0.522488807356302,9.47973062707334,0.00207754470199245,FALSE,1741,ACVRL1,activin A receptor like type 1
8458,2,1.1901246362201,0.45187654864513,1.92837272379507,0.00157961811301063,0.28682406926473,0.59226296661468,9.98335263505674,0.00157961811301062,FALSE,1742,TTF2,transcription termination factor 2
100131825,-2,-3.83121559982937,-6.47457552141164,-1.18785567824709,0.00450118568773495,4.48842754040783,0.0341250526774048,8.06968839085069,0.00450118568773494,FALSE,1743,,
9734,-2,-1.92592706829788,-3.20861551619447,-0.643238620401298,0.00325215781322365,1.50309011565852,0.220196508677389,8.66031102227687,0.00325215781322366,FALSE,1744,HDAC9,histone deacetylase 9
642559,2,1.64217802926161,0.566650358553754,2.71770569996946,0.00276624090372061,0.643166231818902,0.422566579035224,8.95557510533823,0.00276624090372061,FALSE,1745,,
6389,-2,-1.10967939068487,-1.78891359385524,-0.430445187514505,0.00136460452880992,0.267877389719507,0.60475920421294,10.2530276545334,0.00136460452880992,FALSE,1746,SDHA,succinate dehydrogenase complex flavoprotein subunit A
8780,-2,-1.24255614230586,-2.02200194520522,-0.463110339406497,0.00178117715136921,0.00194762579254089,0.964799254233313,9.76239503633901,0.00178117715136921,FALSE,1747,RIOK3,RIO kinase 3
379,-2,-2.3747499603421,-3.98290887735996,-0.766591043324228,0.00380057561194979,1.75996514378657,0.184628863335008,8.37672067320183,0.00380057561194979,FALSE,1748,ARL4D,ADP ribosylation factor like GTPase 4D
3978,2,1.24230395158368,0.462705442612749,2.02190246055461,0.00178873574630234,0.050462046601425,0.822261219972908,9.75461011608795,0.00178873574630235,FALSE,1749,LIG1,DNA ligase 1
441459,2,1.71290773930299,0.584553039715404,2.84126243889058,0.0029266515499446,0.709095380498596,0.399744287300275,8.85264076398511,0.0029266515499446,FALSE,1750,ANKRD18B,ankyrin repeat domain 18B
11259,-1,-1.7442666976148,-2.89562251091508,-0.592910884314519,0.00298496681897872,0,1,8.81663463992082,0.00298496681897872,FALSE,1751,FILIP1L,filamin A interacting protein 1 like
63967,2,1.41144656135439,0.505454726671469,2.31743839603731,0.00226240017257806,0.044997255458053,0.832009075289916,9.32344675347663,0.00226240017257807,FALSE,1752,CLSPN,claspin
30835,-2,-1.51975676856666,-2.50604664451577,-0.533466892617551,0.00252712830949229,0.0810662578461706,0.775857618032095,9.12084770547981,0.00252712830949229,FALSE,1753,CD209,CD209 molecule
25777,-2,-1.17565194047737,-1.90603639117992,-0.445267489774824,0.00160594147559904,0.0529495680527124,0.818008057291917,9.95292369192557,0.00160594147559904,FALSE,1754,SUN2,Sad1 and UNC84 domain containing 2
692108,1,2.31390785216915,0.748333998085505,3.87948170625279,0.00376973340811577,0,1,8.39153059289889,0.00376973340811578,FALSE,1755,,
2125,2,1.46925023532869,0.519310878340489,2.41918959231689,0.00243395904774659,0.156399078222329,0.692493671827458,9.18958622973682,0.00243395904774659,FALSE,1756,EVPL,envoplakin
9657,2,1.1246839456326,0.43195312046309,1.81741477080211,0.00146210401251481,0.39005280122901,0.532271648487549,10.1257720653181,0.00146210401251481,FALSE,1757,IQCB1,IQ motif containing B1
8537,-2,-3.06221365354159,-5.16378544486371,-0.96064186221947,0.00429182694525086,4.28986794001818,0.0383401434359495,8.15602781650641,0.00429182694525086,FALSE,1758,BCAS1,brain enriched myelin associated protein 1
55654,-2,-1.07426628130778,-1.729132489609,-0.419400073006559,0.00130355478650344,1.72875996854938e-05,0.996682536457394,10.3374853940624,0.00130355478650344,FALSE,1759,TMEM127,transmembrane protein 127
79913,2,1.21445915921366,0.452868893935857,1.97604942449146,0.00177545993947816,0.186195937476806,0.666101746448482,9.76830570796563,0.00177545993947817,FALSE,1760,ACTR5,actin related protein 5
6227,2,1.3563829709018,0.487355883724329,2.22541005807927,0.00221985116672798,0.00108320937959105,0.973744646630509,9.3582407257894,0.00221985116672798,FALSE,1761,RPS21,ribosomal protein S21
253982,2,1.60510772758114,0.551914762648605,2.65830069251367,0.00281672020669,0.115685186221233,0.733762206786709,8.92254309675999,0.00281672020669,FALSE,1762,ASPHD1,aspartate beta-hydroxylase domain containing 1
107984749,1,2.20733643853453,0.71578473031284,3.69888814675622,0.00372524649253412,0,1,8.41311101534022,0.00372524649253412,FALSE,1763,,
150000,-1,-2.362827428772,-3.9665183379145,-0.759136519629504,0.0038800948220899,0,1,8.33909372119263,0.00388009482208991,FALSE,1764,,
137392,2,1.39127979568662,0.495754476326833,2.28680511504642,0.00232694396747189,1.03041572900926,0.310061044889545,9.27191411523329,0.00232694396747189,FALSE,1765,CIBAR1,CBY1 interacting BAR domain containing 1
51001,2,1.18779834840662,0.443940813892514,1.93165588292073,0.00174992069165125,0.274423109718255,0.600380027305789,9.79494684518822,0.00174992069165125,FALSE,1766,MTERF3,mitochondrial transcription termination factor 3
1845,-2,-1.21895756358742,-1.986220151894,-0.451694975280834,0.00184685930090167,0.758821797042034,0.383697489912254,9.6958370922646,0.00184685930090167,FALSE,1767,DUSP3,dual specificity phosphatase 3
7188,2,1.39047624945307,0.495089800682828,2.2858626982233,0.0023369183545164,0.40266404642857,0.525716629678467,9.26408002192563,0.0023369183545164,FALSE,1768,TRAF5,TNF receptor associated factor 5
3310,2,1.65455278870902,0.563836210208323,2.74526936720972,0.00294760467772687,0.567018862666028,0.451445978682684,8.83962027385584,0.00294760467772688,FALSE,1769,HSPA6,heat shock protein family A (Hsp70) member 6
132884,-2,-1.51065081303772,-2.49546926525917,-0.525832360816263,0.00264305379935596,0.642933558394378,0.422650505321123,9.03882556123796,0.00264305379935596,FALSE,1770,EVC2,EvC ciliary complex subunit 2
5723,2,1.32492230340673,0.477987463796109,2.17185714301735,0.00216859562649063,0.404407439021364,0.524821805067312,9.40106395358049,0.00216859562649063,FALSE,1771,PSPH,phosphoserine phosphatase
107986847,-1,-2.30387136311806,-3.86671199554879,-0.741030730687335,0.00386108811005757,0,1,8.34801550896101,0.00386108811005758,FALSE,1772,,
2494,-2,-1.49376630811947,-2.46657792918573,-0.520954687053205,0.00261632397959683,0.795730060244842,0.372373085482041,9.05740946163155,0.00261632397959683,FALSE,1773,NR5A2,nuclear receptor subfamily 5 group A member 2
84133,2,1.32069084954114,0.476144793348486,2.1652369057338,0.00217693405788435,0.00773793135238025,0.929904087056186,9.39402784704544,0.00217693405788435,FALSE,1774,ZNRF3,zinc and ring finger 3
8337,2,1.29747099376647,0.469926666314973,2.12501532121797,0.00211959080674484,0.899183366692041,0.343000774943574,9.44297771976375,0.00211959080674484,FALSE,1775,H2AC18,H2A clustered histone 18
11162,-2,-1.34229013649752,-2.20343560661145,-0.481144666383585,0.00225024872566098,0.018402877339421,0.892092280139319,9.3333152892025,0.00225024872566098,FALSE,1776,NUDT6,nudix hydrolase 6
128312,2,1.47223617182103,0.514285321146241,2.43018702249582,0.00259370289042181,0.338563461843224,0.560659594899449,9.07328797106837,0.00259370289042181,FALSE,1777,H2BC26,H2B clustered histone 26
51523,2,1.16501420928545,0.435945356681073,1.89408306188983,0.00173666726751719,0.352501049462127,0.552700749771186,9.8089277907062,0.00173666726751719,FALSE,1778,CXXC5,CXXC finger protein 5
284422,2,1.57221847959701,0.539694216224917,2.60474274296911,0.00284111508996823,0.484448849688497,0.48641405120731,8.90679472603204,0.00284111508996824,FALSE,1779,SMIM24,small integral membrane protein 24
6223,2,1.11188948492299,0.422297484147763,1.80148148569822,0.0015764933527283,0.00105480658431807,0.974091030876279,9.98699881233962,0.00157649335272829,FALSE,1780,RPS19,ribosomal protein S19
9863,-2,-2.50785567814149,-4.21949757833548,-0.7962137779475,0.00408281844904996,2.59394989111978,0.107272517734257,8.24660976176439,0.00408281844904996,FALSE,1781,MAGI2,"membrane associated guanylate kinase, WW and PDZ domain containing 2"
100505633,-1,-1.88643788561038,-3.14928647436339,-0.623589296857374,0.00341385015421098,0,1,8.57193038233931,0.00341385015421098,FALSE,1782,,
100507118,2,1.56834069484925,0.538432393921974,2.59824899577652,0.00283925072452136,0.575703561612135,0.44800133251925,8.90799343113157,0.00283925072452136,FALSE,1783,,
57655,2,1.29463176719714,0.467763157911112,2.12150037648317,0.00214975018969592,0.0673747295241356,0.795198236973441,9.41706766203076,0.00214975018969592,FALSE,1784,GRAMD1A,GRAM domain containing 1A
1816,-1,-2.66294088927532,-4.48605585471825,-0.839825923832394,0.00419875759846649,0,1,8.19579566988941,0.00419875759846649,FALSE,1785,DRD5,dopamine receptor D5
27199,1,2.77633887786136,0.871964906408087,4.68071284931463,0.00427151210102979,0,1,8.16463280074714,0.0042715121010298,FALSE,1786,OXGR1,oxoglutarate receptor 1
10797,2,1.26172207065317,0.458981572002427,2.06446256930391,0.00206577543922262,0.00623268916199177,0.937074475249407,9.49015343934653,0.00206577543922262,FALSE,1787,MTHFD2,"methylenetetrahydrofolate dehydrogenase (NADP+ dependent) 2, methenyltetrahydrofolate cyclohydrolase"
6173,2,1.2565966636738,0.457637872948464,2.05555545439914,0.00205188833604171,0.0525675451190552,0.818654302611593,9.50252952333478,0.00205188833604172,FALSE,1788,RPL36A,ribosomal protein L36a
54414,-2,-1.36171857781441,-2.23934280072368,-0.484094354905132,0.00235736632219632,0.227433756238708,0.633433222805026,9.24812527657738,0.00235736632219632,FALSE,1789,SIAE,sialic acid acetylesterase
51114,2,1.27062424188167,0.460858880602574,2.08038960316077,0.00210198334657518,0.072885225645332,0.787181303424486,9.45827778916983,0.00210198334657518,FALSE,1790,ZDHHC9,zinc finger DHHC-type palmitoyltransferase 9
9630,-2,-1.54065579734259,-2.55131626861504,-0.529995326070144,0.00281012908609256,0.00313292904758109,0.955363655623597,8.92682183430527,0.00281012908609257,FALSE,1791,GNA14,G protein subunit alpha 14
91464,-2,-1.70746708030604,-2.84120724176655,-0.573726918845525,0.00315927690696339,0.0877745843608653,0.767025606715496,8.71312206103218,0.00315927690696338,FALSE,1792,ISX,intestine specific homeobox
140545,2,1.59447078407037,0.543501919098792,2.64543964904195,0.00294379323111601,0.0340306532824546,0.853641629324855,8.84198173659163,0.00294379323111601,FALSE,1793,RNF32,ring finger protein 32
28467,1,2.65683546945415,0.836124303381508,4.47754663552679,0.00423591193632505,0,1,8.17981331178821,0.00423591193632505,FALSE,1794,,
8089,2,1.26871641916116,0.459017472103892,2.07841536621844,0.00213296366381103,0.0619999024997818,0.803362486137748,9.43144320255405,0.00213296366381104,FALSE,1795,YEATS4,YEATS domain containing 4
686,-2,-1.09514820727554,-1.77441615725267,-0.415880257298423,0.00157797582778072,0.022390352053316,0.881053334337403,9.9852680504812,0.00157797582778072,FALSE,1796,BTD,biotinidase
23642,2,1.34658910081616,0.478139309019282,2.21503889261304,0.00237322015461762,0.000548428737572612,0.981316403986438,9.23585149662618,0.00237322015461762,FALSE,1797,,
66002,-2,-1.44531708337237,-2.38738823544535,-0.503245931299402,0.002638752578159,1.21362219761285,0.270615939590529,9.0418030678668,0.002638752578159,FALSE,1798,CYP4F12,cytochrome P450 family 4 subfamily F member 12
5105,-2,-2.00181847671634,-3.35170796454469,-0.651928988887983,0.0036546373521535,1.40558704168461,0.235790353046088,8.44790727419,0.0036546373521535,FALSE,1799,PCK1,phosphoenolpyruvate carboxykinase 1
221393,2,1.55212008534323,0.530850973126465,2.57338919755999,0.00289432273549626,1.06660437150372,0.301713699380716,8.87291713911376,0.00289432273549626,FALSE,1800,ADGRF4,adhesion G protein-coupled receptor F4
100128191,1,1.40167536513953,0.491358728801647,2.31199200147741,0.00254543347024971,0,1,9.10764520031918,0.00254543347024972,FALSE,1801,,
66008,-2,-1.0837552665077,-1.75603731247087,-0.411473220544534,0.00158002860748032,0.0692722265414689,0.792399378802767,9.98287418591589,0.00158002860748031,FALSE,1802,TRAK2,trafficking kinesin protein 2
8370,1,1.71455879083393,0.573413257780144,2.85570432388772,0.00323137754422902,0,1,8.6719921389236,0.00323137754422902,FALSE,1803,H4C14,H4 clustered histone 14
79596,2,1.19783202878036,0.439587793881333,1.95607626367939,0.00195990344913126,0.151131937084288,0.697455977205649,9.58671443751269,0.00195990344913125,FALSE,1804,OBI1,ORC ubiquitin ligase 1
154091,2,1.49735403580737,0.515861751069562,2.47884632054518,0.00278886220402952,0.000934678044033828,0.975610469961758,8.9406974110225,0.00278886220402952,FALSE,1805,SLC2A12,solute carrier family 2 member 12
84056,-2,-1.49623399936826,-2.47757853228125,-0.514889466455257,0.00280521988392869,0.60086667543333,0.438247541080148,8.93001535348124,0.00280521988392869,FALSE,1806,KATNAL1,katanin catalytic subunit A1 like 1
692196,1,1.9800503495402,0.644363600863355,3.31573709821704,0.00366676038299076,0,1,8.44188467519482,0.00366676038299077,FALSE,1807,,
57180,2,1.1728778233692,0.432339324788909,1.91341632194949,0.00190778038404731,0.00237739278415471,0.961111743067852,9.63621428686928,0.00190778038404731,FALSE,1808,ACTR3B,actin related protein 3B
10464,2,1.33607451746203,0.473225370628973,2.19892366429508,0.0024061817124941,0.419368576195901,0.517252280706254,9.21059732239963,0.00240618171249409,FALSE,1809,PIBF1,progesterone immunomodulatory binding factor 1
9293,1,2.30989918513504,0.734964460658529,3.88483390961155,0.00404530001539923,0,1,8.26336842431659,0.00404530001539923,FALSE,1810,GPR52,G protein-coupled receptor 52
4916,-2,-3.45511940573194,-5.84889283823407,-1.06134597322981,0.00466982974330439,3.91837779744602,0.0477609457610331,8.00306268142078,0.00466982974330438,FALSE,1811,NTRK3,neurotrophic receptor tyrosine kinase 3
84960,2,1.55748550201067,0.529660485221004,2.58531051880034,0.00297823149272215,0.00536692771357192,0.941599763990013,8.82075662178235,0.00297823149272215,FALSE,1812,CCDC183,coiled-coil domain containing 183
8140,2,1.8537932707707,0.608728219510745,3.09885832203066,0.00352041037980259,2.01923516912058,0.15531735590071,8.51598130316877,0.00352041037980259,FALSE,1813,SLC7A5,solute carrier family 7 member 5
80018,2,1.09317914603906,0.411625924196216,1.77473236788191,0.00166832317218803,0.0996665515544231,0.752230152696015,9.88278411233824,0.00166832317218803,FALSE,1814,NAA25,"N-alpha-acetyltransferase 25, NatB auxiliary subunit"
64344,-2,-1.71027966306868,-2.85057455298885,-0.569984773148517,0.00328565820952745,0.934201351264079,0.333773580981352,8.64163838405131,0.00328565820952745,FALSE,1815,HIF3A,hypoxia inducible factor 3 subunit alpha
343450,-1,-2.59703971960178,-4.37936082172528,-0.814718617478283,0.00429170386565183,0,1,8.1560798257614,0.00429170386565183,FALSE,1816,KCNT2,potassium sodium-activated channel subfamily T member 2
37,-2,-1.23120738922905,-2.01723037282415,-0.445184405633963,0.00214029976441018,0.640771764647708,0.423431468135314,9.42514669391067,0.00214029976441018,FALSE,1817,ACADVL,acyl-CoA dehydrogenase very long chain
7010,-2,-1.40962431707769,-2.32938536565154,-0.489863268503832,0.0026659751891306,0.734024673251639,0.391581737802665,9.02304080061381,0.00266597518913061,FALSE,1818,TEK,TEK receptor tyrosine kinase
57085,2,1.12781081280007,0.418016743854891,1.83760488174525,0.00184419859507054,0.0624635515320995,0.802643731211072,9.69848633032638,0.00184419859507053,FALSE,1819,AGTRAP,angiotensin II receptor associated protein
29935,2,1.91997188577723,0.62487753345537,3.21506623809908,0.00366504846655195,1.27602000414498,0.258640361798798,8.44273390903548,0.00366504846655194,FALSE,1820,RPA4,replication protein A4
10110,-2,-1.27103989057496,-2.08848279487963,-0.453596986270285,0.00230720506573869,0.00813312437065506,0.928141128566704,9.28751839297448,0.00230720506573869,FALSE,1821,SGK2,serum/glucocorticoid regulated kinase 2
51228,-2,-1.30845399213941,-2.1539218385153,-0.462986145763512,0.00241928104859727,0.363555473283506,0.546538216832696,9.20065833704254,0.00241928104859728,FALSE,1822,GLTP,glycolipid transfer protein
8894,2,1.078988829481,0.405566152900766,1.75241150606124,0.00168749226450664,0.00268363771794298,0.958684996713463,9.86176401637158,0.00168749226450664,FALSE,1823,EIF2S2,eukaryotic translation initiation factor 2 subunit beta
56957,-2,-1.12342689987299,-1.83141622601948,-0.415437573726507,0.00187060990968158,0.171950431845646,0.678384182786819,9.6723588094575,0.00187060990968158,FALSE,1824,OTUD7B,OTU deubiquitinase 7B
58,-1,-2.53748890567467,-4.27940798636803,-0.795569824981305,0.00430206592666238,0,1,8.15170647937289,0.00430206592666239,FALSE,1825,ACTA1,"actin alpha 1, skeletal muscle"
118491,1,2.24848196648324,0.714142887576992,3.78282104538949,0.00407612313792499,0,1,8.24958889275121,0.00407612313792498,FALSE,1826,CFAP70,cilia and flagella associated protein 70
5592,-2,-1.37168921631887,-2.26606135698874,-0.477317075649005,0.00264729626728569,0.0929233566388054,0.760493098266881,9.03589354125535,0.00264729626728569,FALSE,1827,PRKG1,protein kinase cGMP-dependent 1
92745,2,1.7010701554515,0.563625619819185,2.83851469108381,0.00337694678084479,0.00528521617475593,0.942045252600177,8.59172118381522,0.00337694678084479,FALSE,1828,SLC38A5,solute carrier family 38 member 5
51655,-2,-1.4993737286626,-2.48917742647715,-0.509570030848039,0.00298779114405095,0.00632547806655771,0.936608784650416,8.81490897967639,0.00298779114405095,FALSE,1829,RASD1,ras related dexamethasone induced 1
55612,2,2.01296113796473,0.647604462806291,3.37831781312317,0.00385735279606212,3.21034693962223,0.0731739659726589,8.34977412488217,0.00385735279606212,FALSE,1830,FERMT1,FERM domain containing kindlin 1
4641,-2,-1.20359377501587,-1.97377344815593,-0.433414101875813,0.00219187006668492,0.399883680576412,0.527149335163611,9.3814926593511,0.00219187006668492,FALSE,1831,MYO1C,myosin IC
55346,-2,-1.30677966151432,-2.15505414344814,-0.458505179580496,0.00253314232964101,0.193106366098519,0.660343694211841,9.11649944704067,0.00253314232964101,FALSE,1832,TCP11L1,t-complex 11 like 1
8340,2,1.5792870841542,0.528998769240691,2.6295753990677,0.0032072884718084,1.18087586203678,0.277177759579678,8.68562913872202,0.0032072884718084,FALSE,1833,H2BC13,H2B clustered histone 13
9077,-1,-2.10372903924017,-3.5366892982276,-0.670768780252744,0.00400937442176031,0,1,8.27956449781478,0.0040093744217603,FALSE,1834,DIRAS3,DIRAS family GTPase 3
54827,-2,-2.0690939214609,-3.47706380551208,-0.661124037409715,0.00397320284576608,0.600273470293278,0.438473703797527,8.29602134373909,0.00397320284576609,FALSE,1835,NXPE4,neurexophilin and PC-esterase domain family member 4
26354,2,1.19348114546686,0.428098089831556,1.95886420110215,0.00224145689925502,0.00304112465411101,0.956021836132489,9.34048914609248,0.00224145689925501,FALSE,1836,GNL3,G protein nucleolar 3
387804,-2,-1.82490328507003,-3.05622893863165,-0.593577631508399,0.00367497416442119,0.226395614104273,0.634209402033529,8.43781564862863,0.00367497416442119,FALSE,1837,VSTM5,V-set and transmembrane domain containing 5
149840,2,1.52812606575057,0.513941302340429,2.5423108291607,0.00314516606836943,0.0833211181393856,0.772846185512135,8.72128313734999,0.00314516606836943,FALSE,1838,SHLD1,shieldin complex subunit 1
113220,2,1.55161836008305,0.520066242873,2.5831704772931,0.00319736319182144,0.184765160324744,0.667309719381482,8.69127821588318,0.00319736319182144,FALSE,1839,KIF12,kinesin family member 12
101929357,2,1.36879676075839,0.472123254243281,2.2654702672735,0.00277211730471001,0.342068849969331,0.558637469885507,8.95169843805441,0.00277211730471001,FALSE,1840,,
801,-2,-1.13160397950443,-1.85113032709626,-0.412077631912601,0.00205305123694865,0.474357346159211,0.490989385816202,9.5014899010869,0.00205305123694865,FALSE,1841,CALM1,calmodulin 1
9209,-2,-1.04260748841824,-1.6951664747122,-0.390048502124293,0.00173929708115829,0.0716238245767757,0.788987001798411,9.80614503999462,0.00173929708115829,FALSE,1842,LRRFIP2,LRR binding FLII interacting protein 2
10223,-2,-1.58743143322494,-2.64631313051592,-0.52854973593396,0.00330021184240141,6.00632887681822e-06,0.998044561413193,8.63358661041102,0.00330021184240141,FALSE,1843,GPA33,glycoprotein A33
9022,2,1.5945125995785,0.530142116763571,2.65888308239343,0.00332277481902321,0.00405687009521921,0.949214229525557,8.62117475141107,0.00332277481902321,FALSE,1844,CLIC3,chloride intracellular channel 3
3212,-2,-1.7417818309925,-2.91410160897941,-0.569462053005584,0.00359088837526936,0.290218618425147,0.590080468518159,8.47991521639011,0.00359088837526937,FALSE,1845,HOXB2,homeobox B2
6732,2,1.07538056503173,0.396646493586914,1.75411463647654,0.00190053678644826,0.54228476104545,0.461487386840318,9.64320162727187,0.00190053678644826,FALSE,1846,SRPK1,SRSF protein kinase 1
401944,-1,-1.72192977997561,-2.88054665950261,-0.56331290044861,0.00358103858523887,0,1,8.4849122149333,0.00358103858523887,FALSE,1847,LDLRAD2,low density lipoprotein receptor class A domain containing 2
26020,-2,-1.07302358668496,-1.75141539620938,-0.394631777160548,0.00193450371696217,0.0034606015609443,0.953090000076013,9.61066694860459,0.00193450371696217,FALSE,1848,LRP10,LDL receptor related protein 10
5933,2,1.36939578457493,0.469079977643512,2.26971159150635,0.00287178563354122,0.153411303342101,0.695296479695985,8.88718877036759,0.00287178563354122,FALSE,1849,RBL1,RB transcriptional corepressor like 1
11223,-2,-1.6319638799516,-2.72672808269922,-0.537199677203989,0.00348108453401749,0.0331214478269905,0.855588228459168,8.53642620681413,0.00348108453401749,FALSE,1850,,
645249,1,2.25189274603305,0.707110472669993,3.79667501939611,0.0042750387596017,0,1,8.16313599055282,0.0042750387596017,FALSE,1851,,
23509,2,1.11626442871,0.403577267907335,1.82895158951266,0.00214170934886088,0.0641815749896804,0.800004848924198,9.42393936752106,0.00214170934886089,FALSE,1852,POFUT1,protein O-fucosyltransferase 1
100529241,2,1.11468042262862,0.403136425349907,1.82622441990734,0.00213763412926707,0.266772268260551,0.605505226597455,9.42743204918351,0.00213763412926707,FALSE,1853,HSPE1-MOB4,HSPE1-MOB4 readthrough
29899,2,1.46897279422758,0.493606069707151,2.444339518748,0.00315878952668102,0.134870622583546,0.713434516268753,8.71340332185689,0.00315878952668103,FALSE,1854,GPSM2,G protein signaling modulator 2
29107,2,1.36573008217417,0.46616010744702,2.26530005690131,0.00292393361747111,1.03621578971327,0.30870321524385,8.85433664916341,0.00292393361747112,FALSE,1855,NXT1,nuclear transport factor 2 like export factor 1
4782,-2,-1.51746083841266,-2.52928854041196,-0.505633136413364,0.00328846015617781,1.08698069799984,0.297141158070691,8.64008539772028,0.00328846015617781,FALSE,1856,NFIC,nuclear factor I C
337873,2,1.27908241923849,0.443392096245403,2.11477274223158,0.00270102129721941,0.59325583380403,0.441162862524737,8.99917080753457,0.00270102129721942,FALSE,1857,,
79857,1,2.33605301652358,0.729552206097225,3.94255382694994,0.00437147399876905,0,1,8.12268616424035,0.00437147399876905,FALSE,1858,,
55130,-1,-2.91537472849551,-4.93687325766894,-0.893876199322084,0.0047040567268211,0,1,7.98984018215014,0.0047040567268211,FALSE,1859,ODAD2,outer dynein arm docking complex subunit 2
10615,2,1.51616740579043,0.504602851511216,2.52773196006964,0.00330698655414699,1.78520613540356,0.181511340305785,8.6298508138513,0.00330698655414699,FALSE,1860,SPAG5,sperm associated antigen 5
26499,2,1.24912640056134,0.435159132174941,2.06309366894773,0.00263154756642453,0.00471821997418529,0.945236935220354,9.04680177092741,0.00263154756642454,FALSE,1861,PLEK2,pleckstrin 2
64785,2,1.49907933685687,0.499348190333012,2.49881048338072,0.00329345693193971,1.01055720553594,0.314769386820886,8.63731925629417,0.00329345693193972,FALSE,1862,GINS3,GINS complex subunit 3
51099,-2,-1.10594689218113,-1.81357153339133,-0.398322250970928,0.0021896268171468,0.188601435676618,0.664083188299473,9.38336978891567,0.00218962681714679,FALSE,1863,ABHD5,"abhydrolase domain containing 5, lysophosphatidic acid acyltransferase"
1871,2,1.19002721074559,0.419290438819537,1.96076398267164,0.00247641151359467,1.71962948021593e-05,0.996691308637752,9.15794026657951,0.00247641151359467,FALSE,1864,E2F3,E2F transcription factor 3
100128750,-1,-2.18986908747276,-3.69289199549241,-0.68684617945311,0.00429526838914444,0,1,8.15457419370935,0.00429526838914444,FALSE,1865,,
10576,2,1.09153452004021,0.394112155499821,1.7889568845806,0.00215831319929718,0.0146123190682792,0.903784954454353,9.40977831406462,0.00215831319929717,FALSE,1866,CCT2,chaperonin containing TCP1 subunit 2
6541,2,1.20883603464014,0.423278513666535,1.99439355561374,0.0025609712328779,0.110140339465782,0.7399844178805,9.09651406385742,0.0025609712328779,FALSE,1867,SLC7A1,solute carrier family 7 member 1
84179,-2,-1.53611168258106,-2.5643213538114,-0.507902011350713,0.00341015977797762,0.874168085544098,0.349803984940082,8.57389967227396,0.00341015977797762,FALSE,1868,SLC49A3,solute carrier family 49 member 3
1806,-2,-1.33678332310509,-2.21810529526191,-0.455461350948265,0.00295038631599604,0.00409840379281907,0.948955275689455,8.83789880774658,0.00295038631599604,FALSE,1869,DPYD,dihydropyrimidine dehydrogenase
5873,-2,-1.29900886354545,-2.15236727009155,-0.445650456999358,0.00284954813985389,1.09679122974103,0.294971375203912,8.9013826054857,0.00284954813985389,FALSE,1870,RAB27A,"RAB27A, member RAS oncogene family"
112,-2,-1.13714332166782,-1.86989418020919,-0.404392463126454,0.00235297774337679,0.287854484064102,0.59159871910023,9.25153764615912,0.00235297774337679,FALSE,1871,ADCY6,adenylate cyclase 6
5422,2,1.19308535054167,0.4183280638007,1.96784263728264,0.00254246506475109,0.000447794682273738,0.983117097362712,9.10977958844197,0.00254246506475109,FALSE,1872,POLA1,"DNA polymerase alpha 1, catalytic subunit"
84295,2,1.13519129825026,0.403649797378835,1.86673279912169,0.00235455389627177,0.865810860017315,0.352117656297773,9.2503113550783,0.00235455389627177,FALSE,1873,PHF6,PHD finger protein 6
84033,-2,-1.48582550458447,-2.47815525189408,-0.493495757274858,0.00333898105065045,0.975386347983498,0.323340503082547,8.61231247663908,0.00333898105065045,FALSE,1874,OBSCN,"obscurin, cytoskeletal calmodulin and titin-interacting RhoGEF"
6628,2,1.27056577490632,0.437617764932003,2.10351378488064,0.00279253218887925,0.384193957481196,0.535367203838311,8.93829527462072,0.00279253218887925,FALSE,1875,SNRPB,small nuclear ribonucleoprotein polypeptides B and B1
57568,-2,-1.2795763158856,-2.11951025607886,-0.439642375692346,0.00282783899700155,0.387531025319547,0.533600062971913,8.91534813699861,0.00282783899700155,FALSE,1876,SIPA1L2,signal induced proliferation associated 1 like 2
64943,2,1.34572827926547,0.456435542177204,2.23502101635374,0.00301770321135924,0.960621159911834,0.327030426608954,8.79673377858455,0.00301770321135924,FALSE,1877,NT5DC2,5'-nucleotidase domain containing 2
84303,2,1.18003963578288,0.413926034246698,1.94615323731905,0.00253678041035939,0.180613319900319,0.670846692111231,9.11387412446516,0.00253678041035938,FALSE,1878,CHCHD6,coiled-coil-helix-coiled-coil-helix domain containing 6
6869,-1,-2.53785458513165,-4.29380375766523,-0.781905412598076,0.00461545141488996,0,1,8.0242743505447,0.00461545141488996,FALSE,1879,TACR1,tachykinin receptor 1
7675,2,1.14207571415223,0.403828761183952,1.88032266712051,0.00242871069838978,0.116245090636659,0.733143223296885,9.19353743444145,0.00242871069838979,FALSE,1880,ZNF121,zinc finger protein 121
286827,2,1.5414516918179,0.506596759720759,2.57630662391505,0.0035066859081267,0.1807975733679,0.670688712718133,8.52308994928778,0.0035066859081267,FALSE,1881,TRIM59,tripartite motif containing 59
105371050,1,2.17641142634785,0.679865901726968,3.67295695096873,0.00436702743234573,0,1,8.12453121538742,0.00436702743234574,FALSE,1882,,
10544,2,1.40017162219664,0.468299021660251,2.33204422273304,0.00323043002156139,0.242896075072169,0.622122197029886,8.67252658373239,0.00323043002156138,FALSE,1883,PROCR,protein C receptor
1132,-1,-2.18707939631692,-3.69225131750104,-0.681907475132801,0.00440071214412882,0,1,8.11060151742979,0.00440071214412882,FALSE,1884,CHRM4,cholinergic receptor muscarinic 4
376267,2,1.11757475171353,0.395195737212529,1.83995376621453,0.00242768695224333,0.00887959797844534,0.92492516835888,9.19430916860715,0.00242768695224333,FALSE,1885,RAB15,"RAB15, member RAS oncogene family"
55630,2,1.22804653465913,0.422922349068107,2.03317072025015,0.00279425101850773,0.0150529906975709,0.902352083957531,8.93717134120811,0.00279425101850773,FALSE,1886,SLC39A4,solute carrier family 39 member 4
23335,-2,-1.07562061844041,-1.76707975639364,-0.384161480487182,0.00229694291743494,0.0158133965497947,0.899928770274174,9.29568456936655,0.00229694291743494,FALSE,1887,WDR7,WD repeat domain 7
5071,-2,-1.39193241098327,-2.31937496046942,-0.464489861497115,0.00326552784336067,0.00892075677253403,0.924751891319195,8.65283542333449,0.00326552784336067,FALSE,1888,PRKN,parkin RBR E3 ubiquitin protein ligase
153,-2,-2.28742284899412,-3.86627311475089,-0.70857258323735,0.00451734361315739,1.76323890992121,0.18422103542134,8.06319574169906,0.00451734361315739,FALSE,1889,ADRB1,adrenoceptor beta 1
374286,1,1.812272518077,0.576694372387101,3.0478506637669,0.00404336542405281,0,1,8.26423684684416,0.00404336542405282,FALSE,1890,FBXW10B,F-box and WD repeat domain containing 10B
3012,2,1.37446337325754,0.459328904824989,2.2895978416901,0.00324294307984408,0.279116941171774,0.597280589643801,8.66548146973534,0.00324294307984408,FALSE,1891,H2AC8,H2A clustered histone 8
9768,2,1.41258069431654,0.469114178805209,2.35604720982788,0.00334080080581902,0.0697273421697755,0.791734183751146,8.61132008656142,0.00334080080581902,FALSE,1892,PCLAF,PCNA clamp associated factor
9704,2,1.26809758178997,0.430660410969339,2.10553475261059,0.00299846743846285,0.222096985012366,0.637446745272837,8.80840071045539,0.00299846743846285,FALSE,1893,DHX34,DExH-box helicase 34
1889,-2,-1.08303995121974,-1.78229066256883,-0.383789239870644,0.00239973553021306,0.00454587370565677,0.946244884067515,9.21550847217834,0.00239973553021305,FALSE,1894,ECE1,endothelin converting enzyme 1
390732,-1,-2.6230143810648,-4.44445808809335,-0.801570674036253,0.00476517313214725,0,1,7.96647170872748,0.00476517313214724,FALSE,1895,,
2705,2,1.36931293077802,0.45603762788989,2.28258823366615,0.00329636298679927,0.315781967661363,0.574153623219491,8.63571246819562,0.00329636298679927,FALSE,1896,GJB1,gap junction protein beta 1
80256,-2,-1.19784757743861,-1.98416458235567,-0.411530572521537,0.00282893081983235,0.991585609662301,0.319355146207407,8.91464316903765,0.00282893081983234,FALSE,1897,ATOSB,atos homolog B
152189,2,1.29528572549834,0.436261411669812,2.15431003932688,0.00312319397111793,0.225247727002461,0.635070178313043,8.73406517622629,0.00312319397111793,FALSE,1898,CMTM8,CKLF like MARVEL transmembrane domain containing 8
136647,2,1.08706454069454,0.383088308237936,1.79104077315114,0.00247375759020004,0.338915233696986,0.560456039778109,9.1599024290311,0.00247375759020003,FALSE,1899,MPLKIP,M-phase specific PLK1 interacting protein
51092,-2,-1.14928029252039,-1.89987547413208,-0.39868511090871,0.00269080623784368,0.0174169000533139,0.895005565920898,9.00609568840365,0.00269080623784367,FALSE,1900,SIDT2,SID1 transmembrane family member 2
26994,-2,-1.09157507032336,-1.80039452104179,-0.382755619604926,0.00254175734865784,0.0736444548073654,0.786102537010621,9.11028883464799,0.00254175734865784,FALSE,1901,RNF11,ring finger protein 11
130340,2,1.28255750043403,0.431045313545047,2.13406968732301,0.00315599833239963,0.025134982607812,0.874031177015376,8.71501493367763,0.00315599833239963,FALSE,1902,AP1S3,adaptor related protein complex 1 subunit sigma 3
4869,2,1.07080496679414,0.377052224809849,1.76455770877843,0.0024847068888924,0.0278069738183708,0.867563432090086,9.15182086212973,0.0024847068888924,FALSE,1903,NPM1,nucleophosmin 1
1435,-2,-1.27957609440856,-2.12934332301364,-0.429808865803472,0.00316433328490879,0.906138803068839,0.341140987831562,8.71020668979519,0.00316433328490879,FALSE,1904,CSF1,colony stimulating factor 1
26084,-2,-2.15992101972539,-3.65153196093611,-0.668310078514673,0.00453804458095239,1.87295150624127,0.171137422329357,8.05491205754874,0.00453804458095239,FALSE,1905,ARHGEF26,Rho guanine nucleotide exchange factor 26
4602,1,1.70337814127721,0.542151908353104,2.86460437420132,0.0040398960399377,0,1,8.2657952850692,0.00403989603993771,FALSE,1906,MYB,"MYB proto-oncogene, transcription factor"
3752,-1,-2.41519429160657,-4.0905013039405,-0.739887279272645,0.00471968740421748,0,1,7.9838343303157,0.00471968740421747,FALSE,1907,KCND3,potassium voltage-gated channel subfamily D member 3
7072,2,1.11101224469559,0.386253445629268,1.83577104376191,0.00266010309287898,0.0457610611640491,0.830610728946705,9.02707144050631,0.00266010309287898,FALSE,1908,TIA1,TIA1 cytotoxic granule associated RNA binding protein
5630,-2,-4.22188133701732,-7.18631121453195,-1.25745145950269,0.00524901010405738,3.98757854369725,0.0458368923841996,7.79158591315495,0.00524901010405737,FALSE,1909,PRPH,peripherin
9915,-2,-1.59307314591796,-2.67456119735534,-0.511585094480588,0.00388808534670967,0.923875407975391,0.336459469916445,8.33535622028372,0.00388808534670967,FALSE,1910,ARNT2,aryl hydrocarbon receptor nuclear translocator 2
11156,2,1.32673407389396,0.441001476091961,2.21246667169595,0.00332667868922752,0.839766805953681,0.359463472944406,8.61903593426907,0.00332667868922752,FALSE,1911,PTP4A3,protein tyrosine phosphatase 4A3
9675,2,1.12967424025218,0.39045266595201,1.86889581455236,0.00274259634108545,0.0390850886570549,0.843280188145221,8.97125841909766,0.00274259634108545,FALSE,1912,TTI1,TELO2 interacting protein 1
55839,2,1.22722865242314,0.415021646432438,2.03943565841385,0.0030617765215001,0.353111349320369,0.552357132970396,8.77028470744661,0.0030617765215001,FALSE,1913,CENPN,centromere protein N
6532,2,1.96437315948201,0.612728161117709,3.31601815784631,0.00439319951693796,1.01595397699092,0.313480663436809,8.11369879930752,0.00439319951693796,FALSE,1914,SLC6A4,solute carrier family 6 member 4
10672,-2,-1.13952102483634,-1.88667535698792,-0.392366692684755,0.00279676581829948,0.0416687052210146,0.838252584409358,8.93552819159178,0.00279676581829948,FALSE,1915,GNA13,G protein subunit alpha 13
7122,-1,-2.20721857000845,-3.73437404457942,-0.680063095437478,0.00461476452990272,0,1,8.02454391262114,0.00461476452990273,FALSE,1916,CLDN5,claudin 5
3954,-2,-1.05359317956187,-1.73642007866891,-0.370766280454827,0.00249292086333456,0.250808084454941,0.616506654282983,9.14578190214064,0.00249292086333456,FALSE,1917,LETM1,leucine zipper and EF-hand containing transmembrane protein 1
4830,2,1.41923439963523,0.463913095028572,2.37455570424188,0.00359420403648966,0.00542413218430724,0.941289912998309,8.47823624913546,0.00359420403648966,FALSE,1920,NME1,NME/NM23 nucleoside diphosphate kinase 1
283349,-2,-1.305413443743,-2.17697780533285,-0.43384908215314,0.00332904528196834,0.0681212629353904,0.794092118813897,8.61774058849493,0.00332904528196834,FALSE,1921,RASSF3,Ras association domain family member 3
2254,-2,-1.72324982310007,-2.90137623733323,-0.545123408866907,0.00414584040028592,0.383800072907569,0.535576485531301,8.21880886643363,0.00414584040028591,FALSE,1922,FGF9,fibroblast growth factor 9
85463,-2,-1.88679714068101,-3.18376587594094,-0.589828405421082,0.0043540077285029,1.87882345471627,0.170467930048584,8.12994460947579,0.0043540077285029,FALSE,1923,ZC3H12C,zinc finger CCCH-type containing 12C
85315,-2,-1.46909977146496,-2.46144632904918,-0.476753213880736,0.00371274359256737,0.00851457032290079,0.92648000405232,8.41922332194284,0.00371274359256738,FALSE,1924,PAQR8,progestin and adipoQ receptor family member 8
101929586,-1,-2.51739652142184,-4.26908469866038,-0.765708344183299,0.00485175443357068,0,1,7.93388388212421,0.00485175443357069,FALSE,1925,,
83439,-2,-2.48115422816733,-4.20688765127266,-0.755420805062004,0.00483363574590979,2.91648843154177,0.0876784810265376,7.94065418386422,0.00483363574590978,FALSE,1926,TCF7L1,transcription factor 7 like 1
57708,-2,-1.09561389303541,-1.81124505478315,-0.37998273128767,0.00269397691129877,0.0735236151439938,0.786273833807298,9.0039434077395,0.00269397691129876,FALSE,1927,MIER1,MIER1 transcriptional regulator
158135,-2,-1.3651511484042,-2.28163419037235,-0.448668106436047,0.00350624271336485,0.000405473294854139,0.983934588975542,8.52331997504044,0.00350624271336485,FALSE,1928,TTLL11,tubulin tyrosine ligase like 11
554313,1,1.69648272845939,0.536521633132878,2.8564438237859,0.00415019430569246,0,1,8.21690413808727,0.00415019430569245,FALSE,1929,H4C15,H4 clustered histone 15
1465,-2,-2.83449279190121,-4.81452882980666,-0.854456753995755,0.0050198232782533,4.05330833265089,0.0440848685063591,7.87228314915617,0.0050198232782533,FALSE,1930,CSRP1,cysteine and glycine rich protein 1
63910,2,1.77432351682532,0.557376940966908,2.99127009268373,0.00426787758070001,0.324441257917359,0.568950756686329,8.16617670724469,0.00426787758070001,FALSE,1931,SLC17A9,solute carrier family 17 member 9
57704,-2,-1.0672775586339,-1.76326725268638,-0.371287864581408,0.00265108833111939,0.576783040781262,0.447576036012804,9.03327683549733,0.00265108833111939,FALSE,1932,GBA2,glucosylceramidase beta 2
107986827,2,1.21395436846711,0.408336196714133,2.01957254022008,0.0031430183541574,0.536914656107473,0.463714213208705,8.72252854033379,0.0031430183541574,FALSE,1933,,
100129461,1,1.80415723108615,0.565039119393922,3.04327534277838,0.00432120180152449,0,1,8.14365822552669,0.00432120180152449,FALSE,1934,,
57326,-2,-1.12424555749842,-1.86366262508622,-0.384828489910634,0.00288225552268063,0.0196813542657871,0.888430667456795,8.88054461280938,0.00288225552268063,FALSE,1935,PBXIP1,PBX homeobox interacting protein 1
2214,2,1.31300624312914,0.433177262850345,2.19283522340794,0.00344525197035586,0.995754327187884,0.318340021880817,8.55526050924966,0.00344525197035585,FALSE,1936,FCGR3A,Fc gamma receptor IIIa
682,-2,-1.08489201601544,-1.79493722513659,-0.374846806894284,0.00274744200601824,0.0522083286799675,0.819264226139053,8.96803315904783,0.00274744200601824,FALSE,1937,BSG,basigin (Ok blood group)
7036,1,2.37225614772973,0.722445769893404,4.02206652556606,0.0048289979183266,0,1,7.9423913292357,0.0048289979183266,FALSE,1938,TFR2,transferrin receptor 2
7422,2,1.44848077364008,0.468706491222773,2.42825505605739,0.00376058975784592,0.00387234741898756,0.950381114967662,8.39594491603158,0.00376058975784592,FALSE,1939,VEGFA,vascular endothelial growth factor A
677795,1,2.07019324729512,0.637852914442969,3.50253358014727,0.00461452175710705,0,1,8.02463919648011,0.00461452175710705,FALSE,1940,,
10885,2,1.1397350944082,0.388427717458106,1.8910424713583,0.00294645071769175,0.025491383636705,0.873148744132884,8.84033490678732,0.00294645071769176,FALSE,1941,WDR3,WD repeat domain 3
147660,-2,-1.63173814463001,-2.74603909657315,-0.51743719268687,0.00410350350574102,0.740054656640042,0.389643370207867,8.23743709261265,0.00410350350574102,FALSE,1942,ZNF578,zinc finger protein 578
53834,2,1.47797471041027,0.475755126357361,2.48019429446317,0.00384798679331775,0.0309072530469927,0.860447465334044,8.35419134358995,0.00384798679331775,FALSE,1943,FGFRL1,fibroblast growth factor receptor like 1
7538,-2,-1.39542177184351,-2.3372631622181,-0.45358038146892,0.00368591845664065,0.316648575572366,0.573628723732945,8.432408302573,0.00368591845664064,FALSE,1944,ZFP36,ZFP36 ring finger protein
23024,-2,-2.18897541153615,-3.70817170737111,-0.669779115701194,0.00474183891145797,2.67447583956307,0.10196889386341,7.97535755859031,0.00474183891145797,FALSE,1945,PDZRN3,PDZ domain containing ring finger 3
55026,-1,-2.68939325392195,-4.56856975283723,-0.810216755006671,0.00503145994965008,0,1,7.8680961664165,0.00503145994965008,FALSE,1947,TMEM255A,transmembrane protein 255A
79819,-2,-1.89551024047278,-3.20318753377989,-0.587832947165673,0.0044970089473843,2.07353667277298,0.149873620233625,8.07137056757342,0.00449700894738431,FALSE,1948,DNAI4,dynein axonemal intermediate chain 4
10755,-2,-1.1390260595174,-1.89174842204223,-0.386303696992571,0.00301862748691556,0.231769817309939,0.630214629552928,8.79617508840294,0.00301862748691557,FALSE,1949,GIPC1,GIPC PDZ domain containing family member 1
7473,1,2.48594338952586,0.752174120834348,4.21971265821737,0.0049499976919562,0,1,7.89761665710142,0.0049499976919562,FALSE,1950,WNT3,Wnt family member 3
1212,-2,-1.06013284157893,-1.75449671357699,-0.365768969580874,0.00276783227263273,1.02298866030701,0.311811138015245,8.95452445270848,0.00276783227263273,FALSE,1951,CLTB,clathrin light chain B
54554,2,1.28060906416716,0.421776962650546,2.13944116568377,0.00347219564192778,0.0904570448940631,0.763596919849974,8.54107993851338,0.00347219564192778,FALSE,1952,WDR5B,WD repeat domain 5B
100528022,-2,-1.11304819486237,-1.84801651739705,-0.378079872327699,0.00299547495961667,0.00190567545395551,0.965180172788632,8.81022254824385,0.00299547495961667,FALSE,1953,,
26747,2,1.32159777673012,0.430980892264302,2.21221466119595,0.00363265211968816,0.593140445677582,0.441207290851646,8.45888132867988,0.00363265211968816,FALSE,1954,NUFIP1,nuclear FMR1 interacting protein 1
57171,-2,-1.14918178839992,-1.91204421495494,-0.386319361844897,0.00315207248759009,0.393329976671228,0.530554197753674,8.7172841358558,0.0031520724875901,FALSE,1955,DOLPP1,dolichyldiphosphatase 1
22894,2,1.09657854940364,0.372789449666635,1.82036764914065,0.00298334806090377,0.0574475695519778,0.810576614810756,8.81762444764996,0.00298334806090377,FALSE,1956,DIS3,"DIS3 homolog, exosome endoribonuclease and 3'-5' exoribonuclease"
25,-2,-1.14069153012481,-1.89769759339851,-0.383685466851107,0.0031433126487787,0.389099083146361,0.532773342344829,8.72235783550509,0.0031433126487787,FALSE,1957,ABL1,"ABL proto-oncogene 1, non-receptor tyrosine kinase"
10732,2,1.25820104975097,0.413593158077439,2.10280894142449,0.00350332448329714,0.103006014642984,0.748251691559438,8.5248353255203,0.00350332448329715,FALSE,1958,TCFL5,transcription factor like 5
51567,-2,-1.19245009637452,-1.98831731002618,-0.396582882722874,0.00331810866624964,0.612025541295622,0.434026175805659,8.6237345544359,0.00331810866624963,FALSE,1959,TDP2,tyrosyl-DNA phosphodiesterase 2
399665,-2,-1.21923142589096,-2.03542971955094,-0.403033132230982,0.00341390647647577,0.0109806263076699,0.916543648444518,8.57190034394235,0.00341390647647577,FALSE,1960,EEIG1,estrogen-induced osteoclastogenesis regulator 1
285848,1,2.86209846313936,0.855717670167577,4.86847925611114,0.00517578182519001,0,1,7.81697277883301,0.00517578182519001,FALSE,1962,PNPLA1,patatin like phospholipase domain containing 1
118429,-2,-1.28931769154592,-2.15890016427312,-0.419735218818733,0.00366068567812375,0.124135507554161,0.724591772475454,8.44489999165877,0.00366068567812375,FALSE,1963,ANTXR2,ANTXR cell adhesion molecule 2
81502,2,1.2394085259499,0.406348579248302,2.07246847265149,0.00354559683572355,0.233883459154911,0.628659133975617,8.50300887425833,0.00354559683572355,FALSE,1964,HM13,histocompatibility minor 13
133522,-2,-1.72788697587801,-2.91899388942183,-0.536780062334191,0.00446582026585966,2.18982361794317,0.138925223598758,8.08398228974959,0.00446582026585967,FALSE,1965,PPARGC1B,PPARG coactivator 1 beta
84154,2,1.13852855204435,0.380134267498376,1.89692283659032,0.00325712774021632,0.406691410485475,0.523653609709006,8.65752854070304,0.00325712774021631,FALSE,1966,RPF2,ribosome production factor 2 homolog
64753,-2,-2.41808229170303,-4.10761791312323,-0.728546670282837,0.00502974769239008,1.92776331617025,0.165003357199446,7.86871163298607,0.00502974769239008,FALSE,1967,CCDC136,coiled-coil domain containing 136
53405,-1,-2.15736020714667,-3.65980766448714,-0.654912749806199,0.0048882529523496,0,1,7.92032355818421,0.00488825295234959,FALSE,1968,CLIC5,chloride intracellular channel 5
122953,-2,-1.09838794804166,-1.82763734532416,-0.369138550759164,0.00315643583670256,1.36036887955909e-05,0.997057154779213,8.71476222672395,0.00315643583670256,FALSE,1969,JDP2,Jun dimerization protein 2
63979,2,1.27856644743321,0.415518718712677,2.14161417615374,0.0036890077332527,0.475169257402195,0.490618631202121,8.43088491042622,0.0036890077332527,FALSE,1970,FIGNL1,fidgetin like 1
23179,-2,-1.22890874005815,-2.0552402360606,-0.402577244055694,0.0035588090984672,0.0600318159209052,0.806445661222832,8.4962412399156,0.0035588090984672,FALSE,1971,RGL1,ral guanine nucleotide dissociation stimulator like 1
27129,-2,-4.18093405171464,-7.13065031720057,-1.23121778622872,0.00546850104602639,6.75465058589539,0.0093503655064215,7.71760115438037,0.0054685010460264,FALSE,1972,HSPB7,heat shock protein family B (small) member 7
4774,-2,-1.11379476214715,-1.85520258704736,-0.372386937246932,0.00323586544100955,0.606447590995111,0.436128498732186,8.66946292777341,0.00323586544100955,FALSE,1973,NFIA,nuclear factor I A
677796,2,1.4791443013356,0.46747801829067,2.49081058438053,0.00416169560593632,0.936386335278188,0.333208919768979,8.21188236247044,0.00416169560593632,FALSE,1974,,
200765,2,1.4027339121918,0.446766473407849,2.35870135097574,0.00402822334815509,0.482431434844145,0.487323035882195,8.27104864460351,0.0040282233481551,FALSE,1975,TIGD1,tigger transposable element derived 1
90407,2,1.25327951467986,0.407277177590852,2.09928185176887,0.00368996180089296,2.13337468720136e-06,0.998834604126518,8.4304147003101,0.00368996180089295,FALSE,1976,TMEM41A,transmembrane protein 41A
112268460,1,1.95773513496664,0.597647146190575,3.31782312374271,0.00478432541221985,0,1,7.95921143118378,0.00478432541221985,FALSE,1977,,
389432,2,1.55274955570204,0.486182616638924,2.61931649476516,0.00432552745203402,0.106127157927219,0.744597141282498,8.14184395161795,0.00432552745203402,FALSE,1978,SAMD5,sterile alpha motif domain containing 5
6256,-2,-1.14603260913097,-1.91369977624261,-0.378365442019333,0.00343367459564982,0.711536270125785,0.398934278748921,8.5613883958909,0.00343367459564982,FALSE,1979,RXRA,retinoid X receptor alpha
30008,-1,-1.84190424499428,-3.11901462331306,-0.564793866675504,0.00470236874036184,0,1,7.99048998119479,0.00470236874036186,FALSE,1980,EFEMP2,EGF containing fibulin extracellular matrix protein 2
7347,2,1.26587248781813,0.40925748873211,2.12248748690415,0.00377520357913609,0.0947353445666267,0.758241314837687,8.38889493622084,0.00377520357913609,FALSE,1981,UCHL3,ubiquitin C-terminal hydrolase L3
1493,1,2.08937204360047,0.633196280083081,3.54554780711786,0.00492000668252165,0,1,7.9086097179244,0.00492000668252164,FALSE,1982,CTLA4,cytotoxic T-lymphocyte associated protein 4
610,-1,-3.05879311261806,-5.21075170018634,-0.906834525049782,0.00533806441003749,0,1,7.76119455530414,0.0053380644100375,FALSE,1983,HCN2,hyperpolarization activated cyclic nucleotide gated potassium and sodium channel 2
105379189,1,2.24315776608487,0.675907110184691,3.81040842198505,0.00502797038888702,0,1,7.8693507061322,0.00502797038888702,FALSE,1984,,
86,2,1.06722686881792,0.357309187302063,1.77714455033377,0.00321460087082217,0.0758442176840537,0.783010258324269,8.68147856408352,0.00321460087082218,FALSE,1985,ACTL6A,actin like 6A
92241,-2,-1.22875383270548,-2.05871669870202,-0.398790966708931,0.00371129493520098,0.0202051319595959,0.886965666053677,8.41993288162438,0.00371129493520097,FALSE,1986,RCSD1,RCSD domain containing 1
51691,2,1.06980078049286,0.357613135170937,1.78198842581479,0.00323866887826007,0.570186159385654,0.450184951089118,8.66788482346068,0.00323866887826007,FALSE,1987,LSM8,"LSM8 homolog, U6 small nuclear RNA associated"
50854,2,1.25469713422676,0.405076993171249,2.10431727528228,0.00379854470737124,0.165599564393882,0.684052597254408,8.37769211393638,0.00379854470737124,FALSE,1988,,
92689,-2,-1.07694367358861,-1.79611050353078,-0.357776843646438,0.00333523522784938,0.139653208548532,0.708626013545138,8.61435696513573,0.00333523522784939,FALSE,1990,FAM114A1,family with sequence similarity 114 member A1
6185,2,1.0990666027334,0.363412278780561,1.83472092668623,0.00340948601645295,0.0025250478901028,0.959923283457398,8.57425944448447,0.00340948601645295,FALSE,1991,RPN2,ribophorin II
8792,-2,-1.24804839974565,-2.09411725437488,-0.401979545116429,0.00383808963680625,0.693638893229972,0.404929409255403,8.35887096746453,0.00383808963680625,FALSE,1992,TNFRSF11A,TNF receptor superfamily member 11a
10051,2,1.08269100768352,0.359165861678079,1.80621615368897,0.00335799357169425,0.286723236901793,0.592328049722155,8.60197116550986,0.00335799357169425,FALSE,1993,SMC4,structural maintenance of chromosomes 4
57619,-2,-1.16871637256726,-1.95680727342383,-0.380625471710692,0.00365414197959423,0.971553776156384,0.324292977114335,8.44815380212604,0.00365414197959422,FALSE,1994,SHROOM3,shroom family member 3
306,2,1.33956298170814,0.424622756645148,2.25450320677113,0.00411015884028108,0.69593161061469,0.404154118092364,8.23449582559854,0.00411015884028108,FALSE,1995,ANXA3,annexin A3
57002,2,1.20370813908686,0.388594556796948,2.01882172137678,0.00379943497263857,0.359170165327333,0.54896746597363,8.37726620914339,0.00379943497263858,FALSE,1996,YAE1,YAE1 maturation factor of ABCE1
25999,-2,-2.30618261528948,-3.92233839867344,-0.690026831905527,0.00516143992385625,2.50836180586213,0.113243596825268,7.82198769894315,0.00516143992385626,FALSE,1997,CLIP3,CAP-Gly domain containing linker protein 3
8476,-2,-1.01801078135123,-1.69591638596964,-0.340105176732811,0.00324756934131798,0.00776220663760308,0.929794505150061,8.66288378033859,0.00324756934131798,FALSE,1998,CDC42BPA,CDC42 binding protein kinase alpha
22934,2,1.03943313718316,0.345458172215266,1.73340810215105,0.00332874522350022,0.0526852317235215,0.81845495652686,8.61790477256473,0.00332874522350022,FALSE,1999,RPIA,ribose 5-phosphate isomerase A
2584,2,1.19030237731049,0.383938535218408,1.99666621940258,0.00381371634189004,0.131278814432701,0.717109787835706,8.37044781300805,0.00381371634189004,FALSE,2000,GALK1,galactokinase 1
27346,2,1.3110548861911,0.414835380752864,2.20727439162934,0.00414150723129872,0.153593765436029,0.695124414784794,8.2207065454463,0.00414150723129872,FALSE,2002,TMEM97,transmembrane protein 97
100529097,2,1.16479718684054,0.376326698646821,1.95326767503426,0.0037864033992176,0.029571482329107,0.8634661396909,8.38351069762735,0.0037864033992176,FALSE,2003,RPL36A-HNRNPH2,RPL36A-HNRNPH2 readthrough
6357,-2,-1.76888872309706,-2.99885604523542,-0.538921400958691,0.00482125409785652,0.990493383119366,0.319621817245291,7.9452956474334,0.00482125409785653,FALSE,2004,CCL13,C-C motif chemokine ligand 13
57178,-2,-1.16788080318894,-1.95900664044548,-0.376754965932397,0.00381155730951909,0.224389461664208,0.635715530845485,8.37147693808488,0.0038115573095191,FALSE,2005,ZMIZ1,zinc finger MIZ-type containing 1
324,-2,-1.10593207000751,-1.85124612361382,-0.360618016401208,0.00363414876201098,0.246561418686151,0.619506763440958,8.45813213138296,0.00363414876201098,FALSE,2006,APC,APC regulator of WNT signaling pathway
55732,2,1.36817829831006,0.42958664594581,2.30676995067431,0.0042763161893063,1.20336195761875,0.27265076524121,8.16259412458309,0.0042763161893063,FALSE,2007,FIRRM,FIGNL1 interacting regulator of recombination and mitosis
467,-2,-1.73005788825999,-2.9322637594286,-0.527852017091377,0.00479452073931684,1.51331052220269,0.218634624204731,7.95535863567714,0.00479452073931684,FALSE,2008,ATF3,activating transcription factor 3
9728,-2,-1.18644472796571,-1.99163433387657,-0.38125512205484,0.00387697798881314,0.00689897595340892,0.93380377214563,8.34055371710501,0.00387697798881314,FALSE,2009,SECISBP2L,SECIS binding protein 2 like
10322,2,1.00270240512944,0.333340567467838,1.67206424279105,0.00332451512486847,0.0879934227378605,0.766743771696376,8.62022097302655,0.00332451512486846,FALSE,2010,SMYD5,SMYD family member 5
253714,2,1.25990651001931,0.399790828743537,2.12002219129507,0.00409206734420972,0.0971622596043321,0.755261981420386,8.2425025607726,0.00409206734420972,FALSE,2011,MMS22L,"MMS22 like, DNA repair protein"
84706,2,1.30770740116466,0.411937270805068,2.20347753152426,0.00421918997922811,0.0189479670835011,0.890515760977256,8.18698871990879,0.00421918997922811,FALSE,2012,GPT2,glutamic--pyruvic transaminase 2
51332,2,1.44711145203256,0.449193491252927,2.4450294128122,0.00448028262347262,0.132822676439161,0.715523157728423,8.0781230524176,0.00448028262347262,FALSE,2013,SPTBN5,"spectrin beta, non-erythrocytic 5"
253650,2,1.45016436547611,0.449975320110504,2.45035341084172,0.00448690921743559,0.191900636969819,0.66133941942714,8.0754448041612,0.00448690921743559,FALSE,2014,ANKRD18A,ankyrin repeat domain 18A
9218,-2,-1.11716770213051,-1.8730745950523,-0.361260809208719,0.00377153174335925,0.0283523683378406,0.866283070546072,8.39066368381862,0.00377153174335926,FALSE,2015,VAPA,VAMP associated protein A
3742,-1,-2.25531745173529,-3.83852317616045,-0.672111727310129,0.0052380227571768,0,1,7.79537191491264,0.0052380227571768,FALSE,2016,KCNA6,potassium voltage-gated channel subfamily A member 6
5801,-1,-2.29987275330908,-3.9154820946866,-0.684263411931565,0.00526961824640969,0,1,7.7845065287783,0.0052696182464097,FALSE,2017,PTPRR,protein tyrosine phosphatase receptor type R
51088,-2,-1.31126185284968,-2.2111128575853,-0.41141084811406,0.00428937753059207,0.746461548815911,0.387598842962856,8.15706314154685,0.00428937753059207,FALSE,2018,KLHL5,kelch like family member 5
54776,-2,-1.10524936462349,-1.85326903097736,-0.357229698269618,0.00377978170785794,0.221275066319114,0.638070094568824,8.38669207068937,0.00377978170785793,FALSE,2019,PPP1R12C,protein phosphatase 1 regulatory subunit 12C
126432,2,1.42916508292867,0.442898881599736,2.41543128425761,0.00450968919202586,0.126883728077265,0.721685233443203,8.0662685221873,0.00450968919202586,FALSE,2020,RINL,Ras and Rab interactor like
402317,2,1.71564444164449,0.520376293504148,2.91091258978483,0.00490418210417425,1.0597327061643,0.30327615638641,7.91443769040114,0.00490418210417425,FALSE,2021,OR2A42,olfactory receptor family 2 subfamily A member 42
90417,2,1.16430744919749,0.3710347789081,1.95758011948688,0.00401868398541873,0.0027146550473404,0.958447139168426,8.27535340272727,0.00401868398541873,FALSE,2022,KNSTRN,kinetochore localized astrin (SPAG5) binding protein
23321,2,1.16436946841676,0.371004723342856,1.95773421349066,0.00402098491018596,0.0281539161429662,0.866747476934067,8.27431413053387,0.00402098491018596,FALSE,2023,TRIM2,tripartite motif containing 2
9929,-2,-1.19648952680771,-2.01396344220656,-0.37901561140887,0.00412180124750012,1.04998476721416,0.305510595134233,8.22936220170393,0.00412180124750013,FALSE,2024,JOSD1,Josephin domain containing 1
147841,2,1.34502808081199,0.418073120658272,2.27198304096571,0.00445590899586303,0.42235568695572,0.51576393666864,8.0880088808381,0.00445590899586302,FALSE,2025,SPC24,SPC24 component of NDC80 kinetochore complex
7574,2,1.11943755349217,0.357984296807004,1.88089081017734,0.00395903152452959,0.0895878746274265,0.764701742845708,8.30251041523127,0.00395903152452959,FALSE,2026,ZNF26,zinc finger protein 26
55213,2,1.15191264665412,0.366340111030003,1.93748518227824,0.00405354978267453,0.00859450318138222,0.926136698553795,8.25966990746147,0.00405354978267454,FALSE,2027,RCBTB1,RCC1 and BTB domain containing protein 1
10465,2,1.15951777010498,0.368250243314935,1.95078529689502,0.00407731729900498,0.607859412835531,0.435594919258866,8.24905717674131,0.00407731729900498,FALSE,2028,PPIH,peptidylprolyl isomerase H
908,2,1.05760940555595,0.341521998795794,1.77369681231611,0.00379490450114091,0.46029237077392,0.4974873650152,8.3794346533374,0.00379490450114092,FALSE,2029,CCT6A,chaperonin containing TCP1 subunit 6A
92840,2,1.68524605241969,0.510026065535167,2.86046603930422,0.00494559839367525,1.29909099063682,0.254379331384625,7.89922494482397,0.00494559839367525,FALSE,2030,REEP6,receptor accessory protein 6
5591,2,1.02389030441271,0.332540921954005,1.71523968687142,0.0036994672120957,0.182836143588393,0.668947148194441,8.42573672077185,0.0036994672120957,FALSE,2031,PRKDC,"protein kinase, DNA-activated, catalytic subunit"
26996,2,1.22696857219771,0.38510602024449,2.06883112415093,0.00428285783200064,0.141042947633487,0.707246374843432,8.15982184052483,0.00428285783200064,FALSE,2032,GPR160,G protein-coupled receptor 160
23246,2,1.15966909170932,0.367286853985789,1.95205132943285,0.00412487034095394,0.0315145235255227,0.859097361847742,8.22801136785589,0.00412487034095394,FALSE,2033,BOP1,BOP1 ribosomal biogenesis factor
643988,1,1.75037977781126,0.527335445652915,2.97342410996961,0.00503112228147707,0,1,7.86821752349606,0.00503112228147707,FALSE,2034,FNDC10,fibronectin type III domain containing 10
154661,-2,-1.70249477290735,-2.89110999511757,-0.513879550697119,0.00499549171858828,1.12618270999586,0.288591040831561,7.88106992426342,0.00499549171858828,FALSE,2035,RUNDC3B,RUN domain containing 3B
5688,2,1.10521370688824,0.352793860159393,1.85763355361708,0.00399001683685318,0.0076043774583042,0.93051008984659,8.28835266616116,0.00399001683685319,FALSE,2036,PSMA7,proteasome 20S subunit alpha 7
5228,2,1.62769641251108,0.493059135869038,2.76233368915312,0.00492849370365354,0.869482663849179,0.351098568959849,7.90549192909977,0.00492849370365354,FALSE,2037,PGF,placental growth factor
93010,-1,-2.44841537755308,-4.17499323770602,-0.721837517400135,0.00544637446132918,0,1,7.72492094490628,0.00544637446132919,FALSE,2038,B3GNT7,"UDP-GlcNAc:betaGal beta-1,3-N-acetylglucosaminyltransferase 7"
406975,-1,-1.81782031966177,-3.090482834193,-0.54515780513054,0.00511763798141155,0,1,7.83739227552896,0.00511763798141155,FALSE,2039,,
22982,-2,-1.46891794094016,-2.48865382907313,-0.449182052807187,0.00475312097914614,1.42248762717477,0.232994385470038,7.971055712595,0.00475312097914613,FALSE,2040,DIP2C,disco interacting protein 2 homolog C
723790,2,1.21514175151587,0.380523545914364,2.04975995711737,0.00432322095653511,0.740191760302451,0.389599457380685,8.14281111708909,0.00432322095653511,FALSE,2041,H2AC19,H2A clustered histone 19
109617010,1,2.11431459075234,0.627257755413307,3.60137142609137,0.00532478407761916,0,1,7.76569376730221,0.00532478407761916,FALSE,2042,,
4337,-2,-1.25953048119678,-2.12692451189663,-0.392136450496933,0.00442672312354088,0.0235755320968333,0.877969879718659,8.09991922691937,0.00442672312354088,FALSE,2043,MOCS1,molybdenum cofactor synthesis 1
27314,-2,-1.29230630318256,-2.18381059949001,-0.400802006875113,0.00449548986187227,0.165492431061785,0.68414929747959,8.07198277183845,0.00449548986187228,FALSE,2044,RAB30,"RAB30, member RAS oncogene family"
8659,2,1.31364509908472,0.406270169384727,2.22102002878472,0.00454650945738147,0.637413349648035,0.424649015729388,8.05153583754124,0.00454650945738149,FALSE,2045,ALDH4A1,aldehyde dehydrogenase 4 family member A1
6502,2,1.05290039913713,0.337139278255915,1.76866152001834,0.0039371958337983,0.168232595747289,0.681687356104999,8.3125554205301,0.0039371958337983,FALSE,2046,SKP2,S-phase kinase associated protein 2
6786,-2,-1.09106834423357,-1.83518353268012,-0.346953155787027,0.0040553734624896,0.0385335682771472,0.844375604048192,8.25885335327708,0.00405537346248961,FALSE,2047,STIM1,stromal interaction molecule 1
4092,-2,-1.08895734293481,-1.8318372591599,-0.346077426709722,0.00406553971220042,0.0134404087027709,0.907705818818574,8.25430824279445,0.00406553971220043,FALSE,2048,SMAD7,SMAD family member 7
56164,1,2.46850381104487,0.725777684141406,4.21122993794833,0.00549962011306088,0,1,7.70735746291453,0.00549962011306088,FALSE,2049,STK31,serine/threonine kinase 31
136895,-2,-1.21167261723386,-2.04568165377094,-0.377663580696774,0.0044065096908973,0.285443993337807,0.593155029474985,8.10821500130303,0.0044065096908973,FALSE,2050,SPMIP4,sperm microtubule inner protein 4
9223,-2,-1.16471191391606,-1.96472228697017,-0.364701540861954,0.00432466855977098,0.225834661793451,0.634629713276542,8.1422040431096,0.00432466855977098,FALSE,2051,MAGI1,"membrane associated guanylate kinase, WW and PDZ domain containing 1"
54915,2,1.0612695855762,0.337415695386659,1.78512347576574,0.00405851643413579,0.0817354730400334,0.774959183692353,8.25744696157441,0.00405851643413578,FALSE,2052,YTHDF1,YTH N6-methyladenosine RNA binding protein F1
390927,-2,-1.49110545760747,-2.52975973235766,-0.452451182857282,0.0048967363018109,0.239932193804413,0.624255092256497,7.91718650779104,0.0048967363018109,FALSE,2053,ZNF793,zinc finger protein 793
23160,2,1.09831488354768,0.346635354694636,1.84999441240073,0.00418596120458515,0.170803513263963,0.679398685161652,8.20133352959138,0.00418596120458515,FALSE,2054,WDR43,WD repeat domain 43
2963,2,1.21406717720256,0.37701104646842,2.05112330793669,0.00447283802434623,0.0565787567825826,0.811987435164448,8.08113672640851,0.00447283802434623,FALSE,2055,GTF2F2,general transcription factor IIF subunit 2
27304,2,1.14653308400919,0.358070194889963,1.93499597312842,0.00437115036573355,0.0107566568051163,0.91739607511244,8.12282038752874,0.00437115036573355,FALSE,2056,MOCS3,molybdenum cofactor synthesis 3
645402,2,1.64607669221884,0.493278833891877,2.7988745505458,0.00513204079021865,0.659457489721013,0.416751535144604,7.83231221448319,0.00513204079021865,FALSE,2057,USP17L4,ubiquitin specific peptidase 17 like family member 4
9533,2,1.05452083282248,0.33321319381184,1.77582847183311,0.00416504776345748,0.37711891942959,0.53914918938932,8.21042137881877,0.00416504776345748,FALSE,2058,POLR1C,RNA polymerase I and III subunit C
284307,-2,-1.58091622834407,-2.68682474132269,-0.475007715365455,0.00508177409263057,0.768386674882309,0.380716610528475,7.85010552688913,0.00508177409263057,FALSE,2059,ZIK1,zinc finger protein interacting with K protein 1
51134,2,1.17958050640477,0.366168455021367,1.99299255778818,0.00447937737817834,0.577049747869607,0.447471054606831,8.07848923548124,0.00447937737817835,FALSE,2060,CEP83,centrosomal protein 83
7871,-2,-1.1898778021415,-2.01140578626236,-0.368349818020644,0.00452897491208168,0.021525236432291,0.883357125838293,8.05853662346854,0.00452897491208168,FALSE,2061,SLMAP,sarcolemma associated protein
79080,2,1.19234453831317,0.368438989758419,2.01625008686793,0.00456206418364755,1.10858722527583,0.292389260681192,8.04534848295441,0.00456206418364755,FALSE,2062,CCDC86,coiled-coil domain containing 86
131408,-2,-1.19911042731129,-2.02840230016593,-0.369818554456653,0.0045969317539813,0.524274102126667,0.469024144434686,8.03155656965236,0.0045969317539813,FALSE,2063,FAM131A,family with sequence similarity 131 member A
94121,-2,-1.37019625624473,-2.32442949552803,-0.415963016961435,0.00488777350076205,1.21263171431472,0.270811543236432,7.92050101973206,0.00488777350076206,FALSE,2064,SYTL4,synaptotagmin like 4
100533181,-2,-2.66170609063086,-4.54694916059502,-0.776463020666696,0.00565397393002748,3.14586972365002,0.0761194099568606,7.65740597343837,0.0056539739300275,FALSE,2065,FXYD6-FXYD2,FXYD6-FXYD2 readthrough
79654,-2,-1.01508340741119,-1.70960542712986,-0.320561387692523,0.00417537925128907,0.898599583200805,0.343157492066986,8.20592608343916,0.00417537925128907,FALSE,2066,HECTD3,HECT domain E3 ubiquitin protein ligase 3
149111,1,2.43884444873722,0.71291584562285,4.16477305185159,0.0056133615954311,0,1,7.67041272470824,0.00561336159543111,FALSE,2067,CNIH3,cornichon family AMPA receptor auxiliary protein 3
84302,-2,-1.48647167537796,-2.52575547097678,-0.447187879779139,0.00505815852100565,0.0573095697643072,0.810799948432369,7.85852694578089,0.00505815852100565,FALSE,2068,PGAP4,post-GPI attachment to proteins GalNAc transferase 4
340146,1,3.12855079683933,0.908053274606789,5.34904831907187,0.00575410414952186,0,1,7.62574042086608,0.00575410414952187,FALSE,2069,SLC35D3,solute carrier family 35 member D3
1265,2,1.13233413528012,0.351358629444471,1.91330964111576,0.00448672034587379,0.719488073249395,0.396311881747162,8.07552108397048,0.00448672034587379,FALSE,2070,CNN2,calponin 2
285973,1,2.03147149008793,0.598177181564557,3.4647657986113,0.00547040885363043,0,1,7.71697143908773,0.00547040885363043,FALSE,2071,ATG9B,autophagy related 9B
10099,-2,-1.17411760553839,-1.98590437680439,-0.3623308342724,0.00458587882027218,0.352645451317988,0.552619410953511,8.03591700614322,0.00458587882027218,FALSE,2072,TSPAN3,tetraspanin 3
57453,-1,-2.26029988943209,-3.85846403108223,-0.662135747781947,0.00557135316626047,0,1,7.68396796253954,0.00557135316626047,FALSE,2073,DSCAML1,DS cell adhesion molecule like 1
55003,2,1.09302937435323,0.340475642159911,1.84558310654654,0.00441743256310726,0.0303576273223573,0.861681249038977,8.10372735651732,0.00441743256310726,FALSE,2074,PAK1IP1,PAK1 interacting protein 1
283417,-2,-1.58562660384791,-2.69755367950157,-0.473699528194246,0.00519091208144603,0.297812783967299,0.585256868854228,7.81169752467484,0.00519091208144602,FALSE,2075,DPY19L2,dpy-19 like 2
4061,2,1.40095378660694,0.422727684905903,2.37917988830797,0.00500150338779491,1.12219976075024,0.289445281189139,7.8788949003039,0.00500150338779491,FALSE,2076,LY6E,lymphocyte antigen 6 family member E
51633,2,1.16252500083998,0.358220779990501,1.96682922168945,0.00461289431456794,0.0200417386390294,0.887420574983638,8.02527806960981,0.00461289431456793,FALSE,2077,OTUD6B,OTU deubiquitinase 6B
51082,2,1.15964051696671,0.356971792413507,1.96230924151992,0.00463127012970045,0.205487266633681,0.650327668843778,8.01807771186597,0.00463127012970046,FALSE,2078,POLR1D,RNA polymerase I and III subunit D
340273,-1,-2.79844568561645,-4.78416755679692,-0.812723814435983,0.00574228798786586,0,1,7.6294478348543,0.00574228798786586,FALSE,2079,ABCB5,ATP binding cassette subfamily B member 5
1187,-1,-2.25517600704875,-3.8510233183407,-0.659328695756803,0.00561030393958212,0,1,7.67139586957662,0.0056103039395821,FALSE,2080,CLCNKA,chloride voltage-gated channel Ka
5332,2,1.59809449140249,0.475958148042402,2.72023083476258,0.00524984563549932,1.46675211377983,0.225858836921545,7.79129833769948,0.00524984563549932,FALSE,2081,PLCB4,phospholipase C beta 4
79789,-2,-1.21539308459614,-2.05932174368603,-0.371464425506253,0.00476265217512132,0.0691332814186672,0.792602925731609,7.96742957037507,0.00476265217512132,FALSE,2082,CLMN,calmin
29851,1,1.99467594985456,0.585781876403932,3.40357002330519,0.00552243648446658,0,1,7.69988431371144,0.00552243648446659,FALSE,2084,ICOS,inducible T cell costimulator
5901,2,1.06675609319518,0.331351752441269,1.80216043394909,0.00446817317314622,0.0940403939765589,0.759102131414127,8.0830277249641,0.00446817317314623,FALSE,2085,RAN,"RAN, member RAS oncogene family"
3832,2,1.84434866932257,0.543615424580396,3.14508191406475,0.00545111340153703,2.03387639717317,0.15382782359088,7.7233506873907,0.00545111340153703,FALSE,2086,KIF11,kinesin family member 11
7869,-2,-1.43658611161912,-2.44234812824882,-0.430824094989424,0.00511776753453199,0.0819697403266897,0.774645615858553,7.83734651551893,0.00511776753453199,FALSE,2087,SEMA3B,semaphorin 3B
51649,2,1.10300593684083,0.340740103761663,1.86527176992,0.00456700612876062,0.0038809471271997,0.950326119879611,8.04338717374008,0.00456700612876063,FALSE,2088,MRPS23,mitochondrial ribosomal protein S23
5154,-2,-1.25329674050397,-2.12564596227483,-0.380947518733102,0.00486463060767852,0.0309920137001966,0.860258206533751,7.92908815761797,0.00486463060767853,FALSE,2089,PDGFA,platelet derived growth factor subunit A
83667,-2,-1.13860568295489,-1.92776285357553,-0.349448512334238,0.00468602696143363,0.133542225783279,0.714787243198706,7.9967931447718,0.00468602696143363,FALSE,2090,SESN2,sestrin 2
116238,2,1.12941977901709,0.346891870752727,1.91194768728145,0.00467215548089168,0.494536375327497,0.481910679639221,8.00216108618219,0.00467215548089168,FALSE,2091,TLCD1,TLC domain containing 1
5358,2,1.12621865501877,0.345936195310573,1.90650111472697,0.00467069908016989,1.11714183664377,0.290534723838862,8.00272562085039,0.0046706990801699,FALSE,2092,PLS3,plastin 3
7168,-2,-2.30281771823372,-3.93489338763442,-0.670742048833032,0.00568425961776174,2.91690947507888,0.0876556019685201,7.6477683677046,0.00568425961776174,FALSE,2093,TPM1,tropomyosin 1
55333,-2,-1.04466082590591,-1.76533842455676,-0.323983227255053,0.00449620330869961,0.825926500091534,0.363453074955365,8.0716952205238,0.00449620330869961,FALSE,2094,SYNJ2BP,synaptojanin 2 binding protein
9949,2,1.06623987006213,0.329442688648465,1.8030370514758,0.00456368574588325,0.823435264684194,0.364177685937516,8.04470469533221,0.00456368574588325,FALSE,2095,AMMECR1,AMMECR nuclear protein 1
818,-2,-1.19944897121744,-2.03419541454725,-0.364702527887617,0.00485838348603451,0.0490631441263821,0.824701565225157,7.93141327770097,0.00485838348603452,FALSE,2096,CAMK2G,calcium/calmodulin dependent protein kinase II gamma
1017,2,1.11208012817788,0.341034866432575,1.88312538992319,0.00470068757609505,0.0302824521742778,0.861850891922993,7.99113739019017,0.00470068757609505,FALSE,2097,CDK2,cyclin dependent kinase 2
10991,1,2.76317580486371,0.799725268530635,4.72662634119679,0.00581083300391813,0,1,7.60804875600747,0.00581083300391813,FALSE,2098,SLC38A3,solute carrier family 38 member 3
4913,2,1.15042189462184,0.350769533037335,1.95007425620635,0.00480674949548412,0.234744462396725,0.628027979952345,7.95074840478584,0.00480674949548411,FALSE,2099,NTHL1,nth like DNA glycosylase 1
10066,-2,-1.0422880713611,-1.76275913896303,-0.321817003759175,0.00457636844754323,0.0768045451059594,0.78167542702111,8.03967746989011,0.00457636844754324,FALSE,2100,SCAMP2,secretory carrier membrane protein 2
388567,2,1.21633293280574,0.368106446260456,2.06455941935102,0.00494594786322391,0.00535015761224095,0.941690914467256,7.89909713307359,0.00494594786322391,FALSE,2101,ZNF749,zinc finger protein 749
84524,2,1.33994613087262,0.401470647148825,2.27842161459641,0.00513536964402865,1.1467169852553,0.284237455566114,7.83114015101655,0.00513536964402865,FALSE,2102,ZC3H8,zinc finger CCCH-type containing 8
2648,2,1.21186009497299,0.366049546098474,2.0576706438475,0.00498198326161754,0.0447439086289344,0.832475628960034,7.88596703436576,0.00498198326161753,FALSE,2103,KAT2A,lysine acetyltransferase 2A
54855,-2,-1.39129341191571,-2.36782239932591,-0.414764424505509,0.00523144245186309,1.07001617575947,0.300941792110732,7.79764322331935,0.00523144245186309,FALSE,2104,TENT5C,terminal nucleotidyltransferase 5C
51660,-2,-1.10751890629098,-1.87778068831526,-0.337257124266695,0.0048304378284634,0.0757130375600981,0.783193299862898,7.94185181442237,0.0048304378284634,FALSE,2105,MPC1,mitochondrial pyruvate carrier 1
136853,2,1.50170315574065,0.444415668365514,2.55899064311578,0.00537250247634772,0.0149774453877974,0.902596197337775,7.74958031980001,0.00537250247634772,FALSE,2106,SSC4D,scavenger receptor cysteine rich family member with 4 domains
160897,2,1.3480768355568,0.401954507191475,2.29419916392213,0.00522793288610227,0.989726229457852,0.319809295607362,7.79885580286857,0.00522793288610228,FALSE,2107,GPR180,G protein-coupled receptor 180
10592,2,1.12675905079538,0.341742327652838,1.91177577393793,0.00490514989344221,0.518737456759997,0.47138074441118,7.91408071735885,0.00490514989344221,FALSE,2108,SMC2,structural maintenance of chromosomes 2
80727,2,1.28248233486145,0.383844282105507,2.18112038761738,0.00515567002080274,0.00479834408733146,0.944774640616399,7.82400926336331,0.00515567002080276,FALSE,2109,TTYH3,tweety family member 3
51280,-2,-1.19368763934377,-2.0277266184242,-0.359648660263331,0.00502968471235765,0.436468878340989,0.508831719928065,7.86873427507129,0.00502968471235764,FALSE,2110,GOLM1,golgi membrane protein 1
196968,-1,-1.94913908484426,-3.33061502506886,-0.567663144619663,0.0056864536566424,0,1,7.64707220949939,0.00568645365664241,FALSE,2111,,
2702,-1,-1.82806458748021,-3.12248103210909,-0.533648142851332,0.00564019858959179,0,1,7.66180703870418,0.00564019858959179,FALSE,2112,GJA5,gap junction protein alpha 5
6367,2,1.61919577290259,0.475516518462644,2.76287502734254,0.00552231617769574,2.33171540858586e-05,0.996147202840469,7.69992363570814,0.00552231617769575,FALSE,2113,CCL22,C-C motif chemokine ligand 22
1662,2,1.02886607090361,0.31412002096342,1.7436121208438,0.00478237324302102,0.0181313547268022,0.892886457417481,7.95995010633081,0.00478237324302102,FALSE,2114,DDX10,DEAD-box helicase 10
65983,-2,-1.42192749553255,-2.42372805924189,-0.420126931823221,0.00540387484400108,1.46261127950293,0.226515095496191,7.73906586640949,0.00540387484400108,FALSE,2116,GRAMD2B,GRAM domain containing 2B
692227,1,1.91032490889828,0.555155372759601,3.26549444503696,0.00572941873633761,0,1,7.63349452704858,0.00572941873633759,FALSE,2117,,
9047,2,1.46468684439886,0.431038273490673,2.49833541530705,0.00548156148438143,0.517639927164797,0.471850161810089,7.71329473437299,0.00548156148438143,FALSE,2118,SH2D2A,SH2 domain containing 2A
6364,2,2.63917594775888,0.760024221070837,4.51832767444693,0.00591109456306679,3.10543483233149,0.0780313912866477,7.57720743061109,0.0059110945630668,FALSE,2119,CCL20,C-C motif chemokine ligand 20
4781,-2,-1.11026874535949,-1.8866311606162,-0.333906330102769,0.0050641215588885,0.680234297556541,0.409506056285465,7.85639672422854,0.0050641215588885,FALSE,2120,NFIB,nuclear factor I B
151507,1,1.78132808458402,0.518640713009642,3.0440154561584,0.00569216476536008,0,1,7.64526138546521,0.00569216476536009,FALSE,2121,,
5925,2,1.0376193088951,0.314077156324792,1.7611614614654,0.00494260954318502,0.112126170250345,0.737736384889424,7.90031843532532,0.00494260954318503,FALSE,2122,RB1,RB transcriptional corepressor 1
840,-2,-2.00736115523666,-3.43326892801261,-0.581453382460713,0.00579442000721261,2.92354122164037,0.0872960916735863,7.61314919609646,0.00579442000721261,FALSE,2123,CASP7,caspase 7
92659,1,2.302374089926,0.66407567597701,3.94067250387499,0.00587953433688066,0,1,7.58685770724074,0.00587953433688068,FALSE,2124,,
545,2,1.01034008940588,0.305624963532197,1.71505521527956,0.00495457193838705,0.481365895085577,0.487804272860019,7.89594595582605,0.00495457193838705,FALSE,2125,ATR,ATR serine/threonine kinase
10212,2,1.04556807114538,0.314714283520561,1.7764218587702,0.00504811002476369,0.00206993692777948,0.963711517169427,7.86212244332078,0.00504811002476369,FALSE,2126,DDX39A,DExD-box helicase 39A
85377,-2,-1.13887083209208,-1.9387407626158,-0.339000901568363,0.00526045969271858,0.0525785188012745,0.818635704671472,7.78764921825405,0.00526045969271858,FALSE,2127,MICALL1,MICAL like 1
83478,-2,-1.31082258099419,-2.23588349996132,-0.385761662027054,0.00548137724341515,0.220866374388472,0.638380576029256,7.71335541138866,0.00548137724341515,FALSE,2128,ARHGAP24,Rho GTPase activating protein 24
9330,2,1.00794621742053,0.303116298013891,1.71277613682718,0.00506519418468326,0.0533961036443,0.817255783568839,7.85601381319588,0.00506519418468326,FALSE,2129,GTF3C3,general transcription factor IIIC subunit 3
55110,2,1.12101900540626,0.333693000259937,1.90834501055258,0.00526011723192092,0.271088025227805,0.602602847962047,7.78776683927377,0.00526011723192092,FALSE,2130,MAGOHB,"mago homolog B, exon junction complex subunit"
25888,2,1.05149804269428,0.31450693039338,1.78848915499517,0.00516805323462324,0.0267622587720591,0.870052544315506,7.81967346608378,0.00516805323462324,FALSE,2131,ZNF473,zinc finger protein 473
135293,2,1.17952594285147,0.349337660219854,2.00971422548308,0.00535766598535693,0.745932671883767,0.387767034165922,7.75457459266688,0.00535766598535692,FALSE,2132,PM20D2,peptidase M20 domain containing 2
9712,2,1.07068193186576,0.319369516887,1.82199434684452,0.0052203978117995,0.0498854381964476,0.823262739798432,7.80146202930827,0.00522039781179951,FALSE,2133,USP6NL,USP6 N-terminal like
9188,2,1.13578284700225,0.337046661996623,1.93451903200787,0.00531952467709635,0.000410383233187022,0.983837625630135,7.76747875005134,0.00531952467709634,FALSE,2134,DDX21,DExD-box helicase 21
26050,-1,-2.44155251730689,-4.18210277018859,-0.701002264425186,0.00597163960657789,0,1,7.55884063849931,0.00597163960657788,FALSE,2135,SLITRK5,SLIT and NTRK like family member 5
137695,2,1.11166200993701,0.330060325045151,1.89326369482887,0.0053094895474698,3.866500611985e-05,0.995038690681656,7.77088955954936,0.00530948954746979,FALSE,2136,TMEM68,transmembrane protein 68
284716,-2,-1.26692000513499,-2.16148029783383,-0.372359712436152,0.00550666157844835,0.00655999967468326,0.935446863374193,7.70504777235175,0.00550666157844836,FALSE,2138,RIMKLA,ribosomal modification protein rimK like family member A
3014,2,1.11794453409206,0.331499194594175,1.90438987358995,0.00533431341505082,0.0405088670740153,0.840488907763238,7.76246418855246,0.00533431341505083,FALSE,2139,H2AX,H2A.X variant histone
24140,2,1.00313503034279,0.299992328193849,1.70627773249172,0.00517117359538086,0.379856900055216,0.537679830959362,7.81858258860832,0.00517117359538085,FALSE,2140,FTSJ1,FtsJ RNA 2'-O-methyltransferase 1
23216,-2,-1.356245860682,-2.31598600216344,-0.396505719200568,0.00561078068976731,0.829727888358145,0.362351224718077,7.67124254151988,0.00561078068976732,FALSE,2141,TBC1D1,TBC1 domain family member 1
124936,-2,-1.10481455097784,-1.88217648527014,-0.327452616685548,0.0053433564512461,0.132362327605802,0.715995161765082,7.75940485608043,0.00534335645124611,FALSE,2142,CYB5D2,cytochrome b5 domain containing 2
51750,2,1.26966218451081,0.372227580229911,2.1670967887917,0.00555600014253951,0.000697493092347182,0.978930242699789,7.68894808463645,0.00555600014253951,FALSE,2143,RTEL1,regulator of telomere elongation helicase 1
51126,2,1.20551502390402,0.353242235171584,2.05778781263646,0.00556596699455611,0.214202844446302,0.643493013172769,7.68571350134378,0.00556596699455612,FALSE,2144,NAA20,"N-alpha-acetyltransferase 20, NatB catalytic subunit"
9283,-1,-2.06171266014338,-3.53167401963124,-0.591751300655519,0.00597825000271997,0,1,7.55684683999186,0.00597825000271996,FALSE,2146,GPR37L1,G protein-coupled receptor 37 like 1
92675,2,1.13746976432673,0.333921665672908,1.94101786298054,0.00552960324375981,0.204303743933973,0.651269186501499,7.69754344914394,0.00552960324375983,FALSE,2147,DTD1,D-aminoacyl-tRNA deacylase 1
9737,-1,-2.1593681957115,-3.69980356438227,-0.618932827040729,0.00600589133801137,0,1,7.54853407927746,0.00600589133801138,FALSE,2148,GPRASP1,G protein-coupled receptor associated sorting protein 1
2169,-2,-1.62939329663915,-2.78852853185355,-0.470258061424756,0.00586713075999961,0.885104837393046,0.346807307133572,7.59066486446393,0.00586713075999961,FALSE,2149,FABP2,fatty acid binding protein 2
10301,2,1.41274978631162,0.40980627310838,2.41569329951486,0.00576578183619161,0.327625994416449,0.567060343692211,7.6220840762031,0.00576578183619161,FALSE,2150,,
388581,-1,-1.81129182275215,-3.10185185502042,-0.520731790483877,0.00594507430294008,0,1,7.56687592051623,0.00594507430294008,FALSE,2151,C1QTNF12,C1q and TNF related 12
30001,2,1.14635095208623,0.335806584953761,1.95689531921871,0.0055717767932903,0.0706766805956524,0.790354070336885,7.68383074741774,0.0055717767932903,FALSE,2152,ERO1A,endoplasmic reticulum oxidoreductase 1 alpha
8850,-2,-1.15725435911196,-1.97575423094355,-0.338754487280364,0.00558605859348439,0.151408230868118,0.697193218674932,7.67921100849185,0.0055860585934844,FALSE,2153,KAT2B,lysine acetyltransferase 2B
3632,-2,-1.08404871597877,-1.84961597291431,-0.318481459043243,0.00551469026410924,0.489588442992289,0.484110948041978,7.70241793258078,0.00551469026410925,FALSE,2154,INPP5A,inositol polyphosphate-5-phosphatase A
4224,-2,-1.43916163771255,-2.4618478457522,-0.416475429672894,0.00581324711241277,0.493676734907867,0.48229176544089,7.60729979682587,0.00581324711241277,FALSE,2155,MEP1A,meprin A subunit alpha
25802,-2,-4.48667482064663,-7.69793919270253,-1.27541044859073,0.00617392429809555,9.89010955650882,0.00166169475923341,7.49882552491735,0.00617392429809555,FALSE,2156,LMOD1,leiomodin 1
57184,-2,-1.1844810063949,-2.02379761140515,-0.345164401384652,0.00567505286893894,0.000737841219046086,0.978329540810577,7.65069261669697,0.00567505286893895,FALSE,2157,FAM219B,family with sequence similarity 219 member B
5099,-2,-2.27449565176905,-3.89910619404144,-0.649885109496661,0.00606957390785952,2.19012356329378,0.138898172429641,7.52953002919612,0.00606957390785952,FALSE,2158,PCDH7,protocadherin 7
57659,-2,-1.10201919935132,-1.88209872505997,-0.321939673642663,0.00562556906094194,0.702997494359207,0.401778322034642,7.66649302668564,0.00562556906094194,FALSE,2159,ZBTB4,zinc finger and BTB domain containing 4
100132154,1,2.20776373744187,0.63053860441143,3.78498887047231,0.00607856700496468,0,1,7.52686273010167,0.00607856700496468,FALSE,2160,,
5205,-2,-1.4403971279954,-2.46536587464486,-0.415428381345928,0.00588081694531966,1.73971506408537,0.187174934052921,7.58646449059508,0.00588081694531966,FALSE,2161,ATP8B1,ATPase phospholipid transporting 8B1
165055,2,1.31832929423461,0.381379207347351,2.25527938112187,0.00581999617039426,0.808451755925367,0.368578385756883,7.60520763400808,0.00581999617039426,FALSE,2162,CCDC138,coiled-coil domain containing 138
286077,2,1.09944484685779,0.320366693444482,1.87852300027109,0.00567614622563047,0.00348298994035047,0.952938677991537,7.65034509149324,0.00567614622563047,FALSE,2164,FAM83H,family with sequence similarity 83 member H
389906,2,1.36929361739121,0.395045673234517,2.34354156154791,0.00587449851268487,0.16856878369809,0.681386919675258,7.58840241556739,0.00587449851268487,FALSE,2165,,
64859,2,1.11046161068873,0.32261329312705,1.89830992825041,0.00573530270302218,0.967628428253613,0.325272355043186,7.63164318462665,0.00573530270302216,FALSE,2166,NABP1,nucleic acid binding protein 1
170958,2,1.06972773646701,0.311240329309959,1.82821514362406,0.00570586447680103,0.107958971089635,0.742479891282983,7.64092515418775,0.00570586447680106,FALSE,2167,ZNF525,zinc finger protein 525
23491,-2,-1.61146454699244,-2.7611045858205,-0.46182450816439,0.00600871246945503,1.25440567333938,0.262712682790372,7.54768785815634,0.00600871246945503,FALSE,2168,CES3,carboxylesterase 3
3843,2,1.14081418381061,0.330647278633802,1.95098108898743,0.00578245025949391,0.235088774682479,0.627775983600485,7.61687817051236,0.00578245025949391,FALSE,2169,IPO5,importin 5
257407,-2,-1.17097842754615,-2.00306321691602,-0.338893638176269,0.00581165065487035,0.0248612942381567,0.874713179491655,7.60779505034859,0.00581165065487035,FALSE,2170,C2orf72,chromosome 2 open reading frame 72
64221,-1,-1.98232581688297,-3.39916842888522,-0.565483204880715,0.00610263637554714,0,1,7.5197436614751,0.00610263637554714,FALSE,2171,ROBO3,roundabout guidance receptor 3
4760,-1,-2.74663419120218,-4.71276950754678,-0.780498874857575,0.00618116289017684,0,1,7.49671529275761,0.00618116289017683,FALSE,2172,NEUROD1,neuronal differentiation 1
1678,2,1.15397396692768,0.33297045652081,1.97497747733454,0.00587177605885836,0.0114587257976915,0.914752932505423,7.58923807431555,0.00587177605885836,FALSE,2173,TIMM8A,translocase of inner mitochondrial membrane 8A
5954,2,1.15146452987414,0.332145293157632,1.97078376659066,0.00587787832127877,0.0529638648636776,0.817983919957235,7.5873655309207,0.00587787832127877,FALSE,2174,RCN1,reticulocalbin 1
55679,-2,-3.2477451573583,-5.57435696461288,-0.921133350103723,0.00622029163222449,5.0440541329766,0.0247105947084298,7.48535176487543,0.00622029163222448,FALSE,2175,LIMS2,LIM zinc finger domain containing 2
64327,2,1.09968567244974,0.317516094777177,1.88185525012231,0.0058585091358766,0.0445047800331972,0.832917266521902,7.59331602839505,0.00585850913587661,FALSE,2176,LMBR1,limb development membrane protein 1
2314,-2,-1.00934714393863,-1.726238862203,-0.29245542567425,0.00578846100312022,0.026151704169187,0.871530381962192,7.61500464082824,0.00578846100312023,FALSE,2177,FLII,FLII actin remodeling protein
3875,2,1.29099463744734,0.370394141860652,2.21159513303402,0.00598621818333295,0.322521293246825,0.570096365275266,7.55444650023891,0.00598621818333296,FALSE,2178,KRT18,keratin 18
29948,-2,-1.1860453045703,-2.03143092083232,-0.340659688308289,0.00596392449191352,0.332688520170699,0.564080262069962,7.56117048706541,0.00596392449191351,FALSE,2179,OSGIN1,oxidative stress induced growth inhibitor 1
3158,-2,-1.53944215597869,-2.63966774302924,-0.439216568928132,0.0060993278578128,0.102793018638503,0.748503303108442,7.52072053124148,0.00609932785781281,FALSE,2180,HMGCS2,3-hydroxy-3-methylglutaryl-CoA synthase 2
51154,2,1.01116368777561,0.292060523880633,1.73026685167059,0.00585139694802709,0.112031947596992,0.737842546013876,7.59550603576384,0.00585139694802709,FALSE,2181,MRTO4,"MRT4 homolog, ribosome maturation factor"
645836,2,1.8267667989855,0.519748981083322,3.13378461688768,0.00615582379392531,1.08896427636235,0.296700805695338,7.50411334904909,0.00615582379392532,FALSE,2182,USP17L3,ubiquitin specific peptidase 17 like family member 3
94137,1,2.48234667944477,0.704066729456316,4.26062662943322,0.00621978126251151,0,1,7.48549951321303,0.00621978126251152,FALSE,2183,RP1L1,RP1 like 1
57451,-1,-2.40931262183882,-4.13524224917379,-0.683382994503851,0.00621885616293539,0,1,7.48576735438754,0.00621885616293541,FALSE,2184,TENM2,teneurin transmembrane protein 2
80274,-2,-2.49338100267965,-4.27982219521979,-0.706939810139502,0.00622721248786785,3.39349254298397,0.0654541675465877,7.48334944781641,0.00622721248786784,FALSE,2185,SCUBE1,"signal peptide, CUB domain and EGF like domain containing 1"
100652846,-1,-2.29399699720494,-3.93766614924037,-0.650327845169509,0.0062297731098596,0,1,7.48260919343242,0.00622977310985961,FALSE,2186,,
5310,-2,-1.12507037391593,-1.92789243922285,-0.322248308609015,0.00602013602567308,0.518931690138885,0.471297748636406,7.54426540965388,0.00602013602567308,FALSE,2187,PKD1,"polycystin 1, transient receptor potential channel interacting"
117177,2,1.06382065554558,0.304648082462414,1.82299322862875,0.0060239070942349,0.520682555699693,0.470550668324212,7.54313706829917,0.0060239070942349,FALSE,2189,RAB3IP,RAB3A interacting protein
22803,2,1.06346027237941,0.304515752063543,1.82240479269528,0.00602584303195851,0.138386688438174,0.709890158960984,7.54255809635101,0.00602584303195852,FALSE,2190,XRN2,5'-3' exoribonuclease 2
1153,-2,-1.01762204739258,-1.74358568048069,-0.291658414304472,0.00600723277158257,0.893453792177025,0.344543076036237,7.54813165489918,0.00600723277158257,FALSE,2191,CIRBP,cold inducible RNA binding protein
9882,2,1.18475195172859,0.33813586827192,2.03136803518527,0.0060923788172569,0.0275084770983336,0.868269647532999,7.52277406003644,0.00609237881725693,FALSE,2192,TBC1D4,TBC1 domain family member 4
4209,-2,-1.05373474395819,-1.80585671925151,-0.301612768664866,0.00603377165828531,0.0688162806873282,0.793068134381908,7.54018889744232,0.0060337716582853,FALSE,2193,MEF2D,myocyte enhancer factor 2D
1363,-2,-1.38857724485033,-2.38212095010147,-0.395033539599191,0.00615801323355662,0.102049493349387,0.74938388760511,7.50347289008975,0.00615801323355662,FALSE,2194,CPE,carboxypeptidase E
2034,-2,-1.12314064946771,-1.92583806123099,-0.320443237704427,0.00609925176634163,0.356039692350484,0.550713958315566,7.52074300429666,0.00609925176634163,FALSE,2195,EPAS1,endothelial PAS domain protein 1
10528,2,1.10787935938846,0.315923797651734,1.89983492112519,0.00610988637130519,0.444829694522677,0.50480053179959,7.51760492304401,0.00610988637130519,FALSE,2196,NOP56,NOP56 ribonucleoprotein
85012,-2,-1.18600453434385,-2.03460746202081,-0.337401606666898,0.00615816023383925,0.949376992917693,0.329877929106518,7.5034298976186,0.00615816023383925,FALSE,2197,TCEAL3,transcription elongation factor A like 3
9369,-1,-2.43772187627114,-4.18667484597264,-0.688768906569638,0.00629830957964504,0,1,7.46291042694026,0.00629830957964504,FALSE,2198,NRXN3,neurexin 3
79581,2,1.11420824630095,0.316974771228149,1.91144172137376,0.00615827618056199,0.0579251540488918,0.809805891944035,7.50339598797274,0.00615827618056199,FALSE,2199,SLC52A2,solute carrier family 52 member 2
90987,2,1.34808383666065,0.382264886271883,2.31390278704941,0.0062246793836169,0.00318551089448123,0.954991029137702,7.4840820527917,0.0062246793836169,FALSE,2201,ZNF251,zinc finger protein 251
84135,2,1.01942690378813,0.289494769138652,1.74935903843761,0.00619466034859812,0.104862442729855,0.746070747570458,7.49278717043845,0.00619466034859812,FALSE,2202,UTP15,UTP15 small subunit processome component
5139,-2,-2.33985695488591,-4.01940971588569,-0.660304193886123,0.00632364430301484,2.95086146440642,0.0858317937613431,7.45568405085535,0.00632364430301484,FALSE,2203,PDE3A,phosphodiesterase 3A
100505702,1,2.36847540089348,0.668216242463855,4.0687345593231,0.00632869998474943,0,1,7.45424552563087,0.00632869998474943,FALSE,2204,,
9654,2,1.10347631150761,0.312743432979002,1.89420919003621,0.00623516649341541,0.552416071240414,0.457332165809145,7.48105102675197,0.0062351664934154,FALSE,2205,TTLL4,tubulin tyrosine ligase like 4
85352,-1,-2.01880314581064,-3.46788063586752,-0.569725655753759,0.00632283549013346,0,1,7.45591429644159,0.00632283549013347,FALSE,2206,SHISAL1,shisa like 1
26240,-2,-1.32853277624704,-2.28171632944221,-0.375349223051864,0.00629954701094811,0.695542275517566,0.404285620510312,7.46255677828362,0.00629954701094811,FALSE,2207,FAM50B,family with sequence similarity 50 member B
55159,2,1.02963001285723,0.291539979481759,1.76772004623269,0.00625444084582083,0.0149220911868405,0.902775463081895,7.4754938218542,0.00625444084582084,FALSE,2208,RFWD3,ring finger and WD repeat domain 3
2617,2,1.04080066399444,0.293997603997602,1.78760372399128,0.00630366837892034,0.3724825382047,0.541654172140551,7.46137943313623,0.00630366837892035,FALSE,2209,GARS1,glycyl-tRNA synthetase 1
23233,-2,-1.02346786357964,-1.7579233249621,-0.28901240219719,0.00631001498023726,0.153184710919357,0.695510324640625,7.45956794451112,0.00631001498023726,FALSE,2210,EXOC6B,exocyst complex component 6B
117247,2,1.47010922337949,0.414185167636886,2.5260332791221,0.00635733536678819,0.118724478373104,0.73042203401656,7.44611979184339,0.00635733536678819,FALSE,2211,SLC16A10,solute carrier family 16 member 10
200879,-2,-1.46780171870788,-2.522428289929,-0.413175147486749,0.00637530944822139,0.000475404533203246,0.982604484188995,7.44103843077687,0.00637530944822139,FALSE,2212,LIPH,lipase H
27020,-1,-1.6294860639391,-2.80039596097408,-0.458576166904117,0.00638034965350821,0,1,7.43961616515591,0.00638034965350821,FALSE,2213,NPTN,neuroplastin
2009,-2,-2.57906287870828,-4.43238869068305,-0.725737066733511,0.006382416885448,3.56071035719701,0.059162415667667,7.4390331568804,0.00638241688544802,FALSE,2214,EML1,EMAP like 1
25822,-2,-2.94307628994188,-5.05917212588499,-0.826980453998776,0.00641211084862457,4.04833015257322,0.0442150607771482,7.43067996287741,0.00641211084862457,FALSE,2216,DNAJB5,DnaJ heat shock protein family (Hsp40) member B5
79625,-2,-1.3053843420804,-2.24412172003018,-0.366646964130615,0.00642088230802544,0.984574223392233,0.321072107292003,7.42822002208074,0.00642088230802545,FALSE,2217,NDNF,neuron derived neurotrophic factor
79084,2,1.06153790729226,0.298039519488219,1.8250362950963,0.00642905296956392,0.400255660708746,0.526957252580966,7.42593165822354,0.00642905296956392,FALSE,2218,WDR77,WD repeat domain 77
271,2,1.00350141990902,0.281646702034464,1.72535613778357,0.00643628826122176,0.182325742330485,0.669382106122436,7.42390774140325,0.00643628826122177,FALSE,2219,AMPD2,adenosine monophosphate deaminase 2
51427,2,1.22111262841153,0.342510004783392,2.09971525203967,0.006449134428434,0.198997227261773,0.655531475627922,7.42032001938637,0.00644913442843399,FALSE,2220,ZNF107,zinc finger protein 107
9066,2,1.26371794369974,0.353453785974705,2.17398210142477,0.00650819750147084,0.0055763923310757,0.94047310368021,7.40391802160389,0.00650819750147083,FALSE,2222,SYT7,synaptotagmin 7
8622,-1,-2.00471063216402,-3.44919650748111,-0.560224756846934,0.00652601805987466,0,1,7.39899903034872,0.00652601805987467,FALSE,2224,PDE8B,phosphodiesterase 8B
56967,-1,-2.48709223090123,-4.28002115381567,-0.694163307986789,0.00655196481256751,0,1,7.39186143973766,0.00655196481256753,FALSE,2225,C14orf132,chromosome 14 open reading frame 132
490,-2,-1.07673379925679,-1.85299528789349,-0.300472310620093,0.00655550100843528,0.338325720343386,0.560797245773831,7.39089091672483,0.00655550100843528,FALSE,2226,ATP2B1,ATPase plasma membrane Ca2+ transporting 1
10827,-2,-1.04144932365669,-1.79243819120652,-0.290460456106868,0.00656737613919987,0.139618346225655,0.708660722897488,7.38763564702332,0.00656737613919987,FALSE,2227,FAM114A2,family with sequence similarity 114 member A2
109,2,1.05040454297462,0.292829614955107,1.80797947099412,0.00657652952474628,0.230859946757791,0.630886922794662,7.38513057463569,0.00657652952474628,FALSE,2228,ADCY3,adenylate cyclase 3
51170,-2,-1.25986300238362,-2.16871813360734,-0.35100787115989,0.00658926581206346,0.00223113567541176,0.962326013242091,7.38165086057462,0.00658926581206346,FALSE,2229,HSD17B11,hydroxysteroid 17-beta dehydrogenase 11
440081,2,1.09453628283035,0.30493526250934,1.88413730315137,0.0065900376828904,0.400814694463313,0.526668814437766,7.38144019651077,0.00659003768289041,FALSE,2230,,
28999,-2,-1.60106668498278,-2.75628648077067,-0.44584688919489,0.00659971667928779,0.158481248401942,0.690558660695482,7.37880067785421,0.0065997166792878,FALSE,2231,KLF15,KLF transcription factor 15
5164,-2,-1.02094146099939,-1.75770255159303,-0.28418037040575,0.0066085299068487,0.472588409493334,0.491798783078264,7.37640069527052,0.00660852990684869,FALSE,2232,PDK2,pyruvate dehydrogenase kinase 2
259289,1,2.21043392054283,0.615241603371951,3.80562623771371,0.00660973731253136,0,1,7.3760721539855,0.00660973731253137,FALSE,2233,TAS2R43,taste 2 receptor member 43
1630,-1,-2.85683070481038,-4.91864419411661,-0.795017215504148,0.00661340344176977,0,1,7.37507495679534,0.00661340344176977,FALSE,2234,DCC,DCC netrin 1 receptor
11080,-2,-1.12883081392351,-1.94352689142805,-0.314134736418965,0.0066136404669116,0.916965146600316,0.338273089422522,7.37501050473565,0.00661364046691159,FALSE,2235,DNAJB4,DnaJ heat shock protein family (Hsp40) member B4
4175,2,1.226132130693,0.340829134009715,2.11143512737628,0.00663714113479272,0.0575654157991043,0.810386121352907,7.36863186722602,0.00663714113479271,FALSE,2236,MCM6,minichromosome maintenance complex component 6
57188,-2,-3.30759839996772,-5.69768507225965,-0.917511727675786,0.00668061421533863,4.32414603951063,0.0375752640237851,7.35689280402728,0.00668061421533862,FALSE,2237,ADAMTSL3,ADAMTS like 3
79947,-2,-1.06800876792254,-1.84017355405467,-0.295843981790403,0.00671015931287306,0.266206773122101,0.605887726635672,7.34895916071306,0.00671015931287307,FALSE,2238,DHDDS,dehydrodolichyl diphosphate synthase subunit
57863,-2,-3.68358397515978,-6.34798432982183,-1.01918362049773,0.00673466589449424,4.87451111711873,0.0272561605626753,7.34240551233294,0.00673466589449426,FALSE,2239,CADM3,cell adhesion molecule 3
27350,-2,-1.11412932728342,-1.92001780826724,-0.308240846299611,0.00673598773059987,0.0426017434062319,0.836476988536176,7.34205271417866,0.00673598773059988,FALSE,2240,APOBEC3C,apolipoprotein B mRNA editing enzyme catalytic subunit 3C
84296,2,1.43274506429146,0.396288521226084,2.46920160735684,0.00674141634812772,0.0428017990736729,0.836098924196722,7.34060455681417,0.0067414163481277,FALSE,2241,GINS4,GINS complex subunit 4
54790,-2,-1.01868620408862,-1.75573947049815,-0.28163293767909,0.00675109128786957,0.358155953648488,0.549532159480422,7.33802658555887,0.00675109128786957,FALSE,2242,TET2,tet methylcytosine dioxygenase 2
4839,2,1.17217617608598,0.323937066909264,2.0204152852627,0.00675959258151576,0.423260688620971,0.515314492032583,7.33576445478628,0.00675959258151576,FALSE,2243,NOP2,NOP2 nucleolar protein
5362,-2,-1.13894455701945,-1.96336692330769,-0.314522190731203,0.00677507716093713,0.0793562170744489,0.778171748208967,7.33165157973523,0.00677507716093712,FALSE,2244,PLXNA2,plexin A2
865,2,1.05978942743574,0.291619471917525,1.82795938295395,0.00685055790562962,0.0437888273308336,0.834246992294199,7.31173954914365,0.00685055790562962,FALSE,2245,CBFB,core-binding factor subunit beta
92196,2,2.13951823049791,0.587971532103052,3.69106492889277,0.0068777003617202,0.265555588557566,0.606328824644082,7.30463402383312,0.00687770036172021,FALSE,2246,DAPL1,death associated protein like 1
3918,2,1.39968934109537,0.384613157964012,2.41476552422673,0.00688003408369019,0.0294087697780175,0.863838608171624,7.30402442496126,0.00688003408369018,FALSE,2247,LAMC2,laminin subunit gamma 2
148741,-2,-1.58199854817692,-2.7292930397152,-0.43470405663865,0.00688027173578593,0.310686452971668,0.577259255585784,7.30396235895778,0.00688027173578593,FALSE,2248,ANKRD35,ankyrin repeat domain 35
9854,-2,-1.06155457569324,-1.83149833117061,-0.291610820215872,0.00688643628747631,0.353577871882158,0.552094737880062,7.30235316898755,0.00688643628747631,FALSE,2249,C2CD2L,C2CD2 like
100529262,-2,-1.0057009383475,-1.73528716308479,-0.276114713610217,0.00689818489974394,0.0270022987991272,0.869476276477857,7.2992903902136,0.00689818489974395,FALSE,2250,MIA-RAB4B,MIA-RAB4B readthrough (NMD candidate)
57820,2,1.19631598041907,0.328309679606552,2.0643222812316,0.00690712044259638,1.06833712678553,0.301321351733772,7.29696452358877,0.00690712044259639,FALSE,2251,CCNB1IP1,cyclin B1 interacting protein 1
6934,-2,-1.11649584928606,-1.92718501673087,-0.305806681841249,0.00694859233839402,0.711400722740799,0.39897919773574,7.2862097273236,0.00694859233839404,FALSE,2253,TCF7L2,transcription factor 7 like 2
6083,1,1.92345907193217,0.526458831411472,3.32045931245287,0.00696369574207556,0,1,7.28230928166806,0.00696369574207556,FALSE,2254,,
5008,1,2.33673826364607,0.639318469229939,4.0341580580622,0.00697223600094903,0,1,7.28010758748815,0.00697223600094903,FALSE,2255,OSM,oncostatin M
26,-2,-1.30468798598228,-2.25274098557516,-0.356634986389408,0.00699135394292304,0.289966989384042,0.590241685026564,7.27518891736761,0.00699135394292305,FALSE,2256,AOC1,amine oxidase copper containing 1
5270,2,1.61773506982884,0.442079286871957,2.79339085278573,0.0069974629159624,1.81523946975482,0.177880982220241,7.27362009519221,0.00699746291596241,FALSE,2257,SERPINE2,serpin family E member 2
9015,2,1.45537705470864,0.397612353916542,2.51314175550075,0.00700278362840985,1.59926918578524,0.206006808507073,7.272254842809,0.00700278362840986,FALSE,2258,TAF1A,"TATA-box binding protein associated factor, RNA polymerase I subunit A"
57732,-2,-1.13677023661769,-1.96349317831283,-0.310047294922553,0.00703859750076158,0.487005056671788,0.485266330438606,7.263092770009,0.00703859750076158,FALSE,2260,ZFYVE28,zinc finger FYVE-type containing 28
80031,-2,-1.35709300788816,-2.34420626719214,-0.369979748584171,0.00704778829281811,0.685972869525538,0.407537544128918,7.26074921739059,0.00704778829281811,FALSE,2262,SEMA6D,semaphorin 6D
55353,2,1.20468769183859,0.328184438914706,2.08119094476248,0.00706376978938745,0.717934124710076,0.396822390855627,7.25668153363858,0.00706376978938746,FALSE,2263,LAPTM4B,lysosomal protein transmembrane 4 beta
23450,2,1.00429994573594,0.273592086134392,1.73500780533748,0.00706393811049809,0.118440945510806,0.730731599801761,7.25663874183007,0.0070639381104981,FALSE,2264,SF3B3,splicing factor 3b subunit 3
131578,2,1.76401332590395,0.480417161304603,3.04760949050329,0.00707001444680966,0.885633861119778,0.346663239151724,7.25509466890921,0.00707001444680967,FALSE,2265,LRRC15,leucine rich repeat containing 15
7165,2,1.03203638906854,0.280961461505671,1.78311131663141,0.00707813463151849,0.163167499143117,0.686256863385485,7.25303334380199,0.00707813463151851,FALSE,2266,TPD52L2,TPD52 like 2
10481,-2,-2.01115984748609,-3.47520629039934,-0.547113404572833,0.00709394827071733,1.14636572885853,0.28431122410063,7.24902594480842,0.00709394827071733,FALSE,2267,HOXB13,homeobox B13
100507347,-1,-1.37569526480818,-2.37724201273715,-0.374148516879213,0.00709931996261334,0,1,7.24766675879023,0.00709931996261334,FALSE,2268,,
105376722,-1,-2.6132156442458,-4.51592268231461,-0.710508606176986,0.00710561564478562,0,1,7.24607511453179,0.00710561564478563,FALSE,2269,,
9296,2,1.10310148287913,0.299896259043091,1.90630670671516,0.0071075148393212,0.379734899892954,0.537745147580158,7.24559525212395,0.00710751483932121,FALSE,2270,ATP6V1F,ATPase H+ transporting V1 subunit F
440,2,1.18936931068687,0.323188971261666,2.05554965011208,0.00711815829563013,0.682519635103992,0.408720444818212,7.24290843169012,0.00711815829563012,FALSE,2271,ASNS,asparagine synthetase (glutamine-hydrolyzing)
554,-1,-2.58590252825371,-4.46946087247313,-0.702344184034292,0.00712812505350034,0,1,7.24039615508854,0.00712812505350035,FALSE,2272,AVPR2,arginine vasopressin receptor 2
80119,2,1.31189046988684,0.356199798089798,2.26758114168388,0.00713512283051841,0.0703592662193057,0.790814405608377,7.23863440002666,0.00713512283051842,FALSE,2273,PIF1,PIF1 5'-to-3' DNA helicase
1163,2,1.21086033994042,0.328749201445277,2.09297147843556,0.00713637897216067,0.00433791345416572,0.947487027142906,7.23831834165387,0.00713637897216067,FALSE,2274,CKS1B,CDC28 protein kinase regulatory subunit 1B
28793,1,2.20139523570586,0.597310370356862,3.80548010105486,0.00714964680208853,0,1,7.23498348359321,0.00714964680208851,FALSE,2275,,
407004,-1,-1.81797621206797,-3.14420426130069,-0.49174816283525,0.00721631984814521,0,1,7.21832042742491,0.0072163198481452,FALSE,2276,,
64065,2,1.25259514968019,0.338767625616376,2.166422673744,0.00721946042636585,0.136487422444988,0.711798265875197,7.21753941230224,0.00721946042636587,FALSE,2277,PERP,p53 apoptosis effector related to PMP22
6636,2,1.03623546045405,0.279988476002552,1.79248244490555,0.00723976201397698,0.104712232451733,0.74624641897019,7.21249906977539,0.00723976201397699,FALSE,2279,SNRPF,small nuclear ribonucleoprotein polypeptide F
11113,2,1.15835580867474,0.3129467175761,2.00376489977338,0.00724240530727354,1.10935331533414,0.292222566622908,7.21184387346317,0.00724240530727354,FALSE,2280,CIT,citron rho-interacting serine/threonine kinase
790,2,1.05281463320714,0.284320609691736,1.82130865672254,0.00725093896795405,0.012240242792867,0.911905291660035,7.20973029130834,0.00725093896795406,FALSE,2281,CAD,"carbamoyl-phosphate synthetase 2, aspartate transcarbamylase, and dihydroorotase"
201725,2,1.48448096352651,0.400808493532753,2.56815343352026,0.00725561152359464,0.629295380053542,0.427613890937654,7.20857408852022,0.00725561152359464,FALSE,2282,C4orf46,chromosome 4 open reading frame 46
55251,2,1.21370387651876,0.327477696539483,2.09993005649804,0.00727017410800185,0.357693304522739,0.54979011433367,7.20497551771741,0.00727017410800185,FALSE,2283,PCMTD2,protein-L-isoaspartate (D-aspartate) O-methyltransferase domain containing 2
64097,-1,-1.84863142420105,-3.19948321167282,-0.497779636729278,0.00731403101386895,0,1,7.19418233653412,0.00731403101386895,FALSE,2284,EPB41L4A,erythrocyte membrane protein band 4.1 like 4A
100861412,1,2.16912840517382,0.583753915620655,3.75450289472699,0.00732608841440497,0,1,7.19122660076003,0.00732608841440495,FALSE,2285,FSBP,fibrinogen silencer binding protein
8447,-2,-1.22626263438326,-2.12274261521705,-0.329782653549474,0.00734104022431224,0.00660405712002313,0.935230929467304,7.18756823032472,0.00734104022431225,FALSE,2286,DOC2B,double C2 domain beta
23704,-1,-2.10617617425648,-3.64652547299461,-0.565826875518348,0.00736373930382403,0,1,7.18202880812739,0.00736373930382403,FALSE,2287,KCNE4,potassium voltage-gated channel subfamily E regulatory subunit 4
705,2,1.13631390408283,0.304984247595862,1.9676435605698,0.00738418162569719,0.243895988280314,0.62140627929936,7.17705503359813,0.00738418162569718,FALSE,2288,BYSL,bystin like
63939,2,1.33538818659296,0.358367873075712,2.3124085001102,0.00738705383817981,0.353880058425993,0.551924898412581,7.17635732989795,0.00738705383817982,FALSE,2289,FAM217B,family with sequence similarity 217 member B
388125,1,2.04501582264349,0.547957011432009,3.54207463385497,0.00742060430892162,0,1,7.16822788852371,0.00742060430892162,FALSE,2290,C2CD4B,C2 calcium dependent domain containing 4B
78995,2,1.32577675755875,0.355159727102833,2.29639378801466,0.00742542815235692,0.197348286712602,0.65686980033831,7.16706213774967,0.00742542815235692,FALSE,2291,HROB,homologous recombination factor with OB-fold
79974,-2,-2.34570672661537,-4.06350279749134,-0.627910655739394,0.00744188946740472,3.58788740591924,0.0582021889599053,7.16308984499037,0.00744188946740472,FALSE,2292,CPED1,cadherin like and PC-esterase domain containing 1
80201,2,1.33944238668912,0.358337431084258,2.32054734229397,0.007454699314954,0.410342002300834,0.521795969536943,7.16000489928354,0.00745469931495401,FALSE,2293,HKDC1,hexokinase domain containing 1
8618,1,2.05533340492903,0.549782945255104,3.56088386460296,0.00745766027295175,0,1,7.15929259425936,0.00745766027295176,FALSE,2294,CADPS,calcium dependent secretion activator
10612,-2,-1.13461335199746,-1.96596806493971,-0.303258639055201,0.00747487047965283,0.65881824254879,0.416977458329469,7.1551581227593,0.00747487047965283,FALSE,2295,TRIM3,tripartite motif containing 3
203447,-1,-2.65622968272544,-4.60283586892667,-0.709623496524208,0.00748503776591142,0,1,7.1527201675775,0.00748503776591141,FALSE,2296,NRK,Nik related kinase
80863,-2,-1.93598428889689,-3.35641297826218,-0.515555599531602,0.00755472566150552,2.02565345059963,0.154662383733862,7.13610067269699,0.00755472566150553,FALSE,2299,PRRT1,proline rich transmembrane protein 1
54831,-2,-4.31304079931248,-7.47859995959685,-1.1474816390281,0.00757541306918261,7.47769084474233,0.00624681353528318,7.13119719829856,0.00757541306918259,FALSE,2300,BEST2,bestrophin 2
9905,-2,-1.07763485769829,-1.86874775854888,-0.286521956847692,0.00758929290085629,0.461131343135572,0.497095712627505,7.12791497029916,0.00758929290085629,FALSE,2301,SGSM2,small G protein signaling modulator 2
79980,2,1.19216900611165,0.316798622490419,2.06753938973287,0.0076014140911952,0.0945533689260058,0.758466388280103,7.12505363188363,0.0076014140911952,FALSE,2302,DSN1,DSN1 component of MIS12 kinetochore complex
115761,2,1.68603213203411,0.44796314499545,2.92410111907277,0.00760488911521739,2.47034752973606e-05,0.996034323346554,7.12423417503535,0.0076048891152174,FALSE,2303,ARL11,ADP ribosylation factor like GTPase 11
3559,2,1.35944287185697,0.36081903367625,2.35806671003768,0.0076274546389775,0.345065081245054,0.556920050384967,7.11892222034578,0.00762745463897751,FALSE,2304,IL2RA,interleukin 2 receptor subunit alpha
65997,1,2.41625729686747,0.64098583553175,4.19152875820319,0.00763870664815992,0,1,7.11627948196832,0.00763870664815992,FALSE,2305,RASL11B,RAS like family 11 member B
100128054,-1,-1.88313363369712,-3.26673983898325,-0.499527428410991,0.00764007071375755,0,1,7.11595937693427,0.00764007071375754,FALSE,2307,,
55885,-2,-4.67732186159868,-8.11741156562988,-1.23723215756748,0.00770187189911957,8.71717527930005,0.00315226070206918,7.10151746554561,0.00770187189911957,FALSE,2309,LMO3,LIM domain only 3
6405,2,1.23806232968799,0.327465389837118,2.14865926953886,0.00770344108092541,0.553833051088582,0.456755727379206,7.10115231792655,0.00770344108092542,FALSE,2310,SEMA3F,semaphorin 3F
51042,2,1.1342617094605,0.299746164961361,1.96877725395964,0.00772278262218046,0.119418044784251,0.7296665258833,7.09665778858549,0.00772278262218045,FALSE,2312,ZNF593,zinc finger protein 593
6894,2,1.18804246048981,0.312764374395854,2.06332054658377,0.00780662736092838,0.753752529664489,0.385290752148113,7.07730637257098,0.00780662736092838,FALSE,2313,TARBP1,TAR (HIV-1) RNA binding protein 1
112268089,1,1.40930084804242,0.370712593864518,2.44788910222032,0.0078244776580087,0,1,7.07321395715781,0.0078244776580087,FALSE,2314,,
83943,2,1.11229943183148,0.292552605497993,1.93204625816496,0.00782708606883202,0.000631646821130995,0.979949209435458,7.07261674421704,0.00782708606883203,FALSE,2315,IMMP2L,inner mitochondrial membrane peptidase subunit 2
27439,1,2.01386091484428,0.528871511305316,3.49885031838324,0.00786069880439766,0,1,7.06493904278513,0.00786069880439765,FALSE,2316,TMEM121B,transmembrane protein 121B
83606,-2,-1.06315642678468,-1.84730414459397,-0.279008708975397,0.00787596058504125,0.0600963045718308,0.806343791931333,7.06146407647228,0.00787596058504124,FALSE,2317,GUCD1,guanylyl cyclase domain containing 1
23430,-1,-2.49721554331863,-4.33919366028214,-0.655237426355122,0.00787992473175986,0,1,7.06056260345863,0.00787992473175987,FALSE,2318,TPSD1,tryptase delta 1
2161,1,1.77052534085492,0.464359659677046,3.07669102203279,0.00788960950466896,0,1,7.05836217151555,0.00788960950466896,FALSE,2319,F12,coagulation factor XII
349152,1,2.42244212973122,0.634945302350331,4.20993895711211,0.00790332524913045,0,1,7.05525060278476,0.00790332524913044,FALSE,2320,,
4659,-2,-1.12842706283775,-1.96110272319793,-0.295751402477575,0.00790483165812568,0.0107944381724433,0.917251654776108,7.05490919380747,0.00790483165812567,FALSE,2321,PPP1R12A,protein phosphatase 1 regulatory subunit 12A
105369529,1,2.22600776727104,0.58335859179879,3.86865694274329,0.00790709246386108,0,1,7.05439693497181,0.00790709246386108,FALSE,2322,,
30812,-2,-1.88263672219671,-3.27295000001497,-0.492323444378445,0.00795423463358401,0.46181962863443,0.496774792999024,7.04374933802487,0.00795423463358401,FALSE,2323,SOX8,SRY-box transcription factor 8
23552,-2,-1.11658467848845,-1.94140651798067,-0.291762838996228,0.00797187364935328,0.111913114507367,0.737976506648818,7.03978194750456,0.00797187364935328,FALSE,2324,CDK20,cyclin dependent kinase 20
4625,-1,-2.32999625420874,-4.0515513720572,-0.608441136360274,0.00798591220631866,0,1,7.03663078765216,0.00798591220631867,FALSE,2326,MYH7,myosin heavy chain 7
54475,2,1.02274193516253,0.267033155988755,1.77845071433631,0.00798919204325852,0.00642703197027326,0.936103026698078,7.03589539660945,0.00798919204325854,FALSE,2327,NLE1,notchless homolog 1
7280,-2,-1.25602904324159,-2.18412924660793,-0.327928839875257,0.00799017238531601,0.145529554142774,0.702844616014264,7.03567564843358,0.00799017238531599,FALSE,2328,TUBB2A,tubulin beta 2A class IIa
60487,2,1.01777500950632,0.265704322093036,1.7698456969196,0.00799186278712239,0.605769010358337,0.436385314505261,7.03529680186102,0.00799186278712242,FALSE,2329,TRMT11,tRNA methyltransferase 11 homolog
7404,1,3.98835699552807,1.04070580349081,6.93600818756533,0.00800273876373146,0,1,7.03286127658551,0.00800273876373145,FALSE,2330,UTY,"ubiquitously transcribed tetratricopeptide repeat containing, Y-linked"
91057,2,1.13183941340624,0.295071216464278,1.96860761034821,0.0080227721299223,0.0127231770503953,0.910191448174102,7.02838392771999,0.00802277212992231,FALSE,2331,CCDC34,coiled-coil domain containing 34
3053,1,2.24619489720625,0.585397605256673,3.90699218915583,0.00802985655816111,0,1,7.02680333268982,0.00802985655816111,FALSE,2332,SERPIND1,serpin family D member 1
1052,-2,-1.1306222160084,-1.9665887070272,-0.294655724989606,0.00803017041700536,0.71081211722295,0.39917434043738,7.02673334116093,0.00803017041700535,FALSE,2333,CEBPD,CCAAT enhancer binding protein delta
4068,2,1.6913191667065,0.439893095032056,2.94274523838094,0.00807499968679067,0.906130321856627,0.341143247303895,7.01676490350822,0.00807499968679067,FALSE,2334,SH2D1A,SH2 domain containing 1A
353345,1,1.91905513002742,0.49863654811197,3.33947371194287,0.00809677489418062,0,1,7.01194327692197,0.00809677489418062,FALSE,2335,GPR141,G protein-coupled receptor 141
4586,1,2.99009377863852,0.775663659398392,5.20452389787865,0.00813309379315116,0,1,7.00393071322868,0.00813309379315116,FALSE,2336,MUC5AC,"mucin 5AC, oligomeric mucus/gel-forming"
257068,1,1.36851172757482,0.354817090673962,2.38220636447568,0.00814503653438938,0,1,7.00130393660194,0.00814503653438937,FALSE,2337,PLCXD2,phosphatidylinositol specific phospholipase C X domain containing 2
6622,-2,-1.98220558801326,-3.45051881442068,-0.513892361605838,0.00814670750323478,2.43199178435311,0.118881759555725,7.00093672531589,0.00814670750323475,FALSE,2338,SNCA,synuclein alpha
8399,-2,-1.75146139253894,-3.04922798449597,-0.453694800581917,0.00816521174587074,1.70437535822846,0.191716768323127,6.9968753851171,0.00816521174587074,FALSE,2339,PLA2G10,phospholipase A2 group X
1477,2,1.01976132401395,0.264146033833872,1.77537661419404,0.00816612002054596,0.154368227018799,0.694395393488018,6.9966762780448,0.00816612002054595,FALSE,2340,CSTF1,cleavage stimulation factor subunit 1
55055,2,1.1238669771689,0.290699681638273,1.95703427269952,0.00819778534259745,0.0101087055369368,0.919913994087864,6.98974890244129,0.00819778534259743,FALSE,2341,ZWILCH,zwilch kinetochore protein
146556,-2,-2.4824331528155,-4.32342287808237,-0.641443427548627,0.00822088258907349,2.54877884485972,0.110379539714363,6.98471319507283,0.00822088258907349,FALSE,2342,C16orf89,chromosome 16 open reading frame 89
1184,2,1.16242492354073,0.300164927710304,2.02468491937116,0.00823559683224944,0.122032792335962,0.726840135222153,6.98151270823861,0.00823559683224944,FALSE,2343,CLCN5,chloride voltage-gated channel 5
55646,2,1.12240266028355,0.28940647636453,1.95539884420257,0.00826834350837927,0.0405312562348219,0.840445425312127,6.97441094313349,0.00826834350837928,FALSE,2345,LYAR,Ly1 antibody reactive
30811,2,1.36088414015702,0.350090942693728,2.37167733762031,0.0083199366464915,0.282247191381275,0.595232096576531,6.96328012410119,0.0083199366464915,FALSE,2346,HUNK,hormonally up-regulated Neu-associated kinase
23328,-2,-1.03062824646109,-1.79665213414303,-0.264604358779161,0.00836462910944442,0.257860996806817,0.611593501510407,6.95369500605465,0.00836462910944442,FALSE,2347,SASH1,SAM and SH3 domain containing 1
10308,2,1.16253506527601,0.298437963829901,2.02663216672213,0.00836705716044188,0.162155620446416,0.687179594425332,6.95317576770865,0.00836705716044187,FALSE,2348,ZNF267,zinc finger protein 267
196792,2,1.48512572344524,0.380794723956664,2.58945672293382,0.00839397984683827,0.142400679718932,0.705905980250937,6.94742866551611,0.00839397984683828,FALSE,2349,FAM24B,family with sequence similarity 24 member B
377841,-2,-2.88691921310459,-5.03366553443306,-0.740172891776115,0.00839548924867873,4.30385815882063,0.0380260142404017,6.94710701676166,0.00839548924867874,FALSE,2350,ENTPD8,ectonucleoside triphosphate diphosphohydrolase 8
4323,2,1.16804633619684,0.299063480361317,2.03702919203236,0.00842631839589499,0.904184064054827,0.341662281724228,6.94055033778389,0.00842631839589499,FALSE,2351,MMP14,matrix metallopeptidase 14
105378726,1,2.3516311338043,0.601837014160078,4.10142525344852,0.00843635296169634,0,1,6.93842150101759,0.00843635296169634,FALSE,2352,,
9229,-1,-2.2349264005344,-3.8979382135275,-0.571914587541303,0.00843851684614311,0,1,6.93796277176116,0.00843851684614311,FALSE,2353,DLGAP1,DLG associated protein 1
79023,2,1.02348444025307,0.261892128220446,1.7850767522857,0.00843990343778003,0.0132062923638679,0.908509615413485,6.93766888673473,0.00843990343778005,FALSE,2354,NUP37,nucleoporin 37
23031,-2,-1.02104800848103,-1.7810186916769,-0.261077325285157,0.00845640362820898,0.184864999801093,0.667225247614723,6.93417549499119,0.00845640362820897,FALSE,2355,MAST3,microtubule associated serine/threonine kinase 3
56652,2,1.19033171326417,0.304188249934338,2.07647517659401,0.00846929828785955,0.336176920868822,0.562044332415988,6.93145031176973,0.00846929828785954,FALSE,2357,TWNK,twinkle mtDNA helicase
81563,-2,-1.18042705511651,-2.05920945603087,-0.301644654202152,0.00847022976528975,0.840940831196261,0.359127831218155,6.93125361591773,0.00847022976528976,FALSE,2358,C1orf21,chromosome 1 open reading frame 21
9759,-2,-1.08823664723883,-1.89878010118667,-0.277693193290989,0.00850213570638743,0.595080671564329,0.440461152307184,6.92452951385869,0.00850213570638742,FALSE,2359,HDAC4,histone deacetylase 4
5629,2,1.36949661645485,0.349403506944892,2.38958972596481,0.00850606212370154,0.00942931080388958,0.922643297340913,6.92370381553241,0.00850606212370153,FALSE,2360,PROX1,prospero homeobox 1
5143,-2,-2.12762951056619,-3.71397598101598,-0.541283040116392,0.00857042732203385,1.85287147410982,0.17344979393306,6.91022358664298,0.00857042732203386,FALSE,2361,PDE4C,phosphodiesterase 4C
27340,2,1.05991499857026,0.269501954432138,1.85032804270837,0.00858279238234097,0.00285272282389945,0.957404531219655,6.90764579517383,0.00858279238234098,FALSE,2363,UTP20,UTP20 small subunit processome component
64641,1,2.13030212182755,0.540199105017725,3.72040513863738,0.00864419314455908,0,1,6.89490138197462,0.00864419314455908,FALSE,2364,EBF2,EBF transcription factor 2
26796,1,1.95807318094723,0.496427079933906,3.41971928196055,0.00864868523810791,0,1,6.89397263780691,0.00864868523810793,FALSE,2365,,
28831,1,2.12635926205035,0.536949524828928,3.71576899927177,0.0087390381882186,0,1,6.87539620147294,0.0087390381882186,FALSE,2369,,
79682,2,1.20801152793346,0.304241627794943,2.11178142807197,0.00879919957626088,0.00584675432079354,0.939049896581049,6.86313581419252,0.00879919957626086,FALSE,2371,CENPU,centromere protein U
84279,-2,-1.18526833422139,-2.07213647967134,-0.298400188771444,0.00880785297075711,0.0401503959451138,0.841186811873147,6.86137938667936,0.0088078529707571,FALSE,2372,PRADC1,protease associated domain containing 1
94241,-2,-1.07250490968993,-1.87502658661039,-0.269983232769482,0.00881020641343133,0.105315820261217,0.7455413625917,6.86090200088572,0.00881020641343133,FALSE,2373,TP53INP1,tumor protein p53 inducible nuclear protein 1
7691,-2,-1.58686197591025,-2.77480506999086,-0.398918881829638,0.00884124896679472,0.0396168402592798,0.842231614896725,6.85461733997145,0.00884124896679471,FALSE,2375,ZNF132,zinc finger protein 132
4613,1,2.54052861175362,0.638636074148067,4.44242114935917,0.00884209259035349,0,1,6.85444686121288,0.00884209259035349,FALSE,2376,MYCN,"MYCN proto-oncogene, bHLH transcription factor"
6633,2,1.08609538457393,0.273007101245408,1.89918366790245,0.00884331903734847,0.00199128715829484,0.964407139459283,6.85419905150401,0.00884331903734848,FALSE,2377,SNRPD2,small nuclear ribonucleoprotein D2 polypeptide
401492,1,2.36761784073116,0.594666909178588,4.14056877228373,0.0088613584652271,0,1,6.85055815448438,0.00886135846522712,FALSE,2378,,
25817,1,2.07476112071984,0.520687833152404,3.62883440828727,0.0088798811608485,0,1,6.84682760635201,0.00887988116084851,FALSE,2379,TAFA5,TAFA chemokine like family member 5
4948,1,2.70647511952899,0.679061818173482,4.7338884208845,0.00888534546474885,0,1,6.84572859433758,0.00888534546474884,FALSE,2380,OCA2,OCA2 melanosomal transmembrane protein
100506314,1,2.41417439921813,0.604216141119402,4.22413265731686,0.00894219142455828,0,1,6.83433627910479,0.00894219142455827,FALSE,2381,,
3643,-2,-1.08029885071041,-1.89053953560846,-0.270058165812361,0.00896904102647004,0.150363111821352,0.69818859691635,6.82898119203509,0.00896904102647004,FALSE,2383,INSR,insulin receptor
109616960,2,1.19792098255607,0.299420396373338,2.0964215687388,0.00897220935413724,0.864060599001542,0.352604851116404,6.82835035979231,0.00897220935413725,FALSE,2384,,
1891,-2,-1.11150145057839,-1.94569445220775,-0.277308448949017,0.00901435265425513,0.0103920972489097,0.918803000957173,6.81998101274586,0.00901435265425511,FALSE,2386,ECH1,enoyl-CoA hydratase 1
3908,-2,-1.14740569863752,-2.00859557098785,-0.286215826287194,0.00901838045661183,0.0799410988865863,0.7773772475955,6.81918321940953,0.00901838045661184,FALSE,2387,LAMA2,laminin subunit alpha 2
2744,2,1.09496813441342,0.27311707006171,1.91681919876514,0.00901992356160939,0.0298346476927965,0.862865948923558,6.81887767075671,0.0090199235616094,FALSE,2388,GLS,glutaminase
6558,2,1.83775410645149,0.458387011416563,3.21712120148642,0.00902005336943365,2.96517004250592,0.0850755127203855,6.81885197008184,0.00902005336943367,FALSE,2389,SLC12A2,solute carrier family 12 member 2
10046,-1,-1.93660115420161,-3.3903635821046,-0.482838726298625,0.0090296995700727,0,1,6.81694317597278,0.00902969957007273,FALSE,2390,MAMLD1,mastermind like domain containing 1
5557,2,1.10754737418214,0.275709699294391,1.93938504906989,0.00906515339751228,0.767497044181671,0.380992477198233,6.80994545293542,0.00906515339751228,FALSE,2391,PRIM1,DNA primase subunit 1
6487,-2,-1.41983387158549,-2.48646926881194,-0.353198474359047,0.00908143328023224,1.32872641766948,0.249031915811403,6.80674158295322,0.00908143328023226,FALSE,2392,ST3GAL3,"ST3 beta-galactoside alpha-2,3-sialyltransferase 3"
389434,2,1.36687711478025,0.339770696706184,2.39398353285431,0.00909858572094951,0.452077454657262,0.501350051765572,6.8033723501626,0.00909858572094952,FALSE,2393,IYD,iodotyrosine deiodinase
114792,1,2.09486724516144,0.520303430267153,3.66943106005573,0.00911740631848683,0,1,6.79968291865921,0.00911740631848684,FALSE,2394,KLHL32,kelch like family member 32
55872,2,2.08054443143824,0.51641953074655,3.64466933212993,0.00913191462976975,2.56877038598668,0.108992421337325,6.79684415055177,0.00913191462976976,FALSE,2396,PBK,PDZ binding kinase
8328,-1,-2.51275159817044,-4.40249402582762,-0.623009170513257,0.00915733683339677,0,1,6.79188103454163,0.00915733683339676,FALSE,2397,GFI1B,growth factor independent 1B transcriptional repressor
124045,2,1.1274691340603,0.279315063245909,1.97562320487468,0.00917612836685535,0.299586759103254,0.584141601715148,6.7882214692931,0.00917612836685536,FALSE,2398,SPATA33,spermatogenesis associated 33
9911,-2,-1.44873176394815,-2.53879667968641,-0.358666848209876,0.00919128940783518,0.271898954648861,0.602060772814618,6.78527451523441,0.0091912894078352,FALSE,2399,TMCC2,transmembrane and coiled-coil domain family 2
54600,-2,-2.42938267337017,-4.25744574156549,-0.601319605174856,0.00919625645398007,2.3095298379156,0.12858293793679,6.78431011938073,0.00919625645398007,FALSE,2400,UGT1A9,UDP glucuronosyltransferase family 1 member A9
8630,-2,-1.41998013138606,-2.48861239095511,-0.351347871817018,0.0092044307038443,0.775971988022614,0.378375886968924,6.78272417729589,0.00920443070384431,FALSE,2401,HSD17B6,hydroxysteroid 17-beta dehydrogenase 6
158160,2,1.30023986160852,0.321431035780457,2.27904868743658,0.00922512750055555,0.000278941700575341,0.986674712328506,6.77871509082713,0.00922512750055557,FALSE,2402,,
2921,2,2.31304268855152,0.571243774241888,4.05484160286114,0.00924773122589763,2.76546798779134,0.0963185150367052,6.77434713145127,0.00924773122589763,FALSE,2403,CXCL3,C-X-C motif chemokine ligand 3
3142,-2,-1.58955606298539,-2.78659538021142,-0.392516745759361,0.00925067314004944,1.38797404627836,0.238747532830595,6.77377943823482,0.00925067314004946,FALSE,2404,HLX,H2.0 like homeobox
10793,2,1.1525455531312,0.284183602840354,2.02090750342205,0.00928469350596559,0.0213362354736204,0.883866694810484,6.76722801968819,0.0092846935059656,FALSE,2405,ZNF273,zinc finger protein 273
6520,2,1.00590399625042,0.247957657761419,1.76385033473941,0.0092910573069846,0.344075781185763,0.557485998634872,6.76600525064339,0.00929105730698459,FALSE,2406,SLC3A2,solute carrier family 3 member 2
10184,-2,-1.03253165388015,-1.81059892312675,-0.254464384633544,0.00929622444398165,0.0227749555799337,0.880043765178194,6.76501304477306,0.00929622444398163,FALSE,2407,LHFPL2,LHFPL tetraspan subfamily member 2
64409,-2,-2.96676864482346,-5.20440222490612,-0.729135064740794,0.00935992846205707,4.31655064068293,0.0377433571555159,6.75282664867531,0.00935992846205707,FALSE,2408,GALNT17,polypeptide N-acetylgalactosaminyltransferase 17
55970,-2,-1.02461420921239,-1.79762029305162,-0.251608125373165,0.00937907016663237,0.42786657912853,0.513037646389759,6.74918148903037,0.00937907016663238,FALSE,2410,GNG12,G protein subunit gamma 12
121053,2,1.03217273707732,0.253418391972192,1.81092708218245,0.00938324724687921,0.536872384001525,0.463731810058325,6.74838705944943,0.0093832472468792,FALSE,2411,NOPCHAP1,NOP protein chaperone 1
9232,2,2.16537868965341,0.531250070053232,3.79950730925358,0.00940030247219735,3.30216452280964,0.0691886562631167,6.74514711884693,0.00940030247219735,FALSE,2413,PTTG1,"PTTG1 regulator of sister chromatid separation, securin"
2946,-2,-1.31029469794617,-2.2995435042278,-0.32104589166454,0.00943048234474004,1.33738847084657,0.247495042195977,6.73942864694597,0.00943048234474005,FALSE,2415,GSTM2,glutathione S-transferase mu 2
652,2,1.31785901960765,0.322832654421222,2.31288538479407,0.0094352549426818,0.127530682006229,0.721006177969446,6.73852605362483,0.00943525494268181,FALSE,2416,BMP4,bone morphogenetic protein 4
79825,-2,-1.29894943623933,-2.27998092681524,-0.317917945663409,0.00945579911509815,0.774405897818439,0.378857494211231,6.73464607349984,0.00945579911509815,FALSE,2417,EFCC1,EF-hand and coiled-coil domain containing 1
406972,1,2.00324307364325,0.489693812535792,3.51679233475071,0.00948414243397741,0,1,6.72930729471564,0.00948414243397739,FALSE,2419,,
5091,-1,-1.73548324864578,-3.04681635879259,-0.424150138498965,0.00948903559508445,0,1,6.72838726807775,0.00948903559508444,FALSE,2420,PC,pyruvate carboxylase
113802,2,1.29324904634257,0.315930869294814,2.27056722339032,0.00949912924093507,0.532624321891013,0.465505625004457,6.72649096519292,0.00949912924093509,FALSE,2421,HENMT1,HEN methyltransferase 1
3240,-1,-2.12583579754729,-3.73270371848227,-0.518967876612304,0.00951508485327813,0,1,6.72349757545396,0.00951508485327811,FALSE,2422,HP,haptoglobin
64805,-1,-2.12561467827667,-3.73246588324729,-0.518763473306049,0.00952180259463927,0,1,6.72223881589407,0.00952180259463926,FALSE,2423,P2RY12,purinergic receptor P2Y12
50832,1,1.98577897442807,0.484304398050567,3.48725355080557,0.00953767080382648,0,1,6.71926906535519,0.00953767080382648,FALSE,2424,TAS2R4,taste 2 receptor member 4
83394,-2,-2.58389083496393,-4.53920165144991,-0.628580018477943,0.00959648162029948,4.12459456775306,0.0422641466725569,6.70830653765129,0.00959648162029951,FALSE,2425,PITPNM3,PITPNM family member 3
254295,-2,-1.87523689222849,-3.2948567111741,-0.455617073282887,0.00962548857513415,2.30353469698726,0.129079956915149,6.70292486629779,0.00962548857513415,FALSE,2426,PHYHD1,phytanoyl-CoA dioxygenase domain containing 1
56648,2,1.30550602200043,0.317169493501151,2.2938425504997,0.00962716373491335,1.0120876261963,0.314403227360533,6.70261458094678,0.00962716373491336,FALSE,2427,EIF5A2,eukaryotic translation initiation factor 5A2
84954,-2,-1.24546018490003,-2.18834377346892,-0.302576596331141,0.00962754049072887,1.5971357032851,0.206309596099438,6.70254480309749,0.0096275404907289,FALSE,2428,MPND,MPN domain containing
221476,-2,-3.40317786511697,-5.97963016465298,-0.82672556558096,0.00962907892920157,3.23948662811818,0.0718831591144809,6.70225990241336,0.00962907892920157,FALSE,2429,PI16,peptidase inhibitor 16
259232,-1,-2.47298379661243,-4.34634146889228,-0.599626124332579,0.00967282047364411,0,1,6.69417893797827,0.00967282047364412,FALSE,2431,NALCN,"sodium leak channel, non-selective"
57559,2,1.1570318994558,0.2796272661312,2.03443653278041,0.00974917589073194,0.00416758565190864,0.948526849300136,6.68016208884051,0.00974917589073193,FALSE,2433,STAMBPL1,STAM binding protein like 1
375444,2,1.30289414350118,0.314647979936653,2.2911403070657,0.00976625077344392,0.000229753086192864,0.987906441533021,6.67704298009815,0.00976625077344391,FALSE,2435,C5orf34,chromosome 5 open reading frame 34
134111,-1,-2.06508249781339,-3.63157581349749,-0.498589182129288,0.0097721716516699,0,1,6.67596270405128,0.00977217165166988,FALSE,2436,UBE2QL1,ubiquitin conjugating enzyme E2 Q family like 1
10008,2,1.1270163886891,0.271813386823216,1.98221939055498,0.00979711599836704,0.00999744354025054,0.920354474033181,6.67141891116424,0.00979711599836705,FALSE,2437,KCNE3,potassium voltage-gated channel subfamily E regulatory subunit 3
79849,-2,-1.34721161030907,-2.36984532902953,-0.324577891588622,0.00982167897427995,1.16482348468033,0.280467433682845,6.6669561573417,0.00982167897427995,FALSE,2439,NHERF4,NHERF family PDZ scaffold protein 4
6359,-2,-1.31284308771851,-2.31000802521879,-0.315678150218222,0.00986742500120232,0.000852321174588471,0.976709435708163,6.65867513751584,0.00986742500120232,FALSE,2441,CCL15,C-C motif chemokine ligand 15
5030,-1,-2.08700752837522,-3.67265631911168,-0.501358737638759,0.00988931483150409,0,1,6.65472651179893,0.00988931483150409,FALSE,2442,P2RY4,pyrimidinergic receptor P2Y4
57348,-1,-2.28029101333802,-4.01312697058583,-0.547455056090215,0.00990364220476604,0,1,6.65214689672276,0.00990364220476605,FALSE,2444,TTYH1,tweety family member 1
25849,-2,-1.65376275315649,-2.91071038074065,-0.396815125572324,0.00991672570403442,1.74050405142172,0.187074972769922,6.64979457738886,0.00991672570403443,FALSE,2446,PARM1,prostate androgen-regulated mucin-like protein 1
2904,2,3.52988569199705,0.846667404893995,6.21310397910011,0.00992548710342962,5.34147069930465,0.0208238975807377,6.64822111803245,0.00992548710342964,FALSE,2447,GRIN2B,glutamate ionotropic receptor NMDA type subunit 2B
51495,2,1.01307655708662,0.242810945079641,1.78334216909361,0.00994304567462545,0.0910567556481477,0.762837983953262,6.64507205533723,0.00994304567462544,FALSE,2448,HACD3,3-hydroxyacyl-CoA dehydratase 3
4084,-2,-1.19532287727847,-2.10419655251417,-0.286449202042767,0.009946470221773,0.320617809139784,0.571236600659804,6.64445854009676,0.00994647022177301,FALSE,2449,MXD1,MAX dimerization protein 1
79864,-2,-1.32607413329302,-2.3345614983233,-0.317586768262737,0.00996088999722762,0.215375635540643,0.642586270525549,6.64187757800759,0.00996088999722762,FALSE,2450,JHY,junctional cadherin complex regulator
3690,-2,-2.20170595274167,-3.87640660745766,-0.527005298025683,0.00997375934453275,2.85137283762727,0.0912959472889868,6.6395773552352,0.00997375934453274,FALSE,2451,ITGB3,integrin subunit beta 3
64397,-2,-1.0226265318082,-1.80047888994156,-0.244774173674841,0.00997414330685906,0.312457785865794,0.576175891393358,6.63950877387378,0.00997414330685906,FALSE,2452,ZNF106,zinc finger protein 106
28826,1,2.19609840014455,0.524288762188606,3.86790803810049,0.0100350401293569,0,1,6.62866580577296,0.0100350401293569,FALSE,2454,,
10050,-2,-2.6220377903432,-4.61971950788124,-0.624356072805153,0.0100957696749381,1.96342911585747,0.161147055034296,6.61791958007044,0.0100957696749381,FALSE,2456,SLC17A4,solute carrier family 17 member 4
4439,2,1.1739739639448,0.279243607181385,2.06870432070821,0.0101210791694113,0.0893285239164038,0.765032540143216,6.61346055717179,0.0101210791694113,FALSE,2458,MSH5,mutS homolog 5
66036,-2,-1.1399865456807,-2.009077047407,-0.270896043954398,0.010143872286362,0.197265967610914,0.656936787967275,6.60945464025033,0.010143872286362,FALSE,2459,MTMR9,myotubularin related protein 9
25891,-2,-2.21741022680818,-3.9080329948084,-0.526787458807961,0.0101500097163872,2.54913010111778,0.110355000838301,6.60837755644442,0.0101500097163872,FALSE,2460,PAMR1,peptidase domain containing associated with muscle regeneration 1
29106,-1,-2.64238097531545,-4.6573128635779,-0.627449087053003,0.0101611627693871,0,1,6.60642196739688,0.0101611627693871,FALSE,2462,SCG3,secretogranin III
54577,-2,-2.24389155381923,-3.95503186803526,-0.532751239603202,0.010164431058777,2.26698216182707,0.132157025336096,6.60584931865905,0.010164431058777,FALSE,2463,UGT1A7,UDP glucuronosyltransferase family 1 member A7
54843,-2,-1.10964341512004,-1.95619481916899,-0.263092011071094,0.0101967924239253,0.0290711222461936,0.864614922914646,6.60018933363556,0.0101967924239253,FALSE,2464,SYTL2,synaptotagmin like 2
92935,2,1.07842689142027,0.255424855512059,1.90142892732848,0.0102212375500849,0.000546458670183166,0.981349985689354,6.59592608966015,0.0102212375500849,FALSE,2465,MARS2,"methionyl-tRNA synthetase 2, mitochondrial"
405753,2,2.90514975960338,0.688079192237312,5.12222032696945,0.0102213754414286,3.06640536248733,0.0799260233078046,6.59590207098896,0.0102213754414286,FALSE,2466,DUOXA2,dual oxidase maturation factor 2
5902,2,1.0042414674358,0.237708551369003,1.77077438350259,0.0102356244831328,0.111189972341168,0.738793415243215,6.59342188370306,0.0102356244831329,FALSE,2467,RANBP1,RAN binding protein 1
116535,-2,-3.43897694310387,-6.06426334870378,-0.813690537503952,0.0102451885244193,5.75264354805796,0.0164638636846954,6.59175915171621,0.0102451885244193,FALSE,2468,MRGPRF,MAS related GPR family member F
1305,-2,-1.32430132222138,-2.33548192887413,-0.313120715568634,0.0102617058591967,0.0450725883745208,0.831870609983822,6.58889131632644,0.0102617058591967,FALSE,2469,COL13A1,collagen type XIII alpha 1 chain
51478,2,1.13764040788566,0.268323947153499,2.00695686861782,0.010319718398088,0.0241478750015309,0.876509243460177,6.57885621062312,0.010319718398088,FALSE,2472,HSD17B7,hydroxysteroid 17-beta dehydrogenase 7
644139,-1,-3.25054704708173,-5.73571874925529,-0.765375344908168,0.0103596580971562,0,1,6.5719809347054,0.0103596580971562,FALSE,2476,PIRT,phosphoinositide interacting regulator of transient receptor potential channels
993,2,1.25033388622457,0.294394839383812,2.20627293306532,0.0103604079333955,0.279737730424806,0.59687316901293,6.57185211689271,0.0103604079333955,FALSE,2477,CDC25A,cell division cycle 25A
400793,-2,-1.10185612968325,-1.94467827494589,-0.259033984420617,0.0103968971027685,0.805009425694249,0.369599841243726,6.56559499871007,0.0103968971027685,FALSE,2478,C1orf226,chromosome 1 open reading frame 226
64921,-2,-1.03103160179755,-1.81974351727149,-0.24231968632361,0.010403147883534,0.0334285988452702,0.85492756780375,6.56452538180745,0.010403147883534,FALSE,2479,CASD1,CAS1 domain containing 1
100873975,-1,-2.73510770961085,-4.82764499817082,-0.642570421050883,0.0104124018131793,0,1,6.56294308342193,0.0104124018131793,FALSE,2480,,
90589,-2,-1.447665262003,-2.55569499585553,-0.339635528150473,0.0104450654657549,0.895271232841676,0.344052839962296,6.55736953952884,0.0104450654657549,FALSE,2481,ZNF625,zinc finger protein 625
5818,2,1.03297298015124,0.24223164753906,1.82371431276342,0.010456098328827,0.0490933449577969,0.824648497893039,6.55549099018943,0.010456098328827,FALSE,2482,NECTIN1,nectin cell adhesion molecule 1
5203,2,1.41456752148388,0.331543465867168,2.4975915771006,0.0104683339810949,1.38303316140311,0.239585164575885,6.55341001922565,0.0104683339810949,FALSE,2484,PFDN4,prefoldin subunit 4
100422914,1,1.56623942177781,0.366531001603769,2.76594784195185,0.0105044487065689,0,1,6.54728234390972,0.0105044487065689,FALSE,2486,,
286826,2,1.05971427389705,0.247106048043525,1.87232249975057,0.0105892411303457,0.54652649725927,0.459740449035841,6.53297989627301,0.0105892411303457,FALSE,2487,LIN9,lin-9 DREAM MuvB core complex component
284656,-2,-1.45614303769703,-2.57292538690579,-0.339360688488271,0.0106021552683944,1.49163143465104,0.221963505995566,6.53081190200569,0.0106021552683944,FALSE,2488,EPHA10,EPH receptor A10
28476,1,1.85836631307128,0.432656027278877,3.28407659886368,0.0106264583851101,0,1,6.52673928770989,0.0106264583851101,FALSE,2489,,
114131,-2,-1.85167756895728,-3.27274987310042,-0.430605264814135,0.0106535731774569,0.0184693558051171,0.891898747973262,6.52220676357634,0.010653573177457,FALSE,2490,UCN3,urocortin 3
284273,-2,-1.03728220045815,-1.83341814734613,-0.241146253570167,0.010660681376963,1.1370528780352,0.286275931585211,6.52102051016343,0.010660681376963,FALSE,2491,PTGR3,prostaglandin reductase 3
55622,2,1.03684424017583,0.240968845011248,1.83271963534041,0.0106681088590554,0.0663263259228934,0.796762728567461,6.51978183958665,0.0106681088590555,FALSE,2493,TTC27,tetratricopeptide repeat domain 27
107985184,-1,-2.29778333150093,-4.06161693263718,-0.533949730364678,0.0106711669593644,0,1,6.51927210160344,0.0106711669593644,FALSE,2494,,
1116,2,3.28308550786687,0.761113458727024,5.80505755700671,0.0107270372897364,4.76771267887033,0.0289983279450286,6.50998566359364,0.0107270372897364,FALSE,2497,CHI3L1,chitinase 3 like 1
654364,2,1.06918226269064,0.247561001234794,1.89080352414648,0.0107563378417699,0.108436674316578,0.741931027712962,6.50513530886343,0.0107563378417699,FALSE,2499,NME1-NME2,NME1-NME2 readthrough
5563,-2,-3.10923057808983,-5.49908795303156,-0.719373203148102,0.0107743135849986,4.52676883166925,0.0333685642708333,6.502166343191,0.0107743135849986,FALSE,2500,PRKAA2,protein kinase AMP-activated catalytic subunit alpha 2
126393,-2,-4.10743994944452,-7.2648000026254,-0.950079896263635,0.0107804540933285,9.41312125892611,0.00215438185823062,6.50115330955164,0.0107804540933285,FALSE,2501,HSPB6,heat shock protein family B (small) member 6
63934,-1,-2.12150388337341,-3.75241391398351,-0.490593852763314,0.0107864976179316,0,1,6.50015685361369,0.0107864976179317,FALSE,2502,ZNF667,zinc finger protein 667
23223,2,1.07909121456013,0.249434676492022,1.90874775262823,0.010796309526338,0.308753293773106,0.578446223524757,6.49854028579884,0.010796309526338,FALSE,2503,RRP12,ribosomal RNA processing 12 homolog
6689,-2,-4.45799226055892,-7.8864332214432,-1.02955129967464,0.0108176206134867,8.69528976819068,0.00319033395702346,6.49503434782589,0.0108176206134867,FALSE,2504,SPIB,Spi-B transcription factor
56127,2,1.44533027678137,0.332964490675694,2.55769606288704,0.0108765550427088,0.013178516038679,0.908605457938251,6.48537566839636,0.0108765550427088,FALSE,2506,PCDHB9,protocadherin beta 9
7145,-2,-3.72005594226754,-6.58349832370536,-0.856613560829718,0.0108872413768224,7.99931110068626,0.00467951500991534,6.48363005160138,0.0108872413768224,FALSE,2507,TNS1,tensin 1
7482,-2,-1.33884270600315,-2.36968063230315,-0.308004779703162,0.0109095429868979,1.15840515367191,0.281796543223234,6.47999272980939,0.0109095429868979,FALSE,2508,WNT2B,Wnt family member 2B
84966,-1,-2.06062105807436,-3.64817756762182,-0.473064548526897,0.0109591223067999,0,1,6.47193375437898,0.0109591223067999,FALSE,2509,IGSF21,immunoglobin superfamily member 21
112597,1,1.88292046933591,0.432228160558554,3.33361277811327,0.0109613779718164,0,1,6.47156799263522,0.0109613779718164,FALSE,2510,,
389538,2,1.17332497647407,0.269299998903632,2.07734995404451,0.0109648308576423,0.161427666284212,0.687845486358931,6.47100824807818,0.0109648308576423,FALSE,2511,,
10403,2,1.34754077874328,0.309128865453749,2.38595269203282,0.0109769025905333,0.201048193488235,0.653876101446563,6.46905272943495,0.0109769025905334,FALSE,2512,NDC80,NDC80 kinetochore complex component
1576,-1,-1.80126918085302,-3.18993059953747,-0.412607762168568,0.0110119072055829,0,1,6.46339472809797,0.0110119072055829,FALSE,2513,CYP3A4,cytochrome P450 family 3 subfamily A member 4
5033,2,1.1914328698766,0.27281160049163,2.11005413926157,0.0110209790332361,0.0786081411562633,0.779192550664623,6.46193140602666,0.0110209790332361,FALSE,2515,P4HA1,prolyl 4-hydroxylase subunit alpha 1
23329,2,1.21592841850497,0.278394085586707,2.15346275142324,0.0110232406100577,0.363648855818988,0.546486704965587,6.46156679708712,0.0110232406100577,FALSE,2516,TBC1D30,TBC1 domain family member 30
8638,-2,-1.38971247441487,-2.46162805538485,-0.317796893444887,0.0110521495742287,0.039455703464147,0.842548587677168,6.45691287461874,0.0110521495742287,FALSE,2517,OASL,2'-5'-oligoadenylate synthetase like
56271,-2,-1.2074699037062,-2.13884674233532,-0.276093065077069,0.0110546450536131,0.00834475893019914,0.927214766245237,6.4565117245243,0.0110546450536131,FALSE,2518,BEX4,brain expressed X-linked 4
55370,2,1.1172952267462,0.254728386622808,1.97986206686959,0.0111243080756951,0.0125893461930277,0.91066304064443,6.44535068658931,0.0111243080756951,FALSE,2521,,
25937,-2,-2.4184891398342,-4.28611161890849,-0.550866660759903,0.0111466535208612,3.9400966711756,0.047148068016416,6.44178580467523,0.0111466535208612,FALSE,2523,WWTR1,WW domain containing transcription regulator 1
257364,-2,-1.01728220093511,-1.80293941004356,-0.231624991826657,0.0111553494329738,0.0463101590066101,0.829612986755596,6.44040048354458,0.0111553494329738,FALSE,2524,SNX33,sorting nexin 33
374977,-2,-1.34963090775295,-2.39204619153507,-0.30721562397083,0.0111617020842769,0.886238161968479,0.346498770344232,6.43938916091496,0.0111617020842769,FALSE,2525,MROH7,maestro heat like repeat family member 7
83857,-2,-2.35694040738488,-4.17809652267596,-0.535784292093809,0.011193938399497,3.8381866522228,0.0500976749739752,6.43426632445112,0.011193938399497,FALSE,2526,TMTC1,transmembrane O-mannosyltransferase targeting cadherins 1
10460,2,1.23908010202518,0.281293227326658,2.19686697672371,0.0112258897598587,1.46043837398637,0.226860383751686,6.42920368837299,0.0112258897598587,FALSE,2527,TACC3,transforming acidic coiled-coil containing protein 3
4750,-2,-1.08226411174641,-1.91891953465877,-0.245608688834063,0.0112341023976017,0.00747401736563086,0.931106794096437,6.42790479929776,0.0112341023976017,FALSE,2528,NEK1,NIMA related kinase 1
730234,1,2.08093788303036,0.472146557661108,3.68972920839961,0.0112392010085393,0,1,6.4270989066341,0.0112392010085393,FALSE,2529,,
9466,2,1.22432663690558,0.277683412683343,2.17096986112782,0.0112482752400417,0.329812567646335,0.565769475878847,6.42566555012555,0.0112482752400417,FALSE,2531,IL27RA,interleukin 27 receptor subunit alpha
100506321,-1,-1.22141316569453,-2.16595691479558,-0.276869416593476,0.011261484066899,0,1,6.42358121650749,0.0112614840668991,FALSE,2532,,
154810,-2,-2.80167817380311,-4.9686294656563,-0.634726881949925,0.0112748871100613,5.83639584428684,0.0156979503648017,6.42146879874941,0.0112748871100613,FALSE,2535,AMOTL1,angiomotin like 1
6331,-1,-2.14271895239916,-3.80013454071235,-0.485303364085968,0.0112815170085076,0,1,6.42042483065767,0.0112815170085076,FALSE,2536,SCN5A,sodium voltage-gated channel alpha subunit 5
342667,-1,-2.67188486832118,-4.73876592705382,-0.605003809588542,0.0112874416494813,0,1,6.41949244757063,0.0112874416494813,FALSE,2537,STAC2,SH3 and cysteine rich domain 2
924,-2,-1.25183085863059,-2.22093142065716,-0.282730296604026,0.0113487181006591,0.0946330362524421,0.758367823966621,6.4098784967631,0.0113487181006591,FALSE,2539,CD7,CD7 molecule
55799,-1,-1.81627681066734,-3.22234512497466,-0.410208496360016,0.0113489428108051,0,1,6.40984333905691,0.0113489428108052,FALSE,2540,CACNA2D3,calcium voltage-gated channel auxiliary subunit alpha2delta 3
8839,-2,-2.48028372648314,-4.40040088430341,-0.560166568662856,0.0113493166021698,2.37699713985341,0.123134035098053,6.40978485797995,0.0113493166021698,FALSE,2541,CCN5,cellular communication network factor 5
26819,1,1.40615185565047,0.317528577185763,2.49477513411518,0.0113529070743511,0,1,6.40922321565488,0.011352907074351,FALSE,2542,,
56776,-2,-4.57650206573124,-8.11962601869409,-1.0333781127684,0.0113542830443682,5.36903147684245,0.0204973558478337,6.40900802682117,0.0113542830443682,FALSE,2544,FMN2,formin 2
28987,2,1.03944067139646,0.234692964083468,1.84418837870944,0.01135567198107,0.145921108682465,0.702464171734937,6.40879083726118,0.01135567198107,FALSE,2545,NOB1,NIN1 (RPN12) binding protein 1 homolog
93474,2,1.17718762465378,0.265666818636255,2.08870843067131,0.0113671630817398,0.250090890939174,0.61701108562549,6.40699500638347,0.0113671630817398,FALSE,2546,ZNF670,zinc finger protein 670
9136,2,1.05716998546504,0.238526348415961,1.87581362251412,0.0113726737716066,0.485664976002333,0.485867458602587,6.40613445587717,0.0113726737716066,FALSE,2547,RRP9,"ribosomal RNA processing 9, U3 small nucleolar RNA binding protein"
101927864,-2,-1.06303554047855,-1.88642106110344,-0.239650019853655,0.0113925989019278,0.471418330503278,0.492335392858271,6.40302651055697,0.0113925989019277,FALSE,2548,,
25913,2,1.0555987461188,0.237967474750132,1.87323001748747,0.0113932018457059,0.065043143510323,0.7986956241528,6.40293254966137,0.0113932018457059,FALSE,2549,POT1,protection of telomeres 1
284900,-1,-1.78488313646311,-3.16785974779718,-0.401906525129038,0.0114209329055376,0,1,6.39861653330439,0.0114209329055376,FALSE,2550,,
391627,1,2.3719071709863,0.534029517845668,4.20978482412693,0.0114235604922002,0,1,6.39820813805732,0.0114235604922002,FALSE,2551,,
84665,-1,-2.00326480009645,-3.55669704695399,-0.449832553238912,0.0114872168332787,0,1,6.38834364119342,0.0114872168332787,FALSE,2553,MYPN,myopalladin
130399,-2,-1.48326915328569,-2.63348627498645,-0.333052031584934,0.0114883414570687,0.455328977892413,0.499815111239226,6.38816986882894,0.0114883414570687,FALSE,2554,ACVR1C,activin A receptor type 1C
641371,-2,-1.33966885610154,-2.37865663562289,-0.300681076580195,0.0114984580063634,1.39742514903836,0.237155160728589,6.38660748469155,0.0114984580063634,FALSE,2556,ACOT1,acyl-CoA thioesterase 1
8912,-2,-3.29921597000943,-5.85875636128539,-0.739675578733464,0.0115248235127,7.22178805270754,0.00720239285982654,6.38254225810907,0.0115248235127,FALSE,2558,CACNA1H,calcium voltage-gated channel subunit alpha1 H
55359,-2,-1.39364370576133,-2.47500020798569,-0.312287203536972,0.0115374053040942,1.51273603738169,0.218722065582851,6.38060566905126,0.0115374053040942,FALSE,2560,STYK1,serine/threonine/tyrosine kinase 1
7262,2,1.13715188844505,0.254669799540869,2.01963397734923,0.011550836154569,0.651214194322548,0.419678907661611,6.37854078362308,0.0115508361545691,FALSE,2561,PHLDA2,pleckstrin homology like domain family A member 2
28444,1,1.76470611268886,0.395153759370342,3.13425846600738,0.0115544356209277,0,1,6.37798781332906,0.0115544356209277,FALSE,2562,,
10602,-2,-1.22241781501075,-2.1711768570833,-0.273658772938207,0.0115601750224564,0.0943415017314245,0.758728731454872,6.37710645981244,0.0115601750224564,FALSE,2563,CDC42EP3,CDC42 effector protein 3
246126,1,3.90272276106989,0.873159172950567,6.93228634918921,0.0115747418220264,0,1,6.37487156930751,0.0115747418220264,FALSE,2564,,
2841,1,1.6881969950957,0.377626292170016,2.99876769802138,0.0115795219451702,0,1,6.37413881484804,0.0115795219451702,FALSE,2565,GPR18,G protein-coupled receptor 18
7291,2,2.02860607480959,0.453645244658361,3.60356690496081,0.0115861701064202,1.51703553860384,0.218068656403877,6.37312022124418,0.0115861701064202,FALSE,2566,TWIST1,twist family bHLH transcription factor 1
23046,1,1.76311809188764,0.394212578161633,3.13202360561365,0.0115900096294431,0,1,6.37253222455932,0.0115900096294431,FALSE,2567,KIF21B,kinesin family member 21B
166815,2,1.05697996355967,0.236007683436596,1.87795224368274,0.0116225625071739,0.612337563516572,0.433909031295478,6.36755499395504,0.0116225625071739,FALSE,2569,TIGD2,tigger transposable element derived 2
91663,-2,-1.33851551882815,-2.37820872319407,-0.298822314462235,0.011626414969974,0.167075421169065,0.682724161142729,6.36696691199292,0.011626414969974,FALSE,2570,MYADM,myeloid associated differentiation marker
339977,-2,-1.59748347890704,-2.8385916742968,-0.356375283517273,0.0116439979776894,1.38969858845226,0.238456007408785,6.36428538745402,0.0116439979776894,FALSE,2572,LRRC66,leucine rich repeat containing 66
6657,1,2.504708445517,0.558232758402612,4.45118413263139,0.0116668123815967,0,1,6.36081223004101,0.0116668123815967,FALSE,2573,SOX2,SRY-box transcription factor 2
79785,-1,-3.16806914419497,-5.63016073180065,-0.705977556589285,0.0116702314581749,0,1,6.36029232676759,0.0116702314581749,FALSE,2574,RERGL,RERG like
51471,-1,-1.9650573281044,-3.49287419038008,-0.437240465828716,0.0117062066369352,0,1,6.35483141669614,0.0117062066369352,FALSE,2575,NAT8B,"N-acetyltransferase 8B (putative, gene/pseudogene)"
10753,-2,-1.47720582190424,-2.62586061027446,-0.328551033534016,0.0117163363934345,0.114833991669106,0.734706426072239,6.35329686254213,0.0117163363934346,FALSE,2576,CAPN9,calpain 9
50636,-1,-1.50754981662943,-2.68025042306232,-0.334849210196545,0.011748629939778,0,1,6.34841379932151,0.0117486299397779,FALSE,2577,ANO7,anoctamin 7
28966,-2,-1.2437966344898,-2.21238931540669,-0.275203953572909,0.0118411268821137,0.788178578522862,0.374651452176771,6.33450335802075,0.0118411268821137,FALSE,2578,SNX24,sorting nexin 24
84448,1,1.60379809126424,0.354729570415882,2.8528666121126,0.0118498476395612,0,1,6.33319761957054,0.0118498476395612,FALSE,2579,ABLIM2,actin binding LIM protein family member 2
9098,-1,-2.12762534312164,-3.78480181173287,-0.470448874510413,0.0118570654667387,0,1,6.3321176573956,0.0118570654667387,FALSE,2580,USP6,ubiquitin specific peptidase 6
23508,2,1.45353289852439,0.321325412141026,2.58574038490775,0.0118624379581578,0.0113749151315466,0.915064074318771,6.33131424038791,0.0118624379581578,FALSE,2582,TTC9,tetratricopeptide repeat domain 9
1945,2,1.06930542735184,0.236188318050894,1.90242253665278,0.011882562131122,0.0132103682055378,0.908495560270776,6.32830813410337,0.011882562131122,FALSE,2583,EFNA4,ephrin A4
284958,2,3.12037980975771,0.688704137119003,5.55205548239642,0.0119009097596451,4.25394634027131,0.0391592332295776,6.32557195665138,0.0119009097596451,FALSE,2586,NT5DC4,5'-nucleotidase domain containing 4
84102,-2,-1.09600958326285,-1.95026724000619,-0.241751926519512,0.0119158400309838,0.0053586325276902,0.941644832864491,6.32334860355986,0.0119158400309838,FALSE,2587,SLC41A2,solute carrier family 41 member 2
79993,2,1.21394488165142,0.267645842439567,2.16024392086326,0.0119265865538637,0.331846717498665,0.564573691977409,6.3217500465085,0.0119265865538637,FALSE,2588,ELOVL7,ELOVL fatty acid elongase 7
283518,1,1.67918245366004,0.370164595668616,2.98820031165146,0.0119301609907563,0,1,6.32121867289152,0.0119301609907563,FALSE,2590,KCNRG,potassium channel regulator
4329,-2,-1.06551699291907,-1.8961856959866,-0.234848289851531,0.0119340361030846,0.124797247005149,0.723888628993835,6.32064278571023,0.0119340361030846,FALSE,2591,ALDH6A1,aldehyde dehydrogenase 6 family member A1
57161,-2,-1.21853712635106,-2.16856435169828,-0.268509901003829,0.0119398783564105,0.404201794370747,0.524927214507044,6.31977492117079,0.0119398783564105,FALSE,2592,PELI2,pellino E3 ubiquitin protein ligase family member 2
79845,-2,-1.63697403982345,-2.91345981899712,-0.360488260649778,0.0119549560264286,1.7475209757457,0.186188683987414,6.31753715234593,0.0119549560264286,FALSE,2593,RNF122,ring finger protein 122
4685,-1,-2.57037365808374,-4.57510832878941,-0.565638987378073,0.0119719225452607,0,1,6.31502251096757,0.0119719225452606,FALSE,2594,NCAM2,neural cell adhesion molecule 2
574042,2,1.13588769894807,0.249936688019533,2.02183870987661,0.0119746074316257,0.637368884821555,0.424665171063414,6.31462491405406,0.0119746074316257,FALSE,2595,,
51473,1,2.47080838228718,0.543008263060964,4.3986085015134,0.0120038229293346,0,1,6.31030438561919,0.0120038229293346,FALSE,2597,DCDC2,doublecortin domain containing 2
284439,-2,-1.30313887145942,-2.31999921307686,-0.28627852984199,0.0120132054385354,0.205305724157838,0.650471877236079,6.30891914561096,0.0120132054385353,FALSE,2598,SLC25A42,solute carrier family 25 member 42
60495,-2,-2.87072710494381,-5.11088413682837,-0.630570073059252,0.0120163443153875,4.04099569907029,0.0444076135033377,6.3084559677245,0.0120163443153875,FALSE,2599,HPSE2,heparanase 2 (inactive)
84645,-1,-2.17593515484891,-3.87461417734845,-0.477256132349369,0.012051593457637,0,1,6.30326306175545,0.0120515934576371,FALSE,2600,C22orf23,chromosome 22 open reading frame 23
8568,2,1.0464923631854,0.22940391992217,1.86358080644862,0.0120649446318829,0.0550747783813305,0.814456986297236,6.30130023779995,0.0120649446318829,FALSE,2602,RRP1,ribosomal RNA processing 1
2894,-2,-1.35760488754026,-2.41763305196355,-0.297576723116961,0.0120671186337231,0.607081711968872,0.435888717713819,6.3009808379509,0.0120671186337231,FALSE,2603,GRID1,glutamate ionotropic receptor delta type subunit 1
259295,1,2.34868357092053,0.513979654757812,4.18338748708325,0.0121061699708196,0,1,6.29525354002164,0.0121061699708196,FALSE,2604,TAS2R20,taste 2 receptor member 20
85458,-2,-2.0259756799354,-3.6088096986195,-0.443141661251294,0.0121179889103796,3.04634548815004,0.080919036526473,6.29352390547206,0.0121179889103796,FALSE,2607,DIXDC1,DIX domain containing 1
3007,2,1.12423373673063,0.245835752869311,2.00263172059195,0.0121246416980061,0.0382329471145396,0.844976120259152,6.29255106982642,0.0121246416980061,FALSE,2608,H1-3,"H1.3 linker histone, cluster member"
165215,-2,-1.22593234862202,-2.18396788916767,-0.26789680807637,0.0121405866360215,0.996706651457099,0.318108716185638,6.29022167500066,0.0121405866360215,FALSE,2609,FAM171B,family with sequence similarity 171 member B
23157,-2,-1.57321484885496,-2.80321581601764,-0.343213881692279,0.0121807764760659,1.54234981495632,0.214268378550357,6.28436425770912,0.0121807764760659,FALSE,2610,SEPTIN6,septin 6
140460,-2,-1.03740513628755,-1.84849276771583,-0.226317504859279,0.0121811680876221,0.123307871308131,0.725474164317265,6.28430728048365,0.0121811680876221,FALSE,2611,ASB7,ankyrin repeat and SOCS box containing 7
2355,-2,-1.14592578966788,-2.04192648555074,-0.249925093785027,0.0121876278001887,0.00353253847019922,0.952605507403096,6.2833677009056,0.0121876278001887,FALSE,2612,FOSL2,"FOS like 2, AP-1 transcription factor subunit"
54413,-2,-1.34884984952974,-2.40404040361086,-0.293659295448617,0.0122305536059328,0.000247305025901326,0.987453036561143,6.27713701061569,0.0122305536059328,FALSE,2614,NLGN3,neuroligin 3
4739,-2,-1.07337753867696,-1.9131842292442,-0.233570848109714,0.0122424370112246,0.118130775553734,0.731070723415717,6.27541610124928,0.0122424370112246,FALSE,2615,NEDD9,"neural precursor cell expressed, developmentally down-regulated 9"
84725,2,1.04629331967091,0.227502684426278,1.86508395491554,0.0122609332302828,0.0733211871155751,0.786561125492009,6.27274096031449,0.0122609332302828,FALSE,2617,PLEKHA8,pleckstrin homology domain containing A8
692088,1,2.02709593504878,0.440493061865165,3.61369880823239,0.0122758351098892,0,1,6.27058868864878,0.0122758351098892,FALSE,2618,,
3251,2,1.04481336764162,0.227038261701048,1.86258847358219,0.0122760815611574,0.223879371935101,0.636099797130517,6.27055311636867,0.0122760815611574,FALSE,2619,HPRT1,hypoxanthine phosphoribosyltransferase 1
56159,-1,-2.08727807436371,-3.72101123871413,-0.45354491001329,0.012277211689539,0,1,6.27039000530646,0.012277211689539,FALSE,2620,TEX11,testis expressed 11
8416,2,3.23348034579655,0.70243702088792,5.76452367070517,0.0122829229095844,5.1789209016056,0.0228625184804483,6.26956594262215,0.0122829229095844,FALSE,2621,ANXA9,annexin A9
80350,1,2.36636888931392,0.513052434897437,4.2196853437304,0.0123305834313531,0,1,6.26270439199794,0.0123305834313531,FALSE,2622,,
8434,-2,-1.646843520511,-2.93686657821805,-0.356820462803963,0.0123462481927943,1.85179989958872,0.173574200420836,6.26045512808757,0.0123462481927943,FALSE,2623,RECK,reversion inducing cysteine rich protein with kazal motifs
29887,2,1.38878722876084,0.300897633142247,2.47667682437944,0.0123470461941717,0.386151120972298,0.534329506227365,6.26034062355749,0.0123470461941718,FALSE,2624,SNX10,sorting nexin 10
80705,1,1.6052149288196,0.347710041334126,2.86271981630507,0.0123525489815669,0,1,6.2595512402422,0.0123525489815669,FALSE,2625,TSGA10,testis specific 10
100874235,-1,-2.21897467840164,-3.95772672868481,-0.480222628118473,0.0123744349948196,0,1,6.25641522964927,0.0123744349948196,FALSE,2626,,
1844,2,1.32933934846437,0.287268657048788,2.37141003987995,0.0124098968500414,0.835932358343353,0.360562715745176,6.25134603529356,0.0124098968500414,FALSE,2627,DUSP2,dual specificity phosphatase 2
10335,-2,-2.40016214705706,-4.28205392746413,-0.518270366649995,0.012428612253613,3.74634897179985,0.0529229921965736,6.24867670561951,0.012428612253613,FALSE,2628,IRAG1,"inositol 1,4,5-triphosphate receptor associated 1"
79365,-2,-1.6232924396935,-2.89615977021129,-0.350425109175704,0.0124351375478147,1.72299632584805,0.189307808506594,6.24774699056657,0.0124351375478148,FALSE,2629,BHLHE41,basic helix-loop-helix family member e41
55924,-2,-1.27754177974314,-2.27948867093729,-0.275594888548986,0.0124519550953129,0.0711867689799456,0.789616619033667,6.24535315790691,0.0124519550953129,FALSE,2631,INKA2,inka box actin regulator 2
2878,-2,-1.91805783873652,-3.42293524299806,-0.413180434474975,0.0124863297104062,2.7157830880665,0.0993601993452033,6.24047054479782,0.0124863297104062,FALSE,2633,GPX3,glutathione peroxidase 3
3769,1,1.60210073422052,0.344887212179915,2.85931425626113,0.0125025062363541,0,1,6.23817758765439,0.0125025062363541,FALSE,2635,KCNJ13,potassium inwardly rectifying channel subfamily J member 13
55521,-2,-1.27192307621441,-2.27008402439245,-0.273762128036364,0.0125066650762546,1.13622838574848,0.286450701515473,6.23758858147582,0.0125066650762546,FALSE,2636,TRIM36,tripartite motif containing 36
50856,2,1.29899764219508,0.279518694363656,2.3184765900265,0.0125127866438763,0.230599464712668,0.631079690289754,6.23672196504752,0.0125127866438763,FALSE,2637,CLEC4A,C-type lectin domain family 4 member A
780853,1,1.58123210798143,0.340192588246231,2.82227162771663,0.0125168635509079,0,1,6.23614504820547,0.0125168635509079,FALSE,2638,,
107985403,1,1.12953152361714,0.242978910001404,2.01608413723288,0.0125201463516226,0,1,6.23568064443197,0.0125201463516226,FALSE,2639,,
11340,2,1.08483805361776,0.233196426355794,1.93647968087972,0.012537576787343,0.360030623561417,0.54848922845187,6.23321692911709,0.012537576787343,FALSE,2640,EXOSC8,exosome component 8
10317,-2,-3.56980643435418,-6.37267352806611,-0.766939340642257,0.0125509681189801,5.24691753523295,0.0219856848366825,6.23132651271801,0.0125509681189801,FALSE,2641,B3GALT5,"beta-1,3-galactosyltransferase 5"
130,-2,-1.99038052784469,-3.55333977281194,-0.427421282877442,0.0125618942380553,2.10541821210009,0.146778208659413,6.229785638054,0.0125618942380553,FALSE,2642,ADH6,alcohol dehydrogenase 6 (class V)
7076,2,1.79433453653574,0.385314798369036,3.20335427470245,0.0125623259545136,2.57576472383429,0.108511650304029,6.22972478278501,0.0125623259545136,FALSE,2643,TIMP1,TIMP metallopeptidase inhibitor 1
2487,-2,-1.26083894075608,-2.25110901407571,-0.270568867436443,0.0125786934938513,0.82348607856382,0.364162886037672,6.22741917856446,0.0125786934938513,FALSE,2644,FRZB,frizzled related protein
102724009,-1,-1.25981094983476,-2.24950665757991,-0.27011524208961,0.0125995405734608,0,1,6.22448702598643,0.0125995405734608,FALSE,2645,,
80758,1,1.9857592131648,0.425730849347451,3.54578757698215,0.0126014989334192,0,1,6.22421183782719,0.0126014989334193,FALSE,2646,PRR7,"proline rich 7, synaptic"
9127,-1,-1.9645208792783,-3.50816205091801,-0.420879707638585,0.012618601853072,0,1,6.22181040669044,0.012618601853072,FALSE,2647,P2RX6,purinergic receptor P2X 6
2012,-2,-1.33686337303423,-2.38732248783173,-0.286404258236731,0.0126190969472783,1.12766905009029,0.288273081343994,6.22174094003753,0.0126190969472783,FALSE,2648,EMP1,epithelial membrane protein 1
128439,1,1.40640649686101,0.30070769671434,2.51210529700768,0.0126669177701605,0,1,6.2150443675526,0.0126669177701605,FALSE,2649,,
619567,1,1.44470854749729,0.308777188525565,2.58063990646902,0.0126763143336675,0,1,6.21373157724799,0.0126763143336675,FALSE,2650,,
150223,2,1.10433907702697,0.235431604452776,1.97324654960116,0.012737739281166,0.00123064948028825,0.972015459664604,6.20517447876388,0.0127377392811659,FALSE,2653,YDJC,YdjC chitooligosaccharide deacetylase homolog
644844,-1,-2.23497708420988,-3.99413321614378,-0.475820952275983,0.0127707176464203,0,1,6.20059774726783,0.0127707176464203,FALSE,2654,PHGR1,"proline, histidine and glycine rich 1"
7050,2,1.10112589622677,0.234137072659042,1.96811471979449,0.0128006613582122,0.00556996321775135,0.94050736463932,6.19645267322531,0.0128006613582122,FALSE,2656,TGIF1,TGFB induced factor homeobox 1
90355,-2,-1.43447941557994,-2.5640323944567,-0.304926436703177,0.0128080438146969,2.30127476796949,0.129267868368204,6.19543225942575,0.0128080438146969,FALSE,2657,MACIR,macrophage immunometabolism regulator
51548,-2,-1.0082039389595,-1.80235012873158,-0.214057749187416,0.0128369296574816,0.107266539448007,0.743277863713791,6.19144541802867,0.0128369296574816,FALSE,2658,SIRT6,sirtuin 6
27443,2,1.51845188602271,0.322307694857644,2.71459607718778,0.0128432251229624,0.332202949651705,0.564364781779337,6.19057773786839,0.0128432251229623,FALSE,2659,CECR2,CECR2 histone acetyl-lysine reader
23225,2,1.45778154860108,0.309418378646892,2.60614471855528,0.0128441160959274,1.50398326282211,0.220059487642433,6.19045497375128,0.0128441160959274,FALSE,2660,NUP210,nucleoporin 210
114881,-2,-1.05709397405677,-1.88985748367956,-0.224330464433983,0.0128485203175755,0.0608826735944216,0.805106239043309,6.18984825965277,0.0128485203175755,FALSE,2661,OSBPL7,oxysterol binding protein like 7
440894,2,1.11522164777284,0.236605378240253,1.99383791730542,0.0128547220129949,0.758536377526317,0.383786947999265,6.18899429255614,0.0128547220129949,FALSE,2662,,
126308,-2,-1.20471148956179,-2.15414947631897,-0.255273502804608,0.01288487203837,0.0461207653819524,0.829956423252964,6.18484868925508,0.01288487203837,FALSE,2663,MOB3A,MOB kinase activator 3A
160518,-2,-1.22283763519926,-2.18695788638256,-0.258717384015957,0.0129220056966998,0.00854813938705199,0.926335630398503,6.17975652282126,0.0129220056966998,FALSE,2664,DENND5B,DENN domain containing 5B
100526772,-2,-1.13249237182122,-2.02544113649008,-0.239543607152361,0.0129280021538829,0.120671503356824,0.728307328170179,6.17893563487569,0.0129280021538829,FALSE,2665,STIMATE-MUSTN1,STIMATE-MUSTN1 readthrough
79827,-2,-2.43147114322862,-4.35040560190796,-0.512536684549277,0.0130113155852766,3.52431797488237,0.0604747013288111,6.16757072289994,0.0130113155852766,FALSE,2667,CLMP,CXADR like membrane protein
1910,-2,-1.14198202807764,-2.04333590084405,-0.240628155311229,0.0130207265947335,0.088890801118201,0.765592036500963,6.16629165742031,0.0130207265947335,FALSE,2668,EDNRB,endothelin receptor type B
7227,-2,-1.38447273156827,-2.47736264384329,-0.29158281929325,0.0130324250388647,1.35674745590193,0.244101972186024,6.16470302720702,0.0130324250388647,FALSE,2670,TRPS1,transcriptional repressor GATA binding 1
9252,-2,-1.14021037908603,-2.04064334734188,-0.239777410830171,0.0130689363626317,0.159206233460888,0.689888371986346,6.15975425789185,0.0130689363626317,FALSE,2671,RPS6KA5,ribosomal protein S6 kinase A5
2149,2,1.19454479589382,0.250689864851785,2.13839972693587,0.0131185545224497,0.974643831051294,0.323524745209194,6.15305171279159,0.0131185545224497,FALSE,2672,F2R,coagulation factor II thrombin receptor
50512,2,1.50393864419571,0.315530596276645,2.69234669211478,0.0131254195449246,1.68372173957193,0.194430654010755,6.15212642126003,0.0131254195449246,FALSE,2673,PODXL2,podocalyxin like 2
100533111,2,1.55214016521659,0.324909353920666,2.7793709765125,0.01318013863335,1.22481739658675,0.268417303736265,6.14476893204992,0.01318013863335,FALSE,2675,ZNF670-ZNF695,ZNF670-ZNF695 readthrough (NMD candidate)
84957,2,1.27389859790268,0.266546749597246,2.28125044620812,0.0131909012848091,0.0273505507105888,0.868644879583836,6.14332548994528,0.0131909012848091,FALSE,2676,RELT,RELT TNF receptor
91147,2,1.0904421497183,0.227626704669913,1.95325759476669,0.0132477496885683,0.000833253368170082,0.976971359987979,6.13572125143261,0.0132477496885683,FALSE,2679,TMEM67,transmembrane protein 67
27076,2,2.52012404832355,0.525700336047633,4.51454776059947,0.0132647429218888,3.07336824397768,0.0795844209410419,6.13345469011032,0.0132647429218888,FALSE,2681,LYPD3,LY6/PLAUR domain containing 3
2813,-1,-2.64380453873327,-4.73623283859489,-0.551376238871649,0.0132701963355441,0,1,6.13272794528891,0.0132701963355441,FALSE,2682,GP2,glycoprotein 2
5507,-2,-2.88571567580761,-5.16983971344952,-0.601591638165696,0.0132797172871466,4.10790294189419,0.0426832565892406,6.13145987900784,0.0132797172871466,FALSE,2683,PPP1R3C,protein phosphatase 1 regulatory subunit 3C
90161,1,2.48902462882645,0.518815542897085,4.45923371475582,0.0132833184085619,0,1,6.13098050034304,0.0132833184085619,FALSE,2685,HS6ST2,heparan sulfate 6-O-sulfotransferase 2
11094,-2,-1.0035324047874,-1.79803054465841,-0.209034264916383,0.0132999484368579,0.92551063175413,0.336032208168672,6.12876845506524,0.0132999484368579,FALSE,2686,CACFD1,calcium channel flower domain containing 1
57406,-2,-1.07427150947867,-1.92484598270415,-0.223697036253195,0.013307764218578,0.268147311863022,0.604577287311589,6.12772982007897,0.013307764218578,FALSE,2687,ABHD6,"abhydrolase domain containing 6, acylglycerol lipase"
3777,-1,-2.0118596872884,-3.6047973539706,-0.418922020606196,0.0133083603493417,0,1,6.12765062633139,0.0133083603493417,FALSE,2688,KCNK3,potassium two pore domain channel subfamily K member 3
338645,-1,-2.12490379505563,-3.80784646063517,-0.441961129476089,0.0133357742103633,0,1,6.12401273238518,0.0133357742103633,FALSE,2689,LUZP2,leucine zipper protein 2
84243,-2,-1.01169078307537,-1.81301405724695,-0.210367508903786,0.0133421396118046,0.21961851391154,0.63933074546019,6.12316912632998,0.0133421396118046,FALSE,2690,ZDHHC18,zinc finger DHHC-type palmitoyltransferase 18
55166,2,1.22250858307143,0.254185594556173,2.19083157158668,0.0133439193041466,0.284774221650089,0.59358896053865,6.12293333789852,0.0133439193041466,FALSE,2691,CENPQ,centromere protein Q
5005,2,2.4458485115813,0.507605572263695,4.38409145089891,0.0133887420382674,2.01888802883881,0.155352870477106,6.11700548861019,0.0133887420382674,FALSE,2693,ORM2,orosomucoid 2
84552,-2,-1.49572249161015,-2.68119631552983,-0.310248667690458,0.0134020374748641,0.193556217849734,0.659973143943666,6.11525107821102,0.0134020374748641,FALSE,2694,PARD6G,par-6 family cell polarity regulator gamma
776,2,1.28061765302687,0.265096637060563,2.29613866899318,0.0134508912552085,1.31464625639569,0.251555145277193,6.10881987223204,0.0134508912552085,FALSE,2695,CACNA1D,calcium voltage-gated channel subunit alpha1 D
81796,-2,-1.36438769263691,-2.44654593279698,-0.282229452476836,0.0134687874786735,0.861769877973058,0.353243877383892,6.10646998820627,0.0134687874786735,FALSE,2696,SLCO5A1,solute carrier organic anion transporter family member 5A1
129401,2,1.06650330504997,0.220306265719477,1.91270034438047,0.0135023192649532,0.0712548490688598,0.789518407760836,6.10207569052223,0.0135023192649532,FALSE,2697,NUP35,nucleoporin 35
100506385,1,2.35398386432789,0.486224938719991,4.22174278993579,0.0135040462431386,0,1,6.10184967622098,0.0135040462431386,FALSE,2698,,
100287327,1,2.27508406389103,0.46980804200598,4.08036008577608,0.0135102371221854,0,1,6.10103970335798,0.0135102371221854,FALSE,2699,USP17L17,ubiquitin specific peptidase 17 like family member 17
6512,1,2.0815254975062,0.429235056018739,3.73381593899366,0.0135443124188773,0,1,6.09658834265908,0.0135443124188773,FALSE,2700,SLC1A7,solute carrier family 1 member 7
23166,-2,-1.1692117506128,-2.09829060818476,-0.240132893040832,0.0136424360073299,0.690712572400444,0.405922114148337,6.08383420577181,0.0136424360073299,FALSE,2703,STAB1,stabilin 1
3233,-2,-1.44096648172982,-2.58652203652286,-0.295410926936787,0.0136863792308309,0.702545460096327,0.401929702375428,6.07815300813682,0.0136863792308309,FALSE,2705,HOXD4,homeobox D4
162979,2,1.08400323312988,0.22151959773201,1.94648686852774,0.0137641811848644,0.000478187705714546,0.982553647089529,6.06814025020408,0.0137641811848644,FALSE,2710,ZNF296,zinc finger protein 296
11006,2,1.14460719681092,0.233841473930573,2.05537291969127,0.0137706978759562,0.0184066410152505,0.892081313825642,6.06730422561075,0.0137706978759562,FALSE,2711,LILRB4,leukocyte immunoglobulin like receptor B4
7450,-2,-1.02779046993075,-1.84568671578651,-0.209894224074979,0.0137801599757106,0.620628796818884,0.430813717105391,6.06609105947982,0.0137801599757106,FALSE,2712,VWF,von Willebrand factor
225,-1,-1.92571784014252,-3.45817401439415,-0.393261665890887,0.0137805481868888,0,1,6.06604130398182,0.0137805481868888,FALSE,2713,ABCD2,ATP binding cassette subfamily D member 2
100287042,2,1.23622937897503,0.252366292404985,2.22009246554508,0.0137893116861357,0.0575713049777591,0.810376607157773,6.06491850427613,0.0137893116861357,FALSE,2714,,
55286,-2,-1.45668875917564,-2.61612852789183,-0.29724899045946,0.0137993055692785,1.97809897907563,0.159590818692171,6.06363896045759,0.0137993055692785,FALSE,2715,C4orf19,chromosome 4 open reading frame 19
644943,1,2.46334142657795,0.502642671582549,4.42404018157335,0.0138003613588532,0,1,6.06350384054636,0.0138003613588532,FALSE,2716,RASSF10,Ras association domain family member 10
150248,-1,-1.56928448653589,-2.81851932295698,-0.320049650114801,0.0138126153841784,0,1,6.06193634833259,0.0138126153841784,FALSE,2717,C22orf15,chromosome 22 open reading frame 15
147372,-2,-4.33966505322166,-7.79673457511396,-0.882595531329357,0.0138803122923354,7.88384805935433,0.00498782378417732,6.05330249575683,0.0138803122923354,FALSE,2720,CCBE1,collagen and calcium binding EGF domains 1
3034,2,1.30015905167905,0.264119741010709,2.33619836234739,0.0139083479333664,0.369150330929457,0.543467775195151,6.04973959507516,0.0139083479333664,FALSE,2723,HAL,histidine ammonia-lyase
110599564,1,1.80272002005445,0.366200674110334,3.23923936599857,0.0139091043853197,0,1,6.04964356401243,0.0139091043853197,FALSE,2724,EEF1AKMT4,EEF1A lysine methyltransferase 4
26156,2,1.02411235835081,0.20803226354782,1.8401924531538,0.0139095390838209,0.467564288804648,0.494109848803713,6.04958838176329,0.0139095390838209,FALSE,2725,RSL1D1,ribosomal L1 domain containing 1
55096,2,1.30862386060323,0.265731144122177,2.35151657708429,0.0139182366922667,0.0886959895557001,0.765841526586817,6.048484647635,0.0139182366922668,FALSE,2727,EBLN2,endogenous Bornavirus like nucleoprotein 2
55811,1,2.14855203663402,0.435925370175898,3.86117870309214,0.0139384533256933,0,1,6.04592187831642,0.0139384533256933,FALSE,2728,ADCY10,adenylate cyclase 10
2258,-2,-1.4553113105166,-2.61541304832423,-0.29520957270896,0.0139435858033383,0.985209790607185,0.320915968550309,6.04527186647117,0.0139435858033383,FALSE,2730,FGF13,fibroblast growth factor 13
399473,1,1.98250814235865,0.40191278561577,3.56310349910153,0.0139580030931885,0,1,6.04344727897947,0.0139580030931884,FALSE,2732,SPRED3,sprouty related EVH1 domain containing 3
100874203,-1,-1.67403370213937,-3.00892679793481,-0.339140606343928,0.0139748576993067,0,1,6.04131669244272,0.0139748576993067,FALSE,2734,,
5509,2,1.17752599314859,0.238534557545496,2.11651742875168,0.0139768043014978,0.0915242853373763,0.762248213090144,6.04107079326473,0.0139768043014978,FALSE,2735,PPP1R3D,protein phosphatase 1 regulatory subunit 3D
85439,-2,-1.10989200797163,-1.99520932535795,-0.224574690585316,0.0140048198943,0.0129426191420137,0.909423582946074,6.03753569796353,0.0140048198943001,FALSE,2736,STON2,stonin 2
348938,-1,-2.59969678593439,-4.67340893275209,-0.525984639116689,0.0140064828857641,0,1,6.03732608530762,0.0140064828857641,FALSE,2737,NIPAL4,NIPA like domain containing 4
91975,2,1.35386718368324,0.273737111829862,2.43399725553663,0.014022862605058,0.109338576351617,0.740898417242659,6.03526286187599,0.014022862605058,FALSE,2738,ZNF300,zinc finger protein 300
84869,-2,-1.05624675937898,-1.89899906437526,-0.21349445438269,0.0140304951485848,0.758042273886094,0.383941883244145,6.03430229762658,0.0140304951485848,FALSE,2739,CBR4,carbonyl reductase 4
22877,-2,-1.02021922168407,-1.83433045058324,-0.206107992784898,0.0140427979965754,0.775796132253228,0.378429923466264,6.03275510146726,0.0140427979965754,FALSE,2740,MLXIP,MLX interacting protein
9134,2,1.11434951119717,0.224844040416601,2.00385498197774,0.0140730904707665,0.981271854110102,0.321885007475185,6.02895148146214,0.0140730904707664,FALSE,2742,CCNE2,cyclin E2
1789,1,1.69930026406938,0.342635873919928,3.05596465421883,0.0140897230595238,0,1,6.0268666213482,0.0140897230595238,FALSE,2743,DNMT3B,DNA methyltransferase 3 beta
654,-2,-1.46797664847956,-2.63996928753667,-0.295984009422446,0.0140904843366388,0.0047183423069227,0.945236226399819,6.02677125747419,0.0140904843366389,FALSE,2744,BMP6,bone morphogenetic protein 6
11164,2,1.04859596877464,0.211206974426412,1.88598496312288,0.0141156103687955,0.000197335197450165,0.988792001727059,6.02362673416889,0.0141156103687955,FALSE,2745,NUDT5,nudix hydrolase 5
3700,-1,-1.677774420075,-3.01777809156942,-0.33777074858058,0.0141274510570036,0,1,6.02214686791361,0.0141274510570036,FALSE,2746,ITIH4,inter-alpha-trypsin inhibitor heavy chain 4
28388,1,2.20010563347159,0.442550825799926,3.95766044114325,0.0141480906682751,0,1,6.01957034829124,0.0141480906682751,FALSE,2747,,
9816,2,1.06815144197751,0.214572981052081,1.92172990290293,0.0141804019161289,0.0059824987885273,0.9383478088678,6.01554457157446,0.0141804019161289,FALSE,2749,URB2,URB2 ribosome biogenesis homolog
222962,-2,-1.51114471078165,-2.71901425006191,-0.303275171501391,0.0142034234516789,0.891868363775567,0.344971500823459,6.01268198864403,0.0142034234516789,FALSE,2750,SLC29A4,solute carrier family 29 member 4
28567,1,1.97256158897821,0.395663026092434,3.54946015186399,0.0142166244894058,0,1,6.01104267587736,0.0142166244894057,FALSE,2751,,
653857,2,1.06284521552715,0.2128902842053,1.91280014684899,0.0142507080092208,0.0287781105410923,0.865292379940098,6.00681739669328,0.0142507080092208,FALSE,2754,ACTR3C,actin related protein 3C
28391,1,1.62695656341657,0.325845800467934,2.92806732636521,0.0142534864009893,0,1,6.0064734224748,0.0142534864009892,FALSE,2755,,
8514,2,1.06637104541174,0.213000968569062,1.91974112225442,0.0143185639193772,0.700102217054757,0.40274934996863,5.9984362837371,0.0143185639193772,FALSE,2757,KCNAB2,potassium voltage-gated channel subfamily A regulatory beta subunit 2
7637,2,1.01670420802745,0.203062158230292,1.8303462578246,0.0143207383550439,0.130339852518027,0.718079928156441,5.99816838820202,0.0143207383550439,FALSE,2758,ZNF84,zinc finger protein 84
81558,-2,-1.0877757859962,-1.95863739975322,-0.216914172239177,0.0143591173958153,0.0417515558945934,0.838094084816819,5.99344687903177,0.0143591173958153,FALSE,2760,FAM117A,family with sequence similarity 117 member A
55502,2,1.21558394457962,0.242063872010399,2.18910401714885,0.0143928898230461,0.0109645627813392,0.916604491869071,5.98930282067224,0.0143928898230462,FALSE,2761,HES6,hes family bHLH transcription factor 6
4436,2,1.01776617754566,0.202566757854156,1.83296559723717,0.0144054725658357,0.226430483848468,0.63418329586531,5.9877614089567,0.0144054725658358,FALSE,2763,MSH2,mutS homolog 2
7004,2,1.56813982946417,0.311539860003496,2.82473979892485,0.0144497537235497,1.86431773159918,0.172127298148079,5.98234787487457,0.0144497537235497,FALSE,2764,TEAD4,TEA domain transcription factor 4
100873932,-1,-1.72470663212008,-3.10691873174707,-0.342494532493089,0.0144604094002651,0,1,5.98104772814687,0.0144604094002652,FALSE,2766,,
27239,-2,-1.39742347287463,-2.51736062326138,-0.277486322487881,0.0144618006149356,1.03579341974176,0.308801833364141,5.98087805261218,0.0144618006149355,FALSE,2767,GPR162,G protein-coupled receptor 162
5140,-2,-1.02449712383667,-1.84565664524659,-0.203337602426753,0.0144733608829308,0.049036400824628,0.824748571471614,5.97946878694616,0.0144733608829308,FALSE,2768,PDE3B,phosphodiesterase 3B
55137,-1,-1.87836862078764,-3.38417798982757,-0.372559251747715,0.01448972403489,0,1,5.97747600044939,0.01448972403489,FALSE,2769,FIGN,"fidgetin, microtubule severing factor"
642846,2,1.04917521037103,0.207653640176058,1.89069678056601,0.0145413705929256,0.0953931702238317,0.757429662589564,5.97120138451119,0.0145413705929256,FALSE,2770,,
64417,2,1.14093640775228,0.225495393720032,2.05637742178452,0.0145757981257675,0.131490156267351,0.716891969840337,5.96703146270811,0.0145757981257675,FALSE,2772,TMEM267,transmembrane protein 267
56204,-2,-1.00133990099543,-1.80529644372949,-0.197383358261365,0.0146399858635329,0.520230601355189,0.470743330599459,5.9592839373283,0.0146399858635329,FALSE,2773,ATOSA,atos homolog A
652966,1,1.73892235463456,0.342643947325985,3.13520076194314,0.014649280969757,0,1,5.95816490791562,0.014649280969757,FALSE,2775,,
729970,-2,-1.46003002110001,-2.63271978140342,-0.287340260796603,0.0146788309165785,0.554630840278783,0.456431684457378,5.95461226616065,0.0146788309165784,FALSE,2776,,
54429,1,2.2730774301773,0.447045584916738,4.09910927543786,0.0146954531291703,0,1,5.95261709524887,0.0146954531291703,FALSE,2777,TAS2R5,taste 2 receptor member 5
57116,1,2.12734179816764,0.418256337731884,3.8364272586034,0.0147028558650151,0,1,5.95172928951045,0.0147028558650151,FALSE,2778,ZNF695,zinc finger protein 695
9481,1,1.53699621906068,0.301894832485695,2.77209760563567,0.0147264849956835,0,1,5.94889853756359,0.0147264849956834,FALSE,2780,SLC25A27,solute carrier family 25 member 27
160857,2,1.2779004471044,0.250369425674619,2.30543146853418,0.0147879408716173,0.0592152288635619,0.807740630037479,5.9415580115052,0.0147879408716173,FALSE,2781,CCDC122,coiled-coil domain containing 122
163786,2,1.05495350206719,0.206459100055152,1.90344790407922,0.0148149891291248,0.0422086147745172,0.837222627033012,5.93833721191368,0.0148149891291248,FALSE,2782,SASS6,SAS-6 centriolar assembly protein
28,-2,-1.31758312523493,-2.37773318903265,-0.257433061437198,0.0148549481280447,0.000845215094196316,0.976806701985227,5.93359011457031,0.0148549481280447,FALSE,2784,ABO,"ABO, alpha 1-3-N-acetylgalactosaminyltransferase and alpha 1-3-galactosyltransferase"
725,2,1.35745925510256,0.265123349040596,2.44979516116451,0.014864183470201,0.187784026947504,0.664767387674547,5.93249483383511,0.014864183470201,FALSE,2785,C4BPB,complement component 4 binding protein beta
2086,2,1.12781246849237,0.220220219015939,2.0354047179688,0.0148698253694343,0.016517218597492,0.897738000671833,5.93182606815788,0.0148698253694343,FALSE,2786,ERV3-1,"endogenous retrovirus group 3 member 1, envelope"
89927,-2,-1.95248652388307,-3.52497217810026,-0.380000869665883,0.0149494481246801,2.74804813455821,0.0973732315230425,5.92241570452523,0.0149494481246801,FALSE,2790,BMERB1,bMERB domain containing 1
10290,-2,-3.98346423136276,-7.19183564763991,-0.775092815085611,0.0149552501340989,9.40083687179476,0.00216886423269597,5.92173200186746,0.0149552501340989,FALSE,2791,SPEG,striated muscle enriched protein kinase
57524,-1,-2.4828792480871,-4.48325367906272,-0.482504817111475,0.0149858220917682,0,1,5.91813394016776,0.0149858220917681,FALSE,2792,CASKIN1,CASK interacting protein 1
80071,2,1.35829986157662,0.263956581760906,2.45264314139233,0.0149863373894424,1.56964245259537,0.210258945853756,5.91807335877142,0.0149863373894424,FALSE,2793,CCDC15,coiled-coil domain containing 15
78990,2,1.79202092454058,0.347673497163593,3.23636835191757,0.015025942118964,2.00567730632414,0.156711286116544,5.91342360283285,0.015025942118964,FALSE,2795,OTUB2,"OTU deubiquitinase, ubiquitin aldehyde binding 2"
105372282,1,1.59853168281804,0.30970769514144,2.88735567049464,0.0150593617903266,0,1,5.90950980562504,0.0150593617903266,FALSE,2797,,
11190,2,1.00010623812746,0.193325204733749,1.80688727152117,0.015114615383532,0.0650344908328842,0.798708726565154,5.90305860301768,0.015114615383532,FALSE,2798,CEP250,centrosomal protein 250
64080,-2,-1.17969961309166,-2.13174960084531,-0.227649625338016,0.0151563596687958,0.0819136266749098,0.774720680040094,5.89820078267205,0.0151563596687959,FALSE,2801,RBKS,ribokinase
148534,-2,-1.82435428624504,-3.29702636898449,-0.351682203505598,0.0151817497799856,3.04963007147484,0.0807555350425754,5.89525284739974,0.0151817497799856,FALSE,2803,TLCD4,TLC domain containing 4
23354,2,1.00553976005498,0.193762513681141,1.81731700642882,0.0151912895208745,0.602673610904407,0.437559736836598,5.89414654176975,0.0151912895208745,FALSE,2804,HAUS5,HAUS augmin like complex subunit 5
4056,-2,-1.24565422306544,-2.25133394793023,-0.239974498200653,0.0151970415030785,0.349097062878088,0.554624706408082,5.89347984105385,0.0151970415030785,FALSE,2806,LTC4S,leukotriene C4 synthase
144165,-1,-1.75648910828207,-3.17499218520958,-0.337986031354564,0.0152257816976672,0,1,5.8901525117249,0.0152257816976673,FALSE,2807,PRICKLE1,prickle planar cell polarity protein 1
100616346,1,2.03124470444496,0.390567738153739,3.67192167073618,0.0152436164633017,0,1,5.88809098428891,0.0152436164633017,FALSE,2809,,
114928,-1,-1.79807848066934,-3.25135173903729,-0.344805222301394,0.0153089261063113,0,1,5.88056296636458,0.0153089261063113,FALSE,2810,GPRASP2,G protein-coupled receptor associated sorting protein 2
100130701,-1,-1.65051212577105,-2.98565893324873,-0.315365318293366,0.0153966209100918,0,1,5.87050655559835,0.0153966209100918,FALSE,2814,,
105371430,-2,-1.27683876300157,-2.3101571457778,-0.243520380225341,0.0154410706562041,0.0032092183730444,0.954824033241917,5.8654317865806,0.0154410706562041,FALSE,2818,,
978,-2,-1.11852276590939,-2.02380115314362,-0.213244378675156,0.0154503673255342,0.246998266536744,0.619196666190126,5.86437230114833,0.0154503673255342,FALSE,2819,CDA,cytidine deaminase
55083,2,2.83120568441476,0.538319982956572,5.12409138587295,0.0155153371220638,3.66872767697022,0.0554424919229879,5.8569863672651,0.0155153371220638,FALSE,2823,KIF26B,kinesin family member 26B
64091,-2,-3.67497690222597,-6.65150325239238,-0.698450552059549,0.0155258334655303,8.23916200051916,0.00409960558333242,5.85579610627946,0.0155258334655303,FALSE,2824,POPDC2,popeye domain containing 2
5896,1,1.72329224783629,0.32705649601675,3.11952799965583,0.015560284728842,0,1,5.85189523106492,0.015560284728842,FALSE,2825,RAG1,recombination activating 1
8843,2,1.69560859314466,0.321739515900838,3.06947767038848,0.0155650316861135,0.432131998302347,0.510944659270979,5.85135843640316,0.0155650316861134,FALSE,2826,HCAR3,hydroxycarboxylic acid receptor 3
54507,-2,-1.52222813064179,-2.75588713307581,-0.288569128207777,0.0155878398674475,1.64914353018649,0.19907554130116,5.84878159527423,0.0155878398674475,FALSE,2827,ADAMTSL4,ADAMTS like 4
143098,-2,-1.08871637147433,-1.97108804873238,-0.206344694216279,0.0155929502292249,0.473805179933685,0.491241796710827,5.84820476541939,0.0155929502292249,FALSE,2828,MPP7,MAGUK p55 scaffold protein 7
27065,-2,-1.54162062457195,-2.79199321503191,-0.291248034111999,0.015670679869071,1.33969726876214,0.247087362526296,5.83945499994755,0.015670679869071,FALSE,2830,NSG1,neuronal vesicle trafficking associated 1
341676,1,1.98252315385496,0.374129662639786,3.59091664507013,0.0156975469012487,0,1,5.83644106418899,0.0156975469012487,FALSE,2831,NEK5,NIMA related kinase 5
1841,2,1.04809079127957,0.197658548497691,1.89852303406145,0.015713565614176,0.103569117327732,0.747587879000425,5.83464661797958,0.0157135656141761,FALSE,2832,DTYMK,deoxythymidylate kinase
9940,-1,-1.35450791701277,-2.45364956681804,-0.255366267207498,0.0157210796584383,0,1,5.83380553004981,0.0157210796584383,FALSE,2833,DLEC1,DLEC1 cilia and flagella associated protein
10166,2,1.0869317958063,0.204886350850405,1.9689772407622,0.015725053449885,0.000180082267421652,0.989293130681529,5.83336088936235,0.0157250534498851,FALSE,2834,SLC25A15,solute carrier family 25 member 15
27319,1,2.18087777229385,0.409606816525118,3.95214872806258,0.0158128747645529,0,1,5.8235637169522,0.0158128747645529,FALSE,2837,BHLHE22,basic helix-loop-helix family member e22
4604,-1,-2.2805225366896,-4.13278145215206,-0.428263621227134,0.0158161659411035,0,1,5.82319765064968,0.0158161659411036,FALSE,2838,MYBPC1,myosin binding protein C1
100887750,2,1.01616701987334,0.190346462286439,1.84198757746023,0.0158773217162719,0.222617648418147,0.637052599187737,5.8164097481535,0.0158773217162719,FALSE,2840,,
23414,-2,-1.85715895226535,-3.36713736084682,-0.347180543683888,0.0159259950106326,1.92905788526623,0.164861553837898,5.81102655044537,0.0159259950106326,FALSE,2841,ZFPM2,"zinc finger protein, FOG family member 2"
6839,2,1.06570500645697,0.199208678523194,1.93220133439075,0.015927948257435,0.214524776475417,0.643243812021685,5.81081087811931,0.015927948257435,FALSE,2842,SUV39H1,SUV39H1 histone lysine methyltransferase
4929,-2,-1.56446050439012,-2.83699968305825,-0.291921325721984,0.0159708498469881,1.39208020577305,0.238054116617575,5.8060806605681,0.0159708498469881,FALSE,2843,NR4A2,nuclear receptor subfamily 4 group A member 2
57104,-2,-1.0121498862382,-1.83584858289978,-0.188451189576628,0.0160236072213551,0.172892572672801,0.677553778122484,5.80028169225799,0.0160236072213551,FALSE,2846,PNPLA2,patatin like phospholipase domain containing 2
55472,2,1.18864138590008,0.221019513076404,2.15626325872376,0.016055587575823,0.414432519075436,0.51972826421441,5.7967760581436,0.016055587575823,FALSE,2847,,
2302,1,2.23976587157912,0.416283338947383,4.06324840421086,0.0160663542747833,0,1,5.79559744944497,0.0160663542747833,FALSE,2848,FOXJ1,forkhead box J1
54541,2,1.45393316022531,0.270077583110874,2.63778873733975,0.0160798454230396,1.32392774903575,0.249888357265776,5.79412174947757,0.0160798454230396,FALSE,2849,DDIT4,DNA damage inducible transcript 4
11279,-2,-1.26009498294783,-2.28622660129979,-0.233963364595869,0.016090953449334,0.16232089293658,0.6870286543971,5.79290767978817,0.016090953449334,FALSE,2850,KLF8,KLF transcription factor 8
196740,-2,-1.50183127472722,-2.72491842628711,-0.278744123167337,0.0160998607097842,1.73517936679762,0.187750793825976,5.7919347703086,0.0160998607097842,FALSE,2851,VSTM4,V-set and transmembrane domain containing 4
28477,1,1.80611416886481,0.335126934249648,3.27710140347997,0.0161065654579227,0,1,5.79120279961904,0.0161065654579228,FALSE,2852,,
3382,2,1.10824420590676,0.205205049752467,2.01128336206105,0.0161573018123977,0.0141188181606003,0.905415877014595,5.78567397101455,0.0161573018123977,FALSE,2856,ICA1,islet cell autoantigen 1
121642,2,1.09415410080376,0.202239148721814,1.9860690528857,0.0161999160018604,0.390471490176785,0.532051670603149,5.78104403962892,0.0161999160018604,FALSE,2857,ALKBH2,"alkB homolog 2, alpha-ketoglutarate dependent dioxygenase"
4058,-2,-2.08216176519748,-3.77962608884148,-0.384697441553477,0.0162100363500358,2.53271469375295,0.111508227001606,5.77994633250356,0.0162100363500358,FALSE,2860,LTK,leukocyte receptor tyrosine kinase
54947,2,1.077751885721,0.19897757449465,1.95652619694734,0.0162278097556113,0.150266624509845,0.698280692509321,5.77802024258981,0.0162278097556113,FALSE,2861,LPCAT2,lysophosphatidylcholine acyltransferase 2
58494,-2,-2.73863365711424,-4.97168857178457,-0.50557874244391,0.0162295051161576,6.03113408895783,0.0140556997177124,5.77783663133273,0.0162295051161575,FALSE,2862,JAM2,junctional adhesion molecule 2
3090,-2,-1.14241374950223,-2.07508846069329,-0.209739038311178,0.0163629008650608,0.257143505123605,0.612089431811975,5.76345122528219,0.0163629008650608,FALSE,2868,HIC1,HIC ZBTB transcriptional repressor 1
100873954,-1,-1.23822390362206,-2.24948318481003,-0.226964622434087,0.0164016288169804,0,1,5.75929744098967,0.0164016288169804,FALSE,2870,,
404281,2,1.36766392202054,0.250230345425812,2.48509749861527,0.016445987438142,1.36293787558866,0.243028970376652,5.75455214355878,0.016445987438142,FALSE,2872,YY2,YY2 transcription factor
57415,2,1.26715930470123,0.231793113914396,2.30252549548807,0.0164510576266292,1.03314387781238,0.309421403341864,5.75401059686685,0.0164510576266293,FALSE,2873,CEP15,centrosomal protein 15
677804,1,1.69710358958439,0.309815530724088,3.08439164844469,0.0164996267066196,0,1,5.74883163816677,0.0164996267066196,FALSE,2875,,
9764,-2,-1.6476229437769,-2.99447957920131,-0.30076630835249,0.0165009304924856,2.69995796638116,0.100350892120084,5.74869283120952,0.0165009304924856,FALSE,2876,KIAA0513,KIAA0513
29881,1,2.7050094816396,0.493672518236626,4.91634644504258,0.0165065498081709,0,1,5.7480947027542,0.016506549808171,FALSE,2877,NPC1L1,NPC1 like intracellular cholesterol transporter 1
729732,1,1.66175849617049,0.303170436232535,3.02034655610844,0.0165149465941874,0,1,5.74720132732189,0.0165149465941874,FALSE,2878,,
64127,2,1.74312883368078,0.317566138306996,3.16869152905457,0.0165490487130804,2.03228958355729,0.153988473357732,5.7435778424637,0.0165490487130804,FALSE,2880,NOD2,nucleotide binding oligomerization domain containing 2
3897,-2,-2.07468353481825,-3.77171141497661,-0.3776556546599,0.0165690635455904,1.97508671925388,0.159908968976298,5.74145477128007,0.0165690635455904,FALSE,2881,L1CAM,L1 cell adhesion molecule
55609,2,1.02047518332446,0.185686363457278,1.85526400319163,0.0165783086311135,0.152786068134712,0.695886983981764,5.74047499258738,0.0165783086311136,FALSE,2882,ZNF280C,zinc finger protein 280C
2568,1,2.68985951483225,0.488667016848969,4.89105201281553,0.0166168289610824,0,1,5.73639872805642,0.0166168289610825,FALSE,2885,GABRP,gamma-aminobutyric acid type A receptor subunit pi
105373335,1,1.53496117775825,0.278840047721333,2.79108230779517,0.0166182536136394,0,1,5.73624815664543,0.0166182536136394,FALSE,2886,,
6713,2,1.76400357537186,0.320396925431436,3.20761022531228,0.0166220750874183,2.3754197855925,0.123258460758626,5.73584433113105,0.0166220750874183,FALSE,2887,SQLE,squalene epoxidase
3315,-2,-1.07634861418895,-1.95728205249749,-0.19541517588041,0.0166322587182153,0.250022938347339,0.617058926321564,5.73476866654516,0.0166322587182153,FALSE,2888,HSPB1,heat shock protein family B (small) member 1
51257,-2,-1.51618732486946,-2.75720571154528,-0.275168938193634,0.0166410679291486,2.92652941614227,0.0871346223210089,5.73383872530242,0.0166410679291486,FALSE,2889,MARCHF2,membrane associated ring-CH-type finger 2
5608,-2,-1.0004547693436,-1.82009836338695,-0.180811175300244,0.0167419290087192,0.977068909150127,0.322923518187765,5.72322739889346,0.0167419290087192,FALSE,2891,MAP2K6,mitogen-activated protein kinase kinase 6
87769,1,1.95210068432316,0.352630834022921,3.5515705346234,0.0167535556746542,0,1,5.72200842842381,0.0167535556746543,FALSE,2894,GGACT,gamma-glutamylamine cyclotransferase
898,2,1.11295326567258,0.200965552618282,2.02494097872687,0.0167631658662739,0.0403220080977894,0.840852299113405,5.72100152890082,0.0167631658662739,FALSE,2895,CCNE1,cyclin E1
63923,-1,-2.46807622359607,-4.49133348645557,-0.444818960736574,0.0168086069643176,0,1,5.7162485261996,0.0168086069643176,FALSE,2897,TNN,tenascin N
4982,2,1.46587536992158,0.26382512744163,2.66792561240154,0.0168421587919239,1.41823961014737,0.233693372024561,5.71274760311791,0.0168421587919239,FALSE,2899,TNFRSF11B,TNF receptor superfamily member 11b
105378011,1,1.49802613478994,0.269312891108676,2.7267393784712,0.0168688204366119,0,1,5.70997075296588,0.0168688204366119,FALSE,2901,,
65108,2,1.01702878350027,0.182707838442075,1.85134972855847,0.0168861993030694,1.00341396378233,0.316485836273174,5.70816315408247,0.0168861993030694,FALSE,2902,MARCKSL1,MARCKS like 1
53831,1,2.38202762952112,0.427707183390787,4.33634807565145,0.01689861304586,0,1,5.70687315875508,0.0168986130458601,FALSE,2903,GPR84,G protein-coupled receptor 84
440689,1,1.49156015458265,0.267245431153099,2.7158748780122,0.0169501095341231,0,1,5.70153223087492,0.0169501095341232,FALSE,2905,H2BC18,H2B clustered histone 18
26013,2,1.0012017796558,0.179329013202578,1.82307454610902,0.0169578894841705,0.56721046252941,0.451369538372461,5.70072679357897,0.0169578894841705,FALSE,2907,L3MBTL1,L3MBTL histone methyl-lysine binding protein 1
5655,1,2.03598244371515,0.364601468235708,3.70736341919459,0.0169625693501802,0,1,5.70024248322629,0.0169625693501802,FALSE,2908,KLK10,kallikrein related peptidase 10
84318,2,1.1390901048914,0.20386590389988,2.07431430588292,0.0169768393375794,0.598723048809763,0.439065655978506,5.6987665600839,0.0169768393375793,FALSE,2909,CCDC77,coiled-coil domain containing 77
5948,2,1.8525356648294,0.331413200375275,3.37365812928353,0.0169869815260993,0.171506818686612,0.678776107675905,5.69771834671386,0.0169869815260993,FALSE,2910,RBP2,retinol binding protein 2
10848,2,1.01503613227629,0.181517196656713,1.84855506789587,0.016996218753615,0.13881913385876,0.709457786427372,5.69676422429314,0.016996218753615,FALSE,2911,PPP1R13L,protein phosphatase 1 regulatory subunit 13 like
4117,1,1.62422228084453,0.290140302179403,2.95830425950966,0.0170224230660552,0,1,5.69406046317679,0.0170224230660552,FALSE,2912,MAK,male germ cell associated kinase
2323,-2,-1.06749291707742,-1.94560327453941,-0.189382559615423,0.0171875692966248,0.128718842195727,0.719764102853066,5.67711885676025,0.0171875692966248,FALSE,2917,FLT3LG,fms related receptor tyrosine kinase 3 ligand
105416157,1,2.28738045873466,0.405561967427753,4.16919895004157,0.0172017185528357,0,1,5.67567516704582,0.0172017185528357,FALSE,2921,,
155038,-2,-1.13211625659998,-2.06363586087512,-0.200596652324839,0.0172175225315305,0.18441068520471,0.667609850814216,5.67406408899992,0.0172175225315305,FALSE,2922,GIMAP8,"GTPase, IMAP family member 8"
8492,-2,-1.45437432971743,-2.65130692978019,-0.257441729654676,0.0172412613935645,1.68563503637595,0.194177368294182,5.67164698363429,0.0172412613935645,FALSE,2923,PRSS12,serine protease 12
51533,-2,-1.01906781182986,-1.8580166474842,-0.180118976175522,0.0172769428430169,1.02556306280612,0.311203059663866,5.66802032874746,0.0172769428430169,FALSE,2924,PHF7,PHD finger protein 7
28392,1,1.55631300343186,0.274651967089728,2.83797403977399,0.0173139515586479,0,1,5.66426692657994,0.0173139515586479,FALSE,2926,,
54510,-2,-1.06459802195159,-1.94144309069166,-0.187752953211529,0.0173296563195563,0.102548087575811,0.748792995065185,5.66267666014814,0.0173296563195563,FALSE,2928,PCDH18,protocadherin 18
6623,-2,-2.34577518155095,-4.27791809055203,-0.413632272549859,0.017333688720744,3.98672786641258,0.0458600420181381,5.66226857853166,0.017333688720744,FALSE,2930,SNCG,synuclein gamma
81035,-2,-2.11218061235573,-3.85197987285859,-0.37238135185287,0.0173376141585895,2.61772949382411,0.105675552120766,5.66187141575953,0.0173376141585895,FALSE,2931,COLEC12,collectin subfamily member 12
493,-2,-2.537804754804,-4.62820755938373,-0.447401950224275,0.0173385633354647,3.9700548581414,0.0463162634678546,5.66177539512445,0.0173385633354647,FALSE,2932,ATP2B4,ATPase plasma membrane Ca2+ transporting 4
3925,1,1.35636311239398,0.238675416010962,2.474050808777,0.0173831245264217,0,1,5.65727358999729,0.0173831245264218,FALSE,2933,STMN1,stathmin 1
282809,2,1.02328623670791,0.179970403077395,1.86660207033843,0.017395683108442,0.094884991467825,0.758056403898043,5.65600700702415,0.0173956831084419,FALSE,2935,POC1B,POC1 centriolar protein B
151306,-2,-1.18777597065532,-2.16684360931441,-0.208708331996244,0.0174176638457204,0.426653104375041,0.513635805366759,5.6537924315632,0.0174176638457204,FALSE,2936,GPBAR1,G protein-coupled bile acid receptor 1
81607,2,2.15245217158991,0.378174384328101,3.92672995885172,0.0174202355910085,3.13677092549947,0.0765452138910714,5.65353351480528,0.0174202355910085,FALSE,2937,NECTIN4,nectin cell adhesion molecule 4
80235,-2,-1.59173218640457,-2.90391429778689,-0.27955007502226,0.0174295501621178,1.68136666761894,0.194742953486177,5.65259607757805,0.0174295501621178,FALSE,2938,PIGZ,phosphatidylinositol glycan anchor biosynthesis class Z
102723169,1,1.7703658953753,0.310871658004344,3.22986013274626,0.017433492192277,0,1,5.65219949939456,0.017433492192277,FALSE,2939,,
637,2,1.09555584355486,0.192368665505343,1.99874302160437,0.0174344998450009,0.0184367819397104,0.891993532636601,5.65209814183778,0.0174344998450009,FALSE,2940,BID,BH3 interacting domain death agonist
100846999,1,2.30102974633698,0.403914897030247,4.19814459564371,0.0174417845674085,0,1,5.65136556751719,0.0174417845674085,FALSE,2941,,
389114,-2,-1.21482181218025,-2.21648424518252,-0.213159379177984,0.017451471386738,0.0201337607370051,0.887164141435565,5.65039191979991,0.0174514713867381,FALSE,2942,ZNF662,zinc finger protein 662
219293,1,1.46009944848125,0.256103247450876,2.66409564951162,0.0174602450892188,0,1,5.64951053308111,0.0174602450892188,FALSE,2943,ATAD3C,ATPase family AAA domain containing 3C
54805,-2,-1.04342650007112,-1.90416302412473,-0.18268997601751,0.0175032053388863,1.31916199075801,0.250742502520712,5.6452014292256,0.0175032053388863,FALSE,2946,CNNM2,cyclin and CBS domain divalent metal cation transport mediator 2
161436,-1,-1.94754645318583,-3.55411879882231,-0.340974107549349,0.0175042673121541,0,1,5.64509504688071,0.0175042673121541,FALSE,2947,EML5,EMAP like 5
9498,1,1.7317306444473,0.303014965711523,3.16044632318308,0.017518027640926,0,1,5.64371721865182,0.017518027640926,FALSE,2948,SLC4A8,solute carrier family 4 member 8
203111,-2,-1.48432690871942,-2.70925193149142,-0.259401885947416,0.0175477721043945,0.611589654127479,0.434189904348167,5.64074270424968,0.0175477721043945,FALSE,2950,ERICH5,glutamate rich 5
124976,2,1.01551077372324,0.177406245604078,1.8536153018424,0.0175565368051745,0.0326048204349916,0.856706636536964,5.63986720661838,0.0175565368051746,FALSE,2951,SPNS2,"SPNS lysolipid transporter 2, sphingosine-1-phosphate"
26166,-1,-1.98698010093961,-3.62689662317536,-0.347063578703864,0.0175603269566965,0,1,5.6394887516839,0.0175603269566966,FALSE,2952,RGS22,regulator of G protein signaling 22
8473,2,1.02706308005996,0.178625018683577,1.87550114143633,0.0176632399995148,1.3094083823767,0.252501798880905,5.62924475529731,0.0176632399995148,FALSE,2956,OGT,O-linked N-acetylglucosamine (GlcNAc) transferase
11072,2,1.09790696258369,0.190711544836066,2.00510238033132,0.0176925882359883,0.906788805398093,0.340967881224488,5.62633470943977,0.0176925882359883,FALSE,2957,DUSP14,dual specificity phosphatase 14
283316,-2,-1.6740823037583,-3.05777208732196,-0.290392520194654,0.01772572581724,2.95401050712649,0.0856647288919895,5.62305491133917,0.01772572581724,FALSE,2958,CD163L1,CD163 molecule like 1
155400,2,1.02454955374833,0.177634358034094,1.87146474946256,0.0177375208159992,0.146649016226704,0.701758469863478,5.62188902624577,0.0177375208159992,FALSE,2959,,
155465,-2,-1.26891223860664,-2.31787840560955,-0.219946071603718,0.0177435315374331,0.0481231236329824,0.82636196748513,5.62129519996281,0.0177435315374331,FALSE,2960,AGR3,"anterior gradient 3, protein disulphide isomerase family member"
10940,2,1.13185229169368,0.195992056382907,2.06771252700445,0.0177674824743792,0.0295715645886959,0.863465951656038,5.61893103927649,0.0177674824743793,FALSE,2961,POP1,"POP1 homolog, ribonuclease P/MRP subunit"
2264,2,1.57090029663864,0.271976214936922,2.86982437834037,0.0177711309300952,2.02870858155267,0.154351715405204,5.61857119449165,0.0177711309300952,FALSE,2962,FGFR4,fibroblast growth factor receptor 4
28457,1,2.26278165023632,0.390573028686487,4.13499027178615,0.0178437682149933,0,1,5.61142285650854,0.0178437682149933,FALSE,2963,,
4487,2,3.23922109363047,0.558187372788306,5.92025481447263,0.017883294908664,3.91224283493999,0.0479355844016935,5.60754558859691,0.0178832949086641,FALSE,2964,MSX1,msh homeobox 1
1316,-2,-1.02413141153789,-1.87181052434572,-0.176452298730054,0.0178870142289318,0.450730412381117,0.501988297129636,5.60718120706939,0.0178870142289318,FALSE,2965,KLF6,KLF transcription factor 6
3512,-2,-1.20253019734925,-2.19788002898051,-0.207180365717992,0.0178880583758765,0.449148212142772,0.502739732598539,5.60707892613311,0.0178880583758765,FALSE,2966,JCHAIN,joining chain of multimeric IgA and IgM
64772,2,1.10179249518135,0.189821200205011,2.01376379015769,0.0178884808311656,0.33875358828997,0.560549559396622,5.60703754566062,0.0178884808311656,FALSE,2967,ENGASE,endo-beta-N-acetylglucosaminidase
388,-2,-1.15777584810701,-2.11668711659076,-0.198864579623262,0.0179604402474718,1.24371869501946,0.264755572376508,5.60000363637479,0.0179604402474718,FALSE,2969,RHOB,ras homolog family member B
144203,1,2.22522447389698,0.381669695376844,4.06877925241712,0.0179943782283151,0,1,5.59669634742387,0.0179943782283151,FALSE,2970,,
84632,-2,-1.0788924457214,-1.97281019969346,-0.184974691749337,0.0180042262277175,0.0810965333844064,0.77581688612622,5.59573785579944,0.0180042262277175,FALSE,2971,AFAP1L2,actin filament associated protein 1 like 2
84870,-2,-1.3428292746884,-2.45621491931724,-0.229443630059548,0.0180852411216059,0.533946886023945,0.464952216918951,5.58787327504065,0.0180852411216059,FALSE,2973,RSPO3,R-spondin 3
2811,-1,-1.35817874553757,-2.48447746278422,-0.231880028290918,0.018104336845379,0,1,5.58602484097161,0.018104336845379,FALSE,2974,GP1BA,glycoprotein Ib platelet subunit alpha
57715,-2,-1.03605579197898,-1.89536585110647,-0.176745732851482,0.018122981442951,0.218982336540306,0.639816423197571,5.5842220164473,0.018122981442951,FALSE,2976,SEMA4G,semaphorin 4G
10136,-1,-2.25808901812796,-4.13107158470333,-0.385106451552589,0.0181298805781465,0,1,5.58355539544872,0.0181298805781465,FALSE,2977,CELA3A,chymotrypsin like elastase 3A
116039,-1,-1.71516869712858,-3.13859381080397,-0.291743583453193,0.0181925360504239,0,1,5.57751334652945,0.018192536050424,FALSE,2981,OSR2,odd-skipped related transciption factor 2
4237,2,2.14817960556038,0.364925313850939,3.93143389726983,0.0182232151915469,3.10554746012245,0.0780259944204591,5.57456269984463,0.0182232151915468,FALSE,2984,MFAP2,microfibril associated protein 2
27303,-2,-2.23822167446916,-4.09656089282123,-0.379882456117084,0.0182443842952116,3.69458827192367,0.0545892536555332,5.57252969525845,0.0182443842952117,FALSE,2986,RBMS3,RNA binding motif single stranded interacting protein 3
140700,2,1.07299304208712,0.181902013901319,1.96408407027292,0.0182720112367453,0.137769712876747,0.710508363892977,5.56988016402994,0.0182720112367453,FALSE,2987,SAMD10,sterile alpha motif domain containing 10
28468,1,1.94116636833278,0.328850607099177,3.55348212956638,0.0182886590848822,0,1,5.5682855673999,0.0182886590848823,FALSE,2989,,
347404,-2,-1.28070174341573,-2.34473728093059,-0.216666205900859,0.0183210326158864,0.999229985814584,0.317496900515744,5.56518898995837,0.0183210326158864,FALSE,2991,LANCL3,LanC like family member 3
84058,2,1.05537221525449,0.178043616932196,1.93270081357678,0.0183877623689933,0.108632175506326,0.741706790435285,5.55882397699265,0.0183877623689933,FALSE,2994,WDR54,WD repeat domain 54
89876,-1,-1.81642420751919,-3.32720519105156,-0.305643223986822,0.0184490329648939,0,1,5.55300065858433,0.0184490329648939,FALSE,2995,CFAP91,cilia and flagella associated protein 91
91851,-2,-3.22113091802281,-5.90045065778485,-0.541811178260779,0.0184576427431581,4.22590494386016,0.0398113843675779,5.55218396359561,0.0184576427431581,FALSE,2996,CHRDL1,chordin like 1
4919,-2,-2.59490738919556,-4.75420395554604,-0.435610822845069,0.0185046701208326,4.17250281947936,0.0410850658146156,5.54773003526149,0.0185046701208326,FALSE,2998,ROR1,receptor tyrosine kinase like orphan receptor 1
57232,1,1.81057217808794,0.301460929975572,3.31968342620031,0.0186985170554098,0,1,5.52949353874898,0.0186985170554098,FALSE,3003,ZNF630,zinc finger protein 630
100131496,1,1.63926633763973,0.272333790102955,3.0061988851765,0.0187508602268705,0,1,5.52460274118843,0.0187508602268705,FALSE,3004,,
119437,1,1.58939888063644,0.264016474478545,2.91478128679433,0.0187537875277656,0,1,5.52432963908181,0.0187537875277656,FALSE,3005,,
412,-1,-1.38784316067171,-2.54523565735692,-0.230450663986505,0.0187625087999357,0,1,5.52351625025502,0.0187625087999358,FALSE,3006,STS,steroid sulfatase
147409,1,1.71780689598224,0.284998485537637,3.15061530642684,0.0187825693946829,0,1,5.5216467818818,0.0187825693946829,FALSE,3008,DSG4,desmoglein 4
9762,2,1.18368175934219,0.196302284755313,2.17106123392907,0.0187922247093022,0.287793957043292,0.591637694938155,5.52074772795745,0.0187922247093022,FALSE,3009,LZTS3,leucine zipper tumor suppressor family member 3
2206,-2,-1.40218919493254,-2.5719994673394,-0.232378922525672,0.0188085276009016,0.080106095069128,0.777153685544454,5.51923076802108,0.0188085276009016,FALSE,3010,MS4A2,membrane spanning 4-domains A2
56000,-1,-2.13245086588053,-3.91170727314113,-0.353194458619935,0.0188223840296176,0,1,5.51794251541117,0.0188223840296176,FALSE,3011,NXF3,nuclear RNA export factor 3
101927730,2,1.19127767086464,0.196401376201829,2.18615396552745,0.0189310417350084,0.0663638576486591,0.796706494751983,5.5078742876675,0.0189310417350085,FALSE,3013,,
1290,2,1.37994488347242,0.227336405012363,2.53255336193248,0.0189486157343533,1.24091229711166,0.265295304345219,5.50625149120302,0.0189486157343533,FALSE,3014,COL5A2,collagen type V alpha 2 chain
2255,-2,-3.12922853210836,-5.74299515516408,-0.515461909052641,0.0189512140642384,4.69421309252886,0.0302643541597779,5.50601169141281,0.0189512140642384,FALSE,3015,FGF10,fibroblast growth factor 10
80131,2,2.96248547098381,0.487963018394531,5.4370079235731,0.0189527646651868,4.88616895217897,0.0270726962906668,5.50586860268115,0.0189527646651867,FALSE,3016,LRRC8E,leucine rich repeat containing 8 VRAC subunit E
995,2,1.435530714169,0.23627523647836,2.63478619185963,0.0189703707561588,1.48956266631953,0.222284327027272,5.50424476869594,0.0189703707561588,FALSE,3018,CDC25C,cell division cycle 25C
5314,1,2.4521705557465,0.403552574380739,4.50078853711226,0.0189734189194681,0,1,5.50396379054528,0.0189734189194681,FALSE,3019,PKHD1,PKHD1 ciliary IPT domain containing fibrocystin/polyductin
23541,2,1.46567917520049,0.241090660069143,2.69026769033183,0.0189846844504716,1.67884060881726,0.195078579573406,5.50292574419159,0.0189846844504716,FALSE,3021,SEC14L2,SEC14 like lipid binding 2
28461,1,1.6536880208253,0.271797368912047,3.03557867273855,0.0190036281193416,0,1,5.50118164091165,0.0190036281193415,FALSE,3022,,
112268437,-1,-1.18438635765544,-2.17421697304392,-0.194555742266957,0.0190166774375902,0,1,5.49998126261821,0.0190166774375902,FALSE,3023,,
5272,2,1.0186930639919,0.166852664077734,1.87053346390606,0.0190849087150533,0.326554777000008,0.567694837238587,5.49371864465257,0.0190849087150534,FALSE,3025,SERPINB9,serpin family B member 9
221935,-2,-1.38735922185858,-2.5487520964456,-0.225966347271551,0.0192164984677038,1.34241999363507,0.246607647966908,5.48170573328091,0.0192164984677038,FALSE,3027,SDK1,sidekick cell adhesion molecule 1
2823,-2,-5.28739053188018,-9.72340812180057,-0.851372941959792,0.0194846875021709,8.12775144043064,0.00435927773048604,5.45748362031165,0.0194846875021709,FALSE,3031,GPM6A,glycoprotein M6A
100131205,2,1.05061324296267,0.169041813586419,1.93218467233892,0.0195022843577016,0.0053063878974777,0.941929494699743,5.45590638645544,0.0195022843577016,FALSE,3032,,
4660,-2,-1.78989098345134,-3.29185858400444,-0.287923382898235,0.0195077110672347,2.73289522310458,0.0983009364004373,5.45542027872187,0.0195077110672346,FALSE,3033,PPP1R12B,protein phosphatase 1 regulatory subunit 12B
10516,-2,-2.08852472826887,-3.84144738619519,-0.335602070342537,0.0195327291759938,3.260382086656,0.0709725874115208,5.45318104073147,0.0195327291759937,FALSE,3034,FBLN5,fibulin 5
56265,2,2.05926288126105,0.329685486494503,3.78884027602761,0.0196185168610541,2.02411753561556,0.154818834876584,5.44552509316105,0.0196185168610542,FALSE,3037,CPXM1,"carboxypeptidase X, M14 family member 1"
25845,-1,-1.96933056571281,-3.6236384548687,-0.315022676556921,0.0196381006618191,0,1,5.443782228973,0.0196381006618191,FALSE,3039,,
25902,2,1.31482022434868,0.209889757564704,2.41975069113266,0.0196862963285065,2.17386555404954,0.140372994226118,5.43950068710605,0.0196862963285065,FALSE,3041,MTHFD1L,methylenetetrahydrofolate dehydrogenase (NADP+ dependent) 1 like
80726,-1,-1.41882487257659,-2.61123626082406,-0.22641348432912,0.0196944142997617,0,1,5.43878058021704,0.0196944142997617,FALSE,3042,IQCN,IQ motif containing N
3339,-2,-1.37499037660139,-2.53068172983123,-0.219299023371536,0.0197070930307216,1.80136253295502,0.179547858534583,5.43765652357847,0.0197070930307216,FALSE,3043,HSPG2,heparan sulfate proteoglycan 2
9122,2,1.13500587797555,0.180634483733489,2.0893772722176,0.0197571765696774,0.487492772624916,0.485047857903188,5.4332235721047,0.0197571765696775,FALSE,3045,SLC16A4,solute carrier family 16 member 4
23466,-2,-2.12085402262402,-3.90447996103896,-0.337228084209084,0.0197780455704986,3.51186736069854,0.0609307428206502,5.43137986113737,0.0197780455704986,FALSE,3046,CBX6,chromobox 6
54674,1,1.76266892957837,0.279680625839987,3.24565723331675,0.0198273711431863,0,1,5.42703008462227,0.0198273711431864,FALSE,3047,LRRN3,leucine rich repeat neuronal 3
1356,-2,-1.49884203471581,-2.76039606656665,-0.237288002864971,0.0198793544985047,1.46696682785599,0.225824870339935,5.42245802448924,0.0198793544985047,FALSE,3048,CP,ceruloplasmin
7190,1,1.7457160956675,0.275852752746892,3.21557943858811,0.0199229868530139,0,1,5.41862998773849,0.0199229868530139,FALSE,3050,,
5806,-2,-2.238361925337,-4.1230354083708,-0.353688442303205,0.0199236894412551,2.23381459645821,0.135020138443216,5.41856841787478,0.0199236894412551,FALSE,3051,PTX3,pentraxin 3
5802,-2,-2.21843301048453,-4.08650998301966,-0.350356037949388,0.0199358333625212,3.29415086464479,0.0695270480968938,5.41750456515578,0.0199358333625212,FALSE,3052,PTPRS,protein tyrosine phosphatase receptor type S
220323,-2,-1.06553233542701,-1.96289919622339,-0.168165474630621,0.0199514905282088,0.219188897937148,0.639658633562929,5.41613392770195,0.0199514905282088,FALSE,3053,OAF,out at first homolog
440503,-1,-1.75623340996642,-3.23555678793297,-0.276910031999869,0.0199735874006087,0,1,5.41420144598217,0.0199735874006087,FALSE,3055,PLIN5,perilipin 5
6170,2,1.07435063578776,0.169256339707981,1.97944493186753,0.0199926770755665,0.0513588649870089,0.820715394820776,5.41253373785385,0.0199926770755664,FALSE,3056,RPL39,ribosomal protein L39
84798,1,1.38329889748386,0.217856968405688,2.54874082656203,0.0200003354911712,0,1,5.41186514776456,0.0200003354911712,FALSE,3057,,
116443,-1,-1.95578336086574,-3.60380204161992,-0.30776468011156,0.0200194086033592,0,1,5.41020118922716,0.0200194086033592,FALSE,3058,GRIN3A,glutamate ionotropic receptor NMDA type subunit 3A
693122,1,1.67412274857459,0.26338272495333,3.08486277219585,0.0200246398164677,0,1,5.40974509913088,0.0200246398164677,FALSE,3059,,
651746,-2,-1.41418128565512,-2.60620437482702,-0.222158196483231,0.0200589234765353,0.108864538669653,0.7414405637072,5.40675908032811,0.0200589234765353,FALSE,3060,ANKRD33B,ankyrin repeat domain 33B
200728,1,1.80564153150051,0.283498179488137,3.32778488351288,0.0200716413246281,0,1,5.40565273031086,0.0200716413246282,FALSE,3061,TMEM17,transmembrane protein 17
91624,-2,-2.85992309707155,-5.27116145078731,-0.448684743355792,0.0200893284307966,5.57895492493809,0.0181775667388816,5.40411529963545,0.0200893284307967,FALSE,3063,NEXN,nexilin F-actin binding protein
23158,-2,-1.04820626340044,-1.93204333890504,-0.164369187895838,0.0201006957588639,0.0128720665335732,0.909669734359018,5.40312794694499,0.0201006957588639,FALSE,3064,TBC1D9,TBC1 domain family member 9
28454,1,2.39099757907955,0.374899755702477,4.40709540245662,0.0201027014837828,0,1,5.40295379198492,0.0201027014837828,FALSE,3065,,
92154,-2,-1.34147179154196,-2.47280228694355,-0.210141296140375,0.0201243416223417,1.64970382094704,0.198999247435728,5.40107594388269,0.0201243416223418,FALSE,3066,MTSS2,MTSS I-BAR domain containing 2
54509,-2,-1.29379962664414,-2.38506100063858,-0.202538252649712,0.0201397788996171,0.0449789187986215,0.832042797224706,5.39973763211013,0.0201397788996171,FALSE,3067,RHOF,"ras homolog family member F, filopodia associated"
79145,2,1.01439330781983,0.158742426731036,1.87004418890862,0.020147947969178,0.239266484627685,0.624736400820904,5.39902985599092,0.020147947969178,FALSE,3068,CHCHD7,coiled-coil-helix-coiled-coil-helix domain containing 7
84259,2,1.00303187158218,0.156701271201067,1.84936247196328,0.0201867478893347,0.355324177193847,0.551114606075774,5.39567224086664,0.0201867478893346,FALSE,3069,DCUN1D5,defective in cullin neddylation 1 domain containing 5
57537,-2,-1.19850032773004,-2.20982190932213,-0.18717874613795,0.0201941665161968,0.347228583051543,0.555686170195653,5.39503101791856,0.0201941665161967,FALSE,3070,SORCS2,sortilin related VPS10 domain containing receptor 2
23705,-2,-1.33861836158251,-2.46868978046946,-0.208546942695552,0.0202511470322401,1.47786531720294,0.224108812118781,5.39011406106272,0.0202511470322401,FALSE,3074,CADM1,cell adhesion molecule 1
8352,2,1.26906316589727,0.197658841871104,2.34046748992343,0.020257209490011,0.358531278057358,0.549323059625802,5.38959176253153,0.020257209490011,FALSE,3075,H3C3,H3 clustered histone 3
2052,-2,-1.04101495310338,-1.91989673210752,-0.162133174099233,0.0202581710994911,0.0249596282323757,0.874467700778155,5.3895089319091,0.0202581710994911,FALSE,3076,EPHX1,epoxide hydrolase 1
9672,-2,-1.09302106449737,-2.01615062070937,-0.169891508285384,0.0203044940815424,0.252049939575103,0.615635336493592,5.38552359604842,0.0203044940815424,FALSE,3078,SDC3,syndecan 3
259307,2,1.92905224724806,0.298652275463241,3.55945221903288,0.020395854646726,3.09290765318183,0.0786341805004399,5.37769100446946,0.0203958546467261,FALSE,3079,IL4I1,interleukin 4 induced 1
2995,-2,-1.97123133016525,-3.63771365062093,-0.304749009709556,0.0204285760399277,4.06432005749385,0.0437983145254841,5.37489453382199,0.0204285760399276,FALSE,3081,GYPC,glycophorin C (Gerbich blood group)
147525,-1,-1.47181754242547,-2.71617575530755,-0.227459329543386,0.0204367879689622,0,1,5.37419344453958,0.0204367879689621,FALSE,3082,,
83850,-1,-1.79137612415777,-3.30594382182703,-0.276808426488513,0.0204398224170047,0,1,5.3739344538132,0.0204398224170047,FALSE,3083,ESYT3,extended synaptotagmin 3
80017,-2,-1.01601316892424,-1.87504951333686,-0.156976824511625,0.0204428073148062,0.884071245290964,0.347089017544889,5.3736797310135,0.0204428073148062,FALSE,3084,DGLUCY,D-glutamate cyclase
119391,2,1.156533083408,0.178256958888769,2.13480920792723,0.020498308274644,0.209266615067427,0.647342831757001,5.36895043124005,0.020498308274644,FALSE,3086,GSTO2,glutathione S-transferase omega 2
8862,1,2.23048999119503,0.342893957349969,4.11808602504009,0.020558047808531,0,1,5.36387473868502,0.020558047808531,FALSE,3087,APLN,apelin
79746,-2,-1.60733754247234,-2.96838290785333,-0.246292177091357,0.0206328974420321,0.000952209671835769,0.975382868996061,5.35753673061602,0.0206328974420321,FALSE,3089,ECHDC3,enoyl-CoA hydratase domain containing 3
642987,-1,-1.7450735521176,-3.22362677767736,-0.266520326557837,0.020708226678277,0,1,5.35118208464043,0.020708226678277,FALSE,3092,TMEM232,transmembrane protein 232
4094,-2,-1.02469567834,-1.89292808390872,-0.156463272771277,0.0207134543672335,0.00825227928081348,0.927618091703216,5.35074197361539,0.0207134543672335,FALSE,3093,MAF,MAF bZIP transcription factor
254013,-2,-1.03707818137728,-1.91593699968546,-0.158219363069099,0.0207329362145857,0.122869185379527,0.725943222626064,5.34910283876635,0.0207329362145857,FALSE,3094,ETFBKMT,electron transfer flavoprotein subunit beta lysine methyltransferase
144535,-1,-1.72836395095573,-3.19362217964517,-0.26310572226629,0.0207831722702948,0,1,5.34488349435878,0.0207831722702948,FALSE,3097,CFAP54,cilia and flagella associated protein 54
124925,-1,-2.34217277817393,-4.32815863913987,-0.356186917207994,0.0208061428986514,0,1,5.34295769784454,0.0208061428986514,FALSE,3099,SEZ6,seizure related 6 homolog
100506127,1,2.2338344833925,0.339339338134141,4.12832962865086,0.0208311973270667,0,1,5.3408597080515,0.0208311973270667,FALSE,3100,GVQW3,GVQW motif containing 3
375033,-1,-1.44805108850514,-2.67638976726248,-0.219712409747801,0.0208581717664424,0,1,5.33860385880676,0.0208581717664424,FALSE,3101,PEAR1,platelet endothelial aggregation receptor 1
3786,-1,-2.47408050250799,-4.57288503951331,-0.375275965502675,0.0208652106367935,0,1,5.33801570078594,0.0208652106367935,FALSE,3102,KCNQ3,potassium voltage-gated channel subfamily Q member 3
51309,-2,-2.16887104506921,-4.00951189174695,-0.328230198391479,0.0209173844784262,3.5012490484926,0.0613225627450025,5.33366251976724,0.0209173844784262,FALSE,3104,ARMCX1,armadillo repeat containing X-linked 1
79799,-2,-1.77136146606803,-3.27481257429009,-0.267910357845977,0.0209311804421479,1.74461745377334,0.186554826756676,5.33251331698736,0.0209311804421479,FALSE,3105,UGT2A3,UDP glucuronosyltransferase family 2 member A3
339451,2,1.10847209274573,0.167522101654563,2.0494220838369,0.0209487803086888,0.0457419862266615,0.830645501420705,5.33104838675755,0.0209487803086888,FALSE,3106,KLHL17,kelch like family member 17
107986566,-1,-1.76071580718283,-3.25594577722817,-0.265485837137494,0.0210010411634938,0,1,5.32670593358276,0.0210010411634939,FALSE,3107,,
245,1,1.9290156946548,0.29065463267288,3.56737675663672,0.0210173410835066,0,1,5.32535383023337,0.0210173410835066,FALSE,3108,,
83856,2,1.08078688569337,0.162571218524516,1.99900255286222,0.021056044922183,0.605620084493498,0.436441707929503,5.32214763071111,0.0210560449221829,FALSE,3110,FSD1L,fibronectin type III and SPRY domain containing 1 like
388115,-2,-1.64779738574051,-3.04788226931211,-0.247712502168899,0.0210696485732367,2.35287778683811,0.125051964041498,5.32102216210765,0.0210696485732366,FALSE,3111,CCDC9B,coiled-coil domain containing 9B
259290,1,1.59516019445156,0.239491138750786,2.95082925015233,0.0210989423774461,0,1,5.31860115412285,0.021098942377446,FALSE,3112,TAS2R31,taste 2 receptor member 31
410,-2,-1.0765127582394,-1.99153920609122,-0.161486310387587,0.0211182516892896,2.85803882967491e-05,0.995734479286854,5.31700722358244,0.0211182516892897,FALSE,3113,ARSA,arylsulfatase A
9016,1,1.57041428917269,0.235064063859836,2.90576451448554,0.021167698365626,0,1,5.31293240423357,0.021167698365626,FALSE,3114,SLC25A14,solute carrier family 25 member 14
912,-2,-1.13621175116196,-2.10238696225554,-0.170036540068389,0.0211723562676144,0.323744459677802,0.569366003767216,5.31254906207643,0.0211723562676144,FALSE,3115,CD1D,CD1d molecule
28227,2,1.02154405641868,0.152598235758804,1.89048987707855,0.0212137051932262,0.124671542927044,0.724022036604511,5.30914989592006,0.0212137051932262,FALSE,3117,PPP2R3B,protein phosphatase 2 regulatory subunit B''beta
84515,2,1.12308832055103,0.167571206095002,2.07860543500706,0.0212402021913836,0.075361542495865,0.783684599215495,5.3069752640964,0.0212402021913836,FALSE,3118,MCM8,minichromosome maintenance 8 homologous recombination repair factor
4826,-1,-1.51396777603529,-2.80232146812508,-0.225614083945503,0.0212681999808797,0,1,5.30468051023961,0.0212681999808796,FALSE,3121,NNAT,neuronatin
26524,-2,-1.01436453795677,-1.87758318510947,-0.151145890804071,0.0212706698173951,0.506258103701232,0.476763196412988,5.30447822770282,0.0212706698173951,FALSE,3122,LATS2,large tumor suppressor kinase 2
100289061,-1,-1.6575876748579,-3.06830810671867,-0.246867242997131,0.0212819147290154,0,1,5.30355756337289,0.0212819147290153,FALSE,3123,,
80157,-2,-3.03679693858018,-5.62305579659583,-0.450538080564525,0.0213691085203226,3.98911454127477,0.0457951241876711,5.2964357170183,0.0213691085203226,FALSE,3126,CWH43,cell wall biogenesis 43 C-terminal homolog
389333,-2,-1.14329785765556,-2.11741694356902,-0.169178771742103,0.0214279466758515,0.0246398985823914,0.875267693991405,5.29164689214201,0.0214279466758515,FALSE,3128,PROB1,proline rich basic protein 1
3489,-2,-2.47854294670461,-4.5913243164579,-0.365761576951321,0.021489609845976,5.49483293720649,0.0190727500121769,5.28664272801357,0.021489609845976,FALSE,3130,IGFBP6,insulin like growth factor binding protein 6
1813,1,2.19004771057814,0.323047379868827,4.05704804128745,0.0214994385849437,0,1,5.28584646821852,0.0214994385849437,FALSE,3131,DRD2,dopamine receptor D2
28921,1,1.8355843577343,0.270223619470927,3.40094509599767,0.0215443336149031,0,1,5.28221415438655,0.0215443336149031,FALSE,3132,,
4843,2,1.49266047116835,0.219277113084866,2.76604382925184,0.0215919411760506,0.238083806387555,0.6255935290872,5.27837093020891,0.0215919411760506,FALSE,3134,NOS2,nitric oxide synthase 2
64651,-2,-1.11950300033304,-2.07463094071152,-0.164375059954571,0.0216034438346613,0.161797712864587,0.687506770865961,5.27744366909786,0.0216034438346613,FALSE,3135,CSRNP1,cysteine and serine rich nuclear protein 1
107985017,1,1.81434225619202,0.264252497028892,3.36443201535515,0.0217853273453265,0,1,5.26284911211077,0.0217853273453265,FALSE,3143,,
3400,-2,-1.07988666283415,-2.002593504955,-0.157179820713294,0.0217998712338013,0.431624780366677,0.511192768406813,5.26168754580889,0.0217998712338013,FALSE,3144,ID4,inhibitor of DNA binding 4
55835,2,1.20330588051515,0.175143483806282,2.23146827722402,0.0217999056986115,1.67901608837158,0.195055242529179,5.26168479418589,0.0217999056986114,FALSE,3145,CENPJ,centromere protein J
100335030,2,1.32467121856371,0.192724990536846,2.45661744659058,0.0218096249928579,0.752215557891789,0.385775677353843,5.26090899883922,0.0218096249928579,FALSE,3146,,
10098,2,1.20024193493994,0.174420690315546,2.22606317956432,0.0218355009818047,0.000171234626658207,0.989559447949431,5.25884531826565,0.0218355009818047,FALSE,3147,TSPAN5,tetraspanin 5
105370854,-1,-1.84287675625371,-3.41846085323661,-0.267292659270813,0.0218788003337436,0,1,5.25539773555867,0.0218788003337436,FALSE,3149,,
149466,-2,-1.16776710665995,-2.1663299300056,-0.169204283314308,0.0219012817496561,1.10655374448661,0.292832316736012,5.2536105052792,0.0219012817496561,FALSE,3151,C1orf210,chromosome 1 open reading frame 210
169611,-2,-2.4640670307901,-4.57223175039079,-0.355902311189421,0.0219722693742541,5.29584828670316,0.0213763170051613,5.24797956977896,0.0219722693742542,FALSE,3152,OLFML2A,olfactomedin like 2A
338442,2,1.61551895541952,0.233220025161874,2.99781788567718,0.0219838352877462,0.748123251464025,0.387071071717057,5.24706391480331,0.0219838352877462,FALSE,3153,HCAR2,hydroxycarboxylic acid receptor 2
285671,-2,-2.2912845112349,-4.25191541284805,-0.330653609621741,0.0219920520627363,4.67682780382523,0.0305721532658563,5.2464137089045,0.0219920520627363,FALSE,3154,RNF180,ring finger protein 180
1088,-1,-2.00311480660684,-3.71755015726426,-0.288679455949419,0.0220221307028257,0,1,5.24403568501622,0.0220221307028257,FALSE,3156,CEACAM8,CEA cell adhesion molecule 8
79710,2,1.01309344316378,0.145592436814253,1.88059444951332,0.022084921555473,0.0478444819911227,0.826857405899096,5.23908225016699,0.022084921555473,FALSE,3157,MORC4,MORC family CW-type zinc finger 4
692201,1,1.83901042750645,0.264052935409002,3.4139679196039,0.0221045798913593,0,1,5.23753444460231,0.0221045798913593,FALSE,3158,,
23504,-1,-1.64341272386797,-3.05119745408713,-0.235627993648815,0.0221367646266081,0,1,5.23500344452488,0.0221367646266081,FALSE,3160,RIMBP2,RIMS binding protein 2
100996758,-1,-2.17002565681286,-4.02910637425585,-0.31094493936987,0.0221501966749888,0,1,5.23394827858026,0.0221501966749888,FALSE,3161,NPY4R2,neuropeptide Y receptor Y4-2
58155,-2,-1.13394000181551,-2.1054570794207,-0.162422924210316,0.022158480263174,0.00436929738102833,0.94729768462404,5.23329788467222,0.0221584802631739,FALSE,3162,PTBP2,polypyrimidine tract binding protein 2
9271,1,2.00498532499193,0.286676317789616,3.72329433219424,0.0221983257898535,0,1,5.23017289037048,0.0221983257898535,FALSE,3165,PIWIL1,piwi like RNA-mediated gene silencing 1
25854,-2,-1.59126085942374,-2.95507370580756,-0.227448013039914,0.0222054975341212,1.79169326992261,0.180719990923999,5.22961104384816,0.0222054975341212,FALSE,3166,FAM149A,family with sequence similarity 149 member A
27071,2,1.14038511217682,0.162557559223399,2.11821266513025,0.0222662293809992,0.671153264190817,0.412649815423829,5.22486073146057,0.0222662293809992,FALSE,3167,DAPP1,dual adaptor of phosphotyrosine and 3-phosphoinositides 1
167465,-2,-1.06112837237117,-1.97109728672322,-0.151159458019129,0.0222809880987325,0.00313985804216176,0.955314374112154,5.2237083641259,0.0222809880987326,FALSE,3170,ZNF366,zinc finger protein 366
107986303,-1,-1.51477956189665,-2.81395863993096,-0.215600483862339,0.0222997788855093,0,1,5.22224231488843,0.0222997788855094,FALSE,3172,,
64375,-1,-1.37020419439649,-2.5455200929414,-0.194888295851576,0.0223151205780246,0,1,5.22104631126013,0.0223151205780245,FALSE,3173,IKZF4,IKAROS family zinc finger 4
6614,-2,-1.71491160061496,-3.18717193871119,-0.242651262518728,0.0224305835332979,2.08570523717174,0.14868354300758,5.21207232093815,0.0224305835332979,FALSE,3176,SIGLEC1,sialic acid binding Ig like lectin 1
79070,2,1.10281227111384,0.15585178143932,2.04977276078836,0.0224576569930559,0.299348045929103,0.584291426328629,5.20997504969385,0.0224576569930559,FALSE,3178,POGLUT2,protein O-glucosyltransferase 2
56139,-1,-1.87933858922309,-3.49309804832006,-0.265579130126119,0.0224587417866487,0,1,5.2098910697255,0.0224587417866488,FALSE,3179,PCDHA10,protocadherin alpha 10
154043,-2,-1.11878832664659,-2.07970703847232,-0.157869614820859,0.0224912863816046,0.417862856156992,0.518005368344084,5.20737356236371,0.0224912863816046,FALSE,3182,CNKSR3,CNKSR family member 3
114783,1,1.994644265425,0.280985508974979,3.70830302187502,0.0225285889366012,0,1,5.20449263865152,0.0225285889366012,FALSE,3183,LMTK3,lemur tyrosine kinase 3
106632264,-2,-1.24294660278533,-2.31094676413608,-0.174946441434583,0.0225472164348003,0.535010520455353,0.464507916468865,5.20305586321249,0.0225472164348004,FALSE,3184,,
2867,1,1.60735012186817,0.225876205170465,2.98882403856587,0.022582464569725,0,1,5.20034046826508,0.0225824645697249,FALSE,3188,FFAR2,free fatty acid receptor 2
4282,1,1.24256183806386,0.174256869770393,2.31086680635733,0.0226276198853894,0,1,5.19686826841258,0.0226276198853895,FALSE,3189,MIF,macrophage migration inhibitory factor
54848,2,1.36557449987131,0.190672081951578,2.54047691779104,0.0227240863041387,1.48824182774401,0.22248945067523,5.18947451627214,0.0227240863041386,FALSE,3190,ARHGEF38,Rho guanine nucleotide exchange factor 38
6867,-2,-1.08267521275347,-2.01459207537576,-0.150758350131182,0.0227843207744983,0.0221300544121192,0.881741644018169,5.18487427172239,0.0227843207744983,FALSE,3191,TACC1,transforming acidic coiled-coil containing protein 1
3779,-2,-3.92074744741837,-7.29708514411811,-0.544409750718638,0.0228463784834722,8.27908820333332,0.00401042627522532,5.18014794619409,0.0228463784834722,FALSE,3192,KCNMB1,potassium calcium-activated channel subfamily M regulatory beta subunit 1
692058,1,1.81192353939172,0.25153029098986,3.37231678779358,0.0228517696854481,0,1,5.17973797971592,0.022851769685448,FALSE,3193,,
346528,2,1.27012935775572,0.175912682342125,2.36434603316932,0.0229023742232285,0.599702319188765,0.438691627337715,5.17589470746161,0.0229023742232285,FALSE,3197,OR2A1,olfactory receptor family 2 subfamily A member 1
2138,1,2.50748943791903,0.347152262113454,4.66782661372461,0.0229108753748681,0,1,5.17524993254385,0.0229108753748681,FALSE,3198,EYA1,EYA transcriptional coactivator and phosphatase 1
115908,2,3.65405452422822,0.505591454555504,6.80251759390094,0.0229238119916222,7.73093425505401,0.00542826547232696,5.17426922279277,0.0229238119916221,FALSE,3199,CTHRC1,collagen triple helix repeat containing 1
10538,2,1.92853208450594,0.266278396543895,3.59078577246798,0.0229700183453725,2.77436900867346,0.0957843973145205,5.17077105109763,0.0229700183453725,FALSE,3200,BATF,basic leucine zipper ATF-like transcription factor
55345,1,1.25827525800018,0.173201850708063,2.3433486652923,0.023037160040147,0,1,5.16570089408767,0.023037160040147,FALSE,3201,ZGRF1,zinc finger GRF-type containing 1
5624,2,1.18411542532388,0.162799031485193,2.20543181916256,0.0230632944583645,0.0136882751091968,0.906862508360896,5.16373151260742,0.0230632944583645,FALSE,3202,PROC,"protein C, inactivator of coagulation factors Va and VIIIa"
100125556,2,1.1763229544192,0.161704898806168,2.19094101003224,0.0230663732781371,0.00171547785231455,0.966962402106948,5.1634996578402,0.0230663732781372,FALSE,3203,,
63976,-1,-1.96969646449812,-3.66911209194786,-0.27028083704838,0.0231056444891799,0,1,5.16054509638685,0.0231056444891799,FALSE,3204,PRDM16,PR/SET domain 16
22979,-2,-1.34621184086353,-2.50826824301159,-0.184155438715467,0.0231732132425884,0.227803349014595,0.633157417248098,5.15547373866934,0.0231732132425884,FALSE,3205,EFR3B,EFR3 homolog B
130576,1,1.87976452371478,0.257067195003564,3.502461852426,0.0231796357293217,0,1,5.15499249841131,0.0231796357293217,FALSE,3206,LYPD6B,LY6/PLAUR domain containing 6B
284889,1,1.23460254252242,0.168624735231499,2.30058034981334,0.0232071905354594,0,1,5.15292937017366,0.0232071905354595,FALSE,3207,,
28514,-2,-1.04180725964744,-1.94229038675475,-0.141324132540139,0.0233556865048563,0.878253345480978,0.348680520619876,5.1418544822455,0.0233556865048563,FALSE,3210,DLL1,delta like canonical Notch ligand 1
387914,1,1.87358329609551,0.253013133246486,3.49415345894453,0.0234535068764301,0,1,5.13459881673422,0.0234535068764301,FALSE,3212,SHISA2,shisa family member 2
127435,-2,-1.93420497380252,-3.6076096575203,-0.26080029008474,0.0234866379462886,2.2892483686284,0.130272996606302,5.13214848594407,0.0234866379462886,FALSE,3213,PODN,podocan
677806,1,1.43944576183091,0.193337000454682,2.68555452320714,0.0235705802622628,0,1,5.12595623204542,0.0235705802622628,FALSE,3215,,
54932,-2,-1.21439150947035,-2.26573025522593,-0.163052763714758,0.0235780521347444,1.16359678476411,0.280720846004977,5.12540615603131,0.0235780521347444,FALSE,3217,EXD3,exonuclease 3'-5' domain containing 3
9783,-2,-1.72676492408863,-3.22176728397174,-0.231762564205522,0.0235859773661513,1.99045651390433,0.158293154999567,5.12482290146082,0.0235859773661513,FALSE,3218,RIMS3,regulating synaptic membrane exocytosis 3
106821730,2,1.16827566611924,0.156628362216104,2.17992297002237,0.0236100856319337,0.117909149361916,0.731313342945361,5.1230499109859,0.0236100856319338,FALSE,3219,BUB1B-PAK6,BUB1B-PAK6 readthrough
9723,-2,-4.32966599948108,-8.07929904816696,-0.580032950795209,0.023626322774196,6.44205373295454,0.0111449724893237,5.12185684312941,0.023626322774196,FALSE,3220,SEMA3E,semaphorin 3E
338,-2,-1.48214246333564,-2.7662487683217,-0.198036158349588,0.0236830985219354,1.05155772144208,0.305148602238331,5.1176917669268,0.0236830985219353,FALSE,3224,APOB,apolipoprotein B
1311,2,4.88836316950366,0.652903380746142,9.12382295826117,0.0236914856825093,8.26615234896406,0.00403910157344768,5.1170773617648,0.0236914856825093,FALSE,3226,COMP,cartilage oligomeric matrix protein
146754,1,1.93090724008602,0.257739048713647,3.60407543145839,0.0237047083188444,0,1,5.11610918971199,0.0237047083188443,FALSE,3228,DNAH2,dynein axonemal heavy chain 2
8913,-1,-1.99450433816649,-3.72278917709933,-0.266219499233649,0.023705399146458,0,1,5.11605862215683,0.0237053991464581,FALSE,3229,CACNA1G,calcium voltage-gated channel subunit alpha1 G
6542,-2,-1.33646879044857,-2.49457602947951,-0.178361551417637,0.0237084956796114,0.022218355248533,0.881507687038137,5.11583197930766,0.0237084956796114,FALSE,3230,SLC7A2,solute carrier family 7 member 2
3768,-1,-2.20528051587907,-4.11646445580647,-0.294096575951676,0.0237241734193287,0,1,5.11468495814706,0.0237241734193287,FALSE,3231,KCNJ12,potassium inwardly rectifying channel subfamily J member 12
7169,-2,-3.43065827549396,-6.40647602958192,-0.454840521406004,0.0238500778033652,7.87730274929981,0.0050059086950045,5.10550190026734,0.0238500778033651,FALSE,3236,TPM2,tropomyosin 2
56833,2,1.11703642634226,0.147690279136404,2.08638257354812,0.0239091798125273,0.295644241387229,0.586626064444439,5.10120851901457,0.0239091798125273,FALSE,3239,SLAMF8,SLAM family member 8
102725201,2,1.09313784626588,0.144471494902126,2.04180419762963,0.0239179278579262,0.472534242443503,0.491823603020844,5.10057396521168,0.0239179278579262,FALSE,3240,,
100505483,-1,-1.79943199143547,-3.36203993615842,-0.236824046712523,0.0240074443778995,0,1,5.09409454026319,0.0240074443778996,FALSE,3243,,
55544,-2,-1.06628531015749,-1.99236073764643,-0.140209882668544,0.0240263955504983,1.17019656937526,0.279360854481458,5.09272602284817,0.0240263955504983,FALSE,3244,RBM38,RNA binding motif protein 38
130612,2,1.27299811380578,0.167274917813173,2.37872130979839,0.0240412553204029,0.0635624685841084,0.80095141673007,5.09165374017349,0.0240412553204028,FALSE,3245,TMEM198,transmembrane protein 198
10634,-2,-1.02553140440027,-1.91648163247323,-0.134581176327309,0.0240691618428081,0.609066637383826,0.435139454224444,5.08964185923313,0.0240691618428081,FALSE,3246,GAS2L1,growth arrest specific 2 like 1
23007,1,1.46556938997889,0.192151382370068,2.73898739758771,0.0240887257022221,0,1,5.08823287311198,0.0240887257022221,FALSE,3248,PLCH1,phospholipase C eta 1
8368,2,1.38327495073937,0.180943755487922,2.58560614599081,0.024137910778463,0.0766489244071153,0.781891123536425,5.08469580927795,0.0241379107784631,FALSE,3251,H4C13,H4 clustered histone 13
400566,-2,-1.12376092902461,-2.10058154701661,-0.146940311032608,0.0241461540947161,0.0391789310457812,0.843094601930026,5.08410373646222,0.0241461540947161,FALSE,3252,LIAT1,ligand of ATE1
100126352,1,1.95897786830871,0.255377304204735,3.66257843241268,0.0242105588298982,0,1,5.07948510010129,0.0242105588298982,FALSE,3255,,
400550,-1,-1.79159839426231,-3.34997852988587,-0.233218258638755,0.0242414378938425,0,1,5.07727519884215,0.0242414378938425,FALSE,3256,,
7091,-2,-1.02329245789235,-1.91375560296546,-0.132829312819241,0.0243014606100005,0.416160157000625,0.518859296574918,5.07298793784396,0.0243014606100004,FALSE,3259,TLE4,"TLE family member 4, transcriptional corepressor"
6770,-1,-2.06009404736375,-3.85329593996099,-0.266892154766511,0.0243427377187133,0,1,5.07004599654812,0.0243427377187132,FALSE,3261,STAR,steroidogenic acute regulatory protein
644961,2,1.15058746264663,0.148467615571457,2.1527073097218,0.0244273952113953,0.556789415256802,0.455556736082038,5.0640283693636,0.0244273952113952,FALSE,3264,,
8351,2,1.36598909640511,0.1753300743292,2.55664811848102,0.0245393707971414,1.8542091051044,0.173294643054946,5.05610207664418,0.0245393707971414,FALSE,3265,H3C4,H3 clustered histone 4
339804,-1,-1.7919438725172,-3.35437667853836,-0.229511066496042,0.024584496122789,0,1,5.05291844573391,0.0245844961227889,FALSE,3267,C2orf74,chromosome 2 open reading frame 74
100302183,1,1.3881235524753,0.177781908785987,2.59846519616461,0.0245854556821016,0,1,5.05285081386228,0.0245854556821016,FALSE,3268,,
11092,-1,-1.63335757083669,-3.05779809965489,-0.208917042018491,0.0246129344769771,0,1,5.05091520906119,0.0246129344769771,FALSE,3270,SPACA9,sperm acrosome associated 9
6351,2,1.20997706503311,0.154664706564116,2.2652894235021,0.0246264287430483,0.564413920700517,0.45248725360742,5.04996549469367,0.0246264287430483,FALSE,3271,CCL4,C-C motif chemokine ligand 4
79823,2,1.01985232169865,0.130193344909496,1.90951129848781,0.0246536719675995,0.0725975122329906,0.787591681427872,5.04804978581666,0.0246536719675996,FALSE,3272,CAMKMT,calmodulin-lysine N-methyltransferase
5080,-1,-2.40485749258568,-4.50288907591001,-0.306825909261353,0.0246657144319215,0,1,5.04720367522569,0.0246657144319215,FALSE,3273,PAX6,paired box 6
2953,-1,-2.19794697062797,-4.11633712576887,-0.279556815487076,0.0247309782770873,0,1,5.04262564495931,0.0247309782770873,FALSE,3274,GSTT2,glutathione S-transferase theta 2 (gene/pseudogene)
284194,-2,-2.9523764156899,-5.52927908541699,-0.37547374596282,0.0247331533847456,5.53453244273667,0.0186447466435168,5.04247328477873,0.0247331533847457,FALSE,3275,LGALS9B,galectin 9B
200942,-2,-1.75949906634704,-3.29571946781139,-0.223278664882682,0.0247789997115715,2.57757991615658,0.108387260190605,5.03926511042951,0.0247789997115715,FALSE,3278,KLHDC8B,kelch domain containing 8B
85301,2,1.10586506369405,0.140252966711493,2.0714771606766,0.0247909759685622,0.17338464052396,0.677121123198082,5.03842806652452,0.0247909759685623,FALSE,3280,COL27A1,collagen type XXVII alpha 1 chain
7225,-2,-1.08379796875614,-2.03037632195693,-0.137219615555348,0.0248267492928738,0.276745850427164,0.598842077450673,5.0359302964821,0.0248267492928738,FALSE,3281,TRPC6,transient receptor potential cation channel subfamily C member 6
49861,1,1.96973221891278,0.249312901268762,3.6901515365568,0.0248330274197306,0,1,5.03549232962166,0.0248330274197305,FALSE,3282,CLDN20,claudin 20
282679,-2,-1.22962113863897,-2.30377900370287,-0.155463273575064,0.024856197254784,0.152143095645978,0.696495694740237,5.03387697872541,0.0248561972547841,FALSE,3283,AQP11,aquaporin 11
146206,2,1.01908810624076,0.128249573280236,1.90992663920129,0.0249529581562392,0.0213989322355399,0.883697402327205,5.02714787014874,0.0249529581562392,FALSE,3286,CARMIL2,capping protein regulator and myosin 1 linker 2
79575,-2,-1.1640464885698,-2.18279192557381,-0.1453010515658,0.0251228406904125,0.410758087993992,0.521584980443657,5.01539888618572,0.0251228406904125,FALSE,3290,ABHD8,abhydrolase domain containing 8
107986486,1,1.24898245172485,0.155332045061121,2.34263285838858,0.0251989408821175,0,1,5.01016256407231,0.0251989408821175,FALSE,3291,,
7113,-2,-1.18378095327513,-2.22040654785426,-0.147155358695998,0.0252084792047454,0.0682541510826501,0.793895901850394,5.00950740690774,0.0252084792047454,FALSE,3292,TMPRSS2,transmembrane serine protease 2
23114,-1,-1.63987445094264,-3.07684983711139,-0.202899064773895,0.0253054070907727,0,1,5.00286429907876,0.0253054070907727,FALSE,3298,NFASC,neurofascin
100291105,-2,-1.08249281377018,-2.03112069737764,-0.133864930162728,0.0253162324683971,1.20920753981445,0.271489123408004,5.00212400532821,0.0253162324683971,FALSE,3299,,
23057,-2,-1.33726065752373,-2.50920282762862,-0.16531848741883,0.0253227188758494,0.838602291441978,0.359796822337493,5.00168058965035,0.0253227188758495,FALSE,3300,NMNAT2,nicotinamide nucleotide adenylyltransferase 2
28968,-1,-1.80768947357167,-3.39219012339191,-0.223188823751427,0.0253491746482254,0,1,4.99987327399059,0.0253491746482254,FALSE,3301,SLC6A16,solute carrier family 6 member 16
28299,1,1.89860221185354,0.233846491813959,3.56335793189312,0.0253990987390052,0,1,4.99646805905656,0.0253990987390052,FALSE,3302,,
4500,-2,-1.33400545990876,-2.50515839894229,-0.162852520875228,0.0255817255183983,0.167805161041631,0.682069842568482,4.98407043324,0.0255817255183982,FALSE,3308,,
23266,-2,-1.22412220418783,-2.29968462575602,-0.148559782619642,0.0257023425828765,1.29674324715241,0.254808964962213,4.97593264162134,0.0257023425828766,FALSE,3310,ADGRL2,adhesion G protein-coupled receptor L2
91947,-2,-1.50884683443491,-2.83486566327178,-0.182828005598051,0.0257342552643509,2.02330391626106,0.154901784406218,4.97378619247926,0.0257342552643509,FALSE,3311,ARRDC4,arrestin domain containing 4
9936,-2,-1.04172684645928,-1.95771668555889,-0.125737007359671,0.0258134871581194,0.0340623385117579,0.853574279321858,4.96846898177349,0.0258134871581195,FALSE,3314,CD302,CD302 molecule
6571,-2,-1.0594838812622,-1.99174400941037,-0.127223753114031,0.025918114391929,0.000908459066783156,0.975954877671976,4.96147342146852,0.0259181143919291,FALSE,3317,SLC18A2,solute carrier family 18 member A2
677835,1,1.8577627405441,0.223063147574994,3.49246233351321,0.0259198094234832,0,1,4.96136033033243,0.0259198094234832,FALSE,3318,,
1564,2,1.03216363457782,0.123740329810407,1.94058693934523,0.0259513314634269,0.383405911410087,0.535786063177945,4.95925860422022,0.0259513314634268,FALSE,3321,CYP2D7,cytochrome P450 family 2 subfamily D member 7 (gene/pseudogene)
150946,-1,-1.93378302581398,-3.63618545802345,-0.23138059360451,0.0259906905984493,0,1,4.95663806157261,0.0259906905984493,FALSE,3323,GAREM2,GRB2 associated regulator of MAPK1 subtype 2
64881,-2,-1.49845659034869,-2.81808271536494,-0.178830465332431,0.0260429652900969,1.17201890755164,0.27898679740681,4.95316396484457,0.0260429652900969,FALSE,3324,PCDH20,protocadherin 20
26047,-1,-2.07586540462137,-3.90448244967943,-0.247248359563315,0.0260831286839336,0,1,4.95049968492948,0.0260831286839337,FALSE,3325,CNTNAP2,contactin associated protein 2
148808,-2,-2.93378157974267,-5.51987437664948,-0.34768878283586,0.0261839552463341,5.7344156964321,0.0166356017912254,4.94382998995169,0.0261839552463341,FALSE,3327,MFSD4A,major facilitator superfamily domain containing 4A
25823,-1,-1.77216362548816,-3.33528010293626,-0.209047148040065,0.0262775962430028,0,1,4.93765948089154,0.0262775962430027,FALSE,3330,TPSG1,tryptase gamma 1
3541,1,1.50570873401225,0.176752014322152,2.83466545370235,0.0263753318531823,0,1,4.93124347957729,0.0263753318531824,FALSE,3334,,
105378651,-1,-1.60775690285568,-3.02681420428117,-0.18869960143019,0.026378687718847,0,1,4.93102361770162,0.026378687718847,FALSE,3335,,
8360,2,1.2336582283491,0.144650408491284,2.32266604820691,0.0263983081292656,1.37213500701331,0.241445398445226,4.9297387543833,0.0263983081292656,FALSE,3336,H4C4,H4 clustered histone 4
25907,1,1.44340940725689,0.16922663368453,2.71759218082925,0.0264004096087452,0,1,4.92960119562581,0.0264004096087452,FALSE,3337,TMEM158,transmembrane protein 158
10622,2,1.09751997475956,0.128143409485499,2.06689654003362,0.0264830034177701,0.307605915678646,0.579153020292751,4.92420375976437,0.0264830034177702,FALSE,3340,POLR3G,RNA polymerase III subunit G
79671,-2,-1.14367735035648,-2.15387255000358,-0.133482150709375,0.026490545389687,1.38792343144357,0.238756095554421,4.92371177025071,0.026490545389687,FALSE,3341,NLRX1,NLR family member X1
3475,1,1.26225902897298,0.146596012600636,2.37792204534532,0.0265889738195847,0,1,4.91730425103118,0.0265889738195847,FALSE,3342,IFRD1,interferon related developmental regulator 1
401081,-1,-1.68522618031991,-3.17526689973981,-0.195185460900011,0.026643169414262,0,1,4.91378672892681,0.0266431694142619,FALSE,3345,C3orf85,chromosome 3 open reading frame 85
286256,2,1.30522174671005,0.150897525319771,2.45954596810034,0.0266793334665772,0.0548193247543155,0.814879965141479,4.91144366469414,0.0266793334665772,FALSE,3346,LCN12,lipocalin 12
107984690,2,1.48413051241001,0.171579799726039,2.79668122509398,0.0266795048905688,1.34325753896374,0.246460310658634,4.91143256601973,0.0266795048905688,FALSE,3347,,
5792,-2,-1.00742957390158,-1.89868206128572,-0.116177086517443,0.026729165061395,1.40750380698857,0.23547121782936,4.90822048545675,0.0267291650613949,FALSE,3349,PTPRF,protein tyrosine phosphatase receptor type F
100289178,-2,-1.14324274898587,-2.15506718894454,-0.131418309027197,0.0267924067665054,0.200006701241899,0.654715437023955,4.90413890370941,0.0267924067665055,FALSE,3351,,
24146,2,1.26795427961937,0.145525247178568,2.39038331206017,0.0268234569487118,0.835861559916848,0.360583055446933,4.90213860799663,0.0268234569487117,FALSE,3352,CLDN15,claudin 15
79805,1,2.06045520489995,0.236171940536287,3.88473846926361,0.0268493425335074,0,1,4.90047286187756,0.0268493425335074,FALSE,3353,VASH2,vasohibin 2
55321,1,1.88136913207401,0.2154618848023,3.54727637934572,0.0268660850800186,0,1,4.89939636229843,0.0268660850800186,FALSE,3354,TMEM74B,transmembrane protein 74B
5784,-2,-1.18983612048011,-2.2435216127653,-0.136150628194918,0.02688260363563,1.41042262821173,0.234986247231439,4.89833494802926,0.0268826036356299,FALSE,3355,PTPN14,protein tyrosine phosphatase non-receptor type 14
100616387,1,1.52629518235073,0.17277748600589,2.87981287869557,0.0270944230917304,0,1,4.88478408883169,0.0270944230917303,FALSE,3357,,
109864280,-2,-1.24083347305267,-2.34135392717762,-0.140313018927716,0.0271153350595569,0.638397963817373,0.424291513694957,4.88345225301282,0.0271153350595568,FALSE,3359,,
2678,-2,-1.15239068256375,-2.17449351295754,-0.13028785216997,0.0271189506777762,1.08108034525129,0.298456001076101,4.88322209078681,0.0271189506777763,FALSE,3360,GGT1,gamma-glutamyltransferase 1
9585,2,1.45204188045371,0.164156096624208,2.73992766428322,0.027120135607404,2.10161602802057,0.147143548817505,4.88314666774055,0.027120135607404,FALSE,3361,KIF20B,kinesin family member 20B
92521,-2,-1.00558855632221,-1.89792074765917,-0.113256364985243,0.0271937015735222,0.0390461899228493,0.843357183599424,4.87847075106562,0.0271937015735222,FALSE,3362,SPECC1,sperm antigen with calponin homology and coiled-coil domains 1
3620,2,1.22765179214833,0.137757433696787,2.31754615059987,0.0272656073866826,0.548808456073692,0.458804967422757,4.87391305034812,0.0272656073866825,FALSE,3364,IDO1,"indoleamine 2,3-dioxygenase 1"
56963,-2,-3.64806828770919,-6.88713227001588,-0.409004305402504,0.0272824066011082,9.47789599132399,0.00207962336838333,4.87285004496391,0.0272824066011082,FALSE,3365,RGMA,repulsive guidance molecule BMP co-receptor a
80333,-1,-1.90340527280103,-3.59351889108164,-0.21329165452042,0.0272923640447771,0,1,4.8722202881886,0.027292364044777,FALSE,3366,KCNIP4,potassium voltage-gated channel interacting protein 4
10788,-2,-1.38618775780308,-2.6173622685224,-0.15501324708375,0.0273324537593274,2.11577285775543,0.145788439142905,4.86968723664338,0.0273324537593275,FALSE,3367,IQGAP2,IQ motif containing GTPase activating protein 2
112268284,-2,-1.03488956441694,-1.95410430985609,-0.115674818977798,0.0273414831941937,0.0158948210182879,0.899672822258386,4.86911724880513,0.0273414831941937,FALSE,3368,,
219736,1,1.82498562929168,0.203599557164972,3.44637170141839,0.0273784540760414,0,1,4.86678548246116,0.0273784540760414,FALSE,3369,STOX1,storkhead box 1
64411,2,1.03705014732911,0.115254235719587,1.95884605893864,0.0274524994527239,0.105287933480678,0.745573888121375,4.86212524654773,0.0274524994527238,FALSE,3372,ARAP3,"ArfGAP with RhoGAP domain, ankyrin repeat and PH domain 3"
255027,-2,-1.25067324301239,-2.3624195139186,-0.138926972106175,0.0274620494241592,0.134824437425066,0.713481420199368,4.86152514658238,0.0274620494241591,FALSE,3373,MPV17L,MPV17 mitochondrial inner membrane protein like
7434,-2,-2.04204404374533,-3.85759752556857,-0.226490561922077,0.0274913231209535,2.29981295443928,0.129389579431248,4.85968700105499,0.0274913231209535,FALSE,3374,VIPR2,vasoactive intestinal peptide receptor 2
6285,-2,-2.28959818642597,-4.32535190578037,-0.253844467071575,0.0274991773909353,4.05687980223358,0.0439917139368711,4.85919416438856,0.0274991773909352,FALSE,3375,S100B,S100 calcium binding protein B
55902,-2,-1.01451706388653,-1.91697857602407,-0.112055551748995,0.0275717802401803,0.245579879146069,0.620204762200924,4.85464542920381,0.0275717802401803,FALSE,3376,ACSS2,acyl-CoA synthetase short chain family member 2
3699,-1,-2.14781699293756,-4.05873247932578,-0.236901506549342,0.0275985429351594,0,1,4.85297182701414,0.0275985429351594,FALSE,3378,ITIH3,inter-alpha-trypsin inhibitor heavy chain 3
81553,-2,-1.16670354268162,-2.20490451477891,-0.128502570584335,0.0276259802832765,1.68488411099175,0.194276731133096,4.85125778712548,0.0276259802832766,FALSE,3379,CYRIA,CYFIP related Rac1 interactor A
23037,-1,-1.43756680596486,-2.71681557118614,-0.158318040743582,0.0276281470941603,0,1,4.85112249963342,0.0276281470941602,FALSE,3380,PDZD2,PDZ domain containing 2
114800,-1,-2.25879308493556,-4.26895475515808,-0.24863141471304,0.0276380127118142,0,1,4.85050666720787,0.0276380127118142,FALSE,3381,CCDC85A,coiled-coil domain containing 85A
3542,1,1.47820706919007,0.16216915981922,2.79424497856092,0.0277019814724654,0,1,4.84651914386729,0.0277019814724654,FALSE,3384,,
3679,-2,-2.74819879145933,-5.19505513248815,-0.301342450430499,0.0277117342929986,7.15654396021484,0.00746909725554694,4.8459120387771,0.0277117342929987,FALSE,3385,ITGA7,integrin subunit alpha 7
3960,-2,-1.15322548947949,-2.18032175484567,-0.126129224113302,0.0277607400346257,0.284076891750574,0.594041443175543,4.84286483219572,0.0277607400346257,FALSE,3386,LGALS4,galectin 4
143279,-2,-1.03636142368838,-1.95957627495389,-0.113146572422881,0.0277947248304438,0.23743545448979,0.626064531427185,4.84075492142021,0.0277947248304438,FALSE,3387,HECTD2,HECT domain E3 ubiquitin protein ligase 2
8632,1,1.85206039087718,0.202120990411,3.50199979134336,0.0278023809906261,0,1,4.84027996709566,0.0278023809906261,FALSE,3388,DNAH17,dynein axonemal heavy chain 17
100288152,-1,-2.1128500295009,-3.99560025577644,-0.230099803225359,0.027842357452498,0,1,4.83780221231986,0.027842357452498,FALSE,3389,,
161145,-2,-1.14058831552851,-2.15754110210846,-0.123635528948558,0.0279316065579026,1.06229731656753,0.302691804589218,4.83228385243994,0.0279316065579026,FALSE,3392,TMEM229B,transmembrane protein 229B
11187,2,1.02806076240909,0.111397423141474,1.94472410167671,0.027938531176367,0.223611814554944,0.636301570589802,4.83185646367547,0.027938531176367,FALSE,3394,PKP3,plakophilin 3
6604,-2,-1.4152967131376,-2.67737233251966,-0.153221093755539,0.0279554094196509,1.89033323036748,0.169164341368973,4.83081519685941,0.0279554094196509,FALSE,3395,SMARCD3,"SWI/SNF related, matrix associated, actin dependent regulator of chromatin, subfamily d, member 3"
219623,1,1.96233541131964,0.211282604344424,3.71338821829486,0.0280594727899428,0,1,4.82440964648659,0.0280594727899427,FALSE,3399,TMEM26,transmembrane protein 26
23413,-2,-2.45357077459107,-4.64345129499558,-0.263690254186558,0.0280941421982222,3.49412463101063,0.0615869596306492,4.8222810827947,0.0280941421982221,FALSE,3400,NCS1,neuronal calcium sensor 1
26960,-2,-2.87649822158513,-5.44443293271102,-0.308563510459242,0.0281296412019821,5.72950804252623,0.0166821553406968,4.82010441567331,0.028129641201982,FALSE,3402,NBEA,neurobeachin
28439,1,1.68762515259172,0.18098969408079,3.19426061110265,0.0281341068824987,0,1,4.81983079915618,0.0281341068824987,FALSE,3403,,
5947,2,1.24590201306574,0.133425334301931,2.35837869182955,0.0281612272675774,0.0535008548830231,0.817079790558093,4.8181700773094,0.0281612272675774,FALSE,3404,RBP1,retinol binding protein 1
388135,-2,-2.33179451548074,-4.4144430766066,-0.249145954354879,0.0282042770784075,3.39779129002635,0.0652837803748825,4.81553732893701,0.0282042770784075,FALSE,3405,INSYN1,inhibitory synaptic factor 1
80310,-2,-1.18495360695913,-2.24334348475606,-0.126563729162214,0.0282110336448878,0.108220127746409,0.742179665455357,4.81512450499257,0.0282110336448878,FALSE,3406,PDGFD,platelet derived growth factor D
100287364,1,1.88142575039762,0.198190300122235,3.564661200673,0.0284708071558338,0,1,4.79932998207477,0.028470807155834,FALSE,3414,USP17L18,ubiquitin specific peptidase 17 like family member 18
65055,-2,-1.35665578034492,-2.57083416920098,-0.142477391488874,0.0285274745454194,0.14142396604442,0.706869481136533,4.79590447238133,0.0285274745454194,FALSE,3415,REEP1,receptor accessory protein 1
401494,-2,-1.20421533289739,-2.28207570393785,-0.126354961856928,0.0285441275332049,1.38600526654288,0.239080874555414,4.7948991557544,0.0285441275332049,FALSE,3416,HACD4,3-hydroxyacyl-CoA dehydratase 4
389023,-1,-2.24971782140396,-4.2643148366089,-0.235120806199024,0.0286180231706441,0,1,4.7904455369553,0.0286180231706441,FALSE,3419,,
10044,-2,-1.00041778485668,-1.89630651093215,-0.104529058781212,0.0286226161181179,0.141174659171845,0.707116023515689,4.79016911971893,0.0286226161181179,FALSE,3420,SH2D3C,SH2 domain containing 3C
26781,2,1.51487616806406,0.157822149440899,2.87193018668722,0.0286766595056006,2.32792656825547,0.127071034479069,4.78692009181457,0.0286766595056005,FALSE,3421,,
28424,1,2.06417437962422,0.214071544996197,3.91427721425224,0.0287609740549053,0,1,4.78186390423382,0.0287609740549053,FALSE,3424,,
6001,-2,-1.00817646397653,-1.91201530405971,-0.104337623893358,0.0287995937802933,0.85682252858654,0.354629414676953,4.77955310150745,0.0287995937802933,FALSE,3425,RGS10,regulator of G protein signaling 10
84900,1,1.43470823415594,0.148412047169997,2.72100442114188,0.0288080413385438,0,1,4.77904807376379,0.0288080413385438,FALSE,3426,RNFT2,"ring finger protein, transmembrane 2"
90668,1,1.57170067309564,0.162360158460405,2.98104118773088,0.0288333457225745,0,1,4.77753620187664,0.0288333457225745,FALSE,3427,CARMIL3,capping protein regulator and myosin 1 linker 3
653808,-2,-5.65580368996817,-10.7290350881897,-0.582572291746641,0.0288865208041032,13.5432838604103,0.000233124142064252,4.77436362425629,0.0288865208041031,FALSE,3429,ZG16,zymogen granule protein 16
152789,-1,-2.09225707279496,-3.9696735852594,-0.214840560330525,0.0289438243044845,0,1,4.77095153355184,0.0289438243044844,FALSE,3434,JAKMIP1,janus kinase and microtubule interacting protein 1
23639,2,1.00877136972386,0.103450157062508,1.91409258238521,0.0289676034527982,0.155459361471349,0.693371853217575,4.76953768791329,0.0289676034527981,FALSE,3436,DNAAF11,dynein axonemal assembly factor 11
100302739,1,1.33133854285302,0.135528785540182,2.52714830016586,0.0291022072815944,0,1,4.7615572122031,0.0291022072815943,FALSE,3439,,
10406,-2,-1.35688584696226,-2.5758410609151,-0.137930633009411,0.0291284820939267,0.147968082127382,0.700484743490505,4.76000389917726,0.0291284820939267,FALSE,3440,WFDC2,WAP four-disulfide core domain 2
54626,2,1.15284348836707,0.116476682225884,2.18921029450827,0.0292394364131405,0.131717415179264,0.716657967908447,4.75346055931639,0.0292394364131405,FALSE,3443,HES2,hes family bHLH transcription factor 2
80183,2,1.66532963439705,0.167652704765938,3.16300656402816,0.0293044934595125,2.21880282512172,0.136338744517002,4.74963594770645,0.0293044934595125,FALSE,3449,RUBCNL,rubicon like autophagy enhancer
27245,-2,-1.00884599563563,-1.91628933907922,-0.101402652192042,0.0293330786073409,0.269060832022729,0.60396247088648,4.74795826296964,0.029333078607341,FALSE,3451,AHDC1,AT-hook DNA binding motif containing 1
27143,2,1.05584796123303,0.10574896512228,2.00594695734379,0.0293975464544217,0.459859963421396,0.497689426720422,4.7441808370313,0.0293975464544217,FALSE,3453,PALD1,phosphatase domain containing paladin 1
286887,1,2.23543003669772,0.223747914304418,4.24711215909102,0.0294090457106774,0,1,4.74350795702646,0.0294090457106774,FALSE,3454,KRT6C,keratin 6C
168544,-2,-1.09244165275541,-2.075786753432,-0.109096552078818,0.0294499266295703,0.278175277475998,0.597899706110744,4.74111802344608,0.0294499266295703,FALSE,3455,ZNF467,zinc finger protein 467
3625,2,1.19739901067729,0.118873759864769,2.27592426148982,0.0295560932049728,0.726402177081593,0.394051874598386,4.73492753924012,0.0295560932049728,FALSE,3458,INHBB,inhibin subunit beta B
23194,-2,-1.87951518843641,-3.57358147307951,-0.185448903793314,0.0296660581004221,3.39232401469297,0.0655005659009497,4.72853995280644,0.0296660581004222,FALSE,3460,FBXL7,F-box and leucine rich repeat protein 7
1828,1,2.44094953697468,0.239847136626165,4.64205193732319,0.0297400719892828,0,1,4.72425454396831,0.0297400719892828,FALSE,3463,DSG1,desmoglein 1
8335,2,1.66786329846086,0.163765452771596,3.17196114415012,0.0297529377987865,2.20106593040462,0.137915340434641,4.72351074652701,0.0297529377987865,FALSE,3464,H2AC4,H2A clustered histone 4
641638,1,1.4833358947023,0.14559745725659,2.82107433214801,0.0297589833506781,0,1,4.72316135714622,0.029758983350678,FALSE,3465,,
79586,2,1.01380045877439,0.0993969868813998,1.92820393066737,0.0297791944174917,1.15582752324868,0.282332559195306,4.72199383961827,0.0297791944174918,FALSE,3468,CHPF,chondroitin polymerizing factor
7092,-2,-1.69990079900752,-3.23318105156008,-0.16662054645496,0.0297839324924323,1.86033057534317,0.172586651979866,4.72172025825646,0.0297839324924323,FALSE,3469,TLL1,tolloid like 1
2886,2,2.07624276908465,0.2032988949282,3.94918664324109,0.0298022646340314,4.9901549172307,0.0254919264718686,4.72066216835251,0.0298022646340315,FALSE,3470,GRB7,growth factor receptor bound protein 7
51554,-2,-1.105753247973,-2.10345268492398,-0.108053811022032,0.0298380246895057,0.809955351274479,0.368133451430879,4.7186001287607,0.0298380246895057,FALSE,3471,ACKR4,atypical chemokine receptor 4
1519,-2,-1.01600273924335,-1.93272981961548,-0.0992756588712089,0.0298394117771612,0.0305107425577907,0.861336391848345,4.71852019671834,0.0298394117771612,FALSE,3472,CTSO,cathepsin O
56062,-1,-2.11034960559002,-4.01495260208225,-0.205746609097786,0.0298789764225912,0,1,4.71624188086975,0.0298789764225912,FALSE,3473,KLHL4,kelch like family member 4
4131,-2,-2.412887990354,-4.59127311427784,-0.234502866430161,0.0299346615061664,5.66071562513168,0.0173490428666418,4.7130405954257,0.0299346615061664,FALSE,3474,MAP1B,microtubule associated protein 1B
1310,-1,-2.15570575898374,-4.10193444124277,-0.209477076724706,0.0299372638069516,0,1,4.71289114329558,0.0299372638069516,FALSE,3475,COL19A1,collagen type XIX alpha 1 chain
5029,-2,-1.02085149859062,-1.94256054880407,-0.0991424483771702,0.0299474291381189,0.337591251798169,0.561222907809041,4.71230747022258,0.0299474291381189,FALSE,3476,P2RY2,purinergic receptor P2Y2
28822,1,1.5395727583369,0.148748767769744,2.93039674890406,0.0300385009707617,0,1,4.7070874986432,0.0300385009707617,FALSE,3479,,
109864273,-2,-1.26636310040464,-2.41078619688197,-0.121940003927311,0.0300977878590546,0.742347413424949,0.388909954001042,4.70369820240926,0.0300977878590546,FALSE,3480,,
723961,2,1.48149892250226,0.142523477668376,2.82047436733614,0.0301140650338644,0.252962556874706,0.614996732141344,4.70276889068485,0.0301140650338644,FALSE,3481,INS-IGF2,INS-IGF2 readthrough
55340,-2,-1.00872231778759,-1.9205818940365,-0.0968627415386777,0.0301463520203682,0.036813087797834,0.847846097246092,4.70092707981507,0.0301463520203682,FALSE,3484,GIMAP5,"GTPase, IMAP family member 5"
28941,1,1.75984704394623,0.168883895626552,3.35081019226591,0.0301573131343171,0,1,4.70030227055483,0.0301573131343171,FALSE,3485,,
3013,2,1.38566583958497,0.132892074883978,2.63843960428597,0.0301683068951894,1.97717783148311,0.159688032315609,4.69967583803276,0.0301683068951895,FALSE,3486,H2AC7,H2A clustered histone 7
30832,-2,-1.00940693902626,-1.92235878977461,-0.0964550882779037,0.0302319656294303,0.0490288868246827,0.824761781121132,4.69605318782708,0.0302319656294302,FALSE,3487,ZNF354C,zinc finger protein 354C
100129424,2,1.26043308085945,0.12025304081121,2.40061312090768,0.0302593861541922,0.267749853525076,0.604845199015387,4.69449520740406,0.0302593861541923,FALSE,3489,,
4680,2,1.20930160265681,0.114932793879364,2.30367041143425,0.0303262203638043,0.795610855129636,0.372408900130841,4.69070397461055,0.0303262203638042,FALSE,3491,CEACAM6,CEA cell adhesion molecule 6
729950,-1,-1.7402732693485,-3.31533114762078,-0.165215391076224,0.0303452826588112,0,1,4.68962424421403,0.0303452826588111,FALSE,3492,,
107985154,-1,-1.08864801002455,-2.07397728590636,-0.103318734142743,0.0303509414262252,0,1,4.68930385523921,0.0303509414262252,FALSE,3494,,
64782,2,1.06413537889297,0.100421397810594,2.02784935997535,0.0304492246393006,0.0240467237605196,0.876766084651438,4.68374915150297,0.0304492246393005,FALSE,3496,AEN,apoptosis enhancing nuclease
117144,1,2.47038300658069,0.232922920192663,4.70784309296872,0.0304644147823927,0,1,4.68289231310613,0.0304644147823927,FALSE,3498,CATSPER1,cation channel sperm associated 1
340527,-2,-2.28609313587515,-4.35685996574963,-0.215326306000675,0.0304821143511906,5.22786101037962,0.0222278513917438,4.68189448583234,0.0304821143511907,FALSE,3499,NHSL2,NHS like 2
84929,1,2.28238784156553,0.214913938955354,4.34986174417571,0.0304872069854751,0,1,4.68160749641063,0.030487206985475,FALSE,3500,FIBCD1,fibrinogen C domain containing 1
22998,-2,-1.10463637129517,-2.1054291337842,-0.103843608806147,0.0305156155149506,0.272536328698816,0.601635433928142,4.68000748348293,0.0305156155149506,FALSE,3501,LIMCH1,LIM and calponin homology domains 1
116835,-2,-1.08635417642063,-2.07061369758924,-0.102094655252016,0.0305207341325103,0.231933385574488,0.630093943208148,4.67971936001381,0.0305207341325102,FALSE,3502,HSPA12B,heat shock protein family A (Hsp70) member 12B
221322,2,1.02105859797155,0.0952978797798561,1.94681931616324,0.0306395469423521,0.0196254215610858,0.888588279575052,4.67304558672406,0.0306395469423521,FALSE,3504,TBC1D32,TBC1 domain family member 32
85379,-2,-1.34347488370137,-2.56164661505339,-0.125303152349353,0.030651404539155,2.25255503349374,0.133393991409152,4.67238102093699,0.030651404539155,FALSE,3505,KIAA1671,KIAA1671
58472,-2,-1.61261605281352,-3.07493056869346,-0.150301536933583,0.0306632513024368,2.54589180582702,0.110581456725657,4.67171732993099,0.0306632513024368,FALSE,3506,SQOR,sulfide quinone oxidoreductase
138649,2,1.65650869090819,0.153718247603081,3.1592991342133,0.0307381714031211,1.71654565666729,0.190138302696432,4.66752626388009,0.030738171403121,FALSE,3510,,
4211,-2,-2.69062146319723,-5.13236166492997,-0.248881261464493,0.0307928922229661,5.68093080333918,0.0171502670052881,4.6644718800467,0.0307928922229663,FALSE,3514,MEIS1,Meis homeobox 1
780852,1,1.47182327447469,0.135831572403256,2.80781497654612,0.0308319071129061,0,1,4.66229761721166,0.0308319071129062,FALSE,3515,,
28434,1,1.66690805668976,0.153283718203388,3.18053239517613,0.0308930002505214,0,1,4.65889871128253,0.0308930002505214,FALSE,3517,,
100422955,1,1.75237735131834,0.160952379526566,3.34380232311011,0.0309131096468925,0,1,4.65778146156717,0.0309131096468924,FALSE,3518,,
221527,1,1.29605213192087,0.119025175223443,2.4730790886183,0.0309151958059708,0,1,4.65766560090043,0.0309151958059708,FALSE,3519,ZBTB12,zinc finger and BTB domain containing 12
80045,2,1.09194578177707,0.099051784770125,2.08483977878401,0.0311234061059282,0.34720435459329,0.555699959380356,4.64614288758157,0.0311234061059283,FALSE,3523,GPR157,G protein-coupled receptor 157
9464,-2,-4.26511070838983,-8.14846574395255,-0.381755672827112,0.031347022940891,7.91875483569083,0.00489249328728073,4.6338567464989,0.0313470229408911,FALSE,3531,HAND2,heart and neural crest derivatives expressed 2
100288520,2,1.57757282760107,0.14113921795754,3.0140064372446,0.0313545678160259,1.31514017802451,0.251466102758111,4.63344380551438,0.031354567816026,FALSE,3534,USP17L15,ubiquitin specific peptidase 17 like family member 15
11149,-2,-3.47588136044504,-6.6413865095555,-0.310376211334581,0.0313865278079066,7.49283034784783,0.00619451182290969,4.63169574162204,0.0313865278079066,FALSE,3536,BVES,blood vessel epicardial substance
26778,2,1.61084742429354,0.1434861728582,3.07820867572887,0.0314273428556029,2.4898126525325,0.114585363813392,4.62946604482562,0.0314273428556028,FALSE,3537,,
2672,-2,-1.03207191847167,-1.97303112283463,-0.0911127141087088,0.0315752693060274,0.786133405497184,0.375271865514509,4.62141016704741,0.0315752693060274,FALSE,3542,GFI1,growth factor independent 1 transcriptional repressor
9429,-2,-4.12023991910371,-7.87863373512357,-0.361846103083859,0.0316611212355344,10.4054712277476,0.00125642496589804,4.61675282157119,0.0316611212355345,FALSE,3545,ABCG2,ATP binding cassette subfamily G member 2 (JR blood group)
23366,1,1.42574054840604,0.125083930346525,2.72639716646556,0.0316777549780498,0,1,4.61585198842238,0.0316777549780498,FALSE,3546,MATCAP2,microtubule associated tyrosine carboxypeptidase 2
114134,-2,-1.35278110889063,-2.58702626891217,-0.118535948869098,0.0316980766161762,2.29203310006655,0.130039484896306,4.61475209955025,0.0316980766161762,FALSE,3548,SLC2A13,solute carrier family 2 member 13
102465429,-1,-1.43574999385065,-2.74581306903202,-0.125686918669279,0.0317135860812223,0,1,4.61391315975475,0.0317135860812223,FALSE,3550,,
8942,1,1.3624750730319,0.118834312515016,2.60611583354878,0.031773739160402,0,1,4.61066339728848,0.031773739160402,FALSE,3552,KYNU,kynureninase
285643,1,1.92164707254827,0.167549569089207,3.67574457600733,0.0317791368779555,0,1,4.61037210019813,0.0317791368779555,FALSE,3553,KIF4B,kinesin family member 4B
3075,-2,-1.0423486820631,-1.99387008943718,-0.0908272746890147,0.0317891474465842,0.701757560665212,0.40219375786473,4.60983199931227,0.0317891474465842,FALSE,3554,CFH,complement factor H
84858,2,1.07885950325635,0.0936269740792655,2.06409203243343,0.0318554296874015,0.0687692071344526,0.793137313907536,4.60626034064116,0.0318554296874014,FALSE,3557,ZNF503,zinc finger protein 503
4907,-2,-1.00870201538288,-1.93041404085808,-0.0869899899076818,0.0319574164252852,0.59437550429732,0.440732108730583,4.60077984131505,0.0319574164252852,FALSE,3558,NT5E,5'-nucleotidase ecto
28479,1,1.8954959805121,0.16189459057976,3.62909737044444,0.0321132801222236,0,1,4.59243929870814,0.0321132801222237,FALSE,3563,,
26238,1,1.86345495169743,0.158959955036477,3.56794994835838,0.0321332753309201,0,1,4.59137237826204,0.0321332753309202,FALSE,3564,,
105376506,1,1.40276618060885,0.118975636081879,2.68655672513582,0.0322253473233902,0,1,4.586468451518,0.0322253473233902,FALSE,3566,,
28902,1,2.11519549302698,0.178617726559192,4.05177325949477,0.0322951151091459,0,1,4.58276221784089,0.032295115109146,FALSE,3567,,
10610,-2,-1.21225061061801,-2.32279868646232,-0.101702534773702,0.032398843705043,0.0277088942161376,0.867795047689512,4.57726732499173,0.032398843705043,FALSE,3571,ST6GALNAC2,"ST6 N-acetylgalactosaminide alpha-2,6-sialyltransferase 2"
101930420,1,1.65612112298547,0.138711095047078,3.17353115092386,0.0324251177852858,0,1,4.5758784031633,0.0324251177852858,FALSE,3572,,
162966,2,1.11505007450977,0.0926335458481329,2.13746660317141,0.0325539560474427,1.89957467164339,0.168125934533282,4.56908461212494,0.0325539560474427,FALSE,3574,ZNF600,zinc finger protein 600
151790,-1,-1.94893204582108,-3.73603180550786,-0.161832286134298,0.0325613975883374,0,1,4.56869306890526,0.0325613975883373,FALSE,3576,WDR49,WD repeat domain 49
63027,-2,-1.31038111735641,-2.5129930339199,-0.107769200792928,0.0327119102090077,2.58061254309851,0.108179791892823,4.56079370681233,0.0327119102090077,FALSE,3581,SLC22A23,solute carrier family 22 member 23
100128881,2,1.03796216449885,0.0852874723961603,1.99063685660155,0.0327260443871595,0.539747141526383,0.462537538084596,4.56005385194837,0.0327260443871595,FALSE,3582,,
54795,-2,-1.00409444631939,-1.92589935431766,-0.0822895383211125,0.0327667284232571,0.0409643120528249,0.83960682455241,4.55792610318581,0.0327667284232572,FALSE,3584,TRPM4,transient receptor potential cation channel subfamily M member 4
114784,1,1.7980159396518,0.147275421811411,3.44875645749219,0.032775091602994,0,1,4.5574890561107,0.0327750916029941,FALSE,3585,CSMD2,CUB and Sushi multiple domains 2
9900,-2,-2.14003935444807,-4.10490547754155,-0.175173231354584,0.0327855085609278,2.72708524725189,0.0986591931036335,4.55694484452698,0.0327855085609278,FALSE,3587,SV2A,synaptic vesicle glycoprotein 2A
4033,-2,-1.14127377215596,-2.18920779088248,-0.093339753429436,0.0327987270544194,0.055614081841401,0.81356739656857,4.55625453259394,0.0327987270544194,FALSE,3588,IRAG2,"inositol 1,4,5-triphosphate receptor associated 2"
7625,2,1.03033422494968,0.0835320844781572,1.9771363654212,0.0329343440296422,0.790113778978641,0.374065723455017,4.54918891475083,0.0329343440296422,FALSE,3591,ZNF74,zinc finger protein 74
84795,-2,-1.11829087840952,-2.14614888473563,-0.090432872083406,0.0329735432227783,0.0388199398225268,0.843805811017738,4.5471523036574,0.0329735432227784,FALSE,3593,PYROXD2,pyridine nucleotide-disulphide oxidoreductase domain 2
7696,1,1.88571194869738,0.152329808482743,3.61909408891202,0.0329899294244843,0,1,4.54630170069918,0.0329899294244843,FALSE,3594,,
100288846,-1,-1.21137180424485,-2.32498838141324,-0.0977552270764639,0.0330057713240959,0,1,4.54547977168054,0.0330057713240958,FALSE,3595,,
92922,-2,-1.01847555222781,-1.95564697096189,-0.0813041334937353,0.0331715887363935,0.653311257597415,0.418931300436686,4.53690127093644,0.0331715887363936,FALSE,3598,CCDC102A,coiled-coil domain containing 102A
3635,2,1.68172258581391,0.134180572425596,3.22926459920223,0.033179551815988,4.04565752476906,0.0442851237860428,4.53649043179876,0.0331795518159881,FALSE,3599,INPP5D,inositol polyphosphate-5-phosphatase D
100505839,1,1.90601083414672,0.151130179317675,3.66089148897576,0.0332744593296716,0,1,4.5316017820009,0.0332744593296716,FALSE,3601,,
3539,1,1.59547844680727,0.126442466534263,3.06451442708028,0.0332822785369996,0,1,4.53119966719737,0.0332822785369997,FALSE,3602,,
3018,2,1.2648968446953,0.100167799007281,2.42962589038332,0.0332937665963565,0.421422058949478,0.516228316110677,4.53060905497377,0.0332937665963566,FALSE,3603,H2BC3,H2B clustered histone 3
89978,2,1.01652569951716,0.0800335270894809,1.95301787194483,0.0333815159728273,0.00229636083903725,0.961779713624127,4.52610478550962,0.0333815159728273,FALSE,3606,DPH6,diphthamine biosynthesis 6
23428,2,1.00637895041586,0.078997700476295,1.93376020035543,0.0334266618394018,0.163002267359139,0.686407310335334,4.52379221601642,0.0334266618394018,FALSE,3607,SLC7A8,solute carrier family 7 member 8
101929627,1,2.46368004198402,0.192605823554434,4.7347542604136,0.0334878507099296,0,1,4.52066305605634,0.0334878507099295,FALSE,3608,,
11037,-2,-2.6341515867784,-5.06420553975327,-0.204097633803523,0.0336217356005992,4.97735300182682,0.0256812477503521,4.51383705079017,0.0336217356005993,FALSE,3610,STON1,stonin 1
192134,-2,-3.08209625599746,-5.92614200331228,-0.238050508682641,0.0336688354794385,6.91690700719678,0.00853845335925171,4.51144245460112,0.0336688354794385,FALSE,3611,B3GNT6,"UDP-GlcNAc:betaGal beta-1,3-N-acetylglucosaminyltransferase 6"
286749,-2,-2.78057542978039,-5.34645166716619,-0.21469919239459,0.033673188469762,5.60621436714413,0.0178968868420638,4.51122132173378,0.033673188469762,FALSE,3612,STON1-GTF2A1L,STON1-GTF2A1L readthrough
5178,-2,-3.13129029726273,-6.02090729021821,-0.241673304307243,0.03367970249373,6.46568072023496,0.0109977505859686,4.51089046366495,0.0336797024937299,FALSE,3613,PEG3,paternally expressed 3
10439,-2,-2.00153916211825,-3.84990431934658,-0.153174004889916,0.0338053214949635,2.74025046949741,0.0978494288022125,4.50452311107124,0.0338053214949635,FALSE,3615,OLFM1,olfactomedin 1
558,-2,-1.60696825749529,-3.09136347981974,-0.122573035170835,0.033853963552347,2.13301860538744,0.1441566230304,4.50206418907847,0.0338539635523471,FALSE,3616,AXL,AXL receptor tyrosine kinase
391622,1,1.93338218228335,0.147191237895808,3.71957312667089,0.0338818490467077,0,1,4.50065620385033,0.0338818490467075,FALSE,3617,,
487,-1,-1.94246402927587,-3.73744335722497,-0.147484701326776,0.0339214093582516,0,1,4.49866081373452,0.0339214093582517,FALSE,3620,ATP2A1,ATPase sarcoplasmic/endoplasmic reticulum Ca2+ transporting 1
9495,-2,-1.37506514481648,-2.64652801294649,-0.103602276686467,0.0340341194556359,1.78510234533262,0.181524033960592,4.49298911425434,0.0340341194556361,FALSE,3622,AKAP5,A-kinase anchoring protein 5
123775,1,1.79403107567032,0.13478982057113,3.45327233076951,0.0340749822740752,0,1,4.49093769802629,0.0340749822740752,FALSE,3623,C16orf46,chromosome 16 open reading frame 46
101929285,-1,-1.95737704429297,-3.76801687777313,-0.14673721081281,0.0341071471435004,0,1,4.48932474829905,0.0341071471435004,FALSE,3626,,
100129836,-1,-1.63710432043746,-3.15208047384726,-0.12212816702766,0.0341780857263739,0,1,4.48577305209659,0.0341780857263739,FALSE,3628,,
57622,-2,-1.32472842661817,-2.55140569551789,-0.0980511577184455,0.0342913936657799,5.56040846326707e-05,0.994050377860173,4.48011599240421,0.0342913936657799,FALSE,3630,LRFN1,leucine rich repeat and fibronectin type III domain containing 1
5137,-1,-1.38209656875648,-2.66336742864482,-0.100825708868144,0.0344984123727727,0,1,4.46983057107962,0.0344984123727727,FALSE,3636,PDE1C,phosphodiesterase 1C
4778,-1,-1.84947990851019,-3.56450646503526,-0.134453351985124,0.0345477571600595,0,1,4.46738847017903,0.0345477571600595,FALSE,3638,NFE2,"nuclear factor, erythroid 2"
4135,-2,-3.03791926567273,-5.8558737630342,-0.21996476831125,0.0346045800552841,5.90855255017869,0.0150675473798003,4.46458078708226,0.0346045800552841,FALSE,3639,MAP6,microtubule associated protein 6
109617008,1,1.71904287283599,0.123408241049626,3.31467750462235,0.0347250751372455,0,1,4.45864290463791,0.0347250751372454,FALSE,3643,,
107984858,1,1.83782631295071,0.131881252706497,3.54377137319492,0.0347308483308155,0,1,4.45835894823996,0.0347308483308156,FALSE,3645,,
221400,1,1.95830909834737,0.140341720950335,3.77627647574441,0.0347493323162758,0,1,4.45745013927829,0.0347493323162757,FALSE,3646,TDRD6,tudor domain containing 6
606500,1,1.62147666851567,0.115084559120581,3.12786877791076,0.0348841793955068,0,1,4.45083531927899,0.0348841793955068,FALSE,3650,,
730,-2,-3.30210680398403,-6.37086882761374,-0.233344780354317,0.0349448263129196,6.3284448523906,0.0118816461194124,4.44786904337814,0.0349448263129195,FALSE,3652,C7,complement C7
10395,-2,-1.78714646461687,-3.44816844174412,-0.126124487489626,0.0349629112478111,3.59543343463831,0.0579385180636662,4.44698554069593,0.0349629112478112,FALSE,3653,DLC1,DLC1 Rho GTPase activating protein
85388,1,1.63326808284541,0.115122758505102,3.15141340718572,0.0349799543580874,0,1,4.44615337154424,0.0349799543580873,FALSE,3654,,
100128176,-1,-1.4556413491633,-2.80875689652594,-0.102525801800658,0.0349902860635207,0,1,4.44564910861616,0.0349902860635208,FALSE,3655,,
5540,-1,-1.97667060636866,-3.81525920133446,-0.138082011402856,0.0351035783753872,0,1,4.44012980742786,0.0351035783753871,FALSE,3658,NPY4R,neuropeptide Y receptor Y4
22844,-1,-1.99815595946121,-3.85701619653308,-0.13929572238934,0.0351317954651697,0,1,4.43875804334421,0.0351317954651698,FALSE,3660,FRMPD1,FERM and PDZ domain containing 1
63924,-2,-3.37418885433155,-6.51371114140301,-0.23466656726009,0.035164123531219,7.25863064164825,0.00705610733667623,4.4371878412729,0.035164123531219,FALSE,3662,CIDEC,cell death inducing DFFA like effector c
57381,-2,-1.34694316891263,-2.60091521266992,-0.0929711251553458,0.0352670921351982,1.60161902383052,0.205673922296731,4.43219661220341,0.0352670921351982,FALSE,3665,RHOJ,ras homolog family member J
171389,1,1.99264145662701,0.136697495128902,3.84858541812512,0.0353502846376335,0,1,4.42817511643778,0.0353502846376336,FALSE,3668,NLRP6,NLR family pyrin domain containing 6
84679,2,1.0954738499043,0.0751371570667354,2.11581054274187,0.035352731281499,0.0439848078483172,0.833881880133178,4.42805699645538,0.035352731281499,FALSE,3669,SLC9A7,solute carrier family 9 member A7
127623,1,2.51317183252737,0.172149071919634,4.85419459313511,0.0353704592125487,0,1,4.42720137618397,0.0353704592125486,FALSE,3670,OR2B11,olfactory receptor family 2 subfamily B member 11
56260,1,1.42289247344476,0.0972618756345449,2.74852307125498,0.035398770419457,0,1,4.42583589486935,0.0353987704194571,FALSE,3672,,
158399,-2,-2.52137146335182,-4.87098311796315,-0.171759808740489,0.0354447937282784,4.32443758969308,0.0375688274040786,4.42361857524813,0.0354447937282785,FALSE,3674,ZNF483,zinc finger protein 483
54033,1,2.13534066392978,0.144392103501125,4.12628922435844,0.0355437326999955,0,1,4.41886205490029,0.0355437326999956,FALSE,3675,RBM11,RNA binding motif protein 11
91227,-2,-1.04472128089331,-2.01894261330038,-0.0704999484862385,0.0355710071291109,0.733271058902103,0.39182496145722,4.41755326403214,0.0355710071291109,FALSE,3677,GGTLC2,gamma-glutamyltransferase light chain 2
55507,1,1.80480829725937,0.12068345783897,3.48893313667977,0.0356924452595189,0,1,4.41173865002422,0.035692445259519,FALSE,3681,GPRC5D,G protein-coupled receptor class C group 5 member D
28908,1,1.68558040848782,0.112332424001941,3.2588283929737,0.0357368865095677,0,1,4.40961591780324,0.0357368865095677,FALSE,3682,,
643036,1,1.9939068946341,0.132409272607638,3.85540451666056,0.0357836612058022,0,1,4.40738471014613,0.0357836612058022,FALSE,3684,,
440278,2,1.11949377997573,0.074143710919006,2.16484384903246,0.0358187817305835,0.126154704664347,0.722452772506032,4.40571142513262,0.0358187817305836,FALSE,3685,,
4881,-2,-2.07219515955962,-4.00730874208892,-0.137081577030324,0.0358340110048855,3.39961933567838,0.0652114666230826,4.40498637396999,0.0358340110048857,FALSE,3687,NPR1,natriuretic peptide receptor 1
8707,1,1.56683198478454,0.102760119269049,3.03090385030003,0.0359467085193704,0,1,4.39963095455992,0.0359467085193705,FALSE,3690,B3GALT2,"beta-1,3-galactosyltransferase 2"
11174,2,2.06964005069315,0.13565494722212,4.00362515416419,0.0359545406442622,3.60695722141106,0.0575383030429252,4.39925942285763,0.0359545406442622,FALSE,3691,ADAMTS6,ADAM metallopeptidase with thrombospondin type 1 motif 6
6003,-1,-2.05431279477535,-3.97398887358358,-0.134636715967116,0.0359558551677454,0,1,4.3991970742431,0.0359558551677455,FALSE,3692,RGS13,regulator of G protein signaling 13
1824,-2,-1.01603663115429,-1.96553108421996,-0.06654217808861,0.0359651180275096,0.168138225932915,0.68177175330009,4.39875779902565,0.0359651180275097,FALSE,3693,DSC2,desmocollin 2
3237,-1,-1.94546686926951,-3.7647384931815,-0.126195245357519,0.0360894240472716,0,1,4.39287422915468,0.0360894240472716,FALSE,3695,HOXD11,homeobox D11
2043,-2,-1.2459801817807,-2.41165329929199,-0.0803070642694088,0.0361716711602924,0.0328297932920491,0.856218492937896,4.38899301109388,0.0361716711602925,FALSE,3698,EPHA4,EPH receptor A4
23462,-2,-1.24016250286913,-2.40058582125261,-0.0797391844856437,0.0362026431506781,1.78313956717106,0.181764277792377,4.38753384518112,0.036202643150678,FALSE,3700,HEY1,hes related family bHLH transcription factor with YRPW motif 1
53905,1,1.53768601643312,0.0973279868797194,2.97804404598652,0.0364024961991988,0,1,4.37814958698045,0.0364024961991987,FALSE,3708,DUOX1,dual oxidase 1
159686,-1,-2.19458700629616,-4.25067873095354,-0.138495281638778,0.0364399251222356,0,1,4.37639807933793,0.0364399251222356,FALSE,3710,CFAP58,cilia and flagella associated protein 58
3687,2,1.13375543332282,0.0715266135594426,2.1959842530862,0.0364438109344276,0.580130879198394,0.446261025039741,4.37621634847937,0.0364438109344274,FALSE,3711,ITGAX,integrin subunit alpha X
6899,-1,-1.66394101021568,-3.22347643759461,-0.104405582836755,0.0365122097135861,0,1,4.37302080551989,0.0365122097135859,FALSE,3714,TBX1,T-box transcription factor 1
28923,-1,-2.04212847639436,-3.95638188771885,-0.127875065069873,0.0365376938587329,0,1,4.37183180634928,0.0365376938587329,FALSE,3715,,
100289255,-1,-1.40700957004506,-2.72601179911893,-0.0880073409711859,0.0365515565526666,0,1,4.37118538712324,0.0365515565526666,FALSE,3716,TMEM238L,transmembrane protein 238 like
29953,-2,-2.08499201313453,-4.04066374601239,-0.129320280256667,0.036656615209628,3.71600152213169,0.0538932839245343,4.36629481612505,0.0366566152096279,FALSE,3718,TRHDE,thyrotropin releasing hormone degrading enzyme
101927393,-1,-1.1925147825161,-2.31127450008205,-0.0737550649501511,0.0366918771368988,0,1,4.36465663183211,0.0366918771368988,FALSE,3721,,
284119,-2,-2.27040299209557,-4.40042644210935,-0.140379542081794,0.0366955068463089,4.88306361651005,0.0271214404414822,4.364488097848,0.0366955068463088,FALSE,3722,CAVIN1,caveolae associated protein 1
645369,1,1.47372131970847,0.0908201293231463,2.85662251009379,0.036736365668173,0,1,4.36259215197913,0.0367363656681729,FALSE,3723,TMEM200C,transmembrane protein 200C
55922,1,1.12736683911402,0.0690462928423943,2.18568738538565,0.0368127446850902,0,1,4.35905389944616,0.0368127446850901,FALSE,3725,NKRF,NFKB repressing factor
1073,-2,-2.87257468885981,-5.57009041351524,-0.175058964204382,0.0368738074529254,7.79411880475162,0.00524165680728885,4.35623069614756,0.0368738074529255,FALSE,3727,CFL2,cofilin 2
4674,-1,-1.68088220041632,-3.26048036592177,-0.101284034910869,0.037011505875926,0,1,4.34988221324455,0.0370115058759261,FALSE,3732,NAP1L2,nucleosome assembly protein 1 like 2
9515,-1,-1.8590071666763,-3.60683991763456,-0.11117441571804,0.0371027688995633,0,1,4.34568821482207,0.0371027688995634,FALSE,3736,STXBP5L,syntaxin binding protein 5L
648987,1,1.51472364252051,0.0903247143179611,2.93912257072306,0.0371374124126333,0,1,4.3440989982926,0.0371374124126332,FALSE,3740,,
2999,2,1.42455047399387,0.0849197705914855,2.76418117739626,0.0371413467997809,1.12631487944599,0.288562748928497,4.34391861267741,0.0371413467997809,FALSE,3741,GZMH,granzyme H
122416,-2,-1.10666758610786,-2.14802863160022,-0.0653065406155013,0.0372622928918325,1.5542702885935,0.212506136205888,4.33838316272897,0.0372622928918325,FALSE,3746,ANKRD9,ankyrin repeat domain 9
56911,2,1.04004505515862,0.0608654293450246,2.01922468097221,0.0373612358733701,0.798015152752476,0.37168746953582,4.33386872665894,0.0373612358733701,FALSE,3749,MAP3K7CL,MAP3K7 C-terminal like
7373,-2,-1.1383663556498,-2.21029086362133,-0.0664418476782676,0.0373927539687915,0.813311421195083,0.367143035602033,4.33243329148661,0.0373927539687914,FALSE,3753,COL14A1,collagen type XIV alpha 1 chain
6320,2,1.14989459796794,0.0663384315704263,2.23345076436545,0.0375293276932055,0.0376138979902271,0.846220492057261,4.32622789731368,0.0375293276932055,FALSE,3755,CLEC11A,C-type lectin domain containing 11A
677821,2,2.00145125107336,0.115367815549453,3.88753468659727,0.0375392089118007,3.21748450261569,0.0728555093482523,4.32577985018631,0.0375392089118008,FALSE,3756,,
339778,1,1.6697541874182,0.0953433280073335,3.24416504682907,0.0376490096112914,0,1,4.32080942228266,0.0376490096112916,FALSE,3758,CIMIP2C,ciliary microtubule inner protein 2C
6036,1,1.78625358097127,0.100745625664201,3.47176153627834,0.0377910105493947,0,1,4.31440383800682,0.0377910105493947,FALSE,3762,RNASE2,ribonuclease A family member 2
100506054,1,1.48316078913057,0.0834293136285718,2.88289226463257,0.0378213810339094,0,1,4.31303711614688,0.0378213810339095,FALSE,3764,,
8639,-2,-3.36933968524282,-6.54963021694821,-0.189049153537439,0.037850312539643,11.8796706082424,0.0005674997691784,4.31173621986338,0.0378503125396429,FALSE,3766,AOC3,amine oxidase copper containing 3
388730,1,1.55311301618463,0.0871373151172665,3.01908871725199,0.0378510694864722,0,1,4.31170219797044,0.0378510694864723,FALSE,3767,TMEM81,transmembrane protein 81
4212,-2,-3.32272690929788,-6.4592973579974,-0.186156460598367,0.0378672786141062,9.4499232200842,0.00211157939798348,4.31097383012773,0.0378672786141061,FALSE,3768,MEIS2,Meis homeobox 2
79733,2,1.08870560255802,0.0605067158909645,2.11690448922507,0.0379585033299371,1.07464989580684,0.299897501468545,4.30688067150705,0.0379585033299371,FALSE,3769,E2F8,E2F transcription factor 8
79745,-2,-1.99074355780868,-3.87153435403831,-0.109952761579054,0.0380286977201503,3.92913340090134,0.0474563933351865,4.30373813371513,0.0380286977201502,FALSE,3770,CLIP4,CAP-Gly domain containing linker protein family member 4
364,-2,-2.22759642819479,-4.33272937523025,-0.122463481159331,0.038080941492649,4.33395371100672,0.0373593707303357,4.30140317194019,0.0380809414926491,FALSE,3771,AQP7,aquaporin 7
375061,1,1.46487964908694,0.0804537743513987,2.84930552382248,0.0380919183442105,0,1,4.300913003847,0.0380919183442106,FALSE,3774,FAM89A,family with sequence similarity 89 member A
389384,2,1.22312299303311,0.0669069023804514,2.37933908368577,0.0381367922643929,1.37504171907229,0.240947531826755,4.29891071057299,0.0381367922643929,FALSE,3776,BNIP5,BCL2 interacting protein 5
6480,2,1.09063420065039,0.0590077028022664,2.12226069849852,0.0382587837841249,0.125482660853239,0.723162537092748,4.29347985419618,0.038258783784125,FALSE,3777,ST6GAL1,"ST6 beta-galactoside alpha-2,6-sialyltransferase 1"
768206,-1,-1.59419251580048,-3.10224754446108,-0.0861374871398779,0.0382734875515248,0,1,4.29282649333721,0.0382734875515248,FALSE,3778,PRCD,photoreceptor disc component
8742,-2,-1.26430602234103,-2.46048280036719,-0.0681292443148744,0.0383031925355107,1.99447742690952,0.157873511332018,4.29150735679481,0.0383031925355107,FALSE,3779,TNFSF12,TNF superfamily member 12
57494,-2,-1.32875086334451,-2.58674089885737,-0.0707608278316478,0.0384326620036522,1.5006570835534,0.220570286563516,4.28577038265532,0.0384326620036521,FALSE,3781,RIMKLB,ribosomal modification protein rimK like family member B
102724428,-2,-1.02589174817762,-1.99842485538366,-0.0533586409715744,0.0386871920290327,1.10197048210767,0.293834072222486,4.2745506347417,0.0386871920290327,FALSE,3785,,
100506023,-1,-1.3966952552851,-2.72113498419,-0.0722555263802038,0.0387444372297203,0,1,4.27203791280341,0.0387444372297203,FALSE,3788,,
165186,-1,-1.74993195308936,-3.40996356457794,-0.0899003416007784,0.0388183392869044,0,1,4.26879980506368,0.0388183392869045,FALSE,3793,TOGARAM2,TOG array regulator of axonemal microtubules 2
79695,-2,-1.79407188169586,-3.49647851995019,-0.0916652434415288,0.038875973020416,4.32414037506059,0.0375753890905788,4.26627899677821,0.038875973020416,FALSE,3796,GALNT12,polypeptide N-acetylgalactosaminyltransferase 12
81493,-2,-1.31281404784248,-2.55904947527215,-0.0665786204128231,0.0389539803059411,1.61223169326432,0.204178378353942,4.2628733163183,0.038953980305941,FALSE,3799,SYNC,"syncoilin, intermediate filament protein"
1757,-2,-1.15309603806334,-2.24793901438027,-0.0582530617464157,0.038994270782508,0.613807438812653,0.433357833139614,4.26111709480037,0.0389942707825082,FALSE,3801,SARDH,sarcosine dehydrogenase
55576,-1,-1.85434349234373,-3.61541783089016,-0.0932691537973029,0.0390398480525988,0,1,4.2591327197856,0.0390398480525987,FALSE,3803,STAB2,stabilin 2
128077,-2,-1.06911136226863,-2.08558498602696,-0.0526377385102976,0.039259171190086,1.35199377123716,0.244929865266261,4.24961753065811,0.039259171190086,FALSE,3813,LIX1L,limb and CNS expressed 1 like
8991,-2,-1.87089733964135,-3.65111910678047,-0.0906755725022332,0.0394181691276161,3.22344412373108,0.0725907478455756,4.24275430725304,0.0394181691276161,FALSE,3816,SELENBP1,selenium binding protein 1
285025,-2,-1.1057702420283,-2.1584258923567,-0.0531145916999007,0.0395077213215209,0.516721072636298,0.472243740429408,4.23890151617742,0.039507721321521,FALSE,3819,CCDC141,coiled-coil domain containing 141
91662,-1,-1.79300066123061,-3.50128146420287,-0.0847198582583533,0.0396702870646811,0,1,4.23193082907063,0.0396702870646812,FALSE,3825,NLRP12,NLR family pyrin domain containing 12
133418,2,1.06678173522679,0.0501293182209535,2.08343415223263,0.0397241103496099,0.217399642257144,0.641028443658786,4.22962953261374,0.0397241103496099,FALSE,3826,EMB,embigin
84433,2,1.38787238183349,0.0651024749481894,2.7106422887188,0.0397413663769088,1.34220753040633,0.246645040689911,4.22889241745289,0.0397413663769088,FALSE,3827,CARD11,caspase recruitment domain family member 11
257169,1,1.95952363391513,0.0917789410742484,3.82726832675601,0.0397560665940263,0,1,4.2282647421296,0.0397560665940262,FALSE,3830,C9orf43,chromosome 9 open reading frame 43
57628,-2,-1.78938005492012,-3.49506241946143,-0.0836976903788163,0.0397690956474346,1.52978713947382,0.216144394119636,4.22770862631582,0.0397690956474345,FALSE,3831,DPP10,dipeptidyl peptidase like 10
6586,-2,-2.59150869017411,-5.06471440168729,-0.118302978660934,0.0400031260702681,5.64525528542503,0.0175026677389003,4.21775199504022,0.0400031260702681,FALSE,3836,SLIT3,slit guidance ligand 3
606724,2,1.16088072718471,0.0529106676606872,2.26885078670874,0.0400181727778929,1.39504189476479,0.237555486234326,4.21711393809518,0.0400181727778929,FALSE,3838,,
5158,-1,-1.63529364665882,-3.19740098126964,-0.073186312047999,0.0401900479672459,0,1,4.20984336919851,0.0401900479672459,FALSE,3839,PDE6B,phosphodiesterase 6B
8187,2,1.21645699280926,0.0539023443094451,2.37901164130908,0.0402826715986778,1.24008542678703,0.265454590634636,4.20593877588779,0.0402826715986778,FALSE,3843,ZNF239,zinc finger protein 239
10000,-2,-1.75704654703377,-3.43677320290309,-0.0773198911644615,0.040346523038198,3.11910933385672,0.0773790676025339,4.20325257157094,0.0403465230381982,FALSE,3846,AKT3,AKT serine/threonine kinase 3
9751,-2,-1.69306251307575,-3.31181002371792,-0.0743150024335797,0.0403699077537897,2.25632577667851,0.133069448379253,4.20226990227771,0.0403699077537897,FALSE,3847,SNPH,syntaphilin
10900,-1,-1.55174329993224,-3.03563187145185,-0.0678547284126345,0.0404046016320232,0,1,4.20081310124049,0.0404046016320232,FALSE,3848,RUNDC3A,RUN domain containing 3A
54866,-2,-1.12945658743441,-2.20962235689434,-0.0492908179744727,0.040422790620496,1.26829344748482,0.260087072262394,4.20004986754105,0.0404227906204958,FALSE,3849,PPP1R14D,protein phosphatase 1 regulatory inhibitor subunit 14D
112703,2,1.48860405132007,0.0638128864519187,2.91339521618822,0.0405848995637505,2.17138655193411,0.140599414228013,4.19326344806968,0.0405848995637504,FALSE,3853,GARIN5A,golgi associated RAB2 interactor 5A
9358,2,2.14776349669143,0.0920651492884597,4.20346184409441,0.0405853216486243,3.33542271450013,0.0678029822268755,4.19324581536172,0.0405853216486244,FALSE,3854,ITGBL1,integrin subunit beta like 1
3611,-2,-1.01226211648049,-1.98135422130891,-0.043170011652066,0.0406311668170462,1.35544795580055,0.244327951168601,4.1913317665028,0.0406311668170462,FALSE,3855,ILK,integrin linked kinase
51050,-2,-1.34637670367589,-2.63537759942567,-0.0573758079261004,0.0406379020891926,0.881353342976219,0.347831277481585,4.19105075801292,0.0406379020891927,FALSE,3856,PI15,peptidase inhibitor 15
90527,1,1.80429390730947,0.0766212800015673,3.53196653461737,0.0406691560837091,0,1,4.18974742094455,0.0406691560837092,FALSE,3857,DUOXA1,dual oxidase maturation factor 1
170692,1,1.85944000430299,0.0788629291336105,3.64001707947237,0.0406804684376102,0,1,4.1892759385063,0.0406804684376103,FALSE,3859,ADAMTS18,ADAM metallopeptidase with thrombospondin type 1 motif 18
644172,-1,-2.30499022564453,-4.51252458234509,-0.0974558689439666,0.040708147877359,0,1,4.18812288001761,0.0407081478773591,FALSE,3860,,
126668,-1,-1.95278179235618,-3.8232688802942,-0.0822947044181557,0.0407371546089973,0,1,4.18691541278986,0.0407371546089971,FALSE,3861,TDRD10,tudor domain containing 10
5376,-2,-1.40479418218186,-2.75052359640913,-0.0590647679546024,0.0407575681444522,2.46710258094255,0.116252046572726,4.18606619681622,0.0407575681444522,FALSE,3862,PMP22,peripheral myelin protein 22
88,-1,-1.84491335344113,-3.61316164444292,-0.0766650624393364,0.0408606584922663,0,1,4.18178438480563,0.0408606584922662,FALSE,3863,ACTN2,actinin alpha 2
102723885,-1,-1.06684901876239,-2.0894363887409,-0.0442616487838783,0.0408746762649267,0,1,4.18120303907067,0.0408746762649266,FALSE,3864,,
79057,-1,-2.04870904837087,-4.01377715624044,-0.0836409405012952,0.041014076703413,0,1,4.17543318504274,0.0410140767034129,FALSE,3868,PRRG3,proline rich and Gla domain 3
221188,1,1.55698573273417,0.0634754930017953,3.05049597246655,0.041026294433,0,1,4.17492846903076,0.041026294433,FALSE,3870,ADGRG5,adhesion G protein-coupled receptor G5
1646,-2,-1.13871688752437,-2.23127660477021,-0.0461571702785204,0.0410755856050346,0.619425685104691,0.431260785027812,4.17289384607415,0.0410755856050347,FALSE,3871,AKR1C2,aldo-keto reductase family 1 member C2
80164,2,2.87244496929828,0.116218115846849,5.62867182274971,0.0410913424085238,5.85875093370122,0.015499789704234,4.17224398333551,0.0410913424085237,FALSE,3872,PRR36,proline rich 36
107985068,-1,-1.38290279014203,-2.71134165686203,-0.0544639234220277,0.041318518455028,0,1,4.1629034730801,0.0413185184550279,FALSE,3877,,
3360,-2,-3.96576258400678,-7.77602409555373,-0.155501072459834,0.0413550742301459,9.99945961609195,0.00156586167240327,4.16140549528813,0.0413550742301459,FALSE,3879,HTR4,5-hydroxytryptamine receptor 4
25790,1,1.89908299312751,0.0740434019253311,3.72412258432969,0.0414020073706919,0,1,4.15948431314054,0.0414020073706919,FALSE,3880,CFAP45,cilia and flagella associated protein 45
84436,-2,-1.06963127138642,-2.0975601899234,-0.0417023528494473,0.0414023104021118,0.0607183339544333,0.805364165712542,4.15947191615162,0.0414023104021117,FALSE,3881,ZNF528,zinc finger protein 528
53826,-2,-3.22652526012617,-6.32831007012442,-0.124740450127923,0.0414714590710117,7.93408170179543,0.00485122404831604,4.15664553981229,0.0414714590710117,FALSE,3883,FXYD6,FXYD domain containing ion transport regulator 6
10297,-1,-1.25700266675189,-2.46593460601489,-0.048070727488889,0.0415601368032113,0,1,4.15302817123409,0.0415601368032115,FALSE,3886,APC2,APC regulator of WNT signaling pathway 2
259296,1,1.92163965431648,0.0733896226274535,3.76988968600551,0.0415709885854863,0,1,4.15258605904192,0.0415709885854863,FALSE,3889,TAS2R50,taste 2 receptor member 50
64919,2,1.5673088172806,0.0592030761770241,3.07541455838417,0.0416595158026842,2.6872643339591,0.10115334561959,4.14898389676773,0.0416595158026843,FALSE,3891,BCL11B,BCL11 transcription factor B
65243,2,1.63090286873029,0.0615824742771249,3.20022326318345,0.0416624801546523,2.55588910469281,0.109883981112118,4.14886341682608,0.0416624801546525,FALSE,3892,ZFP69B,ZFP69 zinc finger protein B
81831,2,1.13376633702879,0.0427736474769038,2.22475902658068,0.0416694195999297,0.273872292178078,0.600745954910167,4.14858141267335,0.0416694195999296,FALSE,3893,NETO2,neuropilin and tolloid like 2
5156,-2,-1.05453341968815,-2.06968596912337,-0.0393808702529381,0.0417506587045518,0.276100395348012,0.599268622076959,4.14528369532183,0.0417506587045519,FALSE,3895,PDGFRA,platelet derived growth factor receptor alpha
5414,-1,-1.25308535391127,-2.46042857805749,-0.0457421297650498,0.0419293830476287,0,1,4.13805245671019,0.0419293830476288,FALSE,3898,SEPTIN4,septin 4
51206,1,1.68201474146286,0.0611970339974863,3.30283244892823,0.0419550108321068,0,1,4.13701820504623,0.0419550108321067,FALSE,3899,GP6,glycoprotein VI platelet
113452,-2,-1.49683309291647,-2.9395572279957,-0.0541089578372502,0.0420048721768291,3.56351546653145,0.0590625300196195,4.13500786900008,0.0420048721768292,FALSE,3900,TMEM54,transmembrane protein 54
493911,1,1.33517676960937,0.0481378066168512,2.62221573260189,0.0420251998375971,0,1,4.13418900713721,0.0420251998375972,FALSE,3901,PHOSPHO2,"phosphatase, orphan 2"
26330,1,1.3124761161839,0.0467972951870255,2.57815493718078,0.0421099588144987,0,1,4.13077913055331,0.0421099588144987,FALSE,3907,GAPDHS,"glyceraldehyde-3-phosphate dehydrogenase, spermatogenic"
79804,-2,-4.81402992056082,-9.46218216763284,-0.165877673488803,0.0423658079138026,9.8319083807652,0.00171510310926128,4.12052983652227,0.0423658079138026,FALSE,3911,,
113540,1,1.26182609886332,0.0432998089106815,2.48035238881596,0.042396150440826,0,1,4.11931863483813,0.0423961504408259,FALSE,3912,CMTM1,CKLF like MARVEL transmembrane domain containing 1
358,-2,-1.00275295487154,-1.97126677520106,-0.034239134542011,0.0424325171191989,0.866432700540693,0.351944784692848,4.11786816331501,0.0424325171191989,FALSE,3913,AQP1,aquaporin 1 (Colton blood group)
8404,-2,-2.68107576752047,-5.27095061389165,-0.091200921149293,0.0424600254556639,8.75182411940606,0.00309292526755239,4.11677187131082,0.042460025455664,FALSE,3914,SPARCL1,SPARC like 1
25803,-2,-1.93090151290826,-3.79781848942024,-0.0639845363962723,0.0426483521719991,2.59611477337118,0.107126040916922,4.10928646675197,0.042648352171999,FALSE,3918,SPDEF,SAM pointed domain containing ETS transcription factor
1393,-1,-1.74901786406951,-3.44042189092488,-0.0576138372141364,0.042690471959868,0,1,4.10761709079709,0.042690471959868,FALSE,3919,CRHBP,corticotropin releasing hormone binding protein
100885848,-2,-1.03711294570439,-2.04017380862797,-0.0340520827808124,0.0427134520150448,0.088556087137114,0.766020880045582,4.10670702912463,0.0427134520150449,FALSE,3920,PTGES3L,prostaglandin E synthase 3 like
8786,-2,-1.12167360917072,-2.20697323215902,-0.0363739861824279,0.0428004092124793,0.15566110718046,0.693183060330554,4.10326798292356,0.0428004092124793,FALSE,3921,RGS11,regulator of G protein signaling 11
9162,-1,-1.34486986261636,-2.64781646220971,-0.0419232630230142,0.0430703366684159,0,1,4.09263931122259,0.0430703366684158,FALSE,3926,DGKI,diacylglycerol kinase iota
8029,-1,-1.2433900098693,-2.44807578517099,-0.038704234567615,0.0430799676449908,0,1,4.09226137695642,0.0430799676449909,FALSE,3927,CUBN,cubilin
9514,-2,-1.03611678701479,-2.04045548754882,-0.0317780864807689,0.0431785393957537,0.535210222933355,0.464424572515471,4.08839837164157,0.0431785393957536,FALSE,3929,GAL3ST1,galactose-3-O-sulfotransferase 1
84561,2,1.01775853912887,0.0304493024990498,2.00506777575869,0.0433408112048185,0.0578170302013727,0.809980086356121,4.08205913373487,0.0433408112048184,FALSE,3935,SLC12A8,solute carrier family 12 member 8
5121,-2,-1.69819434659944,-3.34566625382224,-0.0507224393766332,0.0433515071364381,0.000506537671282327,0.982044013383623,4.08164216862841,0.0433515071364381,FALSE,3936,PCP4,Purkinje cell protein 4
400581,1,1.40525271257954,0.0419026591033691,2.76860276605571,0.043362271527935,0,1,4.08122264395525,0.043362271527935,FALSE,3937,GRAPL,GRB2 related adaptor protein like
107984034,1,1.52981751159952,0.0450914062281969,3.01454361697084,0.0434364762721257,0,1,4.07833361176959,0.0434364762721256,FALSE,3940,,
653269,1,1.93773012435563,0.055890648488967,3.81956960022229,0.0435730459657981,0,1,4.07303005455147,0.0435730459657981,FALSE,3943,POTEI,POTE ankyrin domain family member I
26548,-1,-1.55707997128479,-3.06973454465523,-0.0444253979143534,0.0436405999659082,0,1,4.07041311857173,0.0436405999659084,FALSE,3947,ITGB1BP2,integrin subunit beta 1 binding protein 2
28832,1,1.54763825835458,0.0428198145708085,3.05245670213835,0.0438276907688665,0,1,4.06318770191633,0.0438276907688663,FALSE,3953,,
653689,-1,-1.84129748158716,-3.63169245277014,-0.0509025104041756,0.0438326643927649,0,1,4.06299606446382,0.0438326643927649,FALSE,3954,GSTT2B,glutathione S-transferase theta 2B
222546,-1,-2.11372681023925,-4.16931607132978,-0.0581375491487219,0.0438630689763948,0,1,4.06182505033664,0.0438630689763948,FALSE,3955,RFX6,regulatory factor X6
286046,1,1.26990379382777,0.0346581617459529,2.50514942590959,0.043909250902701,0,1,4.06004801436588,0.0439092509027009,FALSE,3956,XKR6,XK related 6
105372064,-1,-1.44312906171846,-2.84696696627551,-0.0392911571614083,0.0439234903432712,0,1,4.05950049109843,0.0439234903432712,FALSE,3957,,
2205,-2,-2.06483058891569,-4.07465349509941,-0.0550076827319819,0.0440508048719106,3.22427221208965,0.072554041015518,4.0546133824841,0.0440508048719107,FALSE,3961,FCER1A,Fc epsilon receptor Ia
8857,-2,-3.99113198905639,-7.87608546816168,-0.106178509951091,0.0440587783723896,11.6391331433843,0.000645786905318009,4.05430780564687,0.0440587783723897,FALSE,3962,FCGBP,Fc gamma binding protein
247,1,1.8660769928465,0.0477143664626787,3.68443961923032,0.0442838553373983,0,1,4.04570587152038,0.0442838553373982,FALSE,3967,ALOX15B,arachidonate 15-lipoxygenase type B
90649,2,1.11517369443189,0.0283634728916375,2.20198391597214,0.0443133170825083,0.185479739492468,0.666705725870916,4.04458331709718,0.0443133170825083,FALSE,3969,ZNF486,zinc finger protein 486
441430,-2,-1.56860136413622,-3.09732983719563,-0.0398728910768222,0.0443165291231948,2.40884188100403,0.120651595445964,4.04446097908873,0.0443165291231948,FALSE,3970,,
122525,-2,-1.02297036671338,-2.01997096229975,-0.0259697711270043,0.0443236686007138,0.663263677646192,0.415410101402608,4.04418908897742,0.0443236686007137,FALSE,3971,C14orf28,chromosome 14 open reading frame 28
6041,-2,-1.12031901620386,-2.21268576431774,-0.02795226808999,0.0444188118325462,1.81349081162471,0.178090040940681,4.04057017827318,0.0444188118325462,FALSE,3972,RNASEL,ribonuclease L
8744,1,1.53449117309664,0.0380591504889687,3.03092319570431,0.0444510621135098,0,1,4.03934534346796,0.0444510621135099,FALSE,3973,TNFSF9,TNF superfamily member 9
83595,-2,-1.08577528730754,-2.14473359794315,-0.0268169766719206,0.0444737575830913,0.721085120193081,0.395788200594049,4.0384839519094,0.0444737575830913,FALSE,3974,SOX7,SRY-box transcription factor 7
109910380,-2,-1.07719684750003,-2.1283037118231,-0.0260899831769643,0.0445781801270275,0.477405203129726,0.489600009760935,4.03452661675824,0.0445781801270275,FALSE,3976,,
147495,2,1.37048442807264,0.0325447710722646,2.70842408507301,0.044681644405173,1.9555147796099,0.16199381809715,4.03061521069654,0.0446816444051731,FALSE,3977,APCDD1,APC down-regulated 1
102466658,1,1.78472946357864,0.0422881871317093,3.52717074002557,0.0446931170505845,0,1,4.03018208150804,0.0446931170505844,FALSE,3978,,
23245,-1,-1.17625488641452,-2.32503857881383,-0.0274711940152081,0.044767430168207,0,1,4.02737935456729,0.044767430168207,FALSE,3980,ASTN2,astrotactin 2
6876,-2,-3.19870084334965,-6.32339664957057,-0.0740050371287278,0.044815335687179,7.2625207791562,0.00704083956707631,4.02557518848073,0.044815335687179,FALSE,3981,TAGLN,transgelin
100132911,1,1.3467754141075,0.0309773200602255,2.66257350815478,0.0448448704840771,0,1,4.02446389236086,0.0448448704840772,FALSE,3982,,
130026,-2,-1.48598908450377,-2.93819015856164,-0.0337880104459118,0.0449025733750508,1.68931090994276,0.193691831310721,4.02229494652881,0.0449025733750507,FALSE,3984,ICA1L,islet cell autoantigen 1 like
140766,2,1.09932069459571,0.0244697852257079,2.17417160396571,0.0450075352085672,0.587887646943363,0.443237116967665,4.01835713822874,0.0450075352085673,FALSE,3987,ADAMTS14,ADAM metallopeptidase with thrombospondin type 1 motif 14
270,-1,-1.93255804930952,-3.82507816516056,-0.0400379334584802,0.045346204701883,0,1,4.00571705161023,0.0453462047018829,FALSE,3994,AMPD1,adenosine monophosphate deaminase 1
10742,-2,-1.07455285199458,-2.12691900431571,-0.0221866996734474,0.0453616551856591,0.170025181320148,0.680089429216383,4.00514277036115,0.0453616551856592,FALSE,3995,RAI2,retinoic acid induced 2
1600,-1,-1.56137078585041,-3.0905318203218,-0.0322097513790238,0.0453656673609907,0,1,4.00499367493835,0.0453656673609907,FALSE,3996,DAB1,DAB adaptor protein 1
273,-1,-1.77148691446652,-3.50673485808333,-0.0362389708497139,0.0454036060620403,0,1,4.00358453079593,0.0454036060620404,FALSE,3997,AMPH,amphiphysin
1949,1,1.67214393282699,0.0320750288107479,3.31221283684323,0.0456846611865457,0,1,3.99318386898561,0.0456846611865455,FALSE,4005,EFNB3,ephrin B3
138311,-2,-1.67837405344823,-3.32514768516974,-0.0316004217267194,0.0457628309732831,2.92734724304663,0.0870904868163428,3.99030311483244,0.045762830973283,FALSE,4007,DIPK1B,divergent protein kinase domain 1B
101735302,1,1.17280376497728,0.0216746766323765,2.32393285332218,0.0458394959016663,0,1,3.98748284991098,0.0458394959016662,FALSE,4008,,
267010,-1,-1.59743323738033,-3.16664392776072,-0.0282225469999411,0.046019511792879,0,1,3.98088011262037,0.0460195117928788,FALSE,4012,,
112268195,-1,-1.65672586128567,-3.28430119800974,-0.0291505245615986,0.0460354941447534,0,1,3.9802952177064,0.0460354941447532,FALSE,4013,,
283897,-2,-1.12254470009276,-2.22673592188799,-0.0183534782975332,0.0463116417974059,0.000249973203795234,0.987385539060166,3.97022289186863,0.0463116417974062,FALSE,4016,C16orf54,chromosome 16 open reading frame 54
9306,-1,-1.0722987727244,-2.12711699359905,-0.017480551849745,0.046322286831879,0,1,3.96983588845595,0.046322286831879,FALSE,4017,SOCS6,suppressor of cytokine signaling 6
8614,2,2.61445841586532,0.0413880855602917,5.18752874617034,0.0464270220991064,4.79039940871163,0.0286187895839816,3.96603319728545,0.0464270220991066,FALSE,4020,STC2,stanniocalcin 2
6594,-2,-1.31253180378742,-2.60450024593463,-0.0205633616402074,0.0464633695428763,1.97339915567969,0.160087522547544,3.96471562028208,0.0464633695428764,FALSE,4021,SMARCA1,"SWI/SNF related, matrix associated, actin dependent regulator of chromatin, subfamily a, member 1"
105378268,1,1.46368879535956,0.0226211624480166,2.9047564282711,0.0465105210911628,0,1,3.96300801778764,0.046510521091163,FALSE,4022,,
101929601,1,2.35874145892227,0.0354282784960809,4.68205463934846,0.0466072920220563,0,1,3.95950914842389,0.0466072920220563,FALSE,4023,,
12,-2,-1.3412429396549,-2.66270048806951,-0.0197853912402919,0.0466670683257556,1.32659185573828,0.24941243634719,3.95735168865153,0.0466670683257557,FALSE,4026,SERPINA3,serpin family A member 3
653604,2,1.20986376073235,0.0170526416344083,2.40267487983029,0.0468134616423828,1.78614551372987,0.181396499898047,3.95208030907993,0.0468134616423827,FALSE,4027,H3C13,H3 clustered histone 13
102464833,-1,-1.53928632936202,-3.05702810113332,-0.0215445575907254,0.0468353684347231,0,1,3.95129297722678,0.046835368434723,FALSE,4028,,
5313,2,1.20215144205774,0.0159670465929174,2.38833583752256,0.0469948339112608,1.11035304274861,0.292005217761181,3.94557344996429,0.0469948339112608,FALSE,4032,PKLR,pyruvate kinase L/R
5064,-2,-2.31772486550076,-4.60547001751341,-0.0299797134881095,0.0470723898213643,6.22470620376814,0.0125979810317086,3.94279915484918,0.0470723898213643,FALSE,4035,PALM,paralemmin
221143,2,1.02936373505521,0.0130389654214171,2.04568850468899,0.0471323018510537,1.02695536132038,0.310874840008074,3.94065930671315,0.0471323018510536,FALSE,4036,EEF1AKMT1,EEF1A lysine methyltransferase 1
57501,2,1.56254237244171,0.0186029803668655,3.10648176451655,0.04730271854976,3.44109302466585,0.0635936083100896,3.93458826733728,0.0473027185497598,FALSE,4042,CFAP92,cilia and flagella associated protein 92 (putative)
1292,-2,-1.62136555998342,-3.22349590562232,-0.0192352143445056,0.047312125079494,2.38271315715523,0.122684307323979,3.9342538348495,0.0473121250794939,FALSE,4043,COL6A2,collagen type VI alpha 2 chain
115727,-2,-1.4047847177086,-2.79414114418421,-0.0154282912329888,0.0475096174456753,1.81754052374217,0.177606314059655,3.92724849167656,0.0475096174456754,FALSE,4052,RASGRP4,RAS guanyl releasing protein 4
51177,-2,-1.78365394674635,-3.5481857798506,-0.0191221136421127,0.047568402706664,3.39963519664185,0.0652108395700136,3.9251692236679,0.0475684027066642,FALSE,4054,PLEKHO1,pleckstrin homology domain containing O1
10750,2,1.03449761782036,0.011052122509055,2.05794311313167,0.0475767516436218,0.346892678749282,0.555877401819953,3.92487413687405,0.0475767516436218,FALSE,4055,GRAP,GRB2 related adaptor protein
199777,-2,-1.64178994521652,-3.26648647118556,-0.0170934192474861,0.0476378605187367,2.12055402356987,0.145333963031169,3.92271595215716,0.0476378605187367,FALSE,4057,ZNF626,zinc finger protein 626
3853,1,1.81349592643473,0.0187278189288873,3.60826403394057,0.0476568520042232,0,1,3.92204582389167,0.047656852004223,FALSE,4059,KRT6A,keratin 6A
130497,-2,-3.14526837749749,-6.26028424062472,-0.0302525143702659,0.0478161382446389,8.90731725042171,0.00284030224651899,3.91643636030751,0.0478161382446389,FALSE,4063,OSR1,odd-skipped related transcription factor 1
220972,-2,-1.04126992316067,-2.07254841865615,-0.00999142766520089,0.0478213118290335,1.88769478356003,0.169462156480938,3.91625449679639,0.0478213118290336,FALSE,4065,MARCHF8,membrane associated ring-CH-type finger 8
25758,-1,-1.87876847866649,-3.73971106896838,-0.0178258883646041,0.0478454677685397,0,1,3.91540563404878,0.0478454677685397,FALSE,4066,KIAA1549L,KIAA1549 like
9770,-2,-1.48994534964443,-2.96608522020369,-0.0138054790851803,0.0478955056700588,2.14881672210479,0.142679815288843,3.9136486920402,0.0478955056700588,FALSE,4067,RASSF2,Ras association domain family member 2
728264,-1,-1.52807022394306,-3.04279079764145,-0.0133496502446668,0.048014769417076,0,1,3.90946887398869,0.0480147694170761,FALSE,4069,,
439931,-1,-1.39015573150104,-2.76882822696168,-0.0114832360404027,0.0481220646520476,0,1,3.90571786537344,0.0481220646520476,FALSE,4073,,
107,-1,-1.57324397498512,-3.1339345510959,-0.0125533988743396,0.048185485932039,0,1,3.90350482475215,0.0481854859320391,FALSE,4076,ADCY1,adenylate cyclase 1
11339,2,1.02562762760031,0.00801293862778985,2.04324231657283,0.0482230898245278,0.274326463411936,0.60044419899931,3.90219411473659,0.0482230898245278,FALSE,4077,OIP5,Opa interacting protein 5
6615,2,1.38844261527208,0.0102315959836117,2.76665363456054,0.0483232803196184,1.56527180645224,0.210894992823301,3.89870716368736,0.0483232803196184,FALSE,4080,SNAI1,snail family transcriptional repressor 1
23682,-2,-1.16766159375185,-2.32723344690324,-0.00808974060046186,0.0484229591963421,0.0312111150947761,0.859770216267622,3.89524558243124,0.0484229591963418,FALSE,4083,RAB38,"RAB38, member RAS oncogene family"
107985946,1,1.01197506708645,0.00676926990603177,2.01718086426687,0.0484770172985166,0,1,3.89337143295302,0.0484770172985167,FALSE,4085,,
7481,2,2.38478281414858,0.0149135360437591,4.75465209225339,0.0485755983401373,4.73500931984742,0.0295546880749191,3.88995938285046,0.0485755983401373,FALSE,4086,WNT11,Wnt family member 11
100507053,-1,-1.74409795856588,-3.47837522412861,-0.00982069300315302,0.0487167074978937,0,1,3.88508806433932,0.0487167074978936,FALSE,4089,,
440073,-1,-1.52829748417893,-3.04837695854629,-0.0082180098115725,0.0487742093176332,0,1,3.88310727788843,0.0487742093176332,FALSE,4090,IQSEC3,IQ motif and Sec7 domain ArfGEF 3
100507423,-1,-1.21315789220614,-2.42129616741736,-0.00501961699491638,0.0490556914382602,0,1,3.873446401108,0.0490556914382605,FALSE,4092,,
3866,2,1.27376249438952,0.00507043701198717,2.54245455176706,0.0490913823276894,0.728763215080818,0.393284372583728,3.87222562083757,0.0490913823276896,FALSE,4098,KRT15,keratin 15
388585,-1,-1.58323615603122,-3.16060898661968,-0.00586332544275847,0.0491544588053374,0,1,3.87007042701745,0.0491544588053372,FALSE,4099,HES5,hes family bHLH transcription factor 5
158067,-1,-1.54505376024805,-3.08541191565761,-0.00469560483848852,0.0493056909036434,0,1,3.86491500963991,0.0493056909036435,FALSE,4100,AK8,adenylate kinase 8
116159,-2,-1.12792473724349,-2.25318943767844,-0.0026600368085381,0.0494608781075565,1.76033354030002,0.184582918230158,3.85964209726607,0.0494608781075564,FALSE,4107,CYYR1,cysteine and tyrosine rich 1
55793,-1,-1.01575341767523,-2.02943245652538,-0.00207437882508343,0.0495330111503894,0,1,3.85719712441314,0.0495330111503894,FALSE,4111,MINDY1,MINDY lysine 48 deubiquitinase 1
127943,1,1.58577736552351,0.00322868053635639,3.16832605051066,0.049534422394994,0,1,3.85714932733769,0.0495344223949939,FALSE,4112,FCRLB,Fc receptor like B
124751,-2,-1.06645918157335,-2.13160870744364,-0.00130965570305408,0.0497189737635399,0.0904871655105879,0.763558736783078,3.8509111675409,0.0497189737635398,FALSE,4116,KRBA2,KRAB-A domain containing 2
8743,-2,-1.05688631729971,-2.11266596973608,-0.00110666486334843,0.0497603406241528,1.49487813905129,0.2214611288473,3.84951625112881,0.0497603406241529,FALSE,4118,TNFSF10,TNF superfamily member 10
4489,-2,-1.47962550668899,-2.95813097577622,-0.0011200376017515,0.0498266979449828,0.0023235501184252,0.961554286463346,3.84728119757094,0.0498266979449827,FALSE,4120,MT1A,metallothionein 1A
1821,-1,-1.68425516403092,-3.36778685180302,-0.000723476258815081,0.049901628230218,0,1,3.84476116592464,0.0499016282302179,FALSE,4122,DRP2,dystrophin related protein 2
131583,-2,-1.04612528086884,-2.09195474926855,-0.000295812469137013,0.049935234216056,0.367686420026223,0.544268076108422,3.8436322383716,0.0499352342160559,FALSE,4125,FAM43A,family with sequence similarity 43 member A
65078,2,1.50215966809927,0.000368290063016197,3.00395104613552,0.0499438432717529,2.41951234638293,0.119832229009365,3.84334316309576,0.0499438432717528,FALSE,4126,RTN4R,reticulon 4 receptor
