Gene_Symbol,log2FC,P.Value,Gene_Description,Significance
CST1,9.732806052,1.14e-23,cystatin SN,Up
S100A2,8.990822747,1.75e-20,S100 calcium binding protein A2,Up
DPEP1,8.146388456,5.31e-21,dipeptidase 1,Up
PLP1,-8.165474111,3.45e-20,proteolipid protein 1,Down
LDB3,-6.806002141,6.74e-25,LIM domain binding 3,Down
OTOP2,-8.60199896,3.83e-15,otopetrin 2,Down
SIM2,6.772588529,8.2e-24,SIM bHLH transcription factor 2,Up
REG3A,9.126974205,2.8e-12,regenerating family member 3 alpha,Up
SALL4,6.725396896,1.17e-20,spalt like transcription factor 4,Up
AQP8,-6.454894143,6.25e-22,aquaporin 8,Down
MMP7,6.917609315,4.13e-16,matrix metallopeptidase 7,Up
KRT80,5.811065163,2.37e-23,keratin 80,Up
MMP1,6.064486072,1.13e-20,matrix metallopeptidase 1,Up
VSTM2A,-7.321512437,4.76e-14,V-set and transmembrane domain containing 2A,Down
KCNB1,-6.803732613,5.25e-16,potassium voltage-gated channel subfamily B member 1,Down
CST2,6.205465058,2.87e-18,cystatin SA,Up
NLGN1,-7.452145085,6.01e-13,neuroligin 1,Down
ETV4,5.103678846,3.72e-31,ETS variant transcription factor 4,Up
BCHE,-7.172203731,1.91e-13,butyrylcholinesterase,Down
RBM20,-6.320882648,1.92e-16,RNA binding motif protein 20,Down
SST,-6.299647734,2.17e-16,somatostatin,Down
KLK6,7.298715648,3.42e-12,kallikrein related peptidase 6,Up
CDH3,5.462306161,1.03e-21,cadherin 3,Up
DPP6,-7.227860229,4.18e-12,dipeptidyl peptidase like 6,Down
GOLGA6L24,7.316663659,8e-12,golgin A6 family like 24,Up
CA7,-6.562210005,2.11e-13,carbonic anhydrase 7,Down
HSPB8,-5.949522401,9.26e-16,heat shock protein family B (small) member 8,Down
CA4,-5.231475887,5.24e-20,carbonic anhydrase 4,Down
GOLGA6L25,7.055795143,5.99e-11,golgin A6 family like 25,Up
LONRF2,-6.426358633,1.95e-12,LON peptidase N-terminal domain and ring finger 2,Down
LY6G6F-LY6G6D,5.662407936,4.1e-15,LY6G6F-LY6G6D readthrough,Up
BEST4,-6.212774068,1.19e-12,bestrophin 4,Down
LY6G6D,5.613789599,7.05e-15,lymphocyte antigen 6 family member G6D,Up
ESM1,6.657710392,5.41e-11,endothelial cell specific molecule 1,Up
GUCA2A,-5.166795728,1.31e-16,guanylate cyclase activator 2A,Down
CEMIP,4.594250398,2.61e-22,cell migration inducing hyaluronidase 1,Up
PGA5,-6.677808861,3.53e-10,pepsinogen A5,Down
KIF1A,-7.175727102,2.69e-09,kinesin family member 1A,Down
RAET1L,5.278275337,4.95e-14,retinoic acid early transcript 1L,Up
NOS1,-6.04879207,4.99e-11,nitric oxide synthase 1,Down
SCN4A,-6.174665146,1.04e-10,sodium voltage-gated channel alpha subunit 4,Down
CLDN1,4.568622517,5.55e-18,claudin 1,Up
EVA1A,4.920241461,6.97e-15,"eva-1 homolog A, regulator of programmed cell death",Up
FXYD1,-5.147557107,2.3e-13,FXYD domain containing ion transport regulator 1,Down
TACR2,-5.2992802,1.42e-12,tachykinin receptor 2,Down
FAM135B,-6.185655466,7.59e-10,family with sequence similarity 135 member B,Down
LARGE2,4.357491248,3.58e-18,LARGE xylosyl- and glucuronyltransferase 2,Up
ADCYAP1R1,-6.088306097,7.49e-10,ADCYAP receptor type I,Down
NRG2,-5.873658046,4.05e-10,neuregulin 2,Down
CLDN2,6.675788417,1.16e-08,claudin 2,Up
FABP6,5.649782134,2.34e-10,fatty acid binding protein 6,Up
GRHL3,5.865391396,9.79e-10,grainyhead like transcription factor 3,Up
CA2,-4.776706422,1.06e-12,carbonic anhydrase 2,Down
UNC93A,6.190789066,6.5e-09,unc-93 homolog A,Up
GUCA2B,-7.264360973,1.33e-07,guanylate cyclase activator 2B,Down
C11orf86,-4.465007595,7.77e-14,chromosome 11 open reading frame 86,Down
GLP2R,-4.264132391,7.47e-15,glucagon like peptide 2 receptor,Down
ENTREP1,-4.322365735,1.98e-14,endosomal transmembrane epsin interactor 1,Down
SCARA5,-4.201614404,3.76e-15,scavenger receptor class A member 5,Down
KCNMA1,-5.153146205,1.44e-10,potassium calcium-activated channel subfamily M alpha 1,Down
TCN1,6.516986175,4.1e-08,transcobalamin 1,Up
PTPRZ1,-6.586245129,5.37e-08,protein tyrosine phosphatase receptor type Z1,Down
CEL,4.160597788,2.29e-14,carboxyl ester lipase,Up
GREM2,-4.474820714,2.15e-12,"gremlin 2, DAN family BMP antagonist",Down
INHBA,4.54105303,6.45e-12,inhibin subunit beta A,Up
CA9,4.360111624,1.84e-12,carbonic anhydrase 9,Up
FAM107A,-4.058055585,4.16e-14,family with sequence similarity 107 member A,Down
MMP13,5.219968865,2.4e-09,matrix metallopeptidase 13,Up
SLC30A10,-4.193225486,7.95e-13,solute carrier family 30 member 10,Down
CLEC3B,-3.774661683,1.31e-15,C-type lectin domain family 3 member B,Down
TMPRSS13,5.249424395,5.03e-09,transmembrane serine protease 13,Up
EPHX4,4.276665642,6.83e-12,epoxide hydrolase 4,Up
TMOD1,-3.981247816,2.65e-13,tropomodulin 1,Down
NEXMIF,-5.814710144,6.11e-08,neurite extension and migration factor,Down
CNTN1,-5.409870501,1.81e-08,contactin 1,Down
ULBP2,4.269726444,1.67e-11,UL16 binding protein 2,Up
FLNC,-4.491884084,1.43e-10,filamin C,Down
PAH,5.876086919,9.21e-08,phenylalanine hydroxylase,Up
MMP11,3.971343857,6.72e-13,matrix metallopeptidase 11,Up
TNXB,-4.081154905,3.58e-12,tenascin XB,Down
PLAAT2,-3.900419377,5.22e-13,phospholipase A and acyltransferase 2,Down
NRXN1,-5.292303743,2.13e-08,neurexin 1,Down
PDX1,3.990867925,2.86e-12,pancreatic and duodenal homeobox 1,Up
SYT8,5.385316669,3.51e-08,synaptotagmin 8,Up
PPP2R2B,-5.277205557,2.61e-08,protein phosphatase 2 regulatory subunit Bbeta,Down
ADGRB3,-4.186190686,4.76e-11,adhesion G protein-coupled receptor B3,Down
SLC13A3,5.194869488,2.34e-08,solute carrier family 13 member 3,Up
SLC6A20,3.946898031,3.64e-12,solute carrier family 6 member 20,Up
ADH1A,-4.76244268,3.62e-09,"alcohol dehydrogenase 1A (class I), alpha polypeptide",Down
ANK2,-4.423818533,4.47e-10,ankyrin 2,Down
PAPPA2,-5.237184597,3.24e-08,pappalysin 2,Down
MYH2,-4.102223515,3.62e-11,myosin heavy chain 2,Down
SERPINB5,3.927220047,5.13e-12,serpin family B member 5,Up
NCAM1,-3.842575965,2.01e-12,neural cell adhesion molecule 1,Down
SECTM1,-3.67582852,1.57e-13,secreted and transmembrane 1,Down
MYOCD,-4.281275259,2.33e-10,myocardin,Down
CPNE7,3.939179892,7.93e-12,copine 7,Up
KRT23,6.643354729,1.23e-06,keratin 23,Up
FAM72B,4.55033771,1.94e-09,family with sequence similarity 72 member B,Up
COL11A1,5.109352675,3.24e-08,collagen type XI alpha 1 chain,Up
USP2,-4.063105285,4.72e-11,ubiquitin specific peptidase 2,Down
LYNX1,-4.608961501,3.42e-09,Ly6/neurotoxin 1,Down
CHGB,-3.966371645,1.93e-11,chromogranin B,Down
IL1A,5.615830605,1.88e-07,interleukin 1 alpha,Up
LGI1,-5.442739358,1.18e-07,leucine rich glioma inactivated 1,Down
ZFHX4,-4.594086135,3.97e-09,zinc finger homeobox 4,Down
SOX10,-4.502823299,2.62e-09,SRY-box transcription factor 10,Down
SLC26A3,-4.263407431,6.28e-10,solute carrier family 26 member 3,Down
CD177,-4.334975756,1.07e-09,CD177 molecule,Down
LYNX1-SLURP2,-4.727632824,1.19e-08,LYNX1-SLURP2 readthrough,Down
PGM5,-3.907980869,2.95e-11,phosphoglucomutase 5,Down
POU5F1B,3.663032878,1.31e-12,POU class 5 homeobox 1B,Up
DMD,-3.713205752,3.31e-12,dystrophin,Down
PSD,-5.14392726,8.16e-08,pleckstrin and Sec7 domain containing,Down
DSG3,4.867050692,2.95e-08,desmoglein 3,Up
KCNA5,-4.902937901,3.46e-08,potassium voltage-gated channel subfamily A member 5,Down
C2CD4A,4.019581211,1.43e-10,C2 calcium dependent domain containing 4A,Up
GRIN2D,4.22553684,8.97e-10,glutamate ionotropic receptor NMDA type subunit 2D,Up
PKP1,4.781360812,2.75e-08,plakophilin 1,Up
CNKSR2,-4.998279497,6.72e-08,connector enhancer of kinase suppressor of Ras 2,Down
SLC51A,-4.325504936,2.69e-09,solute carrier family 51 member A,Down
GAP43,-5.566668776,3.92e-07,growth associated protein 43,Down
LRP1B,-4.588013081,1.24e-08,LDL receptor related protein 1B,Down
TENT5B,-5.179006852,1.41e-07,terminal nucleotidyltransferase 5B,Down
VWA2,3.776066336,2.49e-11,von Willebrand factor A domain containing 2,Up
APOC2,3.916777889,1.17e-10,apolipoprotein C2,Up
ZBTB16,-3.840333772,5.32e-11,zinc finger and BTB domain containing 16,Down
PRIMA1,-4.597562053,1.49e-08,proline rich membrane anchor 1,Down
PLN,-4.527404217,1.05e-08,phospholamban,Down
APOC4-APOC2,3.899492899,1.2e-10,APOC4-APOC2 readthrough (NMD candidate),Up
SORBS1,-4.119064385,8.73e-10,sorbin and SH3 domain containing 1,Down
CLDN9,4.833226726,4.9e-08,claudin 9,Up
RNF152,-3.637579298,6.11e-12,ring finger protein 152,Down
GFRA3,-3.796453274,4.79e-11,GDNF family receptor alpha 3,Down
CYP24A1,5.549911839,5.02e-07,cytochrome P450 family 24 subfamily A member 1,Up
SLC51B,-3.582198724,4.16e-12,SLC51 subunit beta,Down
EGFL6,4.080304274,1.3e-09,EGF like domain multiple 6,Up
RASD2,-3.425322033,6.19e-13,RASD family member 2,Down
CAND2,-3.782745615,9.01e-11,cullin associated and neddylation dissociated 2 (putative),Down
SLC26A2,-3.377199538,4.05e-13,solute carrier family 26 member 2,Down
RASL12,-3.325570767,1.56e-13,RAS like family 12,Down
HLF,-3.577379845,1.18e-11,"HLF transcription factor, PAR bZIP family member",Down
BMP3,-5.964863535,1.81e-06,bone morphogenetic protein 3,Down
DHRS9,-3.807757433,2.17e-10,dehydrogenase/reductase 9,Down
CNR1,-5.038498654,2.41e-07,cannabinoid receptor 1,Down
PRSS22,4.32635023,2.03e-08,serine protease 22,Up
MSX2,3.648843399,1.31e-10,msh homeobox 2,Up
STOX2,-3.461343243,1.45e-11,storkhead box 2,Down
ASB2,-3.857121194,1.1e-09,ankyrin repeat and SOCS box containing 2,Down
MEP1B,-3.820112557,8.37e-10,meprin A subunit beta,Down
CRIPTO,3.599764463,1.05e-10,"cripto, EGF-CFC family member",Up
RYR3,-3.806306495,8.34e-10,ryanodine receptor 3,Down
TG,3.817151497,1.15e-09,thyroglobulin,Up
SULT1A2,-3.279814495,1.67e-12,sulfotransferase family 1A member 2,Down
TRIB3,3.505777328,5.45e-11,tribbles pseudokinase 3,Up
MMP3,4.681982722,1.74e-07,matrix metallopeptidase 3,Up
CARTPT,-6.657594519,8.86e-06,CART prepropeptide,Down
CXCL5,4.850697432,3.36e-07,C-X-C motif chemokine ligand 5,Up
TNS4,3.410464186,6.03e-11,tensin 4,Up
GRIK3,-3.942101297,8.19e-09,glutamate ionotropic receptor kainate type subunit 3,Down
SULT2B1,4.063269673,1.91e-08,sulfotransferase family 2B member 1,Up
ACSL6,4.592961519,2.1e-07,acyl-CoA synthetase long chain family member 6,Up
NOTUM,5.678293388,3.18e-06,"notum, palmitoleoyl-protein carboxylesterase",Up
SCG2,-4.74915611,4.17e-07,secretogranin II,Down
NKX2-3,-3.594012555,9.16e-10,NK2 homeobox 3,Down
SLC2A4,-3.372116245,9.57e-11,solute carrier family 2 member 4,Down
GJB4,4.359260273,1.18e-07,gap junction protein beta 4,Up
MATN3,4.48411257,2.19e-07,matrilin 3,Up
NTN1,-3.548768089,9.4e-10,netrin 1,Down
LEF1,3.555626563,1.15e-09,lymphoid enhancer binding factor 1,Up
SLC6A6,3.115835491,4.74e-12,solute carrier family 6 member 6,Up
TACSTD2,4.52210703,2.92e-07,tumor associated calcium signal transducer 2,Up
ANO5,-3.492806941,7.3e-10,anoctamin 5,Down
HSD17B2,-3.411057349,3.66e-10,hydroxysteroid 17-beta dehydrogenase 2,Down
SCN9A,-3.638612496,3.21e-09,sodium voltage-gated channel alpha subunit 9,Down
GCNT2,-3.31768921,1.34e-10,glucosaminyl (N-acetyl) transferase 2 (I blood group),Down
CORO6,-3.400361748,3.72e-10,coronin 6,Down
STMN2,-3.579523833,2.87e-09,stathmin 2,Down
NACAD,-4.204334622,1.47e-07,NAC alpha domain containing,Down
NPAS3,-4.570476974,6.02e-07,neuronal PAS domain protein 3,Down
LGR5,3.491956272,2.31e-09,leucine rich repeat containing G protein-coupled receptor 5,Up
LDHD,-3.27477227,4.86e-10,lactate dehydrogenase D,Down
SALL2,-4.084546724,1.53e-07,spalt like transcription factor 2,Down
UBE2C,3.16030377,1.58e-10,ubiquitin conjugating enzyme E2 C,Up
CCNO,4.457767027,6.12e-07,cyclin O,Up
PCSK5,-2.820852601,4.53e-13,proprotein convertase subtilisin/kexin type 5,Down
SCGN,-3.828882486,4.85e-08,"secretagogin, EF-hand calcium binding protein",Down
TRIM29,4.019982449,1.31e-07,tripartite motif containing 29,Up
NKD1,3.416540384,3.58e-09,NKD inhibitor of WNT signaling pathway 1,Up
ADAM33,-3.337843305,1.77e-09,ADAM metallopeptidase domain 33,Down
PLAC8,-3.407311952,3.46e-09,placenta associated 8,Down
NEBL,3.152390955,3.26e-10,nebulette,Up
NEK2,3.057000333,9.95e-11,NIMA related kinase 2,Up
PTGDR2,-4.0658804,2.27e-07,prostaglandin D2 receptor 2,Down
TOP2A,2.773894273,6.69e-13,DNA topoisomerase II alpha,Up
AZGP1,3.088189865,1.75e-10,"alpha-2-glycoprotein 1, zinc-binding",Up
MT1M,-3.969825946,1.73e-07,metallothionein 1M,Down
ABCB11,-4.199114957,4.29e-07,ATP binding cassette subfamily B member 11,Down
RBBP8NL,3.147213861,4.78e-10,RBBP8 N-terminal like,Up
SLC6A19,-3.698134488,5.2e-08,solute carrier family 6 member 19,Down
HOMER2,-4.687113911,2.06e-06,homer scaffold protein 2,Down
PADI2,-3.274020854,2.49e-09,peptidyl arginine deiminase 2,Down
CNGA3,-4.997652337,4.18e-06,cyclic nucleotide gated channel subunit alpha 3,Down
TRPM6,-3.311434075,4.42e-09,transient receptor potential cation channel subfamily M member 6,Down
CHGA,-4.362025995,1.01e-06,chromogranin A,Down
TPH1,-3.84628623,1.48e-07,tryptophan hydroxylase 1,Down
CDH19,-3.492180281,1.99e-08,cadherin 19,Down
MMP28,-3.260907675,3.32e-09,matrix metallopeptidase 28,Down
ALPI,-3.376977475,9.13e-09,"alkaline phosphatase, intestinal",Down
KRT17,3.77900651,1.33e-07,keratin 17,Up
TPX2,2.806913925,1.33e-11,TPX2 microtubule nucleation factor,Up
STRA6,4.420439874,1.51e-06,signaling receptor and transporter of retinol STRA6,Up
ANPEP,-3.436382728,2.06e-08,"alanyl aminopeptidase, membrane",Down
RHEBL1,4.526171561,2.21e-06,RHEB like 1,Up
CNTN2,-4.358881586,1.44e-06,contactin 2,Down
MYH1,-3.676978601,1.09e-07,myosin heavy chain 1,Down
ELAVL4,-4.880156894,5.42e-06,ELAV like RNA binding protein 4,Down
SMPX,-4.970139184,6.52e-06,small muscle protein X-linked,Down
NFE2L3,2.882442605,1.69e-10,NFE2 like bZIP transcription factor 3,Up
PRKG2,-4.077184189,7.97e-07,protein kinase cGMP-dependent 2,Down
CACNA1A,-4.010028756,6.51e-07,calcium voltage-gated channel subunit alpha1 A,Down
TP73,3.607363087,1.13e-07,tumor protein p73,Up
KLK12,4.506361743,2.94e-06,kallikrein related peptidase 12,Up
PRG4,-3.996761024,7.43e-07,proteoglycan 4,Down
TTK,2.764775495,6.05e-11,TTK protein kinase,Up
CKMT2,3.29196963,2.31e-08,"creatine kinase, mitochondrial 2",Up
LYPD8,-3.440459335,6.3e-08,LY6/PLAUR domain containing 8,Down
KY,-4.320662747,2.35e-06,kyphoscoliosis peptidase,Down
EDAR,3.262304477,2.25e-08,ectodysplasin A receptor,Up
CTNND2,-4.494062846,3.88e-06,catenin delta 2,Down
MEOX2,-4.209884562,1.93e-06,mesenchyme homeobox 2,Down
SLCO4A1,2.851814236,5.16e-10,solute carrier organic anion transporter family member 4A1,Up
ADH1C,-4.990729869,1.03e-05,"alcohol dehydrogenase 1C (class I), gamma polypeptide",Down
MMP10,4.476957306,4.35e-06,matrix metallopeptidase 10,Up
RNF43,2.839442462,7.07e-10,ring finger protein 43,Up
AKR1B10,-3.513657412,1.93e-07,aldo-keto reductase family 1 member B10,Down
AFF3,-3.307128996,5.98e-08,ALF transcription elongation factor 3,Down
CBX2,2.939983853,3.3e-09,chromobox 2,Up
BMX,-2.909123098,3.06e-09,BMX non-receptor tyrosine kinase,Down
CXCL8,3.504749254,2.48e-07,C-X-C motif chemokine ligand 8,Up
KIF5C,-3.241812396,5.84e-08,kinesin family member 5C,Down
SLC4A11,3.89770175,1.28e-06,solute carrier family 4 member 11,Up
KHDRBS2,-4.076979615,2.26e-06,"KH RNA binding domain containing, signal transduction associated 2",Down
CDKN2B,-3.084324192,1.96e-08,cyclin dependent kinase inhibitor 2B,Down
CHP2,-3.138301678,3.04e-08,calcineurin like EF-hand protein 2,Down
GFRA1,-3.360834283,1.43e-07,GDNF family receptor alpha 1,Down
SH3TC2,3.282361222,8.96e-08,SH3 domain and tetratricopeptide repeats 2,Up
CLDN8,-4.249684289,3.91e-06,claudin 8,Down
EPHA7,-5.169353193,2.03e-05,EPH receptor A7,Down
ASPM,2.581745836,5.8e-11,assembly factor for spindle microtubules,Up
MYOT,-3.972587763,1.94e-06,myotilin,Down
PLA2G4E,4.245316751,4.13e-06,phospholipase A2 group IVE,Up
SCN7A,-4.718139008,1.1e-05,sodium voltage-gated channel alpha subunit 7,Down
HMCN2,-3.849696804,1.49e-06,hemicentin 2,Down
WSCD1,-3.041088521,2.31e-08,WSC domain containing 1,Down
GFRA2,-3.003741738,1.69e-08,GDNF family receptor alpha 2,Down
CEACAM7,-3.656658584,7.65e-07,CEA cell adhesion molecule 7,Down
MYBL2,2.891427138,6.12e-09,MYB proto-oncogene like 2,Up
MTCL3,-3.438310761,2.99e-07,MTCL family member 3,Down
MPP2,-3.984414242,2.38e-06,MAGUK p55 scaffold protein 2,Down
PKHD1L1,-4.177223392,4.1e-06,PKHD1 like 1,Down
FRMD3,-3.263648872,1.22e-07,FERM domain containing 3,Down
KIRREL3,-4.343216624,6.08e-06,kirre like nephrin family adhesion molecule 3,Down
FBLN2,-2.960374938,1.56e-08,fibulin 2,Down
EFHC2,-3.971426246,2.67e-06,EF-hand domain containing 2,Down
SPRR2D,4.43905553,8.11e-06,small proline rich protein 2D,Up
KCNN3,-2.929367699,1.39e-08,potassium calcium-activated channel subfamily N member 3,Down
FOLR1,4.607392945,1.19e-05,folate receptor alpha,Up
NEFL,-4.529232764,1.1e-05,neurofilament light chain,Down
C6,-4.127005645,4.88e-06,complement C6,Down
KLF9,-2.613025801,5.82e-10,KLF transcription factor 9,Down
MAL,-3.747230695,1.9e-06,"mal, T cell differentiation protein",Down
VSIG2,-3.131475959,1.3e-07,V-set and immunoglobulin domain containing 2,Down
OGN,-2.967880522,4.46e-08,osteoglycin,Down
SOX9,2.616562704,1.2e-09,SRY-box transcription factor 9,Up
RBM24,-2.98274749,5.06e-08,RNA binding motif protein 24,Down
CYP21A2,-3.655330754,1.62e-06,cytochrome P450 family 21 subfamily A member 2,Down
KIF4A,2.501892197,2.14e-10,kinesin family member 4A,Up
KCNIP3,-3.838250333,3.21e-06,potassium voltage-gated channel interacting protein 3,Down
SYNGR1,-3.523000095,1.12e-06,synaptogyrin 1,Down
MB,-3.261169885,3.66e-07,myoglobin,Down
EPOP,3.510197977,1.17e-06,elongin BC and polycomb repressive complex 2 associated protein,Up
LRRN2,-3.529940996,1.39e-06,leucine rich repeat neuronal 2,Down
PTN,-3.494197887,1.36e-06,pleiotrophin,Down
STRIP2,2.864313342,4.1e-08,striatin interacting protein 2,Up
FGFR1,-3.394263329,9.53e-07,fibroblast growth factor receptor 1,Down
ABCA8,-3.275305076,5.71e-07,ATP binding cassette subfamily A member 8,Down
KIF14,2.951626653,8.9e-08,kinesin family member 14,Up
ANGPTL1,-2.844056274,3.9e-08,angiopoietin like 1,Down
NKD2,2.987441573,1.15e-07,NKD inhibitor of WNT signaling pathway 2,Up
ERCC6L,2.729461733,1.44e-08,"ERCC excision repair 6 like, spindle assembly checkpoint helicase",Up
GPAT3,-2.718902369,1.35e-08,glycerol-3-phosphate acyltransferase 3,Down
ACKR1,-3.959194327,6.34e-06,atypical chemokine receptor 1 (Duffy blood group),Down
FHL1,-4.262785395,1.23e-05,four and a half LIM domains 1,Down
NUF2,2.961529796,1.23e-07,NUF2 component of NDC80 kinetochore complex,Up
CTSE,-3.142717994,4.07e-07,cathepsin E,Down
PLEKHN1,3.105148593,3.67e-07,pleckstrin homology domain containing N1,Up
CCDC150,3.480432809,2.03e-06,coiled-coil domain containing 150,Up
DTNA,-3.148375413,5.36e-07,dystrobrevin alpha,Down
MPZ,-2.818860264,7.88e-08,myelin protein zero,Down
SNAP91,-4.305438529,1.79e-05,synaptosome associated protein 91,Down
CAMK2B,-4.362116606,1.99e-05,calcium/calmodulin dependent protein kinase II beta,Down
TTR,-3.232295945,9.69e-07,transthyretin,Down
MACC1,2.696737565,3.37e-08,MET transcriptional regulator MACC1,Up
DAAM2,-2.578659827,1.05e-08,dishevelled associated activator of morphogenesis 2,Down
GPER1,-2.632569247,1.9e-08,G protein-coupled estrogen receptor 1,Down
CDK1,2.730255452,5.32e-08,cyclin dependent kinase 1,Up
SHH,2.74100999,6.29e-08,sonic hedgehog signaling molecule,Up
SYNPO,-2.308778351,3.39e-10,synaptopodin,Down
UBD,2.944708334,2.81e-07,ubiquitin D,Up
NEFM,-3.909382597,1.01e-05,neurofilament medium chain,Down
GSN,-2.473380348,4.48e-09,gelsolin,Down
XRCC2,2.92573058,2.6e-07,X-ray repair cross complementing 2,Up
CAVIN2,-3.544975122,4.04e-06,caveolae associated protein 2,Down
PLK1,2.570738915,1.54e-08,polo like kinase 1,Up
CLU,-2.683790165,4.89e-08,clusterin,Down
FAM72D,2.806172212,1.42e-07,family with sequence similarity 72 member D,Up
SLC8A1,-3.557136917,4.63e-06,solute carrier family 8 member A1,Down
GPR17,-3.908740052,1.14e-05,G protein-coupled receptor 17,Down
TSPAN7,-2.509716314,1.02e-08,tetraspanin 7,Down
PKNOX2,-3.530674638,4.87e-06,PBX/knotted 1 homeobox 2,Down
C3orf70,-2.539259103,1.89e-08,chromosome 3 open reading frame 70,Down
DHRS11,-2.419871263,4.76e-09,dehydrogenase/reductase 11,Down
IQCJ-SCHIP1,-3.114847437,1.07e-06,IQCJ-SCHIP1 readthrough,Down
UGT1A8,-3.025733549,7.01e-07,UDP glucuronosyltransferase family 1 member A8,Down
IL11,3.936287198,1.39e-05,interleukin 11,Up
PDE2A,-3.167716392,1.43e-06,phosphodiesterase 2A,Down
HJURP,2.517427663,1.68e-08,Holliday junction recognition protein,Up
PLEKHS1,3.697597313,8.26e-06,pleckstrin homology domain containing S1,Up
MUSK,-3.010408155,7.32e-07,muscle associated receptor tyrosine kinase,Down
HEPHL1,4.082652334,1.97e-05,hephaestin like 1,Up
ZBTB7C,-3.011192491,7.48e-07,zinc finger and BTB domain containing 7C,Down
C2orf88,-2.889526921,4.03e-07,chromosome 2 open reading frame 88,Down
GALNT16,-3.02492881,8.53e-07,polypeptide N-acetylgalactosaminyltransferase 16,Down
PTGDR,-2.882315599,4.11e-07,prostaglandin D2 receptor,Down
SORBS2,-3.497775852,5.59e-06,sorbin and SH3 domain containing 2,Down
B3GALT1,-4.245852421,2.96e-05,"beta-1,3-galactosyltransferase 1",Down
ZNF385B,-4.218071456,2.9e-05,zinc finger protein 385B,Down
FAM72C,3.254362179,2.85e-06,family with sequence similarity 72 member C,Up
ARID3A,2.46004732,1.79e-08,AT-rich interaction domain 3A,Up
SLC6A14,3.786304705,1.35e-05,solute carrier family 6 member 14,Up
CRTAC1,-3.666652871,1.03e-05,cartilage acidic protein 1,Down
LGR6,2.677986073,1.47e-07,leucine rich repeat containing G protein-coupled receptor 6,Up
CBLIF,3.870803986,1.72e-05,cobalamin binding intrinsic factor,Up
SORCS1,-4.176833248,2.97e-05,sortilin related VPS10 domain containing receptor 1,Down
SCHIP1,-3.084389437,1.79e-06,schwannomin interacting protein 1,Down
UGT1A1,-2.99363621,1.25e-06,UDP glucuronosyltransferase family 1 member A1,Down
KIF2C,2.450376705,2.79e-08,kinesin family member 2C,Up
PALLD,-2.677082518,2.06e-07,"palladin, cytoskeletal associated protein",Down
CREB3L3,-4.124885112,3.03e-05,cAMP responsive element binding protein 3 like 3,Down
AHCYL2,-2.407675798,1.98e-08,adenosylhomocysteinase like 2,Down
MELK,2.416415673,2.23e-08,maternal embryonic leucine zipper kinase,Up
SAPCD2,2.690257983,2.55e-07,suppressor APC domain containing 2,Up
OR51E2,-4.046200923,2.8e-05,olfactory receptor family 51 subfamily E member 2,Down
SFRP1,-3.651126198,1.28e-05,secreted frizzled related protein 1,Down
CNTFR,-4.324112115,4.37e-05,ciliary neurotrophic factor receptor,Down
DCLK1,-3.338310469,5.61e-06,doublecortin like kinase 1,Down
PDZD4,-3.568154706,1.07e-05,PDZ domain containing 4,Down
PRUNE2,-2.840020313,7.09e-07,prune homolog 2 with BCH domain,Down
PABPC4L,-3.869065367,2.14e-05,poly(A) binding protein cytoplasmic 4 like,Down
DEPDC1B,2.65144534,2.2e-07,DEP domain containing 1B,Up
GNG4,2.832448162,7.95e-07,G protein subunit gamma 4,Up
SYNPO2,-5.339213031,0.000130374,synaptopodin 2,Down
XKRX,2.828600357,7.86e-07,XK related X-linked,Up
TESC,2.825713644,8.24e-07,tescalcin,Up
IQGAP3,2.475342887,6.6e-08,IQ motif containing GTPase activating protein 3,Up
CLDN23,-2.450763348,5.33e-08,claudin 23,Down
GPR22,3.552394979,1.22e-05,G protein-coupled receptor 22,Up
TNNI3,4.54616694,6.56e-05,"troponin I3, cardiac type",Up
TDO2,3.004147261,2.05e-06,"tryptophan 2,3-dioxygenase",Up
MYRFL,4.480659441,6.13e-05,myelin regulatory factor like,Up
DOCK3,-3.654492445,1.59e-05,dedicator of cytokinesis 3,Down
MSLN,2.738799166,5.28e-07,mesothelin,Up
ACHE,-2.619835559,2.38e-07,acetylcholinesterase (Yt blood group),Down
MPDZ,-3.009316956,2.19e-06,multiple PDZ domain crumbs cell polarity complex component,Down
PTK7,2.371097316,3.1e-08,protein tyrosine kinase 7 (inactive),Up
DIAPH3,2.484762915,9.82e-08,diaphanous related formin 3,Up
TCF7,3.012370806,2.54e-06,transcription factor 7,Up
KCNV2,3.570577047,1.5e-05,potassium voltage-gated channel modifier subfamily V member 2,Up
PEG10,-2.82124501,1.07e-06,paternally expressed 10,Down
SMOX,2.39282061,4.85e-08,spermine oxidase,Up
BRCA2,2.352107652,3.18e-08,BRCA2 DNA repair associated,Up
BARX2,-2.790263199,9.72e-07,BARX homeobox 2,Down
SPTBN2,2.441185925,8.02e-08,"spectrin beta, non-erythrocytic 2",Up
TRIP13,2.391537615,5.08e-08,thyroid hormone receptor interactor 13,Up
PPM1H,2.426881071,7.73e-08,"protein phosphatase, Mg2+/Mn2+ dependent 1H",Up
DPT,-4.357052437,6.33e-05,dermatopontin,Down
TMEM100,-2.880912352,1.73e-06,transmembrane protein 100,Down
RDH5,-2.358911212,4.53e-08,retinol dehydrogenase 5,Down
MT1H,-3.311500992,9.46e-06,metallothionein 1H,Down
EPB41L3,-2.329450986,3.95e-08,erythrocyte membrane protein band 4.1 like 3,Down
UGT1A10,-3.24620866,8.31e-06,UDP glucuronosyltransferase family 1 member A10,Down
CLCA4,-7.951849513,0.000477987,chloride channel accessory 4,Down
FOXP3,2.548248257,3.2e-07,forkhead box P3,Up
DGKG,-2.851718749,1.92e-06,diacylglycerol kinase gamma,Down
SLC9A3,-2.949783209,3.06e-06,solute carrier family 9 member A3,Down
CXCL6,3.291540408,1.03e-05,C-X-C motif chemokine ligand 6,Up
FER1L6,-3.235882106,8.8e-06,fer-1 like family member 6,Down
ACTG2,-5.716551465,0.000226153,"actin gamma 2, smooth muscle",Down
FGL2,-2.266417681,3.58e-08,fibrinogen like 2,Down
GBA3,-3.657250866,2.77e-05,glucosylceramidase beta 3 (gene/pseudogene),Down
ABCA9,-2.795510715,1.94e-06,ATP binding cassette subfamily A member 9,Down
E2F7,2.538910546,4.34e-07,E2F transcription factor 7,Up
TM4SF4,5.203916433,0.000171231,transmembrane 4 L six family member 4,Up
FOXQ1,5.614701672,0.000223749,forkhead box Q1,Up
SV2B,-3.925490019,4.52e-05,synaptic vesicle glycoprotein 2B,Down
CFD,-2.711869406,1.3e-06,complement factor D,Down
RSPO2,-3.821398407,3.89e-05,R-spondin 2,Down
VSNL1,3.318593881,1.36e-05,visinin like 1,Up
LRP8,2.540144271,5.17e-07,LDL receptor related protein 8,Up
SLC25A23,-2.24218107,4.21e-08,solute carrier family 25 member 23,Down
PLCE1,-2.184831787,2.29e-08,phospholipase C epsilon 1,Down
SHC4,-3.8791806,4.8e-05,SHC adaptor protein 4,Down
PKIB,-2.740649805,2.1e-06,cAMP-dependent protein kinase inhibitor beta,Down
ACKR2,-3.258566803,1.4e-05,atypical chemokine receptor 2,Down
CFAP251,3.323231153,1.72e-05,cilia and flagella associated protein 251,Up
ANLN,2.421619057,3.16e-07,"anillin, actin binding protein",Up
KRT20,-2.535655995,7.34e-07,keratin 20,Down
ACACB,-2.066171886,6.58e-09,acetyl-CoA carboxylase beta,Down
FBXO27,-3.38191203,2.14e-05,F-box protein 27,Down
ECT2,2.212581516,5.43e-08,epithelial cell transforming 2,Up
FXYD5,2.232998769,7.01e-08,FXYD domain containing ion transport regulator 5,Up
PTGS1,-3.024872604,8.12e-06,prostaglandin-endoperoxide synthase 1,Down
MCM10,2.373571375,2.77e-07,minichromosome maintenance 10 replication initiation factor,Up
TROAP,2.446842306,5.04e-07,trophinin associated protein,Up
SCUBE2,-2.638272964,1.67e-06,"signal peptide, CUB domain and EGF like domain containing 2",Down
ITGA2,2.354863766,2.58e-07,integrin subunit alpha 2,Up
GPT,-2.345640243,2.41e-07,glutamic--pyruvic transaminase,Down
CKAP2,2.214717966,6.99e-08,cytoskeleton associated protein 2,Up
CENPF,2.291225375,1.71e-07,centromere protein F,Up
GCG,-4.194948703,9.32e-05,glucagon,Down
TMIGD1,-6.408679057,0.000396821,transmembrane and immunoglobulin domain containing 1,Down
ST6GALNAC6,-2.589441996,1.6e-06,"ST6 N-acetylgalactosaminide alpha-2,6-sialyltransferase 6",Down
EDN3,-2.692369424,2.73e-06,endothelin 3,Down
PCDH9,-3.601127074,4.06e-05,protocadherin 9,Down
GDPD2,-3.172870951,1.58e-05,glycerophosphodiester phosphodiesterase domain containing 2,Down
ADAMTSL1,-2.563389281,1.45e-06,ADAMTS like 1,Down
CAMK2A,-3.565665895,4.01e-05,calcium/calmodulin dependent protein kinase II alpha,Down
DLGAP5,2.276511581,2.08e-07,DLG associated protein 5,Up
CEP55,2.459052037,8.55e-07,centrosomal protein 55,Up
CTSG,-2.931419103,8.46e-06,cathepsin G,Down
MATN2,-2.352766736,4.35e-07,matrilin 2,Down
STK32A,-3.067234164,1.37e-05,serine/threonine kinase 32A,Down
MT1E,-2.597003353,2.25e-06,metallothionein 1E,Down
ATRNL1,-3.118754215,1.65e-05,attractin like 1,Down
CDCA3,2.229721216,1.82e-07,cell division cycle associated 3,Up
AHNAK,-2.24516358,2.18e-07,AHNAK nucleoprotein,Down
LPP,-2.131118737,7.25e-08,LIM domain containing preferred translocation partner in lipoma,Down
DUSP26,-3.52420483,4.39e-05,dual specificity phosphatase 26,Down
LIFR,-3.177446096,2.08e-05,LIF receptor subunit alpha,Down
RETSAT,-2.151157986,9.41e-08,retinol saturase,Down
DCHS2,-3.655188367,5.69e-05,dachsous cadherin-related 2,Down
CMA1,-2.843331525,8.13e-06,chymase 1,Down
STUM,-3.500598702,4.47e-05,"stum, mechanosensory transduction mediator homolog",Down
ZDHHC15,-3.632347378,5.64e-05,zinc finger DHHC-type palmitoyltransferase 15,Down
KLF4,-2.722606151,5.49e-06,KLF transcription factor 4,Down
FZD10,3.802424951,7.65e-05,frizzled class receptor 10,Up
TNFRSF6B,3.163259434,2.34e-05,TNF receptor superfamily member 6b,Up
SOX4,2.029078389,3.62e-08,SRY-box transcription factor 4,Up
ADHFE1,-2.423540417,1.32e-06,alcohol dehydrogenase iron containing 1,Down
IGSF10,-2.664828608,4.71e-06,immunoglobulin superfamily member 10,Down
EYA2,-3.005324547,1.61e-05,EYA transcriptional coactivator and phosphatase 2,Down
DAO,-3.923780659,9.52e-05,D-amino acid oxidase,Down
OLR1,3.215415329,2.91e-05,oxidized low density lipoprotein receptor 1,Up
HPGD,-2.548904752,2.98e-06,15-hydroxyprostaglandin dehydrogenase,Down
TNNT3,-3.459060924,4.85e-05,"troponin T3, fast skeletal type",Down
CDCA5,2.349069508,9.19e-07,cell division cycle associated 5,Up
FCN3,3.830045372,8.84e-05,ficolin 3,Up
RIC3,-3.545075513,5.76e-05,RIC3 acetylcholine receptor chaperone,Down
PHYHIP,-3.498500984,5.37e-05,phytanoyl-CoA 2-hydroxylase interacting protein,Down
WNT9A,-3.256955934,3.34e-05,Wnt family member 9A,Down
DMPK,-2.323064853,8.38e-07,DM1 protein kinase,Down
CNTN3,-2.613902229,4.49e-06,contactin 3,Down
PHLPP2,-2.170242586,2.49e-07,PH domain and leucine rich repeat protein phosphatase 2,Down
MAPT,-3.35677094,4.29e-05,microtubule associated protein tau,Down
SCIN,-2.352464962,1.08e-06,scinderin,Down
FGF2,-2.376299919,1.28e-06,fibroblast growth factor 2,Down
GTF2IRD1,2.065770838,9.14e-08,GTF2I repeat domain containing 1,Up
CRIPTO3,3.783290723,9.15e-05,"cripto, EGF-CFC family member 3",Up
TGFBI,2.287230577,7.72e-07,transforming growth factor beta induced,Up
CGREF1,2.264803295,6.53e-07,cell growth regulator with EF-hand domain 1,Up
TMPRSS3,2.560820346,3.97e-06,transmembrane serine protease 3,Up
MAD2L1,2.235830059,5.24e-07,mitotic arrest deficient 2 like 1,Up
SGK1,-2.941931864,1.71e-05,serum/glucocorticoid regulated kinase 1,Down
CNTNAP3,-3.356501079,4.64e-05,contactin associated protein family member 3,Down
FAM72A,2.404838097,1.77e-06,family with sequence similarity 72 member A,Up
MYH3,-2.990888208,2e-05,myosin heavy chain 3,Down
SLC7A11,2.491106134,2.93e-06,solute carrier family 7 member 11,Up
JPH2,-4.568020685,0.000215615,junctophilin 2,Down
NCAPG,2.236875746,5.89e-07,non-SMC condensin I complex subunit G,Up
SLC22A3,2.436955803,2.46e-06,solute carrier family 22 member 3,Up
NOVA1,-3.254535618,4.12e-05,NOVA alternative splicing regulator 1,Down
SYP,-2.558870699,4.68e-06,synaptophysin,Down
CCNB1,2.251564648,7.51e-07,cyclin B1,Up
PLPP1,-2.13060667,3.06e-07,phospholipid phosphatase 1,Down
MADCAM1,-2.793500268,1.3e-05,mucosal vascular addressin cell adhesion molecule 1,Down
CNTNAP3C,-3.149491636,3.57e-05,contactin associated protein family member 3C,Down
FGFR2,-2.601869965,6.47e-06,fibroblast growth factor receptor 2,Down
FOXM1,2.193344555,5.82e-07,forkhead box M1,Up
H2BC17,2.232521583,8.16e-07,H2B clustered histone 17,Up
MEF2C,-2.777320392,1.32e-05,myocyte enhancer factor 2C,Down
TMT1A,-2.206596484,6.79e-07,thiol methyltransferase 1A,Down
SDCBP2,-2.199413258,7.36e-07,syndecan binding protein 2,Down
EREG,2.410362469,2.96e-06,epiregulin,Up
FOXF1,-2.66350223,9.57e-06,forkhead box F1,Down
BUB1,2.246662825,1.07e-06,BUB1 mitotic checkpoint serine/threonine kinase,Up
CYP26B1,-2.430152791,3.37e-06,cytochrome P450 family 26 subfamily B member 1,Down
TAS2R46,3.929907242,0.000139267,taste 2 receptor member 46,Up
TSPEAR,3.855888517,0.000127738,thrombospondin type laminin G domain and EAR repeats,Up
DISP2,-2.324425648,1.85e-06,dispatched RND transporter family member 2,Down
RAD51AP1,2.222163731,9.8e-07,RAD51 associated protein 1,Up
FOXF2,-3.409798933,7.02e-05,forkhead box F2,Down
PPP2R3A,-2.08258957,3.14e-07,protein phosphatase 2 regulatory subunit B''alpha,Down
GRHL1,2.686246093,1.17e-05,grainyhead like transcription factor 1,Up
LRRC7,-3.610997049,9.84e-05,leucine rich repeat containing 7,Down
MCMDC2,3.954305492,0.000151665,minichromosome maintenance domain containing 2,Up
ADCY9,-2.105223375,4.1e-07,adenylate cyclase 9,Down
C8G,-3.447464067,7.75e-05,complement C8 gamma chain,Down
MT1X,-2.30601557,2.07e-06,metallothionein 1X,Down
PLAU,2.414419882,3.99e-06,"plasminogen activator, urokinase",Up
FOXS1,4.211563904,0.000207357,forkhead box S1,Up
RAD54B,2.188143847,1.07e-06,RAD54 homolog B,Up
HSPA2,-2.73246985,1.65e-05,heat shock protein family A (Hsp70) member 2,Down
MAP2,-3.168550515,5.23e-05,microtubule associated protein 2,Down
LRRC4B,-3.300927189,6.76e-05,leucine rich repeat containing 4B,Down
AXIN2,2.227034738,1.56e-06,axin 2,Up
DMRTA1,-3.389793626,8.15e-05,DMRT like family A1,Down
SORD,2.116656351,8.3e-07,sorbitol dehydrogenase,Up
SGCA,-4.235448466,0.00023389,sarcoglycan alpha,Down
EPHB3,2.373424409,4.47e-06,EPH receptor B3,Up
IL6R,-2.165669575,1.25e-06,interleukin 6 receptor,Down
TMCC3,-2.156470318,1.19e-06,transmembrane and coiled-coil domain family 3,Down
TUBAL3,-2.387037868,4.97e-06,tubulin alpha like 3,Down
SPOCD1,4.111302548,0.000217094,SPOC domain containing 1,Up
RGS9,-2.685234864,1.78e-05,regulator of G protein signaling 9,Down
GGH,2.291235099,3.19e-06,gamma-glutamyl hydrolase,Up
BMP5,-2.64238478,1.58e-05,bone morphogenetic protein 5,Down
LYVE1,-3.894110653,0.000179592,lymphatic vessel endothelial hyaluronan receptor 1,Down
ABCC8,-3.301953891,8.13e-05,ATP binding cassette subfamily C member 8,Down
PLAC9,-2.351212226,5.03e-06,placenta associated 9,Down
ADCY5,-3.699359379,0.000149771,adenylate cyclase 5,Down
CYP19A1,3.614688331,0.000137994,cytochrome P450 family 19 subfamily A member 1,Up
RRM2,2.1878196,2.11e-06,ribonucleotide reductase regulatory subunit M2,Up
CKM,-3.205397284,7.47e-05,"creatine kinase, M-type",Down
KIAA1549,2.020049634,6.42e-07,KIAA1549,Up
PDE9A,-2.302307184,4.7e-06,phosphodiesterase 9A,Down
AJUBA,2.102712567,1.37e-06,ajuba LIM protein,Up
LRRN4CL,-2.420470068,8.79e-06,LRRN4 C-terminal like,Down
ASPA,-2.57045207,1.63e-05,aspartoacylase,Down
SMTN,-2.384729191,7.77e-06,smoothelin,Down
UNC5CL,2.330355804,6e-06,unc-5 family C-terminal like,Up
EFNA5,-2.417732882,9.11e-06,ephrin A5,Down
HTR1D,3.475718936,0.000127094,5-hydroxytryptamine receptor 1D,Up
TENM1,-3.468282666,0.000126834,teneurin transmembrane protein 1,Down
HAGHL,2.446171667,1.08e-05,hydroxyacylglutathione hydrolase like,Up
PLXNB3,-3.146095127,7.8e-05,plexin B3,Down
NEU4,-2.408381131,9.45e-06,neuraminidase 4,Down
TDRD5,3.783753359,0.000193012,tudor domain containing 5,Up
CHL1,-2.959498225,5.42e-05,cell adhesion molecule L1 like,Down
DPF3,-2.33351824,6.83e-06,double PHD fingers 3,Down
KCNN2,-3.267541653,9.84e-05,potassium calcium-activated channel subfamily N member 2,Down
MMP12,2.66926922,2.56e-05,matrix metallopeptidase 12,Up
SPTB,-2.609599407,2.12e-05,"spectrin beta, erythrocytic",Down
SYNE1,-2.199350669,3.35e-06,spectrin repeat containing nuclear envelope protein 1,Down
SMIM5,-2.938535551,5.32e-05,small integral membrane protein 5,Down
CENPA,2.307710478,6.42e-06,centromere protein A,Up
H2AC17,2.104802077,1.9e-06,H2A clustered histone 17,Up
GINS1,2.211291256,3.81e-06,GINS complex subunit 1,Up
MT1G,-2.685677812,2.84e-05,metallothionein 1G,Down
SETBP1,-2.950920437,5.86e-05,SET binding protein 1,Down
PTPN21,-1.945010338,5.97e-07,protein tyrosine phosphatase non-receptor type 21,Down
TMEM37,-2.685199389,3.08e-05,transmembrane protein 37,Down
ITM2A,-2.092372662,2.05e-06,integral membrane protein 2A,Down
NR1H4,-3.287510795,0.000113971,nuclear receptor subfamily 1 group H member 4,Down
CCDC68,-2.198398475,4.46e-06,coiled-coil domain containing 68,Down
ENTPD5,-2.01611253,1.34e-06,ectonucleoside triphosphate diphosphohydrolase 5 (inactive),Down
POLQ,2.219707117,5.22e-06,DNA polymerase theta,Up
GRIN1,-3.520922534,0.000165592,glutamate ionotropic receptor NMDA type subunit 1,Down
RELL1,-2.04712403,1.75e-06,RELT like 1,Down
VEGFD,-3.185387653,0.000102358,vascular endothelial growth factor D,Down
TCF21,-2.418782629,1.4e-05,transcription factor 21,Down
EFNA3,2.340982154,1.01e-05,ephrin A3,Up
P2RX1,-2.144858007,3.7e-06,purinergic receptor P2X 1,Down
ALK,-3.373775636,0.000142889,ALK receptor tyrosine kinase,Down
ZNF575,-2.227240011,6.14e-06,zinc finger protein 575,Down
CCL23,-2.212657152,5.77e-06,C-C motif chemokine ligand 23,Down
NUSAP1,2.004561095,1.56e-06,nucleolar and spindle associated protein 1,Up
DYNC1I1,-2.739559365,4.53e-05,dynein cytoplasmic 1 intermediate chain 1,Down
ABCC2,2.987355484,8.01e-05,ATP binding cassette subfamily C member 2,Up
TMEM59L,-3.333077524,0.000143378,transmembrane protein 59 like,Down
NPY1R,-2.560498734,2.77e-05,neuropeptide Y receptor Y1,Down
GNE,-1.998956083,1.72e-06,glucosamine (UDP-N-acetyl)-2-epimerase/N-acetylmannosamine kinase,Down
ARHGAP20,-2.43195104,1.81e-05,Rho GTPase activating protein 20,Down
CCDC152,-2.348118959,1.31e-05,coiled-coil domain containing 152,Down
BUB1B,2.036163427,2.34e-06,BUB1 mitotic checkpoint serine/threonine kinase B,Up
PSAT1,2.234127763,7.84e-06,phosphoserine aminotransferase 1,Up
DEPDC1,2.296651049,1.08e-05,DEP domain containing 1,Up
LILRB5,-2.038280915,2.54e-06,leukocyte immunoglobulin like receptor B5,Down
TMEM82,-2.676606128,4.28e-05,transmembrane protein 82,Down
STBD1,-2.03934389,2.64e-06,starch binding domain 1,Down
INSC,-2.788181251,5.76e-05,INSC spindle orientation adaptor protein,Down
ULBP3,2.315296666,1.27e-05,UL16 binding protein 3,Up
CDC6,2.060243351,3.28e-06,cell division cycle 6,Up
CDKL1,-1.992259641,2.15e-06,cyclin dependent kinase like 1,Down
OSBPL3,2.00611327,2.43e-06,oxysterol binding protein like 3,Up
NAALADL1,-2.370265097,1.73e-05,N-acetylated alpha-linked acidic dipeptidase like 1,Down
SELENOP,-2.332860369,1.54e-05,selenoprotein P,Down
CXCL10,2.463229669,2.53e-05,C-X-C motif chemokine ligand 10,Up
STYXL2,4.444181401,0.000465556,serine/threonine/tyrosine interacting like 2,Up
DUSP1,-2.025900074,3.14e-06,dual specificity phosphatase 1,Down
AURKA,2.0068386,2.76e-06,aurora kinase A,Up
SLC16A9,-2.515116853,3.13e-05,solute carrier family 16 member 9,Down
RYR2,-3.285796247,0.000167769,ryanodine receptor 2,Down
PAQR4,2.030377142,3.72e-06,progestin and adipoQ receptor family member 4,Up
ZBTB47,-2.422464533,2.53e-05,zinc finger and BTB domain containing 47,Down
CHRNA7,-2.65193155,5.11e-05,cholinergic receptor nicotinic alpha 7 subunit,Down
CBX7,-1.987284087,2.88e-06,chromobox 7,Down
CDC20,2.078853692,5.32e-06,cell division cycle 20,Up
DLG2,-3.230491157,0.000162031,discs large MAGUK scaffold protein 2,Down
WNK3,-3.106338665,0.000134512,WNK lysine deficient protein kinase 3,Down
CCL3L3,3.121060446,0.000138306,C-C motif chemokine ligand 3 like 3,Up
CMBL,-1.924797895,1.93e-06,carboxymethylenebutenolidase homolog,Down
MUSTN1,-2.344339716,2.03e-05,"musculoskeletal, embryonic nuclear protein 1",Down
FAM227A,2.996909136,0.000113261,family with sequence similarity 227 member A,Up
HBA1,-2.433465054,2.93e-05,hemoglobin subunit alpha 1,Down
KCNQ4,-2.307186603,1.9e-05,potassium voltage-gated channel subfamily Q member 4,Down
TSPAN1,-2.299454664,1.86e-05,tetraspanin 1,Down
COL7A1,2.178336601,1.1e-05,collagen type VII alpha 1 chain,Up
SVEP1,-2.026310994,4.8e-06,"sushi, von Willebrand factor type A, EGF and pentraxin domain containing 1",Down
CCL14,-2.73644126,7.26e-05,C-C motif chemokine ligand 14,Down
ECRG4,-3.38343079,0.000215111,ECRG4 augurin precursor,Down
SP6,2.629178149,5.64e-05,Sp6 transcription factor,Up
CDC25B,2.088399891,7.37e-06,cell division cycle 25B,Up
ASGR1,3.129911669,0.000157137,asialoglycoprotein receptor 1,Up
ADH1B,-3.897421842,0.000370017,"alcohol dehydrogenase 1B (class I), beta polypeptide",Down
PDE7B,-2.241299171,1.62e-05,phosphodiesterase 7B,Down
EBF4,-2.497304176,4.12e-05,EBF family member 4,Down
ATP11A,1.855060792,1.56e-06,ATPase phospholipid transporting 11A,Up
ADAMTS1,-2.682058548,6.91e-05,ADAM metallopeptidase with thrombospondin type 1 motif 1,Down
ENTPD3,-2.35888408,2.7e-05,ectonucleoside triphosphate diphosphohydrolase 3,Down
TPO,-3.469478618,0.000253898,thyroid peroxidase,Down
ZNF185,2.13523641,1.06e-05,zinc finger protein 185 with LIM domain,Up
NKAIN4,3.10333236,0.000159053,sodium/potassium transporting ATPase interacting 4,Up
P2RY14,-2.241226758,1.8e-05,purinergic receptor P2Y14,Down
CIMAP1C,-2.592823672,6.08e-05,ciliary microtubule associated protein 1C,Down
CDC45,2.068778789,8.37e-06,cell division cycle 45,Up
CRACD,-2.045049583,7.38e-06,capping protein inhibiting regulator of actin dynamics,Down
SLC22A5,-1.897851817,2.94e-06,solute carrier family 22 member 5,Down
NEGR1,-3.023283171,0.000153087,neuronal growth regulator 1,Down
NBPF1,-1.913225161,3.47e-06,NBPF member 1,Down
GNAL,-2.121660388,1.23e-05,G protein subunit alpha L,Down
CNN1,-5.10810072,0.000782657,calponin 1,Down
BMP2,-2.135544364,1.33e-05,bone morphogenetic protein 2,Down
PKMYT1,2.111853041,1.19e-05,"protein kinase, membrane associated tyrosine/threonine 1",Up
CXCL11,3.639728714,0.000335113,C-X-C motif chemokine ligand 11,Up
HBA2,-2.385819372,3.72e-05,hemoglobin subunit alpha 2,Down
SNTB1,2.019161109,7.47e-06,syntrophin beta 1,Up
TREM2,2.348645704,3.33e-05,triggering receptor expressed on myeloid cells 2,Up
IL1R2,-2.183643805,1.77e-05,interleukin 1 receptor type 2,Down
ETFDH,-1.913668733,3.91e-06,electron transfer flavoprotein dehydrogenase,Down
LRRC2,2.287202829,2.73e-05,leucine rich repeat containing 2,Up
FAXDC2,-2.008911811,7.46e-06,fatty acid hydroxylase domain containing 2,Down
SULT1B1,-2.131352085,1.46e-05,sulfotransferase family 1B member 1,Down
KCNN4,2.388134958,4.07e-05,potassium calcium-activated channel subfamily N member 4,Up
TTC28,-1.990291146,7.24e-06,tetratricopeptide repeat domain 28,Down
CDHR2,-2.295955038,3.04e-05,cadherin related family member 2,Down
TCEAL7,-3.503897768,0.000314967,transcription elongation factor A like 7,Down
CA1,-6.800185357,0.001237499,carbonic anhydrase 1,Down
PACC1,1.928913294,5.37e-06,proton activated chloride channel 1,Up
UGT1A3,-2.5993198,7.95e-05,UDP glucuronosyltransferase family 1 member A3,Down
SMPDL3A,-2.134517419,1.75e-05,sphingomyelin phosphodiesterase acid like 3A,Down
BIRC5,2.057911852,1.26e-05,baculoviral IAP repeat containing 5,Up
KIFC1,1.984301773,8.56e-06,kinesin family member C1,Up
CACNB1,-1.957765163,7.71e-06,calcium voltage-gated channel auxiliary subunit beta 1,Down
SHCBP1,2.021411672,1.12e-05,SHC binding and spindle associated 1,Up
PAK3,-2.667214362,0.000104997,p21 (RAC1) activated kinase 3,Down
CD160,-2.929312316,0.000173122,CD160 molecule,Down
CKAP2L,2.619968976,9.65e-05,cytoskeleton associated protein 2 like,Up
DACH1,2.238605581,3.21e-05,dachshund family transcription factor 1,Up
SAMD4A,-2.474998843,6.83e-05,sterile alpha motif domain containing 4A,Down
R3HDML,3.256367658,0.000275427,R3H domain containing like,Up
TOMM34,1.738876914,1.74e-06,translocase of outer mitochondrial membrane 34,Up
ARHGAP44,-2.187809554,2.7e-05,Rho GTPase activating protein 44,Down
UGDH,-1.813209973,3.44e-06,UDP-glucose 6-dehydrogenase,Down
H3C12,2.279247873,3.93e-05,H3 clustered histone 12,Up
CASQ2,-5.804495872,0.001104402,calsequestrin 2,Down
ANO2,-2.48814204,7.53e-05,anoctamin 2,Down
SNTG2,-3.629798726,0.000419214,syntrophin gamma 2,Down
FUT1,2.17518018,2.82e-05,fucosyltransferase 1 (H blood group),Up
MET,1.939425581,8.95e-06,"MET proto-oncogene, receptor tyrosine kinase",Up
HSPH1,1.714725207,1.7e-06,heat shock protein family H (Hsp110) member 1,Up
GCNA,2.688966324,0.000124453,germ cell nuclear acidic peptidase,Up
PDE4D,-1.896568867,7.51e-06,phosphodiesterase 4D,Down
DES,-5.437106554,0.001036367,desmin,Down
UGT1A4,-2.591749327,0.000105037,UDP glucuronosyltransferase family 1 member A4,Down
SHISA3,-3.177177728,0.000276275,shisa family member 3,Down
LPAR1,-1.97343547,1.25e-05,lysophosphatidic acid receptor 1,Down
SLC4A4,-4.946570645,0.000899595,solute carrier family 4 member 4,Down
MAPK15,2.240709931,4.04e-05,mitogen-activated protein kinase 15,Up
ZNF135,-3.0801283,0.000248674,zinc finger protein 135,Down
P3H2,-2.182647137,3.32e-05,prolyl 3-hydroxylase 2,Down
PRR11,2.016943474,1.62e-05,proline rich 11,Up
TRANK1,-1.917561358,9.47e-06,tetratricopeptide repeat and ankyrin repeat containing 1,Down
APOC1,2.24280227,4.17e-05,apolipoprotein C1,Up
UGP2,-1.751759966,3.01e-06,UDP-glucose pyrophosphorylase 2,Down
TEDC2,2.091417289,2.36e-05,tubulin epsilon and delta complex 2,Up
GNAO1,-4.109334684,0.000633521,G protein subunit alpha o1,Down
FOS,-2.083678995,2.31e-05,"Fos proto-oncogene, AP-1 transcription factor subunit",Down
SLC9A1,-1.774078731,3.8e-06,solute carrier family 9 member A1,Down
GPR143,3.743445265,0.000504774,G protein-coupled receptor 143,Up
GNA11,-1.641978394,1.31e-06,G protein subunit alpha 11,Down
ADTRP,-2.454603511,8.74e-05,androgen dependent TFPI regulating protein,Down
NTRK2,-3.013557953,0.000249511,neurotrophic receptor tyrosine kinase 2,Down
IFITM1,1.753633613,3.79e-06,interferon induced transmembrane protein 1,Up
CXCL12,-2.378401968,7.53e-05,C-X-C motif chemokine ligand 12,Down
UNC79,-3.540113376,0.000455808,"unc-79 homolog, NALCN channel complex subunit",Down
BHMT2,-2.181809963,4.21e-05,betaine--homocysteine S-methyltransferase 2,Down
GDF15,2.058967143,2.63e-05,growth differentiation factor 15,Up
LOC102724250,-1.849126625,9.24e-06,neuroblastoma breakpoint family member 1-like,Down
CHRFAM7A,-2.687800678,0.000165277,CHRNA7 (exons 5-10) and FAM7A (exons A-E) fusion,Down
ENC1,1.840182822,9.37e-06,ectodermal-neural cortex 1,Up
MT2A,-2.12594583,3.79e-05,metallothionein 2A,Down
SKA3,2.105784295,3.61e-05,spindle and kinetochore associated complex subunit 3,Up
MMRN1,-2.890679403,0.000239484,multimerin 1,Down
TNFSF11,2.191539492,5.02e-05,TNF superfamily member 11,Up
MTCL1,-2.500376505,0.000118326,microtubule crosslinking factor 1,Down
PHLDA1,2.100963721,3.69e-05,pleckstrin homology like domain family A member 1,Up
TMEM132A,2.254035777,6.29e-05,transmembrane protein 132A,Up
EIF4E3,-1.894511722,1.47e-05,eukaryotic translation initiation factor 4E family member 3,Down
NRAP,-3.623365025,0.000545251,nebulin related anchoring protein,Down
SGSM1,-2.198789321,5.79e-05,small G protein signaling modulator 1,Down
TRIM9,-2.969047978,0.000286893,tripartite motif containing 9,Down
DSC3,3.750064049,0.000607797,desmocollin 3,Up
MYH11,-5.516053241,0.001223176,myosin heavy chain 11,Down
MKI67,1.967434752,2.44e-05,marker of proliferation Ki-67,Up
SPC25,2.165701244,5.38e-05,SPC25 component of NDC80 kinetochore complex,Up
LGI4,-2.528427076,0.000142204,leucine rich repeat LGI family member 4,Down
MS4A12,-4.930340015,0.001060437,membrane spanning 4-domains A12,Down
PDE6A,-2.916733482,0.000279242,phosphodiesterase 6A,Down
SEMA6A,-2.008734589,3.28e-05,semaphorin 6A,Down
PARPBP,2.37970125,0.000108897,PARP1 binding protein,Up
MALL,-1.85226482,1.58e-05,"mal, T cell differentiation protein like",Down
RADIL,-3.04380855,0.000344514,Rap associating with DIL domain,Down
MTFR2,2.137806955,5.61e-05,mitochondrial fission regulator 2,Up
MYLK,-3.857644275,0.000689102,myosin light chain kinase,Down
GTSE1,1.86998389,1.82e-05,G2 and S-phase expressed 1,Up
PRKCB,-2.081698719,4.71e-05,protein kinase C beta,Down
KCNQ1,1.769233908,1.04e-05,potassium voltage-gated channel subfamily Q member 1,Up
SLC22A15,2.039990616,4.12e-05,solute carrier family 22 member 15,Up
ADAMTS16,-3.235877734,0.000437529,ADAM metallopeptidase with thrombospondin type 1 motif 16,Down
ZNF208,-2.431420009,0.000132578,zinc finger protein 208,Down
ANKS1B,-2.598139569,0.000186782,ankyrin repeat and sterile alpha motif domain containing 1B,Down
MCEMP1,2.982653688,0.000333502,mast cell expressed membrane protein 1,Up
FLVCR2,-1.81242508,1.44e-05,FLVCR choline and putative heme transporter 2,Down
CA10,-3.189683378,0.000425619,carbonic anhydrase 10,Down
DTL,1.907712633,2.44e-05,denticleless E3 ubiquitin protein ligase homolog,Up
GALNT13,-3.32274788,0.000487819,polypeptide N-acetylgalactosaminyltransferase 13,Down
UGT2B15,-3.617433074,0.000617036,UDP glucuronosyltransferase family 2 member B15,Down
TICRR,2.134928766,6.28e-05,TOPBP1 interacting checkpoint and replication regulator,Up
CPNE8,-2.013438441,4.04e-05,copine 8,Down
ZNF677,-3.082874317,0.000396398,zinc finger protein 677,Down
LOXL4,-2.534410997,0.000179023,lysyl oxidase like 4,Down
ADGRL3,-2.495822824,0.000166082,adhesion G protein-coupled receptor L3,Down
SCN4B,-2.123401322,6.32e-05,sodium voltage-gated channel beta subunit 4,Down
MYOM1,-3.82427188,0.000728578,myomesin 1,Down
GSTM5,-2.156273208,7.05e-05,glutathione S-transferase mu 5,Down
SLC28A2,-2.989114576,0.000363805,solute carrier family 28 member 2,Down
CCNB2,1.894853801,2.65e-05,cyclin B2,Up
SLCO4C1,-2.220181647,8.97e-05,solute carrier organic anion transporter family member 4C1,Down
SOSTDC1,-2.300876997,0.000112242,sclerostin domain containing 1,Down
ITM2C,-1.981097398,3.98e-05,integral membrane protein 2C,Down
TRAIP,1.810431945,1.76e-05,TRAF interacting protein,Up
PLEKHG4,1.910369634,2.97e-05,pleckstrin homology and RhoGEF domain containing G4,Up
CA12,-2.124631765,6.84e-05,carbonic anhydrase 12,Down
CKS2,2.110883119,6.61e-05,CDC28 protein kinase regulatory subunit 2,Up
VTN,2.973548195,0.000373203,vitronectin,Up
UGT1A5,-2.567488882,0.000206527,UDP glucuronosyltransferase family 1 member A5,Down
CCDC158,-3.164327486,0.000460948,coiled-coil domain containing 158,Down
CXCL1,3.062670999,0.000418312,C-X-C motif chemokine ligand 1,Up
CDKN3,1.945488925,3.69e-05,cyclin dependent kinase inhibitor 3,Up
LGALS2,-2.140779803,7.8e-05,galectin 2,Down
TEF,-1.800234915,1.9e-05,"TEF transcription factor, PAR bZIP family member",Down
MYEOV,2.296706257,0.000121424,myeloma overexpressed,Up
CFB,2.056765498,6.25e-05,complement factor B,Up
BLM,2.006351586,5.27e-05,BLM RecQ like helicase,Up
ACAA2,-1.697335022,1.26e-05,acetyl-CoA acyltransferase 2,Down
SSBP2,-1.909506355,3.91e-05,single stranded DNA binding protein 2,Down
PLCD1,-1.811800129,2.49e-05,phospholipase C delta 1,Down
PRX,-1.952720343,4.73e-05,periaxin,Down
CENPE,2.155335058,9.65e-05,centromere protein E,Up
CDHR5,-1.835887797,2.91e-05,cadherin related family member 5,Down
EZH2,1.766442123,2.03e-05,enhancer of zeste 2 polycomb repressive complex 2 subunit,Up
FNBP1,-1.926633767,4.47e-05,formin binding protein 1,Down
GLRB,-2.708283531,0.00030861,glycine receptor beta,Down
HIGD1A,-1.743535076,1.85e-05,HIG1 hypoxia inducible domain family member 1A,Down
PER1,-1.864954587,3.51e-05,period circadian regulator 1,Down
ZZEF1,-1.653887321,1.07e-05,zinc finger ZZ-type and EF-hand domain containing 1,Down
UHRF1,1.94176403,4.96e-05,ubiquitin like with PHD and ring finger domains 1,Up
RETN,3.328768097,0.000618307,resistin,Up
RNF150,-3.687740955,0.000794418,ring finger protein 150,Down
FAM124A,-2.080262563,8.31e-05,family with sequence similarity 124 member A,Down
NR3C1,-1.684064959,1.39e-05,nuclear receptor subfamily 3 group C member 1,Down
LRRC19,-1.967150855,5.69e-05,leucine rich repeat containing 19,Down
DBF4,1.655258257,1.17e-05,DBF4-CDC7 kinase regulatory subunit,Up
TTLL6,-2.002650957,6.57e-05,tubulin tyrosine ligase like 6,Down
ARHGAP10,-2.589766852,0.000276194,Rho GTPase activating protein 10,Down
CHP1,-1.681173612,1.49e-05,calcineurin like EF-hand protein 1,Down
PLEKHG7,3.211661378,0.000581789,pleckstrin homology and RhoGEF domain containing G7,Up
ORC1,1.955105513,5.95e-05,origin recognition complex subunit 1,Up
SLCO2A1,-2.157395735,0.000114609,solute carrier organic anion transporter family member 2A1,Down
FOXP2,-3.115044108,0.000545865,forkhead box P2,Down
SHMT2,1.770629752,2.71e-05,serine hydroxymethyltransferase 2,Up
PER3,-1.945108107,5.98e-05,period circadian regulator 3,Down
RHPN1,2.064657006,9.18e-05,rhophilin Rho GTPase binding protein 1,Up
PLCD3,-1.83844347,4.01e-05,phospholipase C delta 3,Down
CYP2S1,1.902788439,5.3e-05,cytochrome P450 family 2 subfamily S member 1,Up
CCDC69,-2.665863553,0.000337002,coiled-coil domain containing 69,Down
HMMR,2.294059287,0.000177078,hyaluronan mediated motility receptor,Up
PYCR1,1.820766359,3.92e-05,pyrroline-5-carboxylate reductase 1,Up
H2AC16,1.94686199,6.68e-05,H2A clustered histone 16,Up
RAD54L,1.68027584,1.94e-05,RAD54 like,Up
ATAD2,1.705541772,2.33e-05,ATPase family AAA domain containing 2,Up
SCML1,2.041299953,9.64e-05,Scm polycomb group protein like 1,Up
PEX26,-1.73166053,2.73e-05,peroxisomal biogenesis factor 26,Down
GCNT3,-2.185661418,0.000148363,"glucosaminyl (N-acetyl) transferase 3, mucin type",Down
BTNL8,-2.255716522,0.000177236,butyrophilin like 8,Down
ABCA6,-2.041129406,0.00010066,ATP binding cassette subfamily A member 6,Down
FBXO41,1.873483921,5.67e-05,F-box protein 41,Up
FOSB,-2.762170187,0.000421744,"FosB proto-oncogene, AP-1 transcription factor subunit",Down
ANGPTL3,2.566121654,0.000322189,angiopoietin like 3,Up
PLCL2,-1.822827123,4.8e-05,phospholipase C like 2,Down
CTSH,1.750352579,3.63e-05,cathepsin H,Up
MGLL,-1.726839472,3.27e-05,monoglyceride lipase,Down
NELFCD,1.514922261,8.43e-06,negative elongation factor complex member C/D,Up
SMIM14,-1.586210713,1.51e-05,small integral membrane protein 14,Down
ZNF385D,-2.285448189,0.000214584,zinc finger protein 385D,Down
CDH23,-2.285361785,0.000215208,cadherin related 23,Down
SMIM32,-2.416284268,0.00027786,small integral membrane protein 32,Down
PNMA6A,-3.493256772,0.00086579,PNMA family member 6A,Down
GJB3,1.944533343,8.91e-05,gap junction protein beta 3,Up
FFAR3,-3.247922108,0.000741643,free fatty acid receptor 3,Down
ABHD3,-1.78019108,4.83e-05,"abhydrolase domain containing 3, phospholipase",Down
H2AC13,1.849826124,6.65e-05,H2A clustered histone 13,Up
CELSR3,1.783195959,5.26e-05,cadherin EGF LAG seven-pass G-type receptor 3,Up
LAMP3,2.065696993,0.000141092,lysosomal associated membrane protein 3,Up
RAB3B,-2.148608646,0.000174809,"RAB3B, member RAS oncogene family",Down
HHLA2,-2.096751578,0.00015457,HHLA2 member of B7 family,Down
CAV1,-2.766349815,0.000498885,caveolin 1,Down
NLGN4X,-2.929267429,0.000593397,neuroligin 4 X-linked,Down
TMEM220,-2.839307344,0.000541554,transmembrane protein 220,Down
C1QTNF7,-2.333435748,0.00026507,C1q and TNF related 7,Down
CACNB2,-2.049929455,0.000139863,calcium voltage-gated channel auxiliary subunit beta 2,Down
ATAD5,1.870907054,7.92e-05,ATPase family AAA domain containing 5,Up
NCAPH,1.980175202,0.000114845,non-SMC condensin I complex subunit H,Up
H4C11,1.703945653,3.88e-05,H4 clustered histone 11,Up
SP5,2.221894968,0.000215267,Sp5 transcription factor,Up
DDX60,-1.68265938,3.5e-05,DExD/H-box helicase 60,Down
CCNA2,1.768148991,5.28e-05,cyclin A2,Up
RHOU,-1.758746629,5.14e-05,ras homolog family member U,Down
ICAM5,2.744920322,0.000503477,intercellular adhesion molecule 5,Up
SMTNL2,3.08263599,0.000704657,smoothelin like 2,Up
DIO2,2.135391195,0.000184231,iodothyronine deiodinase 2,Up
H2BC11,1.784286406,6.03e-05,H2B clustered histone 11,Up
H4C12,1.699462833,4.11e-05,H4 clustered histone 12,Up
WFDC1,-2.921008472,0.000617103,WAP four-disulfide core domain 1,Down
CPM,-1.8107028,7.02e-05,carboxypeptidase M,Down
TP53INP2,-2.422807032,0.000345187,tumor protein p53 inducible nuclear protein 2,Down
NDUFA4L2,1.972442698,0.000129389,NDUFA4 mitochondrial complex associated like 2,Up
XRCC4,1.604478861,2.77e-05,X-ray repair cross complementing 4,Up
FANCB,2.000200201,0.000141435,FA complementation group B,Up
PRDX6,-1.660330391,3.83e-05,peroxiredoxin 6,Down
CPNE1,1.649943057,3.75e-05,copine 1,Up
PGR,-3.23254248,0.000845963,progesterone receptor,Down
PRRT2,-2.008094685,0.000150456,proline rich transmembrane protein 2,Down
PLCD4,-2.288367589,0.000287172,phospholipase C delta 4,Down
GPX2,1.738334105,5.95e-05,glutathione peroxidase 2,Up
S100A11,1.713341336,5.35e-05,S100 calcium binding protein A11,Up
SERTAD4,-2.737172666,0.00055737,SERTA domain containing 4,Down
OVGP1,1.891691318,0.000109155,oviductal glycoprotein 1,Up
HSD11B2,-1.769823737,6.98e-05,hydroxysteroid 11-beta dehydrogenase 2,Down
VSIR,-1.578687786,2.7e-05,V-set immunoregulatory receptor,Down
SCNN1B,-4.427513579,0.001479377,sodium channel epithelial 1 subunit beta,Down
HMGA1,1.648161811,4.05e-05,high mobility group AT-hook 1,Up
EXO1,1.971206103,0.000142552,exonuclease 1,Up
TRIM40,-2.35521165,0.000338192,tripartite motif containing 40,Down
PACSIN2,-1.577156449,2.84e-05,protein kinase C and casein kinase substrate in neurons 2,Down
KNL1,1.719534536,6e-05,kinetochore scaffold 1,Up
KRT6B,3.431520586,0.001007003,keratin 6B,Up
TMEM132B,-2.988467655,0.000742878,transmembrane protein 132B,Down
JPH4,-3.288908778,0.000932969,junctophilin 4,Down
MASP1,-4.42605477,0.001520359,MBL associated serine protease 1,Down
CLEC10A,-1.875804016,0.000115696,C-type lectin domain containing 10A,Down
CYBRD1,-1.880749057,0.000117593,cytochrome b reductase 1,Down
ANKRD36C,1.603988719,3.69e-05,ankyrin repeat domain 36C,Up
HSPD1,1.548706322,2.74e-05,heat shock protein family D (Hsp60) member 1,Up
CELSR1,2.036589381,0.000191404,cadherin EGF LAG seven-pass G-type receptor 1,Up
DKC1,1.555436915,2.97e-05,dyskerin pseudouridine synthase 1,Up
IRX2,3.14782162,0.00088009,iroquois homeobox 2,Up
SPRR2A,3.949108245,0.001347954,small proline rich protein 2A,Up
LTBP4,-1.803209515,9.92e-05,latent transforming growth factor beta binding protein 4,Down
C2,2.417769716,0.000419503,complement C2,Up
CHCHD10,-1.567457235,3.38e-05,coiled-coil-helix-coiled-coil-helix domain containing 10,Down
TMEM236,-3.003193954,0.00080555,transmembrane protein 236,Down
SGO2,1.931562099,0.00015292,shugoshin 2,Up
GZMB,2.032281884,0.000204547,granzyme B,Up
GNG7,-2.561354117,0.000522853,G protein subunit gamma 7,Down
SOX15,-2.89924714,0.00074962,SRY-box transcription factor 15,Down
TLR3,-1.738899799,8.15e-05,toll like receptor 3,Down
CCL15-CCL14,-1.769681737,9.45e-05,CCL15-CCL14 readthrough (NMD candidate),Down
PRPH2,-3.130037713,0.000912678,peripherin 2,Down
GAS7,-1.805127903,0.000108054,growth arrest specific 7,Down
DSCC1,1.948362091,0.000172035,DNA replication and sister chromatid cohesion 1,Up
CSRNP3,-2.073043612,0.00023731,cysteine and serine rich nuclear protein 3,Down
STARD9,-1.800161001,0.000109741,StAR related lipid transfer domain containing 9,Down
HBB,-2.045277381,0.000226643,hemoglobin subunit beta,Down
CKB,-1.853292679,0.000134155,creatine kinase B,Down
KIAA2012,2.946949735,0.000814053,KIAA2012,Up
PRDX4,1.610768614,5.1e-05,peroxiredoxin 4,Up
GGT6,-1.739602417,9.12e-05,gamma-glutamyltransferase 6,Down
RFC3,2.137088291,0.000283827,replication factor C subunit 3,Up
IER5L,1.809373208,0.000118603,immediate early response 5 like,Up
DDIAS,2.067475136,0.000246928,DNA damage induced apoptosis suppressor,Up
SAXO5,2.83366367,0.000751774,stabilizer of axonemal microtubules 5,Up
TSPAN11,-1.937646451,0.000179018,tetraspanin 11,Down
FYCO1,-1.498293392,2.82e-05,FYVE and coiled-coil domain autophagy adaptor 1,Down
ATP2A3,-1.776679987,0.000109348,ATPase sarcoplasmic/endoplasmic reticulum Ca2+ transporting 3,Down
EPM2A,-2.150311736,0.000299765,"EPM2A glucan phosphatase, laforin",Down
MZT1,1.875231075,0.000152114,mitotic spindle organizing protein 1,Up
SVIL,-2.448770129,0.000496057,supervillin,Down
PREX2,-1.824403596,0.000130113,"phosphatidylinositol-3,4,5-trisphosphate dependent Rac exchange factor 2",Down
CDCA7,2.364448019,0.000442861,cell division cycle associated 7,Up
MT1F,-2.023934715,0.000233489,metallothionein 1F,Down
SLC5A6,1.642454232,6.6e-05,solute carrier family 5 member 6,Up
TNS2,-1.913691139,0.000176625,tensin 2,Down
TCEA3,-1.712586348,9.06e-05,transcription elongation factor A3,Down
PABPC1L,2.222617679,0.000363325,poly(A) binding protein cytoplasmic 1 like,Up
H2AC25,2.072950588,0.00027005,H2A clustered histone 25,Up
CENPW,2.073071088,0.000272045,centromere protein W,Up
ACADS,-1.882910769,0.000168869,acyl-CoA dehydrogenase short chain,Down
FAAH2,1.649812019,7.36e-05,fatty acid amide hydrolase 2,Up
NIBAN1,-3.47659316,0.001234555,niban apoptosis regulator 1,Down
IGFN1,3.174529739,0.001042391,immunoglobulin like and fibronectin type III domain containing 1,Up
TOM1L2,-1.534962311,4.26e-05,target of myb1 like 2 membrane trafficking protein,Down
HELLS,1.839256591,0.000153581,"helicase, lymphoid specific",Up
UNC5C,-2.013315931,0.000246768,unc-5 netrin receptor C,Down
TNNT2,3.223397723,0.001085144,"troponin T2, cardiac type",Up
NUDCD1,1.744129916,0.000113678,NudC domain containing 1,Up
LARGE1,-1.630770717,7.18e-05,LARGE xylosyl- and glucuronyltransferase 1,Down
CIPC,-1.57057152,5.37e-05,CLOCK interacting pacemaker,Down
CNTNAP3B,-2.906230333,0.000880668,contactin associated protein family member 3B,Down
CLIC6,-2.225468979,0.000390528,chloride intracellular channel 6,Down
COL21A1,-2.876218113,0.000860122,collagen type XXI alpha 1 chain,Down
TAF1D,1.513236259,4.02e-05,"TATA-box binding protein associated factor, RNA polymerase I subunit D",Up
FAM13C,-1.971596361,0.000232448,family with sequence similarity 13 member C,Down
AP3B2,-3.268040936,0.001139059,adaptor related protein complex 3 subunit beta 2,Down
MEGF10,-2.623650223,0.000683149,multiple EGF like domains 10,Down
CYP27B1,1.984715093,0.000243182,cytochrome P450 family 27 subfamily B member 1,Up
HRCT1,-2.159105211,0.000354479,histidine rich carboxyl terminus 1,Down
TOP1MT,1.698911126,0.000101428,DNA topoisomerase I mitochondrial,Up
MPL,-2.408225956,0.000534688,"MPL proto-oncogene, thrombopoietin receptor",Down
IGSF9,-1.818121544,0.000156477,immunoglobulin superfamily member 9,Down
FAM111B,1.820036136,0.000159423,FAM111 trypsin like peptidase B,Up
PINK1,-1.531885278,5.04e-05,PTEN induced kinase 1,Down
MXI1,-1.671690719,9.81e-05,"MAX interactor 1, dimerization protein",Down
CSE1L,1.490349236,4.07e-05,chromosome segregation 1 like,Up
NAAA,-1.756335826,0.000135616,N-acylethanolamine acid amidase,Down
DNASE1,1.721876907,0.000124855,deoxyribonuclease 1,Up
CAMTA2,-1.440248461,3.19e-05,calmodulin binding transcription activator 2,Down
C6orf141,1.954121976,0.000251486,chromosome 6 open reading frame 141,Up
FOXA2,1.841775502,0.000187381,forkhead box A2,Up
GRAMD2A,2.076761513,0.000334999,GRAM domain containing 2A,Up
PRKACB,-1.868070606,0.000204474,protein kinase cAMP-activated catalytic subunit beta,Down
VIP,-3.358140207,0.001281127,vasoactive intestinal peptide,Down
LIPC,-2.173104296,0.000416134,"lipase C, hepatic type",Down
H2AC14,1.849539353,0.0002037,H2A clustered histone 14,Up
TGIF2,1.677449283,0.00011631,TGFB induced factor homeobox 2,Up
KIF17,-2.55147165,0.000709892,kinesin family member 17,Down
MAB21L2,-2.967985578,0.001029668,mab-21 like 2,Down
PBX4,1.81634719,0.00018755,PBX homeobox 4,Up
TMEM253,-1.802869108,0.000180402,transmembrane protein 253,Down
PDZRN4,-5.183700825,0.002147893,PDZ domain containing ring finger 4,Down
ABI3BP,-3.026079526,0.001082661,ABI family member 3 binding protein,Down
MEX3A,2.556136142,0.000731894,mex-3 RNA binding family member A,Up
FAM47E-STBD1,-1.691508607,0.000130347,FAM47E-STBD1 readthrough,Down
MAPK10,-1.90247558,0.000251691,mitogen-activated protein kinase 10,Down
TST,-1.646478932,0.000112472,thiosulfate sulfurtransferase,Down
CMYA5,-2.352544725,0.00059036,cardiomyopathy associated 5,Down
CENPK,1.803728059,0.000199048,centromere protein K,Up
CDT1,1.678129141,0.000134763,chromatin licensing and DNA replication factor 1,Up
USPL1,1.634976558,0.000116308,ubiquitin specific peptidase like 1,Up
SH3BGR,-2.517340727,0.000750195,SH3 domain binding glutamate rich protein,Down
CXCL9,2.084294683,0.000406173,C-X-C motif chemokine ligand 9,Up
TCN2,-1.653698957,0.000129835,transcobalamin 2,Down
ADAMTS8,-3.563641821,0.001515865,ADAM metallopeptidase with thrombospondin type 1 motif 8,Down
TGDS,1.643876659,0.000126165,"TDP-glucose 4,6-dehydratase",Up
KIF18A,2.306081645,0.0005874,kinesin family member 18A,Up
PID1,-1.811407898,0.000221016,phosphotyrosine interaction domain containing 1,Down
H2AC11,1.691321611,0.000153083,H2A clustered histone 11,Up
PIMREG,1.912031844,0.000289482,PICALM interacting mitotic regulator,Up
EPSTI1,1.717415196,0.000167736,epithelial stromal interaction 1,Up
IL20RA,1.685878376,0.000154873,interleukin 20 receptor subunit alpha,Up
MFAP4,-2.460185302,0.00073342,microfibril associated protein 4,Down
TNFRSF4,2.059540654,0.0004094,TNF receptor superfamily member 4,Up
FBXO5,1.767369224,0.000205946,F-box protein 5,Up
NOP58,1.488671575,6.99e-05,NOP58 ribonucleoprotein,Up
AURKB,1.794601337,0.000224975,aurora kinase B,Up
DBNDD1,1.795574252,0.000226853,dysbindin domain containing 1,Up
KIF18B,2.139752215,0.000489493,kinesin family member 18B,Up
TNFRSF8,2.94483702,0.00115692,TNF receptor superfamily member 8,Up
MAOA,-1.755221722,0.000208367,monoamine oxidase A,Down
CDCA8,1.810178049,0.000244497,cell division cycle associated 8,Up
FAT4,-1.896447359,0.000305692,FAT atypical cadherin 4,Down
DENND2A,-1.748449696,0.000207235,DENN domain containing 2A,Down
CIP2A,1.827243637,0.000258793,cellular inhibitor of PP2A,Up
MROH6,1.928808186,0.000335008,maestro heat like repeat family member 6,Up
IL11RA,-1.680664268,0.000169979,interleukin 11 receptor subunit alpha,Down
DST,-1.587161582,0.000126088,dystonin,Down
AAK1,-1.394733039,4.91e-05,AP2 associated kinase 1,Down
KIF1C,-1.44713703,6.63e-05,kinesin family member 1C,Down
P2RY1,-1.943498496,0.000360424,purinergic receptor P2Y1,Down
STAC,-3.163658034,0.001361075,SH3 and cysteine rich domain,Down
SKA1,1.823329027,0.000272566,spindle and kinetochore associated complex subunit 1,Up
H2BC7,1.694764548,0.000188901,H2B clustered histone 7,Up
SCNN1G,-2.697460805,0.00100941,sodium channel epithelial 1 subunit gamma,Down
RBPMS2,-4.744801818,0.002197743,"RNA binding protein, mRNA processing factor 2",Down
CCDC113,1.799967813,0.000261843,coiled-coil domain containing 113 [Source:HGNC Symbol;Acc:HGNC:25002],Up
GNAZ,-2.13904181,0.00053059,G protein subunit alpha z,Down
TREH,-1.981188158,0.000402387,trehalase,Down
GOLT1A,1.813549251,0.000278267,golgi transport 1A,Up
C1QL1,-2.271205042,0.000660319,complement C1q like 1,Down
THRB,-2.469704663,0.000853298,thyroid hormone receptor beta,Down
ESPL1,1.63964196,0.000175665,"extra spindle pole bodies like 1, separase",Up
ENDOD1,-1.521335534,0.000111615,endonuclease domain containing 1,Down
RILP,-1.62211667,0.000168008,Rab interacting lysosomal protein,Down
PCSK9,3.194090735,0.001457379,proprotein convertase subtilisin/kexin type 9,Up
PAFAH1B3,1.528490495,0.000117337,platelet activating factor acetylhydrolase 1b catalytic subunit 3,Up
PLPP4,2.973258787,0.001295075,phospholipid phosphatase 4,Up
ST3GAL4,-2.010321921,0.00046554,"ST3 beta-galactoside alpha-2,3-sialyltransferase 4",Down
TPSB2,-1.928280959,0.000399073,tryptase beta 2,Down
ZER1,-1.423226105,7.5e-05,zyg-11 related cell cycle regulator,Down
DCAF13,1.565587491,0.000144471,DDB1 and CUL4 associated factor 13,Up
TP53RK,1.407624201,6.99e-05,TP53 regulating kinase,Up
SSTR2,-2.281585145,0.000721789,somatostatin receptor 2,Down
CHRNA1,-2.784774499,0.001175944,cholinergic receptor nicotinic alpha 1 subunit,Down
COL10A1,2.682355282,0.001090463,collagen type X alpha 1 chain,Up
SGO1,1.78229511,0.000294637,shugoshin 1,Up
VAMP2,-1.512623049,0.00012045,vesicle associated membrane protein 2,Down
RECQL4,1.660297902,0.00020875,RecQ like helicase 4,Up
CITED2,-2.04498084,0.000520675,Cbp/p300 interacting transactivator with Glu/Asp rich carboxy-terminal domain 2,Down
UGT2B17,-3.483319818,0.001716314,UDP glucuronosyltransferase family 2 member B17,Down
GTF3A,1.769797339,0.000293868,general transcription factor IIIA,Up
ZNF676,-3.675278229,0.001845306,zinc finger protein 676,Down
FBXO32,-2.294587438,0.000765644,F-box protein 32,Down
SLC39A10,1.877481378,0.000387467,solute carrier family 39 member 10,Up
PRICKLE2,-2.031274898,0.000527954,prickle planar cell polarity protein 2,Down
JAG2,1.710575282,0.000260484,jagged canonical Notch ligand 2,Up
HILPDA,1.985685756,0.000495888,hypoxia inducible lipid droplet associated,Up
PUS7,1.503448351,0.000129921,pseudouridine synthase 7,Up
EPHB2,1.484887411,0.000121515,EPH receptor B2,Up
KIF15,1.630980054,0.000212026,kinesin family member 15,Up
TMEM25,-1.975287331,0.000495436,transmembrane protein 25,Down
HPGDS,-2.105486168,0.00061741,hematopoietic prostaglandin D synthase,Down
TRPV3,-1.861832289,0.000402057,transient receptor potential cation channel subfamily V member 3,Down
CYP39A1,1.828073869,0.00038198,cytochrome P450 family 39 subfamily A member 1,Up
CHEK1,1.700711503,0.000278568,checkpoint kinase 1,Up
FRMD1,-2.043390327,0.000584557,FERM domain containing 1,Down
PDCD4,-1.65484507,0.000246366,programmed cell death 4,Down
TNFRSF9,2.060623408,0.000603667,TNF receptor superfamily member 9,Up
MND1,1.683030594,0.000268628,meiotic nuclear divisions 1,Up
NACC2,-1.565555317,0.000186344,NACC family member 2,Down
CDHR3,-2.475433097,0.001015467,cadherin related family member 3,Down
H3C8,1.957183723,0.000512675,H3 clustered histone 8,Up
TOX,-2.929024637,0.001422777,thymocyte selection associated high mobility group box,Down
CORIN,2.599988984,0.001136831,"corin, serine peptidase",Up
CLCN1,3.139263325,0.001594994,chloride voltage-gated channel 1,Up
CHTF18,1.530781999,0.000166993,chromosome transmission fidelity factor 18,Up
PUS7L,1.463433909,0.000127293,pseudouridine synthase 7 like,Up
C1orf115,-2.39366828,0.000952229,chromosome 1 open reading frame 115,Down
ERP27,2.402649319,0.000964911,endoplasmic reticulum protein 27,Up
SLC36A1,-1.584958149,0.000207126,solute carrier family 36 member 1,Down
PSCA,-3.624540329,0.00194046,prostate stem cell antigen,Down
APPL2,-1.459473106,0.000130475,"adaptor protein, phosphotyrosine interacting with PH domain and leucine zipper 2",Down
GPIHBP1,-3.152208461,0.001632155,glycosylphosphatidylinositol anchored high density lipoprotein binding protein 1,Down
NBPF6,2.930452649,0.001464483,NBPF member 6,Up
IL1B,2.145074979,0.000727746,interleukin 1 beta,Up
PLCL1,-1.828811992,0.000419943,phospholipase C like 1 (inactive),Down
GLDC,2.04291302,0.000629612,glycine decarboxylase,Up
PADI1,2.928042275,0.001476253,peptidyl arginine deiminase 1,Up
TPSAB1,-1.910452028,0.000502005,tryptase alpha/beta 1,Down
SLC66A2,-1.587916743,0.000221678,solute carrier family 66 member 2,Down
UST,-2.445405235,0.001046246,uronyl 2-sulfotransferase,Down
MYOM2,-2.255759527,0.000865289,myomesin 2,Down
TXNIP,-1.444945939,0.000135567,thioredoxin interacting protein,Down
ARHGAP11B,1.752727677,0.000377383,Rho GTPase activating protein 11B,Up
H2BC15,1.552314779,0.000212358,H2B clustered histone 15,Up
AR,-2.313252718,0.000946663,androgen receptor,Down
TTLL7,-1.884830878,0.000507393,tubulin tyrosine ligase like 7,Down
MC1R,1.837082639,0.00046603,melanocortin 1 receptor,Up
CPAMD8,-2.598753401,0.001244529,C3 and PZP like alpha-2-macroglobulin domain containing 8,Down
H1-5,1.752718942,0.00039314,"H1.5 linker histone, cluster member",Up
H2BC10,1.813707422,0.000453005,H2B clustered histone 10,Up
METTL1,1.521660017,0.00020041,"methyltransferase 1, tRNA methylguanosine",Up
F8,-1.814291676,0.000456615,coagulation factor VIII,Down
TENT5A,-1.616509824,0.0002782,terminal nucleotidyltransferase 5A,Down
BTNL3,-2.194298027,0.000858889,butyrophilin like 3,Down
GABRE,1.845226896,0.000497634,gamma-aminobutyric acid type A receptor subunit epsilon,Up
HASPIN,1.632758662,0.000297837,histone H3 associated protein kinase,Up
JAZF1,-1.662465582,0.000324501,JAZF zinc finger 1,Down
SYNM,-5.12888941,0.002687414,synemin,Down
ANGPTL7,-2.030532695,0.000699616,angiopoietin like 7,Down
GDPD3,-1.652593957,0.000325871,glycerophosphodiester phosphodiesterase domain containing 3,Down
CACNA1C,-2.633418327,0.001339723,calcium voltage-gated channel subunit alpha1 C,Down
ENTREP2,-2.008550047,0.000694849,endosomal transmembrane epsin interactor 2,Down
PMEPA1,1.63909525,0.000326422,"prostate transmembrane protein, androgen induced 1",Up
PYY,-3.743433046,0.002180328,peptide YY,Down
BRINP3,-2.911726458,0.0016102,BMP/retinoic acid inducible neural specific 3,Down
RTKN,1.459436087,0.000181148,rhotekin,Up
ZNF536,-2.95575367,0.001654409,zinc finger protein 536,Down
MIDEAS,-1.455683106,0.000179983,mitotic deacetylase associated SANT domain protein,Down
SRMS,3.022002609,0.001719188,src-related kinase lacking C-terminal regulatory tyrosine and N-terminal myristylation sites,Up
LIPM,2.775627395,0.00151609,lipase family member M,Up
CCNF,1.603321965,0.000306904,cyclin F,Up
DNAH14,2.068331646,0.000791217,dynein axonemal heavy chain 14,Up
PSRC1,1.684319901,0.000384049,proline and serine rich coiled-coil 1,Up
CTIF,-1.540686853,0.000253507,cap binding complex dependent translation initiation factor,Down
RYR1,-2.270776093,0.00102899,ryanodine receptor 1,Down
C8orf88,-2.71396555,0.001480144,chromosome 8 open reading frame 88,Down
SYCP2,2.277918856,0.001047543,synaptonemal complex protein 2,Up
BDKRB2,-1.639488461,0.000358142,bradykinin receptor B2,Down
DNASE1L2,1.910633582,0.00064556,deoxyribonuclease 1 like 2,Up
GAREM1,-1.316788779,0.000105968,GRB2 associated regulator of MAPK1 subtype 1,Down
KITLG,-1.592080518,0.000318557,KIT ligand,Down
RASSF8,-1.734329657,0.000464485,Ras association domain family member 8,Down
PJA2,-1.379269963,0.000151111,praja ring finger ubiquitin ligase 2,Down
NEURL1,-2.372994548,0.001184678,neuralized E3 ubiquitin protein ligase 1,Down
MMP9,2.316968591,0.001125773,matrix metallopeptidase 9,Up
COL28A1,-2.072458949,0.000860847,collagen type XXVIII alpha 1 chain,Down
ATP5F1A,-1.29007744,0.000100084,ATP synthase F1 subunit alpha,Down
ATOH1,-2.107210264,0.000903702,atonal bHLH transcription factor 1,Down
ACAN,2.400942087,0.001235025,aggrecan,Up
MOGAT2,-1.595813132,0.00034561,monoacylglycerol O-acyltransferase 2,Down
PDE5A,-2.174572444,0.000991134,phosphodiesterase 5A,Down
GNG2,-1.558491316,0.000311495,G protein subunit gamma 2,Down
SINHCAF,1.556697458,0.000309955,SIN3-HDAC complex associated factor,Up
NBPF4,2.98074955,0.001799792,NBPF member 4,Up
SMOC1,-2.028565455,0.000829725,SPARC related modular calcium binding 1,Down
PTPRH,-1.578280787,0.000333727,protein tyrosine phosphatase receptor type H,Down
ADAM12,2.586547981,0.001458839,ADAM metallopeptidase domain 12,Up
ZP3,1.615148181,0.000378846,zona pellucida glycoprotein 3,Up
ATP8A2,-3.084904884,0.001909013,ATPase phospholipid transporting 8A2,Down
AHCY,1.464050164,0.000239824,adenosylhomocysteinase,Up
CD80,3.051485656,0.001893455,CD80 molecule,Up
H2AC12,1.694810727,0.000469345,H2A clustered histone 12,Up
PDLIM2,-1.561864699,0.000340508,PDZ and LIM domain 2,Down
ROGDI,-1.462668732,0.000248329,rogdi atypical leucine zipper,Down
NOX1,1.766080224,0.000565072,NADPH oxidase 1,Up
H2BC8,1.578256807,0.000361041,H2B clustered histone 8,Up
CLCNKB,-3.024386062,0.001901294,chloride voltage-gated channel Kb,Down
CBX3,1.379734249,0.000183446,chromobox 3,Up
KANK2,-2.65101901,0.001573748,KN motif and ankyrin repeat domains 2,Down
PLAAT4,-1.606236764,0.000399055,phospholipase A and acyltransferase 4,Down
GINS2,1.750841398,0.000568159,GINS complex subunit 2,Up
FKBP5,-1.450037647,0.000252143,FKBP prolyl isomerase 5,Down
ASXL3,-2.836539911,0.001777181,ASXL transcriptional regulator 3,Down
KLHL35,2.439972383,0.001386259,kelch like family member 35,Up
SPTBN4,-2.813531306,0.001759285,"spectrin beta, non-erythrocytic 4",Down
ARHGEF37,-1.737947163,0.000565737,Rho guanine nucleotide exchange factor 37,Down
ZNF229,-3.071438774,0.001992135,zinc finger protein 229,Down
FLRT1,-2.923164201,0.00187126,fibronectin leucine rich transmembrane protein 1,Down
ASAP3,-1.506399041,0.000322993,"ArfGAP with SH3 domain, ankyrin repeat and PH domain 3",Down
GALNT6,1.674684235,0.000507054,polypeptide N-acetylgalactosaminyltransferase 6,Up
UBE2S,1.467976185,0.000287814,ubiquitin conjugating enzyme E2 S,Up
CHD5,-2.942983251,0.001905603,chromodomain helicase DNA binding protein 5,Down
ECI2,-1.598627738,0.000426427,enoyl-CoA delta isomerase 2,Down
ONECUT2,2.986072885,0.001954926,one cut homeobox 2,Up
GLIPR2,-1.959011173,0.000880629,GLI pathogenesis related 2,Down
RAE1,1.516502264,0.00035584,ribonucleic acid export 1,Up
TMEM92,1.730323558,0.000610008,transmembrane protein 92,Up
RFC4,1.405237852,0.000250554,replication factor C subunit 4,Up
PLK4,1.562632992,0.000419214,polo like kinase 4,Up
SMPD1,-1.359903676,0.000215082,sphingomyelin phosphodiesterase 1,Down
RTKN2,1.742729946,0.000638727,rhotekin 2,Up
PPAT,1.524346247,0.000381725,phosphoribosyl pyrophosphate amidotransferase,Up
SLC25A4,-1.739179311,0.000640128,solute carrier family 25 member 4,Down
MYORG,-1.443827279,0.000298926,myogenesis regulating glycosidase (putative),Down
SRI,-1.429306087,0.000286101,sorcin,Down
KIF20A,2.157953754,0.001171463,kinesin family member 20A,Up
MRGBP,1.552517161,0.000419128,MRG domain binding protein,Up
STIL,1.429673828,0.000290881,STIL centriolar assembly protein,Up
SLC25A20,-1.371032239,0.000234063,solute carrier family 25 member 20,Down
CAMK2D,-1.501567205,0.000370734,calcium/calmodulin dependent protein kinase II delta,Down
SLC16A7,-2.478805247,0.001565038,solute carrier family 16 member 7,Down
CENPI,1.669851775,0.000572394,centromere protein I,Up
BORA,1.647139681,0.000550303,BORA aurora kinase A activator,Up
PLAGL2,1.425008482,0.00029567,PLAG1 like zinc finger 2,Up
DENND2B,-1.482761391,0.000359497,DENN domain containing 2B,Down
NR3C2,-2.878654657,0.001979643,nuclear receptor subfamily 3 group C member 2,Down
GPLD1,-1.829689749,0.000789523,glycosylphosphatidylinositol specific phospholipase D1,Down
SLC6A8,-1.55703966,0.000447439,solute carrier family 6 member 8,Down
SULT1C2,2.663861394,0.001790096,sulfotransferase family 1C member 2,Up
RPGRIP1L,1.514761886,0.000406882,RPGRIP1 like,Up
METTL24,-2.250702806,0.001345596,methyltransferase like 24,Down
FABP1,-2.303461775,0.001412941,fatty acid binding protein 1,Down
SHROOM4,1.56791173,0.000476134,shroom family member 4,Up
CMSS1,1.466992416,0.000358313,cms1 ribosomal small subunit homolog,Up
RACGAP1,1.371953996,0.000258043,Rac GTPase activating protein 1,Up
TMEM35A,-3.035105553,0.002157993,transmembrane protein 35A,Down
TINCR,-2.519808241,0.001678763,TINCR ubiquitin domain containing,Down
ST8SIA1,-2.076762995,0.001162365,"ST8 alpha-N-acetyl-neuraminide alpha-2,8-sialyltransferase 1",Down
VIT,-2.307020512,0.00145123,vitrin,Down
KANK3,-2.216128502,0.001345245,KN motif and ankyrin repeat domains 3,Down
ETHE1,-1.503941841,0.000425951,ETHE1 persulfide dioxygenase,Down
EEF1A2,-2.27688567,0.0014354,eukaryotic translation elongation factor 1 alpha 2,Down
TUB,-2.286766693,0.001452377,TUB bipartite transcription factor,Down
CHST5,-3.092262338,0.002246139,carbohydrate sulfotransferase 5,Down
CCNJL,-1.580661854,0.000530145,cyclin J like,Down
PAPSS2,-1.618352556,0.000583572,3'-phosphoadenosine 5'-phosphosulfate synthase 2,Down
TNNI2,2.744684382,0.001965881,"troponin I2, fast skeletal type",Up
E2F1,1.566667914,0.000524402,E2F transcription factor 1,Up
ETV7,1.708405994,0.000716231,ETS variant transcription factor 7,Up
ARHGEF19,1.490241517,0.000436385,Rho guanine nucleotide exchange factor 19,Up
ARRB1,-1.328471811,0.000255598,arrestin beta 1,Down
CDKN1A,-1.480544932,0.000434703,cyclin dependent kinase inhibitor 1A,Down
H3C2,1.600868518,0.000590837,H3 clustered histone 2,Up
ASB9,1.891043268,0.00099187,ankyrin repeat and SOCS box containing 9,Up
KIF23,1.463914705,0.000417208,kinesin family member 23,Up
SPART,-1.785163986,0.000850142,spartin,Down
ACO2,-1.348862704,0.000286494,aconitase 2,Down
PPP2CB,-1.209820922,0.000155405,protein phosphatase 2 catalytic subunit beta,Down
SPIN3,1.573215615,0.000564534,spindlin family member 3,Up
UTP14A,1.420029822,0.000371815,UTP14A small subunit processome component,Up
CCL4L2,1.995529047,0.001162513,C-C motif chemokine ligand 4 like 2,Up
ATOH8,-1.903965777,0.001040797,atonal bHLH transcription factor 8,Down
CARD14,2.563406703,0.00186697,caspase recruitment domain family member 14,Up
CPT1A,-1.332344705,0.0002857,carnitine palmitoyltransferase 1A,Down
NMU,3.551574344,0.00266403,neuromedin U,Up
ESCO2,1.575138618,0.000597737,establishment of sister chromatid cohesion N-acetyltransferase 2,Up
HSPE1,1.334413188,0.000294153,heat shock protein family E (Hsp10) member 1,Up
ACAT1,-1.455775805,0.000443549,acetyl-CoA acetyltransferase 1,Down
SPPL2A,-1.379901224,0.000361263,signal peptide peptidase like 2A,Down
C1QTNF2,-1.901688811,0.001087799,C1q and TNF related 2,Down
PLSCR4,-1.325318753,0.000300685,phospholipid scramblase 4,Down
CCL3,1.849548119,0.001022178,C-C motif chemokine ligand 3,Up
AMN,-1.652735075,0.000745725,amnion associated transmembrane protein,Down
APBA1,-1.71085524,0.000830478,amyloid beta precursor protein binding family A member 1,Down
FFAR4,-1.923046233,0.001143322,free fatty acid receptor 4,Down
SLC9A9,-1.644275763,0.000743502,solute carrier family 9 member A9,Down
GKAP1,-1.52521949,0.000573943,G kinase anchoring protein 1,Down
WNT5B,-1.861424017,0.001073364,Wnt family member 5B,Down
FAM161B,-1.460243864,0.000495548,FAM161 centrosomal protein B,Down
CENPH,1.649137222,0.00076848,centromere protein H,Up
PKIG,-1.445215205,0.000481821,cAMP-dependent protein kinase inhibitor gamma,Down
NANP,1.438998767,0.000474509,N-acetylneuraminic acid phosphatase,Up
S100P,2.356243553,0.001758394,S100 calcium binding protein P,Up
ORM1,2.39526628,0.001808495,orosomucoid 1,Up
SLAIN1,-1.799013774,0.001003182,SLAIN motif family member 1,Down
ANKRD22,1.559085858,0.000647256,ankyrin repeat domain 22,Up
ABLIM3,-1.581435461,0.000685009,actin binding LIM protein family member 3,Down
XPOT,1.391816618,0.000423453,exportin for tRNA,Up
SCARA3,-1.689938616,0.000869587,scavenger receptor class A member 3,Down
GDPD5,1.695192259,0.000882538,glycerophosphodiester phosphodiesterase domain containing 5,Up
CPT2,-1.319750528,0.000345208,carnitine palmitoyltransferase 2,Down
PODNL1,1.76411127,0.00099156,podocan like 1,Up
REEP2,-2.557946726,0.002041694,receptor accessory protein 2,Down
ATP1A2,-5.787148223,0.003501953,ATPase Na+/K+ transporting subunit alpha 2,Down
PGGHG,1.586390577,0.000734793,protein-glucosylgalactosylhydroxylysine glucosidase,Up
ITPR1,-1.555536449,0.000688471,"inositol 1,4,5-trisphosphate receptor type 1",Down
ITLN1,-3.452278223,0.002774424,intelectin 1,Down
RPL22L1,1.595060775,0.000751793,ribosomal protein L22 like 1,Up
WDR17,-2.579336814,0.002089372,WD repeat domain 17,Down
ITGA8,-1.492259041,0.000603342,integrin subunit alpha 8,Down
MAST2,-1.276860658,0.000311145,microtubule associated serine/threonine kinase 2,Down
SMIM6,-2.375562271,0.001875268,small integral membrane protein 6,Down
PPM1L,-1.460651787,0.000565328,"protein phosphatase, Mg2+/Mn2+ dependent 1L",Down
CBFA2T3,-1.674711707,0.000897737,CBFA2/RUNX1 partner transcriptional co-repressor 3,Down
GRM8,3.107116248,0.00258408,glutamate metabotropic receptor 8,Up
FBLIM1,-1.394008463,0.000478064,filamin binding LIM protein 1,Down
IFFO1,-1.487809061,0.000624284,intermediate filament family orphan 1,Down
RTL5,-2.138423589,0.001609883,retrotransposon Gag like 5,Down
KIAA1614,-1.697501124,0.00096644,KIAA1614,Down
E2F5,1.560360705,0.000750374,E2F transcription factor 5,Up
CASZ1,-1.412349376,0.000531647,castor zinc finger 1,Down
GGCT,1.388880743,0.000499846,gamma-glutamylcyclotransferase,Up
RLIG1,1.384887172,0.000497637,RNA 5'-phosphate and 3'-OH ligase 1,Up
OSBPL1A,-1.851537712,0.001229658,oxysterol binding protein like 1A,Down
MTARC2,-1.419650438,0.000558241,mitochondrial amidoxime reducing component 2,Down
FANCD2OS,1.61514855,0.000866704,FANCD2 opposite strand,Up
SUGCT,-1.764689827,0.001114814,succinyl-CoA:glutarate-CoA transferase,Down
RIMS1,-2.521741655,0.002145505,regulating synaptic membrane exocytosis 1,Down
MST1,1.532557366,0.00075269,macrophage stimulating 1,Up
DDX31,1.290444243,0.00038779,DEAD-box helicase 31,Up
CEACAM1,-1.767849402,0.00113727,CEA cell adhesion molecule 1,Down
BTG2,-1.594884186,0.000857243,BTG anti-proliferation factor 2,Down
TMTC4,1.375695849,0.000513408,transmembrane O-mannosyltransferase targeting cadherins 4,Up
MTBP,1.642552753,0.000952521,MDM2 binding protein,Up
DSEL,-2.082746172,0.001636062,dermatan sulfate epimerase like,Down
EBPL,1.443748701,0.000631411,EBP like,Up
CRYAB,-3.19297264,0.002763811,crystallin alpha B,Down
KCNH8,2.747053922,0.002410309,potassium voltage-gated channel subfamily H member 8,Up
POU6F1,-1.554069574,0.000812375,POU class 6 homeobox 1,Down
ATG4D,-1.385099247,0.000555351,autophagy related 4D cysteine peptidase,Down
VCL,-2.71310204,0.002409274,vinculin,Down
MYC,1.560274065,0.000843213,"MYC proto-oncogene, bHLH transcription factor",Up
CYP2B6,1.800155258,0.001240305,cytochrome P450 family 2 subfamily B member 6,Up
ADGRG1,1.465398905,0.000690538,adhesion G protein-coupled receptor G1,Up
VAT1L,-2.271971478,0.001940598,vesicle amine transport 1 like,Down
SOX5,-2.063214949,0.001669158,SRY-box transcription factor 5,Down
LIMA1,-1.328371826,0.000488215,LIM domain and actin binding 1,Down
BTC,-1.65265538,0.001027642,betacellulin,Down
PTGER4,-1.592110967,0.000946865,prostaglandin E receptor 4,Down
SPIN4,1.667966018,0.00108079,spindlin family member 4,Up
FECH,-1.469387243,0.000750855,ferrochelatase,Down
LFNG,1.257689744,0.000413829,LFNG O-fucosylpeptide 3-beta-N-acetylglucosaminyltransferase,Up
SOCS2,-1.501935537,0.000815897,suppressor of cytokine signaling 2,Down
SHE,-1.532373886,0.000870374,Src homology 2 domain containing E,Down
TMPO,1.313681644,0.000506379,thymopoietin,Up
MAPK4,-2.814928284,0.00259941,mitogen-activated protein kinase 4,Down
BCL2,-1.590440105,0.00098394,BCL2 apoptosis regulator,Down
VILL,-1.378635004,0.000621409,villin like,Down
BMAL2,1.512117616,0.000859665,basic helix-loop-helix ARNT like 2,Up
ORC6,2.717127374,0.002542023,origin recognition complex subunit 6,Up
EDNRA,1.583854326,0.00099963,endothelin receptor type A,Up
CCL11,-1.969146717,0.001648413,C-C motif chemokine ligand 11,Down
FUCA1,-1.411847453,0.000705349,alpha-L-fucosidase 1,Down
PLEKHH2,-1.59503047,0.001029688,"pleckstrin homology, MyTH4 and FERM domain containing H2",Down
CBX8,1.488571899,0.000846,chromobox 8,Up
PTPRM,-1.445565651,0.000775271,protein tyrosine phosphatase receptor type M,Down
AFF1,-1.268814277,0.000477641,ALF transcription elongation factor 1,Down
MAT1A,3.320680206,0.003030431,methionine adenosyltransferase 1A,Up
LIPG,1.628424554,0.001112603,"lipase G, endothelial type",Up
TSHZ1,-1.383331884,0.000690104,teashirt zinc finger homeobox 1,Down
DAPK1,-1.569922014,0.001025486,death associated protein kinase 1,Down
TF,-2.537643012,0.002438637,transferrin,Down
NCR3LG1,1.393128678,0.000724052,natural killer cell cytotoxicity receptor 3 ligand 1,Up
ZSWIM4,1.48184734,0.000883811,zinc finger SWIM-type containing 4,Up
HBD,-1.925932492,0.001655418,hemoglobin subunit delta,Down
SNX20,1.695815021,0.00127396,sorting nexin 20,Up
RETREG1,-1.616938258,0.00113637,reticulophagy regulator 1,Down
KPNA2,1.404603001,0.000754534,karyopherin subunit alpha 2,Up
NIFK,1.248389324,0.000486125,nucleolar protein interacting with the FHA domain of MKI67,Up
H3C11,1.742059328,0.001381462,H3 clustered histone 11,Up
GNAQ,-1.305183393,0.000594541,G protein subunit alpha q,Down
UBE2T,1.731857081,0.001369307,ubiquitin conjugating enzyme E2 T,Up
RHBDF2,1.553572062,0.001048444,rhomboid 5 homolog 2,Up
ARHGAP11A,1.884154963,0.001628568,Rho GTPase activating protein 11A,Up
ZEB2,-1.497370354,0.00094625,zinc finger E-box binding homeobox 2,Down
C4BPA,2.797541306,0.002753918,complement component 4 binding protein alpha,Up
KNTC1,1.540499454,0.001049015,kinetochore associated 1,Up
PDZD7,1.942032093,0.001754676,PDZ domain containing 7,Up
TLN1,-1.442118606,0.000871611,talin 1,Down
WDR62,1.667643981,0.001292089,WD repeat domain 62,Up
CHAF1B,1.45864496,0.000911308,chromatin assembly factor 1 subunit B,Up
USP17L11,1.961781265,0.001804666,ubiquitin specific peptidase 17 like family member 11,Up
IL6ST,-1.194644349,0.000442479,interleukin 6 cytokine family signal transducer,Down
NIT2,1.313762147,0.000649865,nitrilase family member 2,Up
JADE3,1.417980399,0.000844784,jade family PHD finger 3,Up
ZWINT,1.369307409,0.000754735,ZW10 interacting kinetochore protein,Up
KCTD9,-1.434152837,0.000877148,potassium channel tetramerization domain containing 9,Down
RET,-2.292178443,0.002299043,ret proto-oncogene,Down
DPM1,1.226452357,0.000514521,"dolichyl-phosphate mannosyltransferase subunit 1, catalytic",Up
TEX30,1.629734267,0.001271747,testis expressed 30,Up
PAQR5,-1.486616058,0.001014608,progestin and adipoQ receptor family member 5,Down
NDRG2,-1.429250657,0.000914712,NDRG family member 2,Down
GABARAPL1,-1.388564511,0.000836392,GABA type A receptor associated protein like 1,Down
RTEL1-TNFRSF6B,1.472043483,0.000998436,RTEL1-TNFRSF6B readthrough (NMD candidate),Up
LRRC36,2.83133867,0.002890743,leucine rich repeat containing 36,Up
LRFN5,-2.027507398,0.001979472,leucine rich repeat and fibronectin type III domain containing 5,Down
MFN2,-1.124430873,0.000364854,mitofusin 2,Down
EXOSC5,1.347509731,0.000760765,exosome component 5,Up
SAMD9,-1.535063138,0.00112601,sterile alpha motif domain containing 9,Down
POC1A,1.316335609,0.000717018,POC1 centriolar protein A,Up
TNC,-2.437974314,0.002544953,tenascin C,Down
PLA2G7,1.715096889,0.001494416,phospholipase A2 group VII,Up
CEP85L,-1.446921822,0.000986519,centrosomal protein 85 like,Down
PPA1,1.290380515,0.000681997,inorganic pyrophosphatase 1,Up
ZC3HAV1L,1.436638929,0.00096866,"zinc finger CCCH-type containing, antiviral 1 like",Up
DUSP15,3.103881395,0.003142671,dual specificity phosphatase 15,Up
ZCCHC24,-1.850275839,0.001746019,zinc finger CCHC-type containing 24,Down
JUND,-1.380268655,0.000860563,"JunD proto-oncogene, AP-1 transcription factor subunit",Down
NR0B2,2.440232471,0.002582313,nuclear receptor subfamily 0 group B member 2,Up
MAOB,-3.344818136,0.00330682,monoamine oxidase B,Down
RELN,-2.640931873,0.002795808,reelin,Down
ZNF853,-1.726377351,0.001548803,zinc finger protein 853,Down
PDRG1,1.408704379,0.00093548,p53 and DNA damage regulated 1,Up
PUS1,1.323252657,0.000768699,pseudouridine synthase 1,Up
AIM2,2.534494794,0.002707034,absent in melanoma 2,Up
RIPK2,1.53738923,0.001210499,receptor interacting serine/threonine kinase 2,Up
KCNA2,-2.506715151,0.002697263,potassium voltage-gated channel subfamily A member 2,Down
SPECC1L,-1.265913633,0.000684652,sperm antigen with calponin homology and coiled-coil domains 1 like,Down
ITPKA,-1.558716493,0.001273742,inositol-trisphosphate 3-kinase A,Down
ZSCAN18,-1.428063084,0.001014867,zinc finger and SCAN domain containing 18,Down
KLF2,-1.685387618,0.001536189,KLF transcription factor 2,Down
SLC11A2,1.413750036,0.000997756,solute carrier family 11 member 2,Up
SRPX,-3.095648843,0.003214914,sushi repeat containing protein X-linked,Down
EGR1,-1.635627975,0.001455554,early growth response 1,Down
PPARGC1A,-2.17018965,0.002345638,PPARG coactivator 1 alpha,Down
PBX1,-1.500133433,0.001196816,PBX homeobox 1,Down
MOB3B,-1.291152507,0.000773243,MOB kinase activator 3B,Down
ACOX1,-1.371133173,0.000940258,acyl-CoA oxidase 1,Down
PDCD2L,1.395083056,0.000990788,programmed cell death 2 like,Up
PMCH,2.573433692,0.002850993,pro-melanin concentrating hormone,Up
HOXB9,1.608564085,0.001442556,homeobox B9,Up
SPAG4,1.529804177,0.00128436,sperm associated antigen 4,Up
FAM110B,-2.933402249,0.003159796,family with sequence similarity 110 member B,Down
UTP25,1.223896184,0.000660204,UTP25 small subunit processome component,Up
ZNF117,1.485807755,0.00120299,zinc finger protein 117,Up
DUS4L,1.622019976,0.001485223,dihydrouridine synthase 4 like,Up
TLCD2,-1.628179355,0.001500458,TLC domain containing 2,Down
LRRK2,-1.477923052,0.001202422,leucine rich repeat kinase 2,Down
CD46,1.287732701,0.00081144,CD46 molecule,Up
RAB3A,-1.534244931,0.001331894,"RAB3A, member RAS oncogene family",Down
OCEL1,-1.35294762,0.000952834,occludin/ELL domain containing 1,Down
NCAPG2,1.351026248,0.000951818,non-SMC condensin II complex subunit G2,Up
THEM5,2.819301501,0.00311976,thioesterase superfamily member 5,Up
PNPLA7,-1.877158868,0.001994858,patatin like phospholipase domain containing 7,Down
TSC22D3,-1.45414137,0.001176955,TSC22 domain family member 3,Down
WDR12,1.253914963,0.000754054,WD repeat domain 12,Up
H3C7,1.624722985,0.001535762,H3 clustered histone 7,Up
CLCN2,-1.28811143,0.000834002,chloride voltage-gated channel 2,Down
ITIH5,-2.782385747,0.003113939,inter-alpha-trypsin inhibitor heavy chain 5,Down
FANCI,1.562286323,0.001421175,FA complementation group I,Up
CPEB3,-1.407222013,0.001094519,cytoplasmic polyadenylation element binding protein 3,Down
LMNB1,1.327098304,0.000970126,lamin B1,Up
RNASEH2A,1.389721298,0.001114271,ribonuclease H2 subunit A,Up
SLC9A2,-2.030471032,0.002328594,solute carrier family 9 member A2,Down
SLC28A3,2.489022033,0.002905862,solute carrier family 28 member 3,Up
QPRT,1.511213291,0.001379875,quinolinate phosphoribosyltransferase,Up
ITPKB,-1.519377725,0.001401885,inositol-trisphosphate 3-kinase B,Down
ZEB1,-2.28937165,0.002714014,zinc finger E-box binding homeobox 1,Down
MPI,-1.351149915,0.00106223,mannose phosphate isomerase,Down
VENTX,2.11520202,0.00249409,VENT homeobox,Up
CYP4F3,1.400906282,0.00117589,cytochrome P450 family 4 subfamily F member 3,Up
CHMP4C,1.462355922,0.001324411,charged multivesicular body protein 4C,Up
EPHA1,1.473934071,0.001350044,EPH receptor A1,Up
FANCD2,1.44409231,0.001287532,FA complementation group D2,Up
HMGB3,1.373318994,0.001133859,high mobility group box 3,Up
PPM1N,1.730905782,0.001890273,"protein phosphatase, Mg2+/Mn2+ dependent 1N (putative)",Up
MAN1C1,-1.571954733,0.001574415,mannosidase alpha class 1C member 1,Down
ATIC,1.207631301,0.000768852,5-aminoimidazole-4-carboxamide ribonucleotide formyltransferase/IMP cyclohydrolase,Up
FKBP10,1.632552503,0.001702687,FKBP prolyl isomerase 10,Up
HEATR1,1.054562083,0.000450118,HEAT repeat containing 1,Up
NEURL1B,-1.353706659,0.001106532,neuralized E3 ubiquitin protein ligase 1B,Down
H4C9,1.505937841,0.001449223,H4 clustered histone 9,Up
ELOVL4,-3.074046925,0.003477463,ELOVL fatty acid elongase 4,Down
ADAT2,1.364363235,0.001143816,adenosine deaminase tRNA specific 2,Up
CDC7,1.664562698,0.001796993,cell division cycle 7,Up
MNX1,1.541858354,0.00154819,motor neuron and pancreas homeobox 1,Up
SEMA7A,1.647827575,0.001771525,semaphorin 7A (JohnMiltonHagen blood group),Up
AKR1B15,-2.456741227,0.002995905,aldo-keto reductase family 1 member B15,Down
ZNF219,-1.668934381,0.001821052,zinc finger protein 219,Down
TLN2,-1.397431203,0.001236266,talin 2,Down
GPD1L,-1.264202144,0.000932661,glycerol-3-phosphate dehydrogenase 1 like,Down
CES2,-1.471053948,0.001407088,carboxylesterase 2,Down
NFE2L1,-1.197464487,0.000788398,NFE2 like bZIP transcription factor 1,Down
TNFRSF12A,2.125158934,0.002617685,TNF receptor superfamily member 12A,Up
CSTA,2.807319386,0.003337281,cystatin A,Up
CYB5R3,-1.258422168,0.000947903,cytochrome b5 reductase 3,Down
PAG1,-1.43595422,0.001368345,phosphoprotein membrane anchor with glycosphingolipid microdomains 1,Down
SPDL1,1.308584179,0.001078403,spindle apparatus coiled-coil protein 1,Up
AGT,1.558063841,0.001663639,angiotensinogen,Up
TPPP,-1.806647002,0.00217431,tubulin polymerization promoting protein,Down
PRKAR2B,-2.417399647,0.003041303,protein kinase cAMP-dependent type II regulatory subunit beta,Down
IL1RN,1.724638556,0.002033544,interleukin 1 receptor antagonist,Up
TFAP4,1.318735309,0.001144342,transcription factor AP-4,Up
TIMELESS,1.325549888,0.001163132,timeless circadian regulator,Up
CPTP,-1.276498848,0.0010464,ceramide-1-phosphate transfer protein,Down
ANKRD13B,1.445976711,0.001450794,ankyrin repeat domain 13B,Up
PMM2,1.083372718,0.000601448,phosphomannomutase 2,Up
ARHGEF25,-3.309135946,0.003724385,Rho guanine nucleotide exchange factor 25,Down
P2RX4,-1.368623776,0.001275014,purinergic receptor P2X 4,Down
RNF125,-1.63001211,0.001871763,ring finger protein 125,Down
H2BC9,1.59458537,0.001799514,H2B clustered histone 9,Up
EHBP1L1,-1.290078867,0.001113511,EH domain binding protein 1 like 1,Down
CCDC107,-1.265034618,0.001058896,coiled-coil domain containing 107,Down
MAPK7,-1.147737307,0.000778977,mitogen-activated protein kinase 7,Down
RAP1A,-1.399323843,0.001389044,"RAP1A, member of RAS oncogene family",Down
MCM7,1.245813532,0.001022392,minichromosome maintenance complex component 7,Up
H2BC14,1.63716248,0.001935927,H2B clustered histone 14,Up
ARHGAP6,-1.691966565,0.002049405,Rho GTPase activating protein 6,Down
C2orf15,1.485977105,0.001607984,chromosome 2 open reading frame 15,Up
IRAK2,1.562489252,0.001783068,interleukin 1 receptor associated kinase 2,Up
MCM2,1.440960991,0.001513019,minichromosome maintenance complex component 2,Up
RPP40,1.394223467,0.001404402,ribonuclease P/MRP subunit p40,Up
PRC1,1.584102579,0.001841477,protein regulator of cytokinesis 1,Up
IL1RL2,2.352023479,0.003075432,interleukin 1 receptor like 2,Up
MYZAP,-1.510482807,0.001716734,myocardial zonula adherens protein,Down
ELOVL6,-1.258943954,0.001112525,ELOVL fatty acid elongase 6,Down
SUV39H2,1.382203497,0.001417558,SUV39H2 histone lysine methyltransferase,Up
UGGT2,1.330127619,0.001291713,UDP-glucose glycoprotein glucosyltransferase 2,Up
GGTA1,-2.179478669,0.002908976,glycoprotein alpha-galactosyltransferase 1 (inactive),Down
PLPP3,-1.235027433,0.001064406,phospholipid phosphatase 3,Down
AFG3L2,-1.094361748,0.000722386,AFG3 like matrix AAA peptidase subunit 2,Down
CD44,1.482534645,0.001682028,CD44 molecule (IN blood group),Up
CFAP20DC,2.27104456,0.003046614,CFAP20 domain containing,Up
RASL10B,2.256706671,0.003032504,RAS like family 10 member B,Up
POLR1B,1.251605307,0.001132284,RNA polymerase I subunit B,Up
MCM4,1.34961004,0.001383141,minichromosome maintenance complex component 4,Up
SLC30A4,-1.373792247,0.001446034,solute carrier family 30 member 4,Down
EDIL3,-1.923362261,0.002580982,EGF like repeats and discoidin domains 3,Down
CRAT,-1.402900027,0.0015219,carnitine O-acetyltransferase,Down
H2AC15,1.408345652,0.001542179,H2A clustered histone 15,Up
CC2D2A,-1.489209116,0.001737195,coiled-coil and C2 domain containing 2A,Down
MAST1,-2.907378471,0.003656055,microtubule associated serine/threonine kinase 1,Down
ZNF724,1.642957869,0.002106798,zinc finger protein 724,Up
STK33,-2.259008429,0.003100512,serine/threonine kinase 33,Down
TRPC4,-2.784391915,0.003597443,transient receptor potential cation channel subfamily C member 4,Down
KLB,-2.491955226,0.00335361,klotho beta,Down
PMFBP1,1.604546861,0.002041546,polyamine modulated factor 1 binding protein 1,Up
RAVER2,-1.157538669,0.000951862,"ribonucleoprotein, PTB binding 2",Down
PROSER1,1.294016336,0.001308488,proline and serine rich 1,Up
PTPRO,2.549357995,0.003419232,protein tyrosine phosphatase receptor type O,Up
CNNM4,-1.270528406,0.001249011,cyclin and CBS domain divalent metal cation transport mediator 4,Down
FOXN3,-1.215724412,0.001114406,forkhead box N3,Down
HEXIM1,-1.309285603,0.001365799,HEXIM P-TEFb complex subunit 1,Down
STPG1,-1.317275896,0.001389199,sperm tail PG-rich repeat containing 1,Down
IFT56,1.586976657,0.002054744,intraflagellar transport 56,Up
GPALPP1,1.310356384,0.001399014,GPALPP motifs containing 1,Up
CDK4,1.272442446,0.001302996,cyclin dependent kinase 4,Up
ATP6V1C2,1.666153301,0.002241781,ATPase H+ transporting V1 subunit C2,Up
RPS7,1.257356228,0.001281352,ribosomal protein S7,Up
RBM12B,1.31400063,0.001436333,RNA binding motif protein 12B,Up
GSDMA,2.166199361,0.003081563,gasdermin A,Up
BCL2L2,-1.363163505,0.001574229,BCL2 like 2,Down
LIF,1.486288736,0.001878552,LIF interleukin 6 family cytokine,Up
NCAPD2,1.183727176,0.001109034,non-SMC condensin I complex subunit D2,Up
KIT,-1.57471626,0.002089977,"KIT proto-oncogene, receptor tyrosine kinase",Down
ZNF485,1.314909221,0.001474189,zinc finger protein 485,Up
CAPN5,-1.332664582,0.001522636,calpain 5,Down
CDCA2,1.813734012,0.002584945,cell division cycle associated 2,Up
FILIP1,-3.411822579,0.004053422,filamin A interacting protein 1,Down
EYA4,-2.902104081,0.003799961,EYA transcriptional coactivator and phosphatase 4,Down
SLC1A1,-1.685695634,0.00236615,solute carrier family 1 member 1,Down
FBXW4,-1.203221126,0.001207268,F-box and WD repeat domain containing 4,Down
SLC38A4,-1.816834299,0.002634965,solute carrier family 38 member 4,Down
DDX27,1.177360172,0.001146997,DEAD-box helicase 27,Up
PDK4,-3.252219063,0.004018135,pyruvate dehydrogenase kinase 4,Down
CDC14A,-1.394832181,0.001729899,cell division cycle 14A,Down
PPP1R14A,-2.828041107,0.003786818,protein phosphatase 1 regulatory inhibitor subunit 14A,Down
AOX1,-1.541298953,0.002112739,aldehyde oxidase 1,Down
MIER3,-1.245254314,0.001360158,MIER family member 3,Down
DAB2IP,-1.169300789,0.001153904,DAB2 interacting protein,Down
GAB1,-1.150558841,0.001102486,GRB2 associated binding protein 1,Down
C15orf48,-1.488812918,0.001999482,chromosome 15 open reading frame 48,Down
BMP7,1.775830813,0.002606654,bone morphogenetic protein 7,Up
MUC12,-2.41198468,0.003480818,"mucin 12, cell surface associated",Down
GNAI1,-1.759844857,0.002584614,G protein subunit alpha i1,Down
HOXB8,2.852493944,0.003846771,homeobox B8,Up
BRIP1,1.49501404,0.002036011,BRCA1 interacting helicase 1,Up
PRMT3,1.223420686,0.001334472,protein arginine methyltransferase 3,Up
SLC20A2,-1.174710969,0.001200953,solute carrier family 20 member 2,Down
LY6G6C,2.968095306,0.003931849,lymphocyte antigen 6 family member G6C,Up
WLS,-1.397107547,0.001827894,Wnt ligand secretion mediator,Down
SRPX2,1.751964198,0.002623899,sushi repeat containing protein X-linked 2,Up
NUP58,1.245904835,0.001442994,nucleoporin 58,Up
TGFBR3,-1.528841202,0.002185291,transforming growth factor beta receptor 3,Down
GRHL2,1.383449777,0.001828394,grainyhead like transcription factor 2,Up
PAICS,1.293638559,0.001590608,phosphoribosylaminoimidazole carboxylase and phosphoribosylaminoimidazolesuccinocarboxamide synthase,Up
WDR75,1.172769708,0.001271385,WD repeat domain 75,Up
SNRPE,1.300571051,0.001643752,small nuclear ribonucleoprotein polypeptide E,Up
SPECC1L-ADORA2A,-1.181291566,0.001310409,SPECC1L-ADORA2A readthrough (NMD candidate),Down
PDXP,-1.426752661,0.001983438,pyridoxal phosphatase,Down
KRTAP5-1,1.620005155,0.0024566,keratin associated protein 5-1,Up
QTRT2,1.136647785,0.001206021,queuine tRNA-ribosyltransferase accessory subunit 2,Up
STARD8,-1.314744076,0.00172299,StAR related lipid transfer domain containing 8,Down
GNPDA1,1.277143485,0.00162246,glucosamine-6-phosphate deaminase 1,Up
CPNE5,-1.766344193,0.002773057,copine 5,Down
LRP11,1.259350017,0.001590159,LDL receptor related protein 11,Up
PCNA,1.370699797,0.001911705,proliferating cell nuclear antigen,Up
EEF1E1,1.272929385,0.001645691,eukaryotic translation elongation factor 1 epsilon 1,Up
IMPDH1,1.220708646,0.001500494,inosine monophosphate dehydrogenase 1,Up
ANO9,1.416977415,0.002050002,anoctamin 9,Up
CBX4,1.248096866,0.001594168,chromobox 4,Up
CPQ,-1.306536257,0.001762451,carboxypeptidase Q,Down
PUM3,1.122691107,0.001232149,pumilio RNA binding family member 3,Up
SYN1,-2.335063646,0.003602856,synapsin I,Down
AK1,-1.347846554,0.001884506,adenylate kinase 1,Down
PCID2,1.295023357,0.001747711,PCI domain containing 2,Up
TGIF2-RAB5IF,1.308390255,0.001797381,TGIF2-RAB5IF readthrough,Up
BRIX1,1.162392026,0.001373623,biogenesis of ribosomes BRX1,Up
KLHDC1,-2.0387413,0.003277917,kelch domain containing 1,Down
PDE8A,-1.198270352,0.001506891,phosphodiesterase 8A,Down
ACAA1,-1.216266251,0.001569155,acetyl-CoA acyltransferase 1,Down
ZNF195,1.288729212,0.001789626,zinc finger protein 195,Up
VIPR1,-1.407140784,0.002119046,vasoactive intestinal peptide receptor 1,Down
ERV3-1-ZNF117,1.407280584,0.002125887,ERV3-1-ZNF117 readthrough,Up
TWIST2,-3.018816762,0.004163602,twist family bHLH transcription factor 2,Down
LRRC10B,2.262841692,0.003604305,leucine rich repeat containing 10B,Up
CAPN2,-1.25805716,0.001728398,calpain 2,Down
H2BC6,1.444884785,0.002252779,H2B clustered histone 6,Up
A2M,-1.370935157,0.002064737,alpha-2-macroglobulin,Down
ASF1B,1.359725922,0.002065556,anti-silencing function 1B histone chaperone,Up
ACVRL1,-1.364069297,0.002077545,activin A receptor like type 1,Down
TTF2,1.190124636,0.001579618,transcription termination factor 2,Up
HDAC9,-1.925927068,0.003252158,histone deacetylase 9,Down
SDHA,-1.109679391,0.001364605,succinate dehydrogenase complex flavoprotein subunit A,Down
RIOK3,-1.242556142,0.001781177,RIO kinase 3,Down
ARL4D,-2.37474996,0.003800576,ADP ribosylation factor like GTPase 4D,Down
LIG1,1.242303952,0.001788736,DNA ligase 1,Up
ANKRD18B,1.712907739,0.002926652,ankyrin repeat domain 18B,Up
FILIP1L,-1.744266698,0.002984967,filamin A interacting protein 1 like,Down
CLSPN,1.411446561,0.0022624,claspin,Up
CD209,-1.519756769,0.002527128,CD209 molecule,Down
SUN2,-1.17565194,0.001605941,Sad1 and UNC84 domain containing 2,Down
EVPL,1.469250235,0.002433959,envoplakin,Up
IQCB1,1.124683946,0.001462104,IQ motif containing B1,Up
BCAS1,-3.062213654,0.004291827,brain enriched myelin associated protein 1,Down
TMEM127,-1.074266281,0.001303555,transmembrane protein 127,Down
ACTR5,1.214459159,0.00177546,actin related protein 5,Up
RPS21,1.356382971,0.002219851,ribosomal protein S21,Up
ASPHD1,1.605107728,0.00281672,aspartate beta-hydroxylase domain containing 1,Up
CIBAR1,1.391279796,0.002326944,CBY1 interacting BAR domain containing 1,Up
MTERF3,1.187798348,0.001749921,mitochondrial transcription termination factor 3,Up
DUSP3,-1.218957564,0.001846859,dual specificity phosphatase 3,Down
TRAF5,1.390476249,0.002336918,TNF receptor associated factor 5,Up
HSPA6,1.654552789,0.002947605,heat shock protein family A (Hsp70) member 6,Up
EVC2,-1.510650813,0.002643054,EvC ciliary complex subunit 2,Down
PSPH,1.324922303,0.002168596,phosphoserine phosphatase,Up
NR5A2,-1.493766308,0.002616324,nuclear receptor subfamily 5 group A member 2,Down
ZNRF3,1.32069085,0.002176934,zinc and ring finger 3,Up
H2AC18,1.297470994,0.002119591,H2A clustered histone 18,Up
NUDT6,-1.342290136,0.002250249,nudix hydrolase 6,Down
H2BC26,1.472236172,0.002593703,H2B clustered histone 26,Up
CXXC5,1.165014209,0.001736667,CXXC finger protein 5,Up
SMIM24,1.57221848,0.002841115,small integral membrane protein 24,Up
RPS19,1.111889485,0.001576493,ribosomal protein S19,Up
MAGI2,-2.507855678,0.004082818,"membrane associated guanylate kinase, WW and PDZ domain containing 2",Down
GRAMD1A,1.294631767,0.00214975,GRAM domain containing 1A,Up
DRD5,-2.662940889,0.004198758,dopamine receptor D5,Down
OXGR1,2.776338878,0.004271512,oxoglutarate receptor 1,Up
MTHFD2,1.261722071,0.002065775,"methylenetetrahydrofolate dehydrogenase (NADP+ dependent) 2, methenyltetrahydrofolate cyclohydrolase",Up
RPL36A,1.256596664,0.002051888,ribosomal protein L36a,Up
SIAE,-1.361718578,0.002357366,sialic acid acetylesterase,Down
ZDHHC9,1.270624242,0.002101983,zinc finger DHHC-type palmitoyltransferase 9,Up
GNA14,-1.540655797,0.002810129,G protein subunit alpha 14,Down
ISX,-1.70746708,0.003159277,intestine specific homeobox,Down
RNF32,1.594470784,0.002943793,ring finger protein 32,Up
YEATS4,1.268716419,0.002132964,YEATS domain containing 4,Up
BTD,-1.095148207,0.001577976,biotinidase,Down
CYP4F12,-1.445317083,0.002638753,cytochrome P450 family 4 subfamily F member 12,Down
PCK1,-2.001818477,0.003654637,phosphoenolpyruvate carboxykinase 1,Down
ADGRF4,1.552120085,0.002894323,adhesion G protein-coupled receptor F4,Up
TRAK2,-1.083755267,0.001580029,trafficking kinesin protein 2,Down
H4C14,1.714558791,0.003231378,H4 clustered histone 14,Up
OBI1,1.197832029,0.001959903,ORC ubiquitin ligase 1,Up
SLC2A12,1.497354036,0.002788862,solute carrier family 2 member 12,Up
KATNAL1,-1.496233999,0.00280522,katanin catalytic subunit A1 like 1,Down
ACTR3B,1.172877823,0.00190778,actin related protein 3B,Up
PIBF1,1.336074517,0.002406182,progesterone immunomodulatory binding factor 1,Up
GPR52,2.309899185,0.0040453,G protein-coupled receptor 52,Up
NTRK3,-3.455119406,0.00466983,neurotrophic receptor tyrosine kinase 3,Down
CCDC183,1.557485502,0.002978231,coiled-coil domain containing 183,Up
SLC7A5,1.853793271,0.00352041,solute carrier family 7 member 5,Up
NAA25,1.093179146,0.001668323,"N-alpha-acetyltransferase 25, NatB auxiliary subunit",Up
HIF3A,-1.710279663,0.003285658,hypoxia inducible factor 3 subunit alpha,Down
KCNT2,-2.59703972,0.004291704,potassium sodium-activated channel subfamily T member 2,Down
ACADVL,-1.231207389,0.0021403,acyl-CoA dehydrogenase very long chain,Down
TEK,-1.409624317,0.002665975,TEK receptor tyrosine kinase,Down
AGTRAP,1.127810813,0.001844199,angiotensin II receptor associated protein,Up
RPA4,1.919971886,0.003665048,replication protein A4,Up
SGK2,-1.271039891,0.002307205,serum/glucocorticoid regulated kinase 2,Down
GLTP,-1.308453992,0.002419281,glycolipid transfer protein,Down
EIF2S2,1.078988829,0.001687492,eukaryotic translation initiation factor 2 subunit beta,Up
OTUD7B,-1.1234269,0.00187061,OTU deubiquitinase 7B,Down
ACTA1,-2.537488906,0.004302066,"actin alpha 1, skeletal muscle",Down
CFAP70,2.248481966,0.004076123,cilia and flagella associated protein 70,Up
PRKG1,-1.371689216,0.002647296,protein kinase cGMP-dependent 1,Down
SLC38A5,1.701070155,0.003376947,solute carrier family 38 member 5,Up
RASD1,-1.499373729,0.002987791,ras related dexamethasone induced 1,Down
FERMT1,2.012961138,0.003857353,FERM domain containing kindlin 1,Up
MYO1C,-1.203593775,0.00219187,myosin IC,Down
TCP11L1,-1.306779662,0.002533142,t-complex 11 like 1,Down
H2BC13,1.579287084,0.003207288,H2B clustered histone 13,Up
DIRAS3,-2.103729039,0.004009374,DIRAS family GTPase 3,Down
NXPE4,-2.069093921,0.003973203,neurexophilin and PC-esterase domain family member 4,Down
GNL3,1.193481145,0.002241457,G protein nucleolar 3,Up
VSTM5,-1.824903285,0.003674974,V-set and transmembrane domain containing 5,Down
SHLD1,1.528126066,0.003145166,shieldin complex subunit 1,Up
KIF12,1.55161836,0.003197363,kinesin family member 12,Up
CALM1,-1.13160398,0.002053051,calmodulin 1,Down
LRRFIP2,-1.042607488,0.001739297,LRR binding FLII interacting protein 2,Down
GPA33,-1.587431433,0.003300212,glycoprotein A33,Down
CLIC3,1.5945126,0.003322775,chloride intracellular channel 3,Up
HOXB2,-1.741781831,0.003590888,homeobox B2,Down
SRPK1,1.075380565,0.001900537,SRSF protein kinase 1,Up
LDLRAD2,-1.72192978,0.003581039,low density lipoprotein receptor class A domain containing 2,Down
LRP10,-1.073023587,0.001934504,LDL receptor related protein 10,Down
RBL1,1.369395785,0.002871786,RB transcriptional corepressor like 1,Up
POFUT1,1.116264429,0.002141709,protein O-fucosyltransferase 1,Up
HSPE1-MOB4,1.114680423,0.002137634,HSPE1-MOB4 readthrough,Up
GPSM2,1.468972794,0.00315879,G protein signaling modulator 2,Up
NXT1,1.365730082,0.002923934,nuclear transport factor 2 like export factor 1,Up
NFIC,-1.517460838,0.00328846,nuclear factor I C,Down
ODAD2,-2.915374728,0.004704057,outer dynein arm docking complex subunit 2,Down
SPAG5,1.516167406,0.003306987,sperm associated antigen 5,Up
PLEK2,1.249126401,0.002631548,pleckstrin 2,Up
GINS3,1.499079337,0.003293457,GINS complex subunit 3,Up
ABHD5,-1.105946892,0.002189627,"abhydrolase domain containing 5, lysophosphatidic acid acyltransferase",Down
E2F3,1.190027211,0.002476412,E2F transcription factor 3,Up
CCT2,1.09153452,0.002158313,chaperonin containing TCP1 subunit 2,Up
SLC7A1,1.208836035,0.002560971,solute carrier family 7 member 1,Up
SLC49A3,-1.536111683,0.00341016,solute carrier family 49 member 3,Down
DPYD,-1.336783323,0.002950386,dihydropyrimidine dehydrogenase,Down
RAB27A,-1.299008864,0.002849548,"RAB27A, member RAS oncogene family",Down
ADCY6,-1.137143322,0.002352978,adenylate cyclase 6,Down
POLA1,1.193085351,0.002542465,"DNA polymerase alpha 1, catalytic subunit",Up
PHF6,1.135191298,0.002354554,PHD finger protein 6,Up
OBSCN,-1.485825505,0.003338981,"obscurin, cytoskeletal calmodulin and titin-interacting RhoGEF",Down
SNRPB,1.270565775,0.002792532,small nuclear ribonucleoprotein polypeptides B and B1,Up
SIPA1L2,-1.279576316,0.002827839,signal induced proliferation associated 1 like 2,Down
NT5DC2,1.345728279,0.003017703,5'-nucleotidase domain containing 2,Up
CHCHD6,1.180039636,0.00253678,coiled-coil-helix-coiled-coil-helix domain containing 6,Up
TACR1,-2.537854585,0.004615451,tachykinin receptor 1,Down
ZNF121,1.142075714,0.002428711,zinc finger protein 121,Up
TRIM59,1.541451692,0.003506686,tripartite motif containing 59,Up
PROCR,1.400171622,0.00323043,protein C receptor,Up
CHRM4,-2.187079396,0.004400712,cholinergic receptor muscarinic 4,Down
RAB15,1.117574752,0.002427687,"RAB15, member RAS oncogene family",Up
SLC39A4,1.228046535,0.002794251,solute carrier family 39 member 4,Up
WDR7,-1.075620618,0.002296943,WD repeat domain 7,Down
PRKN,-1.391932411,0.003265528,parkin RBR E3 ubiquitin protein ligase,Down
ADRB1,-2.287422849,0.004517344,adrenoceptor beta 1,Down
FBXW10B,1.812272518,0.004043365,F-box and WD repeat domain containing 10B,Up
H2AC8,1.374463373,0.003242943,H2A clustered histone 8,Up
PCLAF,1.412580694,0.003340801,PCNA clamp associated factor,Up
DHX34,1.268097582,0.002998467,DExH-box helicase 34,Up
ECE1,-1.083039951,0.002399736,endothelin converting enzyme 1,Down
GJB1,1.369312931,0.003296363,gap junction protein beta 1,Up
ATOSB,-1.197847577,0.002828931,atos homolog B,Down
CMTM8,1.295285725,0.003123194,CKLF like MARVEL transmembrane domain containing 8,Up
MPLKIP,1.087064541,0.002473758,M-phase specific PLK1 interacting protein,Up
SIDT2,-1.149280293,0.002690806,SID1 transmembrane family member 2,Down
RNF11,-1.09157507,0.002541757,ring finger protein 11,Down
AP1S3,1.2825575,0.003155998,adaptor related protein complex 1 subunit sigma 3,Up
NPM1,1.070804967,0.002484707,nucleophosmin 1,Up
CSF1,-1.279576094,0.003164333,colony stimulating factor 1,Down
ARHGEF26,-2.15992102,0.004538045,Rho guanine nucleotide exchange factor 26,Down
MYB,1.703378141,0.004039896,"MYB proto-oncogene, transcription factor",Up
KCND3,-2.415194292,0.004719687,potassium voltage-gated channel subfamily D member 3,Down
TIA1,1.111012245,0.002660103,TIA1 cytotoxic granule associated RNA binding protein,Up
PRPH,-4.221881337,0.00524901,peripherin,Down
ARNT2,-1.593073146,0.003888085,aryl hydrocarbon receptor nuclear translocator 2,Down
PTP4A3,1.326734074,0.003326679,protein tyrosine phosphatase 4A3,Up
TTI1,1.12967424,0.002742596,TELO2 interacting protein 1,Up
CENPN,1.227228652,0.003061777,centromere protein N,Up
SLC6A4,1.964373159,0.0043932,solute carrier family 6 member 4,Up
GNA13,-1.139521025,0.002796766,G protein subunit alpha 13,Down
CLDN5,-2.20721857,0.004614765,claudin 5,Down
LETM1,-1.05359318,0.002492921,leucine zipper and EF-hand containing transmembrane protein 1,Down
NME1,1.4192344,0.003594204,NME/NM23 nucleoside diphosphate kinase 1,Up
RASSF3,-1.305413444,0.003329045,Ras association domain family member 3,Down
FGF9,-1.723249823,0.00414584,fibroblast growth factor 9,Down
ZC3H12C,-1.886797141,0.004354008,zinc finger CCCH-type containing 12C,Down
PAQR8,-1.469099771,0.003712744,progestin and adipoQ receptor family member 8,Down
TCF7L1,-2.481154228,0.004833636,transcription factor 7 like 1,Down
MIER1,-1.095613893,0.002693977,MIER1 transcriptional regulator,Down
TTLL11,-1.365151148,0.003506243,tubulin tyrosine ligase like 11,Down
H4C15,1.696482728,0.004150194,H4 clustered histone 15,Up
CSRP1,-2.834492792,0.005019823,cysteine and glycine rich protein 1,Down
SLC17A9,1.774323517,0.004267878,solute carrier family 17 member 9,Up
GBA2,-1.067277559,0.002651088,glucosylceramidase beta 2,Down
PBXIP1,-1.124245557,0.002882256,PBX homeobox interacting protein 1,Down
FCGR3A,1.313006243,0.003445252,Fc gamma receptor IIIa,Up
BSG,-1.084892016,0.002747442,basigin (Ok blood group),Down
TFR2,2.372256148,0.004828998,transferrin receptor 2,Up
VEGFA,1.448480774,0.00376059,vascular endothelial growth factor A,Up
WDR3,1.139735094,0.002946451,WD repeat domain 3,Up
ZNF578,-1.631738145,0.004103504,zinc finger protein 578,Down
FGFRL1,1.47797471,0.003847987,fibroblast growth factor receptor like 1,Up
ZFP36,-1.395421772,0.003685918,ZFP36 ring finger protein,Down
PDZRN3,-2.188975412,0.004741839,PDZ domain containing ring finger 3,Down
TMEM255A,-2.689393254,0.00503146,transmembrane protein 255A,Down
DNAI4,-1.89551024,0.004497009,dynein axonemal intermediate chain 4,Down
GIPC1,-1.13902606,0.003018627,GIPC PDZ domain containing family member 1,Down
WNT3,2.48594339,0.004949998,Wnt family member 3,Up
CLTB,-1.060132842,0.002767832,clathrin light chain B,Down
WDR5B,1.280609064,0.003472196,WD repeat domain 5B,Up
NUFIP1,1.321597777,0.003632652,nuclear FMR1 interacting protein 1,Up
DOLPP1,-1.149181788,0.003152072,dolichyldiphosphatase 1,Down
DIS3,1.096578549,0.002983348,"DIS3 homolog, exosome endoribonuclease and 3'-5' exoribonuclease",Up
ABL1,-1.14069153,0.003143313,"ABL proto-oncogene 1, non-receptor tyrosine kinase",Down
TCFL5,1.25820105,0.003503324,transcription factor like 5,Up
TDP2,-1.192450096,0.003318109,tyrosyl-DNA phosphodiesterase 2,Down
EEIG1,-1.219231426,0.003413906,estrogen-induced osteoclastogenesis regulator 1,Down
PNPLA1,2.862098463,0.005175782,patatin like phospholipase domain containing 1,Up
ANTXR2,-1.289317692,0.003660686,ANTXR cell adhesion molecule 2,Down
HM13,1.239408526,0.003545597,histocompatibility minor 13,Up
PPARGC1B,-1.727886976,0.00446582,PPARG coactivator 1 beta,Down
RPF2,1.138528552,0.003257128,ribosome production factor 2 homolog,Up
CCDC136,-2.418082292,0.005029748,coiled-coil domain containing 136,Down
CLIC5,-2.157360207,0.004888253,chloride intracellular channel 5,Down
JDP2,-1.098387948,0.003156436,Jun dimerization protein 2,Down
FIGNL1,1.278566447,0.003689008,fidgetin like 1,Up
RGL1,-1.22890874,0.003558809,ral guanine nucleotide dissociation stimulator like 1,Down
HSPB7,-4.180934052,0.005468501,heat shock protein family B (small) member 7,Down
NFIA,-1.113794762,0.003235865,nuclear factor I A,Down
TIGD1,1.402733912,0.004028223,tigger transposable element derived 1,Up
TMEM41A,1.253279515,0.003689962,transmembrane protein 41A,Up
SAMD5,1.552749556,0.004325527,sterile alpha motif domain containing 5,Up
RXRA,-1.146032609,0.003433675,retinoid X receptor alpha,Down
EFEMP2,-1.841904245,0.004702369,EGF containing fibulin extracellular matrix protein 2,Down
UCHL3,1.265872488,0.003775204,ubiquitin C-terminal hydrolase L3,Up
CTLA4,2.089372044,0.004920007,cytotoxic T-lymphocyte associated protein 4,Up
HCN2,-3.058793113,0.005338064,hyperpolarization activated cyclic nucleotide gated potassium and sodium channel 2,Down
ACTL6A,1.067226869,0.003214601,actin like 6A,Up
RCSD1,-1.228753833,0.003711295,RCSD domain containing 1,Down
LSM8,1.06980078,0.003238669,"LSM8 homolog, U6 small nuclear RNA associated",Up
FAM114A1,-1.076943674,0.003335235,family with sequence similarity 114 member A1,Down
RPN2,1.099066603,0.003409486,ribophorin II,Up
TNFRSF11A,-1.2480484,0.00383809,TNF receptor superfamily member 11a,Down
SMC4,1.082691008,0.003357994,structural maintenance of chromosomes 4,Up
SHROOM3,-1.168716373,0.003654142,shroom family member 3,Down
ANXA3,1.339562982,0.004110159,annexin A3,Up
YAE1,1.203708139,0.003799435,YAE1 maturation factor of ABCE1,Up
CLIP3,-2.306182615,0.00516144,CAP-Gly domain containing linker protein 3,Down
CDC42BPA,-1.018010781,0.003247569,CDC42 binding protein kinase alpha,Down
RPIA,1.039433137,0.003328745,ribose 5-phosphate isomerase A,Up
GALK1,1.190302377,0.003813716,galactokinase 1,Up
TMEM97,1.311054886,0.004141507,transmembrane protein 97,Up
RPL36A-HNRNPH2,1.164797187,0.003786403,RPL36A-HNRNPH2 readthrough,Up
CCL13,-1.768888723,0.004821254,C-C motif chemokine ligand 13,Down
ZMIZ1,-1.167880803,0.003811557,zinc finger MIZ-type containing 1,Down
APC,-1.10593207,0.003634149,APC regulator of WNT signaling pathway,Down
FIRRM,1.368178298,0.004276316,FIGNL1 interacting regulator of recombination and mitosis,Up
ATF3,-1.730057888,0.004794521,activating transcription factor 3,Down
SECISBP2L,-1.186444728,0.003876978,SECIS binding protein 2 like,Down
SMYD5,1.002702405,0.003324515,SMYD family member 5,Up
MMS22L,1.25990651,0.004092067,"MMS22 like, DNA repair protein",Up
GPT2,1.307707401,0.00421919,glutamic--pyruvic transaminase 2,Up
SPTBN5,1.447111452,0.004480283,"spectrin beta, non-erythrocytic 5",Up
ANKRD18A,1.450164365,0.004486909,ankyrin repeat domain 18A,Up
VAPA,-1.117167702,0.003771532,VAMP associated protein A,Down
KCNA6,-2.255317452,0.005238023,potassium voltage-gated channel subfamily A member 6,Down
PTPRR,-2.299872753,0.005269618,protein tyrosine phosphatase receptor type R,Down
KLHL5,-1.311261853,0.004289378,kelch like family member 5,Down
PPP1R12C,-1.105249365,0.003779782,protein phosphatase 1 regulatory subunit 12C,Down
RINL,1.429165083,0.004509689,Ras and Rab interactor like,Up
OR2A42,1.715644442,0.004904182,olfactory receptor family 2 subfamily A member 42,Up
KNSTRN,1.164307449,0.004018684,kinetochore localized astrin (SPAG5) binding protein,Up
TRIM2,1.164369468,0.004020985,tripartite motif containing 2,Up
JOSD1,-1.196489527,0.004121801,Josephin domain containing 1,Down
SPC24,1.345028081,0.004455909,SPC24 component of NDC80 kinetochore complex,Up
ZNF26,1.119437553,0.003959032,zinc finger protein 26,Up
RCBTB1,1.151912647,0.00405355,RCC1 and BTB domain containing protein 1,Up
PPIH,1.15951777,0.004077317,peptidylprolyl isomerase H,Up
CCT6A,1.057609406,0.003794905,chaperonin containing TCP1 subunit 6A,Up
REEP6,1.685246052,0.004945598,receptor accessory protein 6,Up
PRKDC,1.023890304,0.003699467,"protein kinase, DNA-activated, catalytic subunit",Up
GPR160,1.226968572,0.004282858,G protein-coupled receptor 160,Up
BOP1,1.159669092,0.00412487,BOP1 ribosomal biogenesis factor,Up
FNDC10,1.750379778,0.005031122,fibronectin type III domain containing 10,Up
RUNDC3B,-1.702494773,0.004995492,RUN domain containing 3B,Down
PSMA7,1.105213707,0.003990017,proteasome 20S subunit alpha 7,Up
PGF,1.627696413,0.004928494,placental growth factor,Up
B3GNT7,-2.448415378,0.005446374,"UDP-GlcNAc:betaGal beta-1,3-N-acetylglucosaminyltransferase 7",Down
DIP2C,-1.468917941,0.004753121,disco interacting protein 2 homolog C,Down
H2AC19,1.215141752,0.004323221,H2A clustered histone 19,Up
MOCS1,-1.259530481,0.004426723,molybdenum cofactor synthesis 1,Down
RAB30,-1.292306303,0.00449549,"RAB30, member RAS oncogene family",Down
ALDH4A1,1.313645099,0.004546509,aldehyde dehydrogenase 4 family member A1,Up
SKP2,1.052900399,0.003937196,S-phase kinase associated protein 2,Up
STIM1,-1.091068344,0.004055373,stromal interaction molecule 1,Down
SMAD7,-1.088957343,0.00406554,SMAD family member 7,Down
STK31,2.468503811,0.00549962,serine/threonine kinase 31,Up
SPMIP4,-1.211672617,0.00440651,sperm microtubule inner protein 4,Down
MAGI1,-1.164711914,0.004324669,"membrane associated guanylate kinase, WW and PDZ domain containing 1",Down
YTHDF1,1.061269586,0.004058516,YTH N6-methyladenosine RNA binding protein F1,Up
ZNF793,-1.491105458,0.004896736,zinc finger protein 793,Down
WDR43,1.098314884,0.004185961,WD repeat domain 43,Up
GTF2F2,1.214067177,0.004472838,general transcription factor IIF subunit 2,Up
MOCS3,1.146533084,0.00437115,molybdenum cofactor synthesis 3,Up
USP17L4,1.646076692,0.005132041,ubiquitin specific peptidase 17 like family member 4,Up
POLR1C,1.054520833,0.004165048,RNA polymerase I and III subunit C,Up
ZIK1,-1.580916228,0.005081774,zinc finger protein interacting with K protein 1,Down
CEP83,1.179580506,0.004479377,centrosomal protein 83,Up
SLMAP,-1.189877802,0.004528975,sarcolemma associated protein,Down
CCDC86,1.192344538,0.004562064,coiled-coil domain containing 86,Up
FAM131A,-1.199110427,0.004596932,family with sequence similarity 131 member A,Down
SYTL4,-1.370196256,0.004887774,synaptotagmin like 4,Down
FXYD6-FXYD2,-2.661706091,0.005653974,FXYD6-FXYD2 readthrough,Down
HECTD3,-1.015083407,0.004175379,HECT domain E3 ubiquitin protein ligase 3,Down
CNIH3,2.438844449,0.005613362,cornichon family AMPA receptor auxiliary protein 3,Up
PGAP4,-1.486471675,0.005058159,post-GPI attachment to proteins GalNAc transferase 4,Down
SLC35D3,3.128550797,0.005754104,solute carrier family 35 member D3,Up
CNN2,1.132334135,0.00448672,calponin 2,Up
ATG9B,2.03147149,0.005470409,autophagy related 9B,Up
TSPAN3,-1.174117606,0.004585879,tetraspanin 3,Down
DSCAML1,-2.260299889,0.005571353,DS cell adhesion molecule like 1,Down
PAK1IP1,1.093029374,0.004417433,PAK1 interacting protein 1,Up
DPY19L2,-1.585626604,0.005190912,dpy-19 like 2,Down
LY6E,1.400953787,0.005001503,lymphocyte antigen 6 family member E,Up
OTUD6B,1.162525001,0.004612894,OTU deubiquitinase 6B,Up
POLR1D,1.159640517,0.00463127,RNA polymerase I and III subunit D,Up
ABCB5,-2.798445686,0.005742288,ATP binding cassette subfamily B member 5,Down
CLCNKA,-2.255176007,0.005610304,chloride voltage-gated channel Ka,Down
PLCB4,1.598094491,0.005249846,phospholipase C beta 4,Up
CLMN,-1.215393085,0.004762652,calmin,Down
ICOS,1.99467595,0.005522436,inducible T cell costimulator,Up
RAN,1.066756093,0.004468173,"RAN, member RAS oncogene family",Up
KIF11,1.844348669,0.005451113,kinesin family member 11,Up
SEMA3B,-1.436586112,0.005117768,semaphorin 3B,Down
MRPS23,1.103005937,0.004567006,mitochondrial ribosomal protein S23,Up
PDGFA,-1.253296741,0.004864631,platelet derived growth factor subunit A,Down
SESN2,-1.138605683,0.004686027,sestrin 2,Down
TLCD1,1.129419779,0.004672155,TLC domain containing 1,Up
PLS3,1.126218655,0.004670699,plastin 3,Up
TPM1,-2.302817718,0.00568426,tropomyosin 1,Down
SYNJ2BP,-1.044660826,0.004496203,synaptojanin 2 binding protein,Down
AMMECR1,1.06623987,0.004563686,AMMECR nuclear protein 1,Up
CAMK2G,-1.199448971,0.004858383,calcium/calmodulin dependent protein kinase II gamma,Down
CDK2,1.112080128,0.004700688,cyclin dependent kinase 2,Up
SLC38A3,2.763175805,0.005810833,solute carrier family 38 member 3,Up
NTHL1,1.150421895,0.004806749,nth like DNA glycosylase 1,Up
SCAMP2,-1.042288071,0.004576368,secretory carrier membrane protein 2,Down
ZNF749,1.216332933,0.004945948,zinc finger protein 749,Up
ZC3H8,1.339946131,0.00513537,zinc finger CCCH-type containing 8,Up
KAT2A,1.211860095,0.004981983,lysine acetyltransferase 2A,Up
TENT5C,-1.391293412,0.005231442,terminal nucleotidyltransferase 5C,Down
MPC1,-1.107518906,0.004830438,mitochondrial pyruvate carrier 1,Down
SSC4D,1.501703156,0.005372502,scavenger receptor cysteine rich family member with 4 domains,Up
GPR180,1.348076836,0.005227933,G protein-coupled receptor 180,Up
SMC2,1.126759051,0.00490515,structural maintenance of chromosomes 2,Up
TTYH3,1.282482335,0.00515567,tweety family member 3,Up
GOLM1,-1.193687639,0.005029685,golgi membrane protein 1,Down
GJA5,-1.828064587,0.005640199,gap junction protein alpha 5,Down
CCL22,1.619195773,0.005522316,C-C motif chemokine ligand 22,Up
DDX10,1.028866071,0.004782373,DEAD-box helicase 10,Up
GRAMD2B,-1.421927496,0.005403875,GRAM domain containing 2B,Down
SH2D2A,1.464686844,0.005481561,SH2 domain containing 2A,Up
CCL20,2.639175948,0.005911095,C-C motif chemokine ligand 20,Up
NFIB,-1.110268745,0.005064122,nuclear factor I B,Down
RB1,1.037619309,0.00494261,RB transcriptional corepressor 1,Up
CASP7,-2.007361155,0.00579442,caspase 7,Down
ATR,1.010340089,0.004954572,ATR serine/threonine kinase,Up
DDX39A,1.045568071,0.00504811,DExD-box helicase 39A,Up
MICALL1,-1.138870832,0.00526046,MICAL like 1,Down
ARHGAP24,-1.310822581,0.005481377,Rho GTPase activating protein 24,Down
GTF3C3,1.007946217,0.005065194,general transcription factor IIIC subunit 3,Up
MAGOHB,1.121019005,0.005260117,"mago homolog B, exon junction complex subunit",Up
ZNF473,1.051498043,0.005168053,zinc finger protein 473,Up
PM20D2,1.179525943,0.005357666,peptidase M20 domain containing 2,Up
USP6NL,1.070681932,0.005220398,USP6 N-terminal like,Up
DDX21,1.135782847,0.005319525,DExD-box helicase 21,Up
SLITRK5,-2.441552517,0.00597164,SLIT and NTRK like family member 5,Down
TMEM68,1.11166201,0.00530949,transmembrane protein 68,Up
RIMKLA,-1.266920005,0.005506662,ribosomal modification protein rimK like family member A,Down
H2AX,1.117944534,0.005334313,H2A.X variant histone,Up
FTSJ1,1.00313503,0.005171174,FtsJ RNA 2'-O-methyltransferase 1,Up
TBC1D1,-1.356245861,0.005610781,TBC1 domain family member 1,Down
CYB5D2,-1.104814551,0.005343356,cytochrome b5 domain containing 2,Down
RTEL1,1.269662185,0.005556,regulator of telomere elongation helicase 1,Up
NAA20,1.205515024,0.005565967,"N-alpha-acetyltransferase 20, NatB catalytic subunit",Up
GPR37L1,-2.06171266,0.00597825,G protein-coupled receptor 37 like 1,Down
DTD1,1.137469764,0.005529603,D-aminoacyl-tRNA deacylase 1,Up
GPRASP1,-2.159368196,0.006005891,G protein-coupled receptor associated sorting protein 1,Down
FABP2,-1.629393297,0.005867131,fatty acid binding protein 2,Down
C1QTNF12,-1.811291823,0.005945074,C1q and TNF related 12,Down
ERO1A,1.146350952,0.005571777,endoplasmic reticulum oxidoreductase 1 alpha,Up
KAT2B,-1.157254359,0.005586059,lysine acetyltransferase 2B,Down
INPP5A,-1.084048716,0.00551469,inositol polyphosphate-5-phosphatase A,Down
MEP1A,-1.439161638,0.005813247,meprin A subunit alpha,Down
LMOD1,-4.486674821,0.006173924,leiomodin 1,Down
FAM219B,-1.184481006,0.005675053,family with sequence similarity 219 member B,Down
PCDH7,-2.274495652,0.006069574,protocadherin 7,Down
ZBTB4,-1.102019199,0.005625569,zinc finger and BTB domain containing 4,Down
ATP8B1,-1.440397128,0.005880817,ATPase phospholipid transporting 8B1,Down
CCDC138,1.318329294,0.005819996,coiled-coil domain containing 138,Up
FAM83H,1.099444847,0.005676146,family with sequence similarity 83 member H,Up
NABP1,1.110461611,0.005735303,nucleic acid binding protein 1,Up
ZNF525,1.069727736,0.005705864,zinc finger protein 525,Up
CES3,-1.611464547,0.006008712,carboxylesterase 3,Down
IPO5,1.140814184,0.00578245,importin 5,Up
C2orf72,-1.170978428,0.005811651,chromosome 2 open reading frame 72,Down
ROBO3,-1.982325817,0.006102636,roundabout guidance receptor 3,Down
NEUROD1,-2.746634191,0.006181163,neuronal differentiation 1,Down
TIMM8A,1.153973967,0.005871776,translocase of inner mitochondrial membrane 8A,Up
RCN1,1.15146453,0.005877878,reticulocalbin 1,Up
LIMS2,-3.247745157,0.006220292,LIM zinc finger domain containing 2,Down
LMBR1,1.099685672,0.005858509,limb development membrane protein 1,Up
FLII,-1.009347144,0.005788461,FLII actin remodeling protein,Down
KRT18,1.290994637,0.005986218,keratin 18,Up
OSGIN1,-1.186045305,0.005963924,oxidative stress induced growth inhibitor 1,Down
HMGCS2,-1.539442156,0.006099328,3-hydroxy-3-methylglutaryl-CoA synthase 2,Down
MRTO4,1.011163688,0.005851397,"MRT4 homolog, ribosome maturation factor",Up
USP17L3,1.826766799,0.006155824,ubiquitin specific peptidase 17 like family member 3,Up
RP1L1,2.482346679,0.006219781,RP1 like 1,Up
TENM2,-2.409312622,0.006218856,teneurin transmembrane protein 2,Down
SCUBE1,-2.493381003,0.006227212,"signal peptide, CUB domain and EGF like domain containing 1",Down
PKD1,-1.125070374,0.006020136,"polycystin 1, transient receptor potential channel interacting",Down
RAB3IP,1.063820656,0.006023907,RAB3A interacting protein,Up
XRN2,1.063460272,0.006025843,5'-3' exoribonuclease 2,Up
CIRBP,-1.017622047,0.006007233,cold inducible RNA binding protein,Down
TBC1D4,1.184751952,0.006092379,TBC1 domain family member 4,Up
MEF2D,-1.053734744,0.006033772,myocyte enhancer factor 2D,Down
CPE,-1.388577245,0.006158013,carboxypeptidase E,Down
EPAS1,-1.123140649,0.006099252,endothelial PAS domain protein 1,Down
NOP56,1.107879359,0.006109886,NOP56 ribonucleoprotein,Up
TCEAL3,-1.186004534,0.00615816,transcription elongation factor A like 3,Down
NRXN3,-2.437721876,0.00629831,neurexin 3,Down
SLC52A2,1.114208246,0.006158276,solute carrier family 52 member 2,Up
ZNF251,1.348083837,0.006224679,zinc finger protein 251,Up
UTP15,1.019426904,0.00619466,UTP15 small subunit processome component,Up
PDE3A,-2.339856955,0.006323644,phosphodiesterase 3A,Down
TTLL4,1.103476312,0.006235166,tubulin tyrosine ligase like 4,Up
SHISAL1,-2.018803146,0.006322835,shisa like 1,Down
FAM50B,-1.328532776,0.006299547,family with sequence similarity 50 member B,Down
RFWD3,1.029630013,0.006254441,ring finger and WD repeat domain 3,Up
GARS1,1.040800664,0.006303668,glycyl-tRNA synthetase 1,Up
EXOC6B,-1.023467864,0.006310015,exocyst complex component 6B,Down
SLC16A10,1.470109223,0.006357335,solute carrier family 16 member 10,Up
LIPH,-1.467801719,0.006375309,lipase H,Down
NPTN,-1.629486064,0.00638035,neuroplastin,Down
EML1,-2.579062879,0.006382417,EMAP like 1,Down
DNAJB5,-2.94307629,0.006412111,DnaJ heat shock protein family (Hsp40) member B5,Down
NDNF,-1.305384342,0.006420882,neuron derived neurotrophic factor,Down
WDR77,1.061537907,0.006429053,WD repeat domain 77,Up
AMPD2,1.00350142,0.006436288,adenosine monophosphate deaminase 2,Up
ZNF107,1.221112628,0.006449134,zinc finger protein 107,Up
SYT7,1.263717944,0.006508198,synaptotagmin 7,Up
PDE8B,-2.004710632,0.006526018,phosphodiesterase 8B,Down
C14orf132,-2.487092231,0.006551965,chromosome 14 open reading frame 132,Down
ATP2B1,-1.076733799,0.006555501,ATPase plasma membrane Ca2+ transporting 1,Down
FAM114A2,-1.041449324,0.006567376,family with sequence similarity 114 member A2,Down
ADCY3,1.050404543,0.00657653,adenylate cyclase 3,Up
HSD17B11,-1.259863002,0.006589266,hydroxysteroid 17-beta dehydrogenase 11,Down
KLF15,-1.601066685,0.006599717,KLF transcription factor 15,Down
PDK2,-1.020941461,0.00660853,pyruvate dehydrogenase kinase 2,Down
TAS2R43,2.210433921,0.006609737,taste 2 receptor member 43,Up
DCC,-2.856830705,0.006613403,DCC netrin 1 receptor,Down
DNAJB4,-1.128830814,0.00661364,DnaJ heat shock protein family (Hsp40) member B4,Down
MCM6,1.226132131,0.006637141,minichromosome maintenance complex component 6,Up
ADAMTSL3,-3.3075984,0.006680614,ADAMTS like 3,Down
DHDDS,-1.068008768,0.006710159,dehydrodolichyl diphosphate synthase subunit,Down
CADM3,-3.683583975,0.006734666,cell adhesion molecule 3,Down
APOBEC3C,-1.114129327,0.006735988,apolipoprotein B mRNA editing enzyme catalytic subunit 3C,Down
GINS4,1.432745064,0.006741416,GINS complex subunit 4,Up
TET2,-1.018686204,0.006751091,tet methylcytosine dioxygenase 2,Down
NOP2,1.172176176,0.006759593,NOP2 nucleolar protein,Up
PLXNA2,-1.138944557,0.006775077,plexin A2,Down
CBFB,1.059789427,0.006850558,core-binding factor subunit beta,Up
DAPL1,2.13951823,0.0068777,death associated protein like 1,Up
LAMC2,1.399689341,0.006880034,laminin subunit gamma 2,Up
ANKRD35,-1.581998548,0.006880272,ankyrin repeat domain 35,Down
C2CD2L,-1.061554576,0.006886436,C2CD2 like,Down
MIA-RAB4B,-1.005700938,0.006898185,MIA-RAB4B readthrough (NMD candidate),Down
CCNB1IP1,1.19631598,0.00690712,cyclin B1 interacting protein 1,Up
TCF7L2,-1.116495849,0.006948592,transcription factor 7 like 2,Down
OSM,2.336738264,0.006972236,oncostatin M,Up
AOC1,-1.304687986,0.006991354,amine oxidase copper containing 1,Down
SERPINE2,1.61773507,0.006997463,serpin family E member 2,Up
TAF1A,1.455377055,0.007002784,"TATA-box binding protein associated factor, RNA polymerase I subunit A",Up
ZFYVE28,-1.136770237,0.007038598,zinc finger FYVE-type containing 28,Down
SEMA6D,-1.357093008,0.007047788,semaphorin 6D,Down
LAPTM4B,1.204687692,0.00706377,lysosomal protein transmembrane 4 beta,Up
SF3B3,1.004299946,0.007063938,splicing factor 3b subunit 3,Up
LRRC15,1.764013326,0.007070014,leucine rich repeat containing 15,Up
TPD52L2,1.032036389,0.007078135,TPD52 like 2,Up
HOXB13,-2.011159847,0.007093948,homeobox B13,Down
ATP6V1F,1.103101483,0.007107515,ATPase H+ transporting V1 subunit F,Up
ASNS,1.189369311,0.007118158,asparagine synthetase (glutamine-hydrolyzing),Up
AVPR2,-2.585902528,0.007128125,arginine vasopressin receptor 2,Down
PIF1,1.31189047,0.007135123,PIF1 5'-to-3' DNA helicase,Up
CKS1B,1.21086034,0.007136379,CDC28 protein kinase regulatory subunit 1B,Up
PERP,1.25259515,0.00721946,p53 apoptosis effector related to PMP22,Up
SNRPF,1.03623546,0.007239762,small nuclear ribonucleoprotein polypeptide F,Up
CIT,1.158355809,0.007242405,citron rho-interacting serine/threonine kinase,Up
CAD,1.052814633,0.007250939,"carbamoyl-phosphate synthetase 2, aspartate transcarbamylase, and dihydroorotase",Up
C4orf46,1.484480964,0.007255612,chromosome 4 open reading frame 46,Up
PCMTD2,1.213703877,0.007270174,protein-L-isoaspartate (D-aspartate) O-methyltransferase domain containing 2,Up
EPB41L4A,-1.848631424,0.007314031,erythrocyte membrane protein band 4.1 like 4A,Down
FSBP,2.169128405,0.007326088,fibrinogen silencer binding protein,Up
DOC2B,-1.226262634,0.00734104,double C2 domain beta,Down
KCNE4,-2.106176174,0.007363739,potassium voltage-gated channel subfamily E regulatory subunit 4,Down
BYSL,1.136313904,0.007384182,bystin like,Up
FAM217B,1.335388187,0.007387054,family with sequence similarity 217 member B,Up
C2CD4B,2.045015823,0.007420604,C2 calcium dependent domain containing 4B,Up
HROB,1.325776758,0.007425428,homologous recombination factor with OB-fold,Up
CPED1,-2.345706727,0.007441889,cadherin like and PC-esterase domain containing 1,Down
HKDC1,1.339442387,0.007454699,hexokinase domain containing 1,Up
CADPS,2.055333405,0.00745766,calcium dependent secretion activator,Up
TRIM3,-1.134613352,0.00747487,tripartite motif containing 3,Down
NRK,-2.656229683,0.007485038,Nik related kinase,Down
PRRT1,-1.935984289,0.007554726,proline rich transmembrane protein 1,Down
BEST2,-4.313040799,0.007575413,bestrophin 2,Down
SGSM2,-1.077634858,0.007589293,small G protein signaling modulator 2,Down
DSN1,1.192169006,0.007601414,DSN1 component of MIS12 kinetochore complex,Up
ARL11,1.686032132,0.007604889,ADP ribosylation factor like GTPase 11,Up
IL2RA,1.359442872,0.007627455,interleukin 2 receptor subunit alpha,Up
RASL11B,2.416257297,0.007638707,RAS like family 11 member B,Up
LMO3,-4.677321862,0.007701872,LIM domain only 3,Down
SEMA3F,1.23806233,0.007703441,semaphorin 3F,Up
ZNF593,1.134261709,0.007722783,zinc finger protein 593,Up
TARBP1,1.18804246,0.007806627,TAR (HIV-1) RNA binding protein 1,Up
IMMP2L,1.112299432,0.007827086,inner mitochondrial membrane peptidase subunit 2,Up
TMEM121B,2.013860915,0.007860699,transmembrane protein 121B,Up
GUCD1,-1.063156427,0.007875961,guanylyl cyclase domain containing 1,Down
TPSD1,-2.497215543,0.007879925,tryptase delta 1,Down
F12,1.770525341,0.00788961,coagulation factor XII,Up
PPP1R12A,-1.128427063,0.007904832,protein phosphatase 1 regulatory subunit 12A,Down
SOX8,-1.882636722,0.007954235,SRY-box transcription factor 8,Down
CDK20,-1.116584678,0.007971874,cyclin dependent kinase 20,Down
MYH7,-2.329996254,0.007985912,myosin heavy chain 7,Down
NLE1,1.022741935,0.007989192,notchless homolog 1,Up
TUBB2A,-1.256029043,0.007990172,tubulin beta 2A class IIa,Down
TRMT11,1.01777501,0.007991863,tRNA methyltransferase 11 homolog,Up
UTY,3.988356996,0.008002739,"ubiquitously transcribed tetratricopeptide repeat containing, Y-linked",Up
CCDC34,1.131839413,0.008022772,coiled-coil domain containing 34,Up
SERPIND1,2.246194897,0.008029857,serpin family D member 1,Up
CEBPD,-1.130622216,0.00803017,CCAAT enhancer binding protein delta,Down
SH2D1A,1.691319167,0.008075,SH2 domain containing 1A,Up
GPR141,1.91905513,0.008096775,G protein-coupled receptor 141,Up
MUC5AC,2.990093779,0.008133094,"mucin 5AC, oligomeric mucus/gel-forming",Up
PLCXD2,1.368511728,0.008145037,phosphatidylinositol specific phospholipase C X domain containing 2,Up
SNCA,-1.982205588,0.008146708,synuclein alpha,Down
PLA2G10,-1.751461393,0.008165212,phospholipase A2 group X,Down
CSTF1,1.019761324,0.00816612,cleavage stimulation factor subunit 1,Up
ZWILCH,1.123866977,0.008197785,zwilch kinetochore protein,Up
C16orf89,-2.482433153,0.008220883,chromosome 16 open reading frame 89,Down
CLCN5,1.162424924,0.008235597,chloride voltage-gated channel 5,Up
LYAR,1.12240266,0.008268344,Ly1 antibody reactive,Up
HUNK,1.36088414,0.008319937,hormonally up-regulated Neu-associated kinase,Up
SASH1,-1.030628246,0.008364629,SAM and SH3 domain containing 1,Down
ZNF267,1.162535065,0.008367057,zinc finger protein 267,Up
FAM24B,1.485125723,0.00839398,family with sequence similarity 24 member B,Up
ENTPD8,-2.886919213,0.008395489,ectonucleoside triphosphate diphosphohydrolase 8,Down
MMP14,1.168046336,0.008426318,matrix metallopeptidase 14,Up
DLGAP1,-2.234926401,0.008438517,DLG associated protein 1,Down
NUP37,1.02348444,0.008439903,nucleoporin 37,Up
MAST3,-1.021048008,0.008456404,microtubule associated serine/threonine kinase 3,Down
TWNK,1.190331713,0.008469298,twinkle mtDNA helicase,Up
C1orf21,-1.180427055,0.00847023,chromosome 1 open reading frame 21,Down
HDAC4,-1.088236647,0.008502136,histone deacetylase 4,Down
PROX1,1.369496616,0.008506062,prospero homeobox 1,Up
PDE4C,-2.127629511,0.008570427,phosphodiesterase 4C,Down
UTP20,1.059914999,0.008582792,UTP20 small subunit processome component,Up
EBF2,2.130302122,0.008644193,EBF transcription factor 2,Up
CENPU,1.208011528,0.0087992,centromere protein U,Up
PRADC1,-1.185268334,0.008807853,protease associated domain containing 1,Down
TP53INP1,-1.07250491,0.008810206,tumor protein p53 inducible nuclear protein 1,Down
ZNF132,-1.586861976,0.008841249,zinc finger protein 132,Down
MYCN,2.540528612,0.008842093,"MYCN proto-oncogene, bHLH transcription factor",Up
SNRPD2,1.086095385,0.008843319,small nuclear ribonucleoprotein D2 polypeptide,Up
TAFA5,2.074761121,0.008879881,TAFA chemokine like family member 5,Up
OCA2,2.70647512,0.008885345,OCA2 melanosomal transmembrane protein,Up
INSR,-1.080298851,0.008969041,insulin receptor,Down
ECH1,-1.111501451,0.009014353,enoyl-CoA hydratase 1,Down
LAMA2,-1.147405699,0.00901838,laminin subunit alpha 2,Down
GLS,1.094968134,0.009019924,glutaminase,Up
SLC12A2,1.837754106,0.009020053,solute carrier family 12 member 2,Up
MAMLD1,-1.936601154,0.0090297,mastermind like domain containing 1,Down
PRIM1,1.107547374,0.009065153,DNA primase subunit 1,Up
ST3GAL3,-1.419833872,0.009081433,"ST3 beta-galactoside alpha-2,3-sialyltransferase 3",Down
IYD,1.366877115,0.009098586,iodotyrosine deiodinase,Up
KLHL32,2.094867245,0.009117406,kelch like family member 32,Up
PBK,2.080544431,0.009131915,PDZ binding kinase,Up
GFI1B,-2.512751598,0.009157337,growth factor independent 1B transcriptional repressor,Down
SPATA33,1.127469134,0.009176128,spermatogenesis associated 33,Up
TMCC2,-1.448731764,0.009191289,transmembrane and coiled-coil domain family 2,Down
UGT1A9,-2.429382673,0.009196256,UDP glucuronosyltransferase family 1 member A9,Down
HSD17B6,-1.419980131,0.009204431,hydroxysteroid 17-beta dehydrogenase 6,Down
CXCL3,2.313042689,0.009247731,C-X-C motif chemokine ligand 3,Up
HLX,-1.589556063,0.009250673,H2.0 like homeobox,Down
ZNF273,1.152545553,0.009284694,zinc finger protein 273,Up
SLC3A2,1.005903996,0.009291057,solute carrier family 3 member 2,Up
LHFPL2,-1.032531654,0.009296224,LHFPL tetraspan subfamily member 2,Down
GALNT17,-2.966768645,0.009359928,polypeptide N-acetylgalactosaminyltransferase 17,Down
GNG12,-1.024614209,0.00937907,G protein subunit gamma 12,Down
NOPCHAP1,1.032172737,0.009383247,NOP protein chaperone 1,Up
PTTG1,2.16537869,0.009400302,"PTTG1 regulator of sister chromatid separation, securin",Up
GSTM2,-1.310294698,0.009430482,glutathione S-transferase mu 2,Down
BMP4,1.31785902,0.009435255,bone morphogenetic protein 4,Up
EFCC1,-1.298949436,0.009455799,EF-hand and coiled-coil domain containing 1,Down
PC,-1.735483249,0.009489036,pyruvate carboxylase,Down
HENMT1,1.293249046,0.009499129,HEN methyltransferase 1,Up
HP,-2.125835798,0.009515085,haptoglobin,Down
P2RY12,-2.125614678,0.009521803,purinergic receptor P2Y12,Down
TAS2R4,1.985778974,0.009537671,taste 2 receptor member 4,Up
PITPNM3,-2.583890835,0.009596482,PITPNM family member 3,Down
PHYHD1,-1.875236892,0.009625489,phytanoyl-CoA dioxygenase domain containing 1,Down
EIF5A2,1.305506022,0.009627164,eukaryotic translation initiation factor 5A2,Up
MPND,-1.245460185,0.00962754,MPN domain containing,Down
PI16,-3.403177865,0.009629079,peptidase inhibitor 16,Down
NALCN,-2.472983797,0.00967282,"sodium leak channel, non-selective",Down
STAMBPL1,1.157031899,0.009749176,STAM binding protein like 1,Up
C5orf34,1.302894144,0.009766251,chromosome 5 open reading frame 34,Up
UBE2QL1,-2.065082498,0.009772172,ubiquitin conjugating enzyme E2 Q family like 1,Down
KCNE3,1.127016389,0.009797116,potassium voltage-gated channel subfamily E regulatory subunit 3,Up
NHERF4,-1.34721161,0.009821679,NHERF family PDZ scaffold protein 4,Down
CCL15,-1.312843088,0.009867425,C-C motif chemokine ligand 15,Down
P2RY4,-2.087007528,0.009889315,pyrimidinergic receptor P2Y4,Down
TTYH1,-2.280291013,0.009903642,tweety family member 1,Down
PARM1,-1.653762753,0.009916726,prostate androgen-regulated mucin-like protein 1,Down
GRIN2B,3.529885692,0.009925487,glutamate ionotropic receptor NMDA type subunit 2B,Up
HACD3,1.013076557,0.009943046,3-hydroxyacyl-CoA dehydratase 3,Up
MXD1,-1.195322877,0.00994647,MAX dimerization protein 1,Down
JHY,-1.326074133,0.00996089,junctional cadherin complex regulator,Down
ITGB3,-2.201705953,0.009973759,integrin subunit beta 3,Down
ZNF106,-1.022626532,0.009974143,zinc finger protein 106,Down
SLC17A4,-2.62203779,0.01009577,solute carrier family 17 member 4,Down
MSH5,1.173973964,0.010121079,mutS homolog 5,Up
MTMR9,-1.139986546,0.010143872,myotubularin related protein 9,Down
PAMR1,-2.217410227,0.01015001,peptidase domain containing associated with muscle regeneration 1,Down
SCG3,-2.642380975,0.010161163,secretogranin III,Down
UGT1A7,-2.243891554,0.010164431,UDP glucuronosyltransferase family 1 member A7,Down
SYTL2,-1.109643415,0.010196792,synaptotagmin like 2,Down
MARS2,1.078426891,0.010221238,"methionyl-tRNA synthetase 2, mitochondrial",Up
DUOXA2,2.90514976,0.010221375,dual oxidase maturation factor 2,Up
RANBP1,1.004241467,0.010235624,RAN binding protein 1,Up
MRGPRF,-3.438976943,0.010245189,MAS related GPR family member F,Down
COL13A1,-1.324301322,0.010261706,collagen type XIII alpha 1 chain,Down
HSD17B7,1.137640408,0.010319718,hydroxysteroid 17-beta dehydrogenase 7,Up
PIRT,-3.250547047,0.010359658,phosphoinositide interacting regulator of transient receptor potential channels,Down
CDC25A,1.250333886,0.010360408,cell division cycle 25A,Up
C1orf226,-1.10185613,0.010396897,chromosome 1 open reading frame 226,Down
CASD1,-1.031031602,0.010403148,CAS1 domain containing 1,Down
ZNF625,-1.447665262,0.010445065,zinc finger protein 625,Down
NECTIN1,1.03297298,0.010456098,nectin cell adhesion molecule 1,Up
PFDN4,1.414567521,0.010468334,prefoldin subunit 4,Up
LIN9,1.059714274,0.010589241,lin-9 DREAM MuvB core complex component,Up
EPHA10,-1.456143038,0.010602155,EPH receptor A10,Down
UCN3,-1.851677569,0.010653573,urocortin 3,Down
PTGR3,-1.0372822,0.010660681,prostaglandin reductase 3,Down
TTC27,1.03684424,0.010668109,tetratricopeptide repeat domain 27,Up
CHI3L1,3.283085508,0.010727037,chitinase 3 like 1,Up
NME1-NME2,1.069182263,0.010756338,NME1-NME2 readthrough,Up
PRKAA2,-3.109230578,0.010774314,protein kinase AMP-activated catalytic subunit alpha 2,Down
HSPB6,-4.107439949,0.010780454,heat shock protein family B (small) member 6,Down
ZNF667,-2.121503883,0.010786498,zinc finger protein 667,Down
RRP12,1.079091215,0.01079631,ribosomal RNA processing 12 homolog,Up
SPIB,-4.457992261,0.010817621,Spi-B transcription factor,Down
PCDHB9,1.445330277,0.010876555,protocadherin beta 9,Up
TNS1,-3.720055942,0.010887241,tensin 1,Down
WNT2B,-1.338842706,0.010909543,Wnt family member 2B,Down
IGSF21,-2.060621058,0.010959122,immunoglobin superfamily member 21,Down
NDC80,1.347540779,0.010976903,NDC80 kinetochore complex component,Up
CYP3A4,-1.801269181,0.011011907,cytochrome P450 family 3 subfamily A member 4,Down
P4HA1,1.19143287,0.011020979,prolyl 4-hydroxylase subunit alpha 1,Up
TBC1D30,1.215928419,0.011023241,TBC1 domain family member 30,Up
OASL,-1.389712474,0.01105215,2'-5'-oligoadenylate synthetase like,Down
BEX4,-1.207469904,0.011054645,brain expressed X-linked 4,Down
WWTR1,-2.41848914,0.011146654,WW domain containing transcription regulator 1,Down
SNX33,-1.017282201,0.011155349,sorting nexin 33,Down
MROH7,-1.349630908,0.011161702,maestro heat like repeat family member 7,Down
TMTC1,-2.356940407,0.011193938,transmembrane O-mannosyltransferase targeting cadherins 1,Down
TACC3,1.239080102,0.01122589,transforming acidic coiled-coil containing protein 3,Up
NEK1,-1.082264112,0.011234102,NIMA related kinase 1,Down
IL27RA,1.224326637,0.011248275,interleukin 27 receptor subunit alpha,Up
AMOTL1,-2.801678174,0.011274887,angiomotin like 1,Down
SCN5A,-2.142718952,0.011281517,sodium voltage-gated channel alpha subunit 5,Down
STAC2,-2.671884868,0.011287442,SH3 and cysteine rich domain 2,Down
CD7,-1.251830859,0.011348718,CD7 molecule,Down
CACNA2D3,-1.816276811,0.011348943,calcium voltage-gated channel auxiliary subunit alpha2delta 3,Down
CCN5,-2.480283726,0.011349317,cellular communication network factor 5,Down
FMN2,-4.576502066,0.011354283,formin 2,Down
NOB1,1.039440671,0.011355672,NIN1 (RPN12) binding protein 1 homolog,Up
ZNF670,1.177187625,0.011367163,zinc finger protein 670,Up
RRP9,1.057169985,0.011372674,"ribosomal RNA processing 9, U3 small nucleolar RNA binding protein",Up
POT1,1.055598746,0.011393202,protection of telomeres 1,Up
MYPN,-2.0032648,0.011487217,myopalladin,Down
ACVR1C,-1.483269153,0.011488341,activin A receptor type 1C,Down
ACOT1,-1.339668856,0.011498458,acyl-CoA thioesterase 1,Down
CACNA1H,-3.29921597,0.011524824,calcium voltage-gated channel subunit alpha1 H,Down
STYK1,-1.393643706,0.011537405,serine/threonine/tyrosine kinase 1,Down
PHLDA2,1.137151888,0.011550836,pleckstrin homology like domain family A member 2,Up
CDC42EP3,-1.222417815,0.011560175,CDC42 effector protein 3,Down
GPR18,1.688196995,0.011579522,G protein-coupled receptor 18,Up
TWIST1,2.028606075,0.01158617,twist family bHLH transcription factor 1,Up
KIF21B,1.763118092,0.01159001,kinesin family member 21B,Up
TIGD2,1.056979964,0.011622563,tigger transposable element derived 2,Up
MYADM,-1.338515519,0.011626415,myeloid associated differentiation marker,Down
LRRC66,-1.597483479,0.011643998,leucine rich repeat containing 66,Down
SOX2,2.504708446,0.011666812,SRY-box transcription factor 2,Up
RERGL,-3.168069144,0.011670231,RERG like,Down
NAT8B,-1.965057328,0.011706207,"N-acetyltransferase 8B (putative, gene/pseudogene)",Down
CAPN9,-1.477205822,0.011716336,calpain 9,Down
ANO7,-1.507549817,0.01174863,anoctamin 7,Down
SNX24,-1.243796634,0.011841127,sorting nexin 24,Down
ABLIM2,1.603798091,0.011849848,actin binding LIM protein family member 2,Up
USP6,-2.127625343,0.011857065,ubiquitin specific peptidase 6,Down
TTC9,1.453532899,0.011862438,tetratricopeptide repeat domain 9,Up
EFNA4,1.069305427,0.011882562,ephrin A4,Up
NT5DC4,3.12037981,0.01190091,5'-nucleotidase domain containing 4,Up
SLC41A2,-1.096009583,0.01191584,solute carrier family 41 member 2,Down
ELOVL7,1.213944882,0.011926587,ELOVL fatty acid elongase 7,Up
KCNRG,1.679182454,0.011930161,potassium channel regulator,Up
ALDH6A1,-1.065516993,0.011934036,aldehyde dehydrogenase 6 family member A1,Down
PELI2,-1.218537126,0.011939878,pellino E3 ubiquitin protein ligase family member 2,Down
RNF122,-1.63697404,0.011954956,ring finger protein 122,Down
NCAM2,-2.570373658,0.011971923,neural cell adhesion molecule 2,Down
DCDC2,2.470808382,0.012003823,doublecortin domain containing 2,Up
SLC25A42,-1.303138871,0.012013205,solute carrier family 25 member 42,Down
HPSE2,-2.870727105,0.012016344,heparanase 2 (inactive),Down
C22orf23,-2.175935155,0.012051593,chromosome 22 open reading frame 23,Down
RRP1,1.046492363,0.012064945,ribosomal RNA processing 1,Up
GRID1,-1.357604888,0.012067119,glutamate ionotropic receptor delta type subunit 1,Down
TAS2R20,2.348683571,0.01210617,taste 2 receptor member 20,Up
DIXDC1,-2.02597568,0.012117989,DIX domain containing 1,Down
H1-3,1.124233737,0.012124642,"H1.3 linker histone, cluster member",Up
FAM171B,-1.225932349,0.012140587,family with sequence similarity 171 member B,Down
SEPTIN6,-1.573214849,0.012180776,septin 6,Down
ASB7,-1.037405136,0.012181168,ankyrin repeat and SOCS box containing 7,Down
FOSL2,-1.14592579,0.012187628,"FOS like 2, AP-1 transcription factor subunit",Down
NLGN3,-1.34884985,0.012230554,neuroligin 3,Down
NEDD9,-1.073377539,0.012242437,"neural precursor cell expressed, developmentally down-regulated 9",Down
PLEKHA8,1.04629332,0.012260933,pleckstrin homology domain containing A8,Up
HPRT1,1.044813368,0.012276082,hypoxanthine phosphoribosyltransferase 1,Up
TEX11,-2.087278074,0.012277212,testis expressed 11,Down
ANXA9,3.233480346,0.012282923,annexin A9,Up
RECK,-1.646843521,0.012346248,reversion inducing cysteine rich protein with kazal motifs,Down
SNX10,1.388787229,0.012347046,sorting nexin 10,Up
TSGA10,1.605214929,0.012352549,testis specific 10,Up
DUSP2,1.329339348,0.012409897,dual specificity phosphatase 2,Up
IRAG1,-2.400162147,0.012428612,"inositol 1,4,5-triphosphate receptor associated 1",Down
BHLHE41,-1.62329244,0.012435138,basic helix-loop-helix family member e41,Down
INKA2,-1.27754178,0.012451955,inka box actin regulator 2,Down
GPX3,-1.918057839,0.01248633,glutathione peroxidase 3,Down
KCNJ13,1.602100734,0.012502506,potassium inwardly rectifying channel subfamily J member 13,Up
TRIM36,-1.271923076,0.012506665,tripartite motif containing 36,Down
CLEC4A,1.298997642,0.012512787,C-type lectin domain family 4 member A,Up
EXOSC8,1.084838054,0.012537577,exosome component 8,Up
B3GALT5,-3.569806434,0.012550968,"beta-1,3-galactosyltransferase 5",Down
ADH6,-1.990380528,0.012561894,alcohol dehydrogenase 6 (class V),Down
TIMP1,1.794334537,0.012562326,TIMP metallopeptidase inhibitor 1,Up
FRZB,-1.260838941,0.012578693,frizzled related protein,Down
PRR7,1.985759213,0.012601499,"proline rich 7, synaptic",Up
P2RX6,-1.964520879,0.012618602,purinergic receptor P2X 6,Down
EMP1,-1.336863373,0.012619097,epithelial membrane protein 1,Down
YDJC,1.104339077,0.012737739,YdjC chitooligosaccharide deacetylase homolog,Up
PHGR1,-2.234977084,0.012770718,"proline, histidine and glycine rich 1",Down
TGIF1,1.101125896,0.012800661,TGFB induced factor homeobox 1,Up
MACIR,-1.434479416,0.012808044,macrophage immunometabolism regulator,Down
SIRT6,-1.008203939,0.01283693,sirtuin 6,Down
CECR2,1.518451886,0.012843225,CECR2 histone acetyl-lysine reader,Up
NUP210,1.457781549,0.012844116,nucleoporin 210,Up
OSBPL7,-1.057093974,0.01284852,oxysterol binding protein like 7,Down
MOB3A,-1.20471149,0.012884872,MOB kinase activator 3A,Down
DENND5B,-1.222837635,0.012922006,DENN domain containing 5B,Down
STIMATE-MUSTN1,-1.132492372,0.012928002,STIMATE-MUSTN1 readthrough,Down
CLMP,-2.431471143,0.013011316,CXADR like membrane protein,Down
EDNRB,-1.141982028,0.013020727,endothelin receptor type B,Down
TRPS1,-1.384472732,0.013032425,transcriptional repressor GATA binding 1,Down
RPS6KA5,-1.140210379,0.013068936,ribosomal protein S6 kinase A5,Down
F2R,1.194544796,0.013118555,coagulation factor II thrombin receptor,Up
PODXL2,1.503938644,0.01312542,podocalyxin like 2,Up
ZNF670-ZNF695,1.552140165,0.013180139,ZNF670-ZNF695 readthrough (NMD candidate),Up
RELT,1.273898598,0.013190901,RELT TNF receptor,Up
TMEM67,1.09044215,0.01324775,transmembrane protein 67,Up
LYPD3,2.520124048,0.013264743,LY6/PLAUR domain containing 3,Up
GP2,-2.643804539,0.013270196,glycoprotein 2,Down
PPP1R3C,-2.885715676,0.013279717,protein phosphatase 1 regulatory subunit 3C,Down
HS6ST2,2.489024629,0.013283318,heparan sulfate 6-O-sulfotransferase 2,Up
CACFD1,-1.003532405,0.013299948,calcium channel flower domain containing 1,Down
ABHD6,-1.074271509,0.013307764,"abhydrolase domain containing 6, acylglycerol lipase",Down
KCNK3,-2.011859687,0.01330836,potassium two pore domain channel subfamily K member 3,Down
LUZP2,-2.124903795,0.013335774,leucine zipper protein 2,Down
ZDHHC18,-1.011690783,0.01334214,zinc finger DHHC-type palmitoyltransferase 18,Down
CENPQ,1.222508583,0.013343919,centromere protein Q,Up
ORM2,2.445848512,0.013388742,orosomucoid 2,Up
PARD6G,-1.495722492,0.013402037,par-6 family cell polarity regulator gamma,Down
CACNA1D,1.280617653,0.013450891,calcium voltage-gated channel subunit alpha1 D,Up
SLCO5A1,-1.364387693,0.013468787,solute carrier organic anion transporter family member 5A1,Down
NUP35,1.066503305,0.013502319,nucleoporin 35,Up
USP17L17,2.275084064,0.013510237,ubiquitin specific peptidase 17 like family member 17,Up
SLC1A7,2.081525498,0.013544312,solute carrier family 1 member 7,Up
STAB1,-1.169211751,0.013642436,stabilin 1,Down
HOXD4,-1.440966482,0.013686379,homeobox D4,Down
ZNF296,1.084003233,0.013764181,zinc finger protein 296,Up
LILRB4,1.144607197,0.013770698,leukocyte immunoglobulin like receptor B4,Up
VWF,-1.02779047,0.01378016,von Willebrand factor,Down
ABCD2,-1.92571784,0.013780548,ATP binding cassette subfamily D member 2,Down
C4orf19,-1.456688759,0.013799306,chromosome 4 open reading frame 19,Down
RASSF10,2.463341427,0.013800361,Ras association domain family member 10,Up
C22orf15,-1.569284487,0.013812615,chromosome 22 open reading frame 15,Down
CCBE1,-4.339665053,0.013880312,collagen and calcium binding EGF domains 1,Down
HAL,1.300159052,0.013908348,histidine ammonia-lyase,Up
EEF1AKMT4,1.80272002,0.013909104,EEF1A lysine methyltransferase 4,Up
RSL1D1,1.024112358,0.013909539,ribosomal L1 domain containing 1,Up
EBLN2,1.308623861,0.013918237,endogenous Bornavirus like nucleoprotein 2,Up
ADCY10,2.148552037,0.013938453,adenylate cyclase 10,Up
FGF13,-1.455311311,0.013943586,fibroblast growth factor 13,Down
SPRED3,1.982508142,0.013958003,sprouty related EVH1 domain containing 3,Up
PPP1R3D,1.177525993,0.013976804,protein phosphatase 1 regulatory subunit 3D,Up
STON2,-1.109892008,0.01400482,stonin 2,Down
NIPAL4,-2.599696786,0.014006483,NIPA like domain containing 4,Down
ZNF300,1.353867184,0.014022863,zinc finger protein 300,Up
CBR4,-1.056246759,0.014030495,carbonyl reductase 4,Down
MLXIP,-1.020219222,0.014042798,MLX interacting protein,Down
CCNE2,1.114349511,0.01407309,cyclin E2,Up
DNMT3B,1.699300264,0.014089723,DNA methyltransferase 3 beta,Up
BMP6,-1.467976648,0.014090484,bone morphogenetic protein 6,Down
NUDT5,1.048595969,0.01411561,nudix hydrolase 5,Up
ITIH4,-1.67777442,0.014127451,inter-alpha-trypsin inhibitor heavy chain 4,Down
URB2,1.068151442,0.014180402,URB2 ribosome biogenesis homolog,Up
SLC29A4,-1.511144711,0.014203423,solute carrier family 29 member 4,Down
ACTR3C,1.062845216,0.014250708,actin related protein 3C,Up
KCNAB2,1.066371045,0.014318564,potassium voltage-gated channel subfamily A regulatory beta subunit 2,Up
ZNF84,1.016704208,0.014320738,zinc finger protein 84,Up
FAM117A,-1.087775786,0.014359117,family with sequence similarity 117 member A,Down
HES6,1.215583945,0.01439289,hes family bHLH transcription factor 6,Up
MSH2,1.017766178,0.014405473,mutS homolog 2,Up
TEAD4,1.568139829,0.014449754,TEA domain transcription factor 4,Up
GPR162,-1.397423473,0.014461801,G protein-coupled receptor 162,Down
PDE3B,-1.024497124,0.014473361,phosphodiesterase 3B,Down
FIGN,-1.878368621,0.014489724,"fidgetin, microtubule severing factor",Down
TMEM267,1.140936408,0.014575798,transmembrane protein 267,Up
ATOSA,-1.001339901,0.014639986,atos homolog A,Down
TAS2R5,2.27307743,0.014695453,taste 2 receptor member 5,Up
ZNF695,2.127341798,0.014702856,zinc finger protein 695,Up
SLC25A27,1.536996219,0.014726485,solute carrier family 25 member 27,Up
CCDC122,1.277900447,0.014787941,coiled-coil domain containing 122,Up
SASS6,1.054953502,0.014814989,SAS-6 centriolar assembly protein,Up
ABO,-1.317583125,0.014854948,"ABO, alpha 1-3-N-acetylgalactosaminyltransferase and alpha 1-3-galactosyltransferase",Down
C4BPB,1.357459255,0.014864183,complement component 4 binding protein beta,Up
ERV3-1,1.127812468,0.014869825,"endogenous retrovirus group 3 member 1, envelope",Up
BMERB1,-1.952486524,0.014949448,bMERB domain containing 1,Down
SPEG,-3.983464231,0.01495525,striated muscle enriched protein kinase,Down
CASKIN1,-2.482879248,0.014985822,CASK interacting protein 1,Down
CCDC15,1.358299862,0.014986337,coiled-coil domain containing 15,Up
OTUB2,1.792020925,0.015025942,"OTU deubiquitinase, ubiquitin aldehyde binding 2",Up
CEP250,1.000106238,0.015114615,centrosomal protein 250,Up
RBKS,-1.179699613,0.01515636,ribokinase,Down
TLCD4,-1.824354286,0.01518175,TLC domain containing 4,Down
HAUS5,1.00553976,0.01519129,HAUS augmin like complex subunit 5,Up
LTC4S,-1.245654223,0.015197042,leukotriene C4 synthase,Down
PRICKLE1,-1.756489108,0.015225782,prickle planar cell polarity protein 1,Down
GPRASP2,-1.798078481,0.015308926,G protein-coupled receptor associated sorting protein 2,Down
CDA,-1.118522766,0.015450367,cytidine deaminase,Down
KIF26B,2.831205684,0.015515337,kinesin family member 26B,Up
POPDC2,-3.674976902,0.015525833,popeye domain containing 2,Down
RAG1,1.723292248,0.015560285,recombination activating 1,Up
HCAR3,1.695608593,0.015565032,hydroxycarboxylic acid receptor 3,Up
ADAMTSL4,-1.522228131,0.01558784,ADAMTS like 4,Down
MPP7,-1.088716371,0.01559295,MAGUK p55 scaffold protein 7,Down
NSG1,-1.541620625,0.01567068,neuronal vesicle trafficking associated 1,Down
NEK5,1.982523154,0.015697547,NIMA related kinase 5,Up
DTYMK,1.048090791,0.015713566,deoxythymidylate kinase,Up
DLEC1,-1.354507917,0.01572108,DLEC1 cilia and flagella associated protein,Down
SLC25A15,1.086931796,0.015725053,solute carrier family 25 member 15,Up
BHLHE22,2.180877772,0.015812875,basic helix-loop-helix family member e22,Up
MYBPC1,-2.280522537,0.015816166,myosin binding protein C1,Down
ZFPM2,-1.857158952,0.015925995,"zinc finger protein, FOG family member 2",Down
SUV39H1,1.065705006,0.015927948,SUV39H1 histone lysine methyltransferase,Up
NR4A2,-1.564460504,0.01597085,nuclear receptor subfamily 4 group A member 2,Down
PNPLA2,-1.012149886,0.016023607,patatin like phospholipase domain containing 2,Down
FOXJ1,2.239765872,0.016066354,forkhead box J1,Up
DDIT4,1.45393316,0.016079845,DNA damage inducible transcript 4,Up
KLF8,-1.260094983,0.016090953,KLF transcription factor 8,Down
VSTM4,-1.501831275,0.016099861,V-set and transmembrane domain containing 4,Down
ICA1,1.108244206,0.016157302,islet cell autoantigen 1,Up
ALKBH2,1.094154101,0.016199916,"alkB homolog 2, alpha-ketoglutarate dependent dioxygenase",Up
LTK,-2.082161765,0.016210036,leukocyte receptor tyrosine kinase,Down
LPCAT2,1.077751886,0.01622781,lysophosphatidylcholine acyltransferase 2,Up
JAM2,-2.738633657,0.016229505,junctional adhesion molecule 2,Down
HIC1,-1.14241375,0.016362901,HIC ZBTB transcriptional repressor 1,Down
YY2,1.367663922,0.016445987,YY2 transcription factor,Up
CEP15,1.267159305,0.016451058,centrosomal protein 15,Up
KIAA0513,-1.647622944,0.01650093,KIAA0513,Down
NPC1L1,2.705009482,0.01650655,NPC1 like intracellular cholesterol transporter 1,Up
NOD2,1.743128834,0.016549049,nucleotide binding oligomerization domain containing 2,Up
L1CAM,-2.074683535,0.016569064,L1 cell adhesion molecule,Down
ZNF280C,1.020475183,0.016578309,zinc finger protein 280C,Up
GABRP,2.689859515,0.016616829,gamma-aminobutyric acid type A receptor subunit pi,Up
SQLE,1.764003575,0.016622075,squalene epoxidase,Up
HSPB1,-1.076348614,0.016632259,heat shock protein family B (small) member 1,Down
MARCHF2,-1.516187325,0.016641068,membrane associated ring-CH-type finger 2,Down
MAP2K6,-1.000454769,0.016741929,mitogen-activated protein kinase kinase 6,Down
GGACT,1.952100684,0.016753556,gamma-glutamylamine cyclotransferase,Up
CCNE1,1.112953266,0.016763166,cyclin E1,Up
TNN,-2.468076224,0.016808607,tenascin N,Down
TNFRSF11B,1.46587537,0.016842159,TNF receptor superfamily member 11b,Up
MARCKSL1,1.017028784,0.016886199,MARCKS like 1,Up
GPR84,2.38202763,0.016898613,G protein-coupled receptor 84,Up
H2BC18,1.491560155,0.01695011,H2B clustered histone 18,Up
L3MBTL1,1.00120178,0.016957889,L3MBTL histone methyl-lysine binding protein 1,Up
KLK10,2.035982444,0.016962569,kallikrein related peptidase 10,Up
CCDC77,1.139090105,0.016976839,coiled-coil domain containing 77,Up
RBP2,1.852535665,0.016986982,retinol binding protein 2,Up
PPP1R13L,1.015036132,0.016996219,protein phosphatase 1 regulatory subunit 13 like,Up
MAK,1.624222281,0.017022423,male germ cell associated kinase,Up
FLT3LG,-1.067492917,0.017187569,fms related receptor tyrosine kinase 3 ligand,Down
GIMAP8,-1.132116257,0.017217523,"GTPase, IMAP family member 8",Down
PRSS12,-1.45437433,0.017241261,serine protease 12,Down
PHF7,-1.019067812,0.017276943,PHD finger protein 7,Down
PCDH18,-1.064598022,0.017329656,protocadherin 18,Down
SNCG,-2.345775182,0.017333689,synuclein gamma,Down
COLEC12,-2.112180612,0.017337614,collectin subfamily member 12,Down
ATP2B4,-2.537804755,0.017338563,ATPase plasma membrane Ca2+ transporting 4,Down
STMN1,1.356363112,0.017383125,stathmin 1,Up
POC1B,1.023286237,0.017395683,POC1 centriolar protein B,Up
GPBAR1,-1.187775971,0.017417664,G protein-coupled bile acid receptor 1,Down
NECTIN4,2.152452172,0.017420236,nectin cell adhesion molecule 4,Up
PIGZ,-1.591732186,0.01742955,phosphatidylinositol glycan anchor biosynthesis class Z,Down
BID,1.095555844,0.0174345,BH3 interacting domain death agonist,Up
ZNF662,-1.214821812,0.017451471,zinc finger protein 662,Down
ATAD3C,1.460099448,0.017460245,ATPase family AAA domain containing 3C,Up
CNNM2,-1.0434265,0.017503205,cyclin and CBS domain divalent metal cation transport mediator 2,Down
EML5,-1.947546453,0.017504267,EMAP like 5,Down
SLC4A8,1.731730644,0.017518028,solute carrier family 4 member 8,Up
ERICH5,-1.484326909,0.017547772,glutamate rich 5,Down
SPNS2,1.015510774,0.017556537,"SPNS lysolipid transporter 2, sphingosine-1-phosphate",Up
RGS22,-1.986980101,0.017560327,regulator of G protein signaling 22,Down
OGT,1.02706308,0.01766324,O-linked N-acetylglucosamine (GlcNAc) transferase,Up
DUSP14,1.097906963,0.017692588,dual specificity phosphatase 14,Up
CD163L1,-1.674082304,0.017725726,CD163 molecule like 1,Down
AGR3,-1.268912239,0.017743532,"anterior gradient 3, protein disulphide isomerase family member",Down
POP1,1.131852292,0.017767482,"POP1 homolog, ribonuclease P/MRP subunit",Up
FGFR4,1.570900297,0.017771131,fibroblast growth factor receptor 4,Up
MSX1,3.239221094,0.017883295,msh homeobox 1,Up
KLF6,-1.024131412,0.017887014,KLF transcription factor 6,Down
JCHAIN,-1.202530197,0.017888058,joining chain of multimeric IgA and IgM,Down
ENGASE,1.101792495,0.017888481,endo-beta-N-acetylglucosaminidase,Up
RHOB,-1.157775848,0.01796044,ras homolog family member B,Down
AFAP1L2,-1.078892446,0.018004226,actin filament associated protein 1 like 2,Down
RSPO3,-1.342829275,0.018085241,R-spondin 3,Down
GP1BA,-1.358178746,0.018104337,glycoprotein Ib platelet subunit alpha,Down
SEMA4G,-1.036055792,0.018122981,semaphorin 4G,Down
CELA3A,-2.258089018,0.018129881,chymotrypsin like elastase 3A,Down
OSR2,-1.715168697,0.018192536,odd-skipped related transciption factor 2,Down
MFAP2,2.148179606,0.018223215,microfibril associated protein 2,Up
RBMS3,-2.238221674,0.018244384,RNA binding motif single stranded interacting protein 3,Down
SAMD10,1.072993042,0.018272011,sterile alpha motif domain containing 10,Up
LANCL3,-1.280701743,0.018321033,LanC like family member 3,Down
WDR54,1.055372215,0.018387762,WD repeat domain 54,Up
CFAP91,-1.816424208,0.018449033,cilia and flagella associated protein 91,Down
CHRDL1,-3.221130918,0.018457643,chordin like 1,Down
ROR1,-2.594907389,0.01850467,receptor tyrosine kinase like orphan receptor 1,Down
ZNF630,1.810572178,0.018698517,zinc finger protein 630,Up
STS,-1.387843161,0.018762509,steroid sulfatase,Down
DSG4,1.717806896,0.018782569,desmoglein 4,Up
LZTS3,1.183681759,0.018792225,leucine zipper tumor suppressor family member 3,Up
MS4A2,-1.402189195,0.018808528,membrane spanning 4-domains A2,Down
NXF3,-2.132450866,0.018822384,nuclear RNA export factor 3,Down
COL5A2,1.379944883,0.018948616,collagen type V alpha 2 chain,Up
FGF10,-3.129228532,0.018951214,fibroblast growth factor 10,Down
LRRC8E,2.962485471,0.018952765,leucine rich repeat containing 8 VRAC subunit E,Up
CDC25C,1.435530714,0.018970371,cell division cycle 25C,Up
PKHD1,2.452170556,0.018973419,PKHD1 ciliary IPT domain containing fibrocystin/polyductin,Up
SEC14L2,1.465679175,0.018984684,SEC14 like lipid binding 2,Up
SERPINB9,1.018693064,0.019084909,serpin family B member 9,Up
SDK1,-1.387359222,0.019216498,sidekick cell adhesion molecule 1,Down
GPM6A,-5.287390532,0.019484688,glycoprotein M6A,Down
PPP1R12B,-1.789890983,0.019507711,protein phosphatase 1 regulatory subunit 12B,Down
FBLN5,-2.088524728,0.019532729,fibulin 5,Down
CPXM1,2.059262881,0.019618517,"carboxypeptidase X, M14 family member 1",Up
MTHFD1L,1.314820224,0.019686296,methylenetetrahydrofolate dehydrogenase (NADP+ dependent) 1 like,Up
IQCN,-1.418824873,0.019694414,IQ motif containing N,Down
HSPG2,-1.374990377,0.019707093,heparan sulfate proteoglycan 2,Down
SLC16A4,1.135005878,0.019757177,solute carrier family 16 member 4,Up
CBX6,-2.120854023,0.019778046,chromobox 6,Down
LRRN3,1.76266893,0.019827371,leucine rich repeat neuronal 3,Up
CP,-1.498842035,0.019879354,ceruloplasmin,Down
PTX3,-2.238361925,0.019923689,pentraxin 3,Down
PTPRS,-2.21843301,0.019935833,protein tyrosine phosphatase receptor type S,Down
OAF,-1.065532335,0.019951491,out at first homolog,Down
PLIN5,-1.75623341,0.019973587,perilipin 5,Down
RPL39,1.074350636,0.019992677,ribosomal protein L39,Up
GRIN3A,-1.955783361,0.020019409,glutamate ionotropic receptor NMDA type subunit 3A,Down
ANKRD33B,-1.414181286,0.020058923,ankyrin repeat domain 33B,Down
TMEM17,1.805641532,0.020071641,transmembrane protein 17,Up
NEXN,-2.859923097,0.020089328,nexilin F-actin binding protein,Down
TBC1D9,-1.048206263,0.020100696,TBC1 domain family member 9,Down
MTSS2,-1.341471792,0.020124342,MTSS I-BAR domain containing 2,Down
RHOF,-1.293799627,0.020139779,"ras homolog family member F, filopodia associated",Down
CHCHD7,1.014393308,0.020147948,coiled-coil-helix-coiled-coil-helix domain containing 7,Up
DCUN1D5,1.003031872,0.020186748,defective in cullin neddylation 1 domain containing 5,Up
SORCS2,-1.198500328,0.020194167,sortilin related VPS10 domain containing receptor 2,Down
CADM1,-1.338618362,0.020251147,cell adhesion molecule 1,Down
H3C3,1.269063166,0.020257209,H3 clustered histone 3,Up
EPHX1,-1.041014953,0.020258171,epoxide hydrolase 1,Down
SDC3,-1.093021064,0.020304494,syndecan 3,Down
IL4I1,1.929052247,0.020395855,interleukin 4 induced 1,Up
GYPC,-1.97123133,0.020428576,glycophorin C (Gerbich blood group),Down
ESYT3,-1.791376124,0.020439822,extended synaptotagmin 3,Down
DGLUCY,-1.016013169,0.020442807,D-glutamate cyclase,Down
GSTO2,1.156533083,0.020498308,glutathione S-transferase omega 2,Up
APLN,2.230489991,0.020558048,apelin,Up
ECHDC3,-1.607337542,0.020632897,enoyl-CoA hydratase domain containing 3,Down
TMEM232,-1.745073552,0.020708227,transmembrane protein 232,Down
MAF,-1.024695678,0.020713454,MAF bZIP transcription factor,Down
ETFBKMT,-1.037078181,0.020732936,electron transfer flavoprotein subunit beta lysine methyltransferase,Down
CFAP54,-1.728363951,0.020783172,cilia and flagella associated protein 54,Down
SEZ6,-2.342172778,0.020806143,seizure related 6 homolog,Down
GVQW3,2.233834483,0.020831197,GVQW motif containing 3,Up
PEAR1,-1.448051089,0.020858172,platelet endothelial aggregation receptor 1,Down
KCNQ3,-2.474080503,0.020865211,potassium voltage-gated channel subfamily Q member 3,Down
ARMCX1,-2.168871045,0.020917384,armadillo repeat containing X-linked 1,Down
UGT2A3,-1.771361466,0.02093118,UDP glucuronosyltransferase family 2 member A3,Down
KLHL17,1.108472093,0.02094878,kelch like family member 17,Up
FSD1L,1.080786886,0.021056045,fibronectin type III and SPRY domain containing 1 like,Up
CCDC9B,-1.647797386,0.021069649,coiled-coil domain containing 9B,Down
TAS2R31,1.595160194,0.021098942,taste 2 receptor member 31,Up
ARSA,-1.076512758,0.021118252,arylsulfatase A,Down
SLC25A14,1.570414289,0.021167698,solute carrier family 25 member 14,Up
CD1D,-1.136211751,0.021172356,CD1d molecule,Down
PPP2R3B,1.021544056,0.021213705,protein phosphatase 2 regulatory subunit B''beta,Up
MCM8,1.123088321,0.021240202,minichromosome maintenance 8 homologous recombination repair factor,Up
NNAT,-1.513967776,0.0212682,neuronatin,Down
LATS2,-1.014364538,0.02127067,large tumor suppressor kinase 2,Down
CWH43,-3.036796939,0.021369109,cell wall biogenesis 43 C-terminal homolog,Down
PROB1,-1.143297858,0.021427947,proline rich basic protein 1,Down
IGFBP6,-2.478542947,0.02148961,insulin like growth factor binding protein 6,Down
DRD2,2.190047711,0.021499439,dopamine receptor D2,Up
NOS2,1.492660471,0.021591941,nitric oxide synthase 2,Up
CSRNP1,-1.119503,0.021603444,cysteine and serine rich nuclear protein 1,Down
ID4,-1.079886663,0.021799871,inhibitor of DNA binding 4,Down
CENPJ,1.203305881,0.021799906,centromere protein J,Up
TSPAN5,1.200241935,0.021835501,tetraspanin 5,Up
C1orf210,-1.167767107,0.021901282,chromosome 1 open reading frame 210,Down
OLFML2A,-2.464067031,0.021972269,olfactomedin like 2A,Down
HCAR2,1.615518955,0.021983835,hydroxycarboxylic acid receptor 2,Up
RNF180,-2.291284511,0.021992052,ring finger protein 180,Down
CEACAM8,-2.003114807,0.022022131,CEA cell adhesion molecule 8,Down
MORC4,1.013093443,0.022084922,MORC family CW-type zinc finger 4,Up
RIMBP2,-1.643412724,0.022136765,RIMS binding protein 2,Down
NPY4R2,-2.170025657,0.022150197,neuropeptide Y receptor Y4-2,Down
PTBP2,-1.133940002,0.02215848,polypyrimidine tract binding protein 2,Down
PIWIL1,2.004985325,0.022198326,piwi like RNA-mediated gene silencing 1,Up
FAM149A,-1.591260859,0.022205498,family with sequence similarity 149 member A,Down
DAPP1,1.140385112,0.022266229,dual adaptor of phosphotyrosine and 3-phosphoinositides 1,Up
ZNF366,-1.061128372,0.022280988,zinc finger protein 366,Down
IKZF4,-1.370204194,0.022315121,IKAROS family zinc finger 4,Down
SIGLEC1,-1.714911601,0.022430584,sialic acid binding Ig like lectin 1,Down
POGLUT2,1.102812271,0.022457657,protein O-glucosyltransferase 2,Up
PCDHA10,-1.879338589,0.022458742,protocadherin alpha 10,Down
CNKSR3,-1.118788327,0.022491286,CNKSR family member 3,Down
LMTK3,1.994644265,0.022528589,lemur tyrosine kinase 3,Up
FFAR2,1.607350122,0.022582465,free fatty acid receptor 2,Up
MIF,1.242561838,0.02262762,macrophage migration inhibitory factor,Up
ARHGEF38,1.3655745,0.022724086,Rho guanine nucleotide exchange factor 38,Up
TACC1,-1.082675213,0.022784321,transforming acidic coiled-coil containing protein 1,Down
KCNMB1,-3.920747447,0.022846378,potassium calcium-activated channel subfamily M regulatory beta subunit 1,Down
OR2A1,1.270129358,0.022902374,olfactory receptor family 2 subfamily A member 1,Up
EYA1,2.507489438,0.022910875,EYA transcriptional coactivator and phosphatase 1,Up
CTHRC1,3.654054524,0.022923812,collagen triple helix repeat containing 1,Up
BATF,1.928532085,0.022970018,basic leucine zipper ATF-like transcription factor,Up
ZGRF1,1.258275258,0.02303716,zinc finger GRF-type containing 1,Up
PROC,1.184115425,0.023063294,"protein C, inactivator of coagulation factors Va and VIIIa",Up
PRDM16,-1.969696464,0.023105644,PR/SET domain 16,Down
EFR3B,-1.346211841,0.023173213,EFR3 homolog B,Down
LYPD6B,1.879764524,0.023179636,LY6/PLAUR domain containing 6B,Up
DLL1,-1.04180726,0.023355687,delta like canonical Notch ligand 1,Down
SHISA2,1.873583296,0.023453507,shisa family member 2,Up
PODN,-1.934204974,0.023486638,podocan,Down
EXD3,-1.214391509,0.023578052,exonuclease 3'-5' domain containing 3,Down
RIMS3,-1.726764924,0.023585977,regulating synaptic membrane exocytosis 3,Down
BUB1B-PAK6,1.168275666,0.023610086,BUB1B-PAK6 readthrough,Up
SEMA3E,-4.329665999,0.023626323,semaphorin 3E,Down
APOB,-1.482142463,0.023683099,apolipoprotein B,Down
COMP,4.88836317,0.023691486,cartilage oligomeric matrix protein,Up
DNAH2,1.93090724,0.023704708,dynein axonemal heavy chain 2,Up
CACNA1G,-1.994504338,0.023705399,calcium voltage-gated channel subunit alpha1 G,Down
SLC7A2,-1.33646879,0.023708496,solute carrier family 7 member 2,Down
KCNJ12,-2.205280516,0.023724173,potassium inwardly rectifying channel subfamily J member 12,Down
TPM2,-3.430658275,0.023850078,tropomyosin 2,Down
SLAMF8,1.117036426,0.02390918,SLAM family member 8,Up
RBM38,-1.06628531,0.024026396,RNA binding motif protein 38,Down
TMEM198,1.272998114,0.024041255,transmembrane protein 198,Up
GAS2L1,-1.025531404,0.024069162,growth arrest specific 2 like 1,Down
PLCH1,1.46556939,0.024088726,phospholipase C eta 1,Up
H4C13,1.383274951,0.024137911,H4 clustered histone 13,Up
LIAT1,-1.123760929,0.024146154,ligand of ATE1,Down
TLE4,-1.023292458,0.024301461,"TLE family member 4, transcriptional corepressor",Down
STAR,-2.060094047,0.024342738,steroidogenic acute regulatory protein,Down
H3C4,1.365989096,0.024539371,H3 clustered histone 4,Up
C2orf74,-1.791943873,0.024584496,chromosome 2 open reading frame 74,Down
SPACA9,-1.633357571,0.024612934,sperm acrosome associated 9,Down
CCL4,1.209977065,0.024626429,C-C motif chemokine ligand 4,Up
CAMKMT,1.019852322,0.024653672,calmodulin-lysine N-methyltransferase,Up
PAX6,-2.404857493,0.024665714,paired box 6,Down
GSTT2,-2.197946971,0.024730978,glutathione S-transferase theta 2 (gene/pseudogene),Down
LGALS9B,-2.952376416,0.024733153,galectin 9B,Down
KLHDC8B,-1.759499066,0.024779,kelch domain containing 8B,Down
COL27A1,1.105865064,0.024790976,collagen type XXVII alpha 1 chain,Up
TRPC6,-1.083797969,0.024826749,transient receptor potential cation channel subfamily C member 6,Down
CLDN20,1.969732219,0.024833027,claudin 20,Up
AQP11,-1.229621139,0.024856197,aquaporin 11,Down
CARMIL2,1.019088106,0.024952958,capping protein regulator and myosin 1 linker 2,Up
ABHD8,-1.164046489,0.025122841,abhydrolase domain containing 8,Down
TMPRSS2,-1.183780953,0.025208479,transmembrane serine protease 2,Down
NFASC,-1.639874451,0.025305407,neurofascin,Down
NMNAT2,-1.337260658,0.025322719,nicotinamide nucleotide adenylyltransferase 2,Down
SLC6A16,-1.807689474,0.025349175,solute carrier family 6 member 16,Down
ADGRL2,-1.224122204,0.025702343,adhesion G protein-coupled receptor L2,Down
ARRDC4,-1.508846834,0.025734255,arrestin domain containing 4,Down
CD302,-1.041726846,0.025813487,CD302 molecule,Down
SLC18A2,-1.059483881,0.025918114,solute carrier family 18 member A2,Down
CYP2D7,1.032163635,0.025951331,cytochrome P450 family 2 subfamily D member 7 (gene/pseudogene),Up
GAREM2,-1.933783026,0.025990691,GRB2 associated regulator of MAPK1 subtype 2,Down
PCDH20,-1.49845659,0.026042965,protocadherin 20,Down
CNTNAP2,-2.075865405,0.026083129,contactin associated protein 2,Down
MFSD4A,-2.93378158,0.026183955,major facilitator superfamily domain containing 4A,Down
TPSG1,-1.772163625,0.026277596,tryptase gamma 1,Down
H4C4,1.233658228,0.026398308,H4 clustered histone 4,Up
TMEM158,1.443409407,0.02640041,transmembrane protein 158,Up
POLR3G,1.097519975,0.026483003,RNA polymerase III subunit G,Up
NLRX1,-1.14367735,0.026490545,NLR family member X1,Down
IFRD1,1.262259029,0.026588974,interferon related developmental regulator 1,Up
C3orf85,-1.68522618,0.026643169,chromosome 3 open reading frame 85,Down
LCN12,1.305221747,0.026679333,lipocalin 12,Up
PTPRF,-1.007429574,0.026729165,protein tyrosine phosphatase receptor type F,Down
CLDN15,1.26795428,0.026823457,claudin 15,Up
VASH2,2.060455205,0.026849343,vasohibin 2,Up
TMEM74B,1.881369132,0.026866085,transmembrane protein 74B,Up
PTPN14,-1.18983612,0.026882604,protein tyrosine phosphatase non-receptor type 14,Down
GGT1,-1.152390683,0.027118951,gamma-glutamyltransferase 1,Down
KIF20B,1.45204188,0.027120136,kinesin family member 20B,Up
SPECC1,-1.005588556,0.027193702,sperm antigen with calponin homology and coiled-coil domains 1,Down
IDO1,1.227651792,0.027265607,"indoleamine 2,3-dioxygenase 1",Up
RGMA,-3.648068288,0.027282407,repulsive guidance molecule BMP co-receptor a,Down
KCNIP4,-1.903405273,0.027292364,potassium voltage-gated channel interacting protein 4,Down
IQGAP2,-1.386187758,0.027332454,IQ motif containing GTPase activating protein 2,Down
STOX1,1.824985629,0.027378454,storkhead box 1,Up
ARAP3,1.037050147,0.027452499,"ArfGAP with RhoGAP domain, ankyrin repeat and PH domain 3",Up
MPV17L,-1.250673243,0.027462049,MPV17 mitochondrial inner membrane protein like,Down
VIPR2,-2.042044044,0.027491323,vasoactive intestinal peptide receptor 2,Down
S100B,-2.289598186,0.027499177,S100 calcium binding protein B,Down
ACSS2,-1.014517064,0.02757178,acyl-CoA synthetase short chain family member 2,Down
ITIH3,-2.147816993,0.027598543,inter-alpha-trypsin inhibitor heavy chain 3,Down
CYRIA,-1.166703543,0.02762598,CYFIP related Rac1 interactor A,Down
PDZD2,-1.437566806,0.027628147,PDZ domain containing 2,Down
CCDC85A,-2.258793085,0.027638013,coiled-coil domain containing 85A,Down
ITGA7,-2.748198791,0.027711734,integrin subunit alpha 7,Down
LGALS4,-1.153225489,0.02776074,galectin 4,Down
HECTD2,-1.036361424,0.027794725,HECT domain E3 ubiquitin protein ligase 2,Down
DNAH17,1.852060391,0.027802381,dynein axonemal heavy chain 17,Up
TMEM229B,-1.140588316,0.027931607,transmembrane protein 229B,Down
PKP3,1.028060762,0.027938531,plakophilin 3,Up
SMARCD3,-1.415296713,0.027955409,"SWI/SNF related, matrix associated, actin dependent regulator of chromatin, subfamily d, member 3",Down
TMEM26,1.962335411,0.028059473,transmembrane protein 26,Up
NCS1,-2.453570775,0.028094142,neuronal calcium sensor 1,Down
NBEA,-2.876498222,0.028129641,neurobeachin,Down
RBP1,1.245902013,0.028161227,retinol binding protein 1,Up
INSYN1,-2.331794515,0.028204277,inhibitory synaptic factor 1,Down
PDGFD,-1.184953607,0.028211034,platelet derived growth factor D,Down
USP17L18,1.88142575,0.028470807,ubiquitin specific peptidase 17 like family member 18,Up
REEP1,-1.35665578,0.028527475,receptor accessory protein 1,Down
HACD4,-1.204215333,0.028544128,3-hydroxyacyl-CoA dehydratase 4,Down
SH2D3C,-1.000417785,0.028622616,SH2 domain containing 3C,Down
RGS10,-1.008176464,0.028799594,regulator of G protein signaling 10,Down
RNFT2,1.434708234,0.028808041,"ring finger protein, transmembrane 2",Up
CARMIL3,1.571700673,0.028833346,capping protein regulator and myosin 1 linker 3,Up
ZG16,-5.65580369,0.028886521,zymogen granule protein 16,Down
JAKMIP1,-2.092257073,0.028943824,janus kinase and microtubule interacting protein 1,Down
DNAAF11,1.00877137,0.028967603,dynein axonemal assembly factor 11,Up
WFDC2,-1.356885847,0.029128482,WAP four-disulfide core domain 2,Down
HES2,1.152843488,0.029239436,hes family bHLH transcription factor 2,Up
RUBCNL,1.665329634,0.029304493,rubicon like autophagy enhancer,Up
AHDC1,-1.008845996,0.029333079,AT-hook DNA binding motif containing 1,Down
PALD1,1.055847961,0.029397546,phosphatase domain containing paladin 1,Up
KRT6C,2.235430037,0.029409046,keratin 6C,Up
ZNF467,-1.092441653,0.029449927,zinc finger protein 467,Down
INHBB,1.197399011,0.029556093,inhibin subunit beta B,Up
FBXL7,-1.879515188,0.029666058,F-box and leucine rich repeat protein 7,Down
DSG1,2.440949537,0.029740072,desmoglein 1,Up
H2AC4,1.667863298,0.029752938,H2A clustered histone 4,Up
CHPF,1.013800459,0.029779194,chondroitin polymerizing factor,Up
TLL1,-1.699900799,0.029783932,tolloid like 1,Down
GRB7,2.076242769,0.029802265,growth factor receptor bound protein 7,Up
ACKR4,-1.105753248,0.029838025,atypical chemokine receptor 4,Down
CTSO,-1.016002739,0.029839412,cathepsin O,Down
KLHL4,-2.110349606,0.029878976,kelch like family member 4,Down
MAP1B,-2.41288799,0.029934662,microtubule associated protein 1B,Down
COL19A1,-2.155705759,0.029937264,collagen type XIX alpha 1 chain,Down
P2RY2,-1.020851499,0.029947429,purinergic receptor P2Y2,Down
INS-IGF2,1.481498923,0.030114065,INS-IGF2 readthrough,Up
GIMAP5,-1.008722318,0.030146352,"GTPase, IMAP family member 5",Down
H2AC7,1.38566584,0.030168307,H2A clustered histone 7,Up
ZNF354C,-1.009406939,0.030231966,zinc finger protein 354C,Down
CEACAM6,1.209301603,0.03032622,CEA cell adhesion molecule 6,Up
AEN,1.064135379,0.030449225,apoptosis enhancing nuclease,Up
CATSPER1,2.470383007,0.030464415,cation channel sperm associated 1,Up
NHSL2,-2.286093136,0.030482114,NHS like 2,Down
FIBCD1,2.282387842,0.030487207,fibrinogen C domain containing 1,Up
LIMCH1,-1.104636371,0.030515616,LIM and calponin homology domains 1,Down
HSPA12B,-1.086354176,0.030520734,heat shock protein family A (Hsp70) member 12B,Down
TBC1D32,1.021058598,0.030639547,TBC1 domain family member 32,Up
KIAA1671,-1.343474884,0.030651405,KIAA1671,Down
SQOR,-1.612616053,0.030663251,sulfide quinone oxidoreductase,Down
MEIS1,-2.690621463,0.030792892,Meis homeobox 1,Down
ZBTB12,1.296052132,0.030915196,zinc finger and BTB domain containing 12,Up
GPR157,1.091945782,0.031123406,G protein-coupled receptor 157,Up
HAND2,-4.265110708,0.031347023,heart and neural crest derivatives expressed 2,Down
USP17L15,1.577572828,0.031354568,ubiquitin specific peptidase 17 like family member 15,Up
BVES,-3.47588136,0.031386528,blood vessel epicardial substance,Down
GFI1,-1.032071918,0.031575269,growth factor independent 1 transcriptional repressor,Down
ABCG2,-4.120239919,0.031661121,ATP binding cassette subfamily G member 2 (JR blood group),Down
MATCAP2,1.425740548,0.031677755,microtubule associated tyrosine carboxypeptidase 2,Up
SLC2A13,-1.352781109,0.031698077,solute carrier family 2 member 13,Down
KYNU,1.362475073,0.031773739,kynureninase,Up
KIF4B,1.921647073,0.031779137,kinesin family member 4B,Up
CFH,-1.042348682,0.031789147,complement factor H,Down
ZNF503,1.078859503,0.03185543,zinc finger protein 503,Up
NT5E,-1.008702015,0.031957416,5'-nucleotidase ecto,Down
ST6GALNAC2,-1.212250611,0.032398844,"ST6 N-acetylgalactosaminide alpha-2,6-sialyltransferase 2",Down
ZNF600,1.115050075,0.032553956,zinc finger protein 600,Up
WDR49,-1.948932046,0.032561398,WD repeat domain 49,Down
SLC22A23,-1.310381117,0.03271191,solute carrier family 22 member 23,Down
TRPM4,-1.004094446,0.032766728,transient receptor potential cation channel subfamily M member 4,Down
CSMD2,1.79801594,0.032775092,CUB and Sushi multiple domains 2,Up
SV2A,-2.140039354,0.032785509,synaptic vesicle glycoprotein 2A,Down
IRAG2,-1.141273772,0.032798727,"inositol 1,4,5-triphosphate receptor associated 2",Down
ZNF74,1.030334225,0.032934344,zinc finger protein 74,Up
PYROXD2,-1.118290878,0.032973543,pyridine nucleotide-disulphide oxidoreductase domain 2,Down
CCDC102A,-1.018475552,0.033171589,coiled-coil domain containing 102A,Down
INPP5D,1.681722586,0.033179552,inositol polyphosphate-5-phosphatase D,Up
H2BC3,1.264896845,0.033293767,H2B clustered histone 3,Up
DPH6,1.0165257,0.033381516,diphthamine biosynthesis 6,Up
SLC7A8,1.00637895,0.033426662,solute carrier family 7 member 8,Up
STON1,-2.634151587,0.033621736,stonin 1,Down
B3GNT6,-3.082096256,0.033668835,"UDP-GlcNAc:betaGal beta-1,3-N-acetylglucosaminyltransferase 6",Down
STON1-GTF2A1L,-2.78057543,0.033673188,STON1-GTF2A1L readthrough,Down
PEG3,-3.131290297,0.033679702,paternally expressed 3,Down
OLFM1,-2.001539162,0.033805321,olfactomedin 1,Down
AXL,-1.606968257,0.033853964,AXL receptor tyrosine kinase,Down
ATP2A1,-1.942464029,0.033921409,ATPase sarcoplasmic/endoplasmic reticulum Ca2+ transporting 1,Down
AKAP5,-1.375065145,0.034034119,A-kinase anchoring protein 5,Down
C16orf46,1.794031076,0.034074982,chromosome 16 open reading frame 46,Up
LRFN1,-1.324728427,0.034291394,leucine rich repeat and fibronectin type III domain containing 1,Down
PDE1C,-1.382096569,0.034498412,phosphodiesterase 1C,Down
NFE2,-1.849479909,0.034547757,"nuclear factor, erythroid 2",Down
MAP6,-3.037919266,0.03460458,microtubule associated protein 6,Down
TDRD6,1.958309098,0.034749332,tudor domain containing 6,Up
C7,-3.302106804,0.034944826,complement C7,Down
DLC1,-1.787146465,0.034962911,DLC1 Rho GTPase activating protein,Down
NPY4R,-1.976670606,0.035103578,neuropeptide Y receptor Y4,Down
FRMPD1,-1.998155959,0.035131795,FERM and PDZ domain containing 1,Down
CIDEC,-3.374188854,0.035164124,cell death inducing DFFA like effector c,Down
RHOJ,-1.346943169,0.035267092,ras homolog family member J,Down
NLRP6,1.992641457,0.035350285,NLR family pyrin domain containing 6,Up
SLC9A7,1.09547385,0.035352731,solute carrier family 9 member A7,Up
OR2B11,2.513171833,0.035370459,olfactory receptor family 2 subfamily B member 11,Up
ZNF483,-2.521371463,0.035444794,zinc finger protein 483,Down
RBM11,2.135340664,0.035543733,RNA binding motif protein 11,Up
GGTLC2,-1.044721281,0.035571007,gamma-glutamyltransferase light chain 2,Down
GPRC5D,1.804808297,0.035692445,G protein-coupled receptor class C group 5 member D,Up
NPR1,-2.07219516,0.035834011,natriuretic peptide receptor 1,Down
B3GALT2,1.566831985,0.035946709,"beta-1,3-galactosyltransferase 2",Up
ADAMTS6,2.069640051,0.035954541,ADAM metallopeptidase with thrombospondin type 1 motif 6,Up
RGS13,-2.054312795,0.035955855,regulator of G protein signaling 13,Down
DSC2,-1.016036631,0.035965118,desmocollin 2,Down
HOXD11,-1.945466869,0.036089424,homeobox D11,Down
EPHA4,-1.245980182,0.036171671,EPH receptor A4,Down
HEY1,-1.240162503,0.036202643,hes related family bHLH transcription factor with YRPW motif 1,Down
DUOX1,1.537686016,0.036402496,dual oxidase 1,Up
CFAP58,-2.194587006,0.036439925,cilia and flagella associated protein 58,Down
ITGAX,1.133755433,0.036443811,integrin subunit alpha X,Up
TBX1,-1.66394101,0.03651221,T-box transcription factor 1,Down
TMEM238L,-1.40700957,0.036551557,transmembrane protein 238 like,Down
TRHDE,-2.084992013,0.036656615,thyrotropin releasing hormone degrading enzyme,Down
CAVIN1,-2.270402992,0.036695507,caveolae associated protein 1,Down
TMEM200C,1.47372132,0.036736366,transmembrane protein 200C,Up
NKRF,1.127366839,0.036812745,NFKB repressing factor,Up
CFL2,-2.872574689,0.036873807,cofilin 2,Down
NAP1L2,-1.6808822,0.037011506,nucleosome assembly protein 1 like 2,Down
STXBP5L,-1.859007167,0.037102769,syntaxin binding protein 5L,Down
GZMH,1.424550474,0.037141347,granzyme H,Up
ANKRD9,-1.106667586,0.037262293,ankyrin repeat domain 9,Down
MAP3K7CL,1.040045055,0.037361236,MAP3K7 C-terminal like,Up
COL14A1,-1.138366356,0.037392754,collagen type XIV alpha 1 chain,Down
CLEC11A,1.149894598,0.037529328,C-type lectin domain containing 11A,Up
CIMIP2C,1.669754187,0.03764901,ciliary microtubule inner protein 2C,Up
RNASE2,1.786253581,0.037791011,ribonuclease A family member 2,Up
AOC3,-3.369339685,0.037850313,amine oxidase copper containing 3,Down
TMEM81,1.553113016,0.037851069,transmembrane protein 81,Up
MEIS2,-3.322726909,0.037867279,Meis homeobox 2,Down
E2F8,1.088705603,0.037958503,E2F transcription factor 8,Up
CLIP4,-1.990743558,0.038028698,CAP-Gly domain containing linker protein family member 4,Down
AQP7,-2.227596428,0.038080941,aquaporin 7,Down
FAM89A,1.464879649,0.038091918,family with sequence similarity 89 member A,Up
BNIP5,1.223122993,0.038136792,BCL2 interacting protein 5,Up
ST6GAL1,1.090634201,0.038258784,"ST6 beta-galactoside alpha-2,6-sialyltransferase 1",Up
PRCD,-1.594192516,0.038273488,photoreceptor disc component,Down
TNFSF12,-1.264306022,0.038303193,TNF superfamily member 12,Down
RIMKLB,-1.328750863,0.038432662,ribosomal modification protein rimK like family member B,Down
TOGARAM2,-1.749931953,0.038818339,TOG array regulator of axonemal microtubules 2,Down
GALNT12,-1.794071882,0.038875973,polypeptide N-acetylgalactosaminyltransferase 12,Down
SYNC,-1.312814048,0.03895398,"syncoilin, intermediate filament protein",Down
SARDH,-1.153096038,0.038994271,sarcosine dehydrogenase,Down
STAB2,-1.854343492,0.039039848,stabilin 2,Down
LIX1L,-1.069111362,0.039259171,limb and CNS expressed 1 like,Down
SELENBP1,-1.87089734,0.039418169,selenium binding protein 1,Down
CCDC141,-1.105770242,0.039507721,coiled-coil domain containing 141,Down
NLRP12,-1.793000661,0.039670287,NLR family pyrin domain containing 12,Down
EMB,1.066781735,0.03972411,embigin,Up
CARD11,1.387872382,0.039741366,caspase recruitment domain family member 11,Up
C9orf43,1.959523634,0.039756067,chromosome 9 open reading frame 43,Up
DPP10,-1.789380055,0.039769096,dipeptidyl peptidase like 10,Down
SLIT3,-2.59150869,0.040003126,slit guidance ligand 3,Down
PDE6B,-1.635293647,0.040190048,phosphodiesterase 6B,Down
ZNF239,1.216456993,0.040282672,zinc finger protein 239,Up
AKT3,-1.757046547,0.040346523,AKT serine/threonine kinase 3,Down
SNPH,-1.693062513,0.040369908,syntaphilin,Down
RUNDC3A,-1.5517433,0.040404602,RUN domain containing 3A,Down
PPP1R14D,-1.129456587,0.040422791,protein phosphatase 1 regulatory inhibitor subunit 14D,Down
GARIN5A,1.488604051,0.0405849,golgi associated RAB2 interactor 5A,Up
ITGBL1,2.147763497,0.040585322,integrin subunit beta like 1,Up
ILK,-1.012262116,0.040631167,integrin linked kinase,Down
PI15,-1.346376704,0.040637902,peptidase inhibitor 15,Down
DUOXA1,1.804293907,0.040669156,dual oxidase maturation factor 1,Up
ADAMTS18,1.859440004,0.040680468,ADAM metallopeptidase with thrombospondin type 1 motif 18,Up
TDRD10,-1.952781792,0.040737155,tudor domain containing 10,Down
PMP22,-1.404794182,0.040757568,peripheral myelin protein 22,Down
ACTN2,-1.844913353,0.040860658,actinin alpha 2,Down
PRRG3,-2.048709048,0.041014077,proline rich and Gla domain 3,Down
ADGRG5,1.556985733,0.041026294,adhesion G protein-coupled receptor G5,Up
AKR1C2,-1.138716888,0.041075586,aldo-keto reductase family 1 member C2,Down
PRR36,2.872444969,0.041091342,proline rich 36,Up
HTR4,-3.965762584,0.041355074,5-hydroxytryptamine receptor 4,Down
CFAP45,1.899082993,0.041402007,cilia and flagella associated protein 45,Up
ZNF528,-1.069631271,0.04140231,zinc finger protein 528,Down
FXYD6,-3.22652526,0.041471459,FXYD domain containing ion transport regulator 6,Down
APC2,-1.257002667,0.041560137,APC regulator of WNT signaling pathway 2,Down
TAS2R50,1.921639654,0.041570989,taste 2 receptor member 50,Up
BCL11B,1.567308817,0.041659516,BCL11 transcription factor B,Up
ZFP69B,1.630902869,0.04166248,ZFP69 zinc finger protein B,Up
NETO2,1.133766337,0.04166942,neuropilin and tolloid like 2,Up
PDGFRA,-1.05453342,0.041750659,platelet derived growth factor receptor alpha,Down
SEPTIN4,-1.253085354,0.041929383,septin 4,Down
GP6,1.682014741,0.041955011,glycoprotein VI platelet,Up
TMEM54,-1.496833093,0.042004872,transmembrane protein 54,Down
PHOSPHO2,1.33517677,0.0420252,"phosphatase, orphan 2",Up
GAPDHS,1.312476116,0.042109959,"glyceraldehyde-3-phosphate dehydrogenase, spermatogenic",Up
CMTM1,1.261826099,0.04239615,CKLF like MARVEL transmembrane domain containing 1,Up
AQP1,-1.002752955,0.042432517,aquaporin 1 (Colton blood group),Down
SPARCL1,-2.681075768,0.042460025,SPARC like 1,Down
SPDEF,-1.930901513,0.042648352,SAM pointed domain containing ETS transcription factor,Down
CRHBP,-1.749017864,0.042690472,corticotropin releasing hormone binding protein,Down
PTGES3L,-1.037112946,0.042713452,prostaglandin E synthase 3 like,Down
RGS11,-1.121673609,0.042800409,regulator of G protein signaling 11,Down
DGKI,-1.344869863,0.043070337,diacylglycerol kinase iota,Down
CUBN,-1.24339001,0.043079968,cubilin,Down
GAL3ST1,-1.036116787,0.043178539,galactose-3-O-sulfotransferase 1,Down
SLC12A8,1.017758539,0.043340811,solute carrier family 12 member 8,Up
PCP4,-1.698194347,0.043351507,Purkinje cell protein 4,Down
GRAPL,1.405252713,0.043362272,GRB2 related adaptor protein like,Up
POTEI,1.937730124,0.043573046,POTE ankyrin domain family member I,Up
ITGB1BP2,-1.557079971,0.0436406,integrin subunit beta 1 binding protein 2,Down
GSTT2B,-1.841297482,0.043832664,glutathione S-transferase theta 2B,Down
RFX6,-2.11372681,0.043863069,regulatory factor X6,Down
XKR6,1.269903794,0.043909251,XK related 6,Up
FCER1A,-2.064830589,0.044050805,Fc epsilon receptor Ia,Down
FCGBP,-3.991131989,0.044058778,Fc gamma binding protein,Down
ALOX15B,1.866076993,0.044283855,arachidonate 15-lipoxygenase type B,Up
ZNF486,1.115173694,0.044313317,zinc finger protein 486,Up
C14orf28,-1.022970367,0.044323669,chromosome 14 open reading frame 28,Down
RNASEL,-1.120319016,0.044418812,ribonuclease L,Down
TNFSF9,1.534491173,0.044451062,TNF superfamily member 9,Up
SOX7,-1.085775287,0.044473758,SRY-box transcription factor 7,Down
APCDD1,1.370484428,0.044681644,APC down-regulated 1,Up
ASTN2,-1.176254886,0.04476743,astrotactin 2,Down
TAGLN,-3.198700843,0.044815336,transgelin,Down
ICA1L,-1.485989085,0.044902573,islet cell autoantigen 1 like,Down
ADAMTS14,1.099320695,0.045007535,ADAM metallopeptidase with thrombospondin type 1 motif 14,Up
AMPD1,-1.932558049,0.045346205,adenosine monophosphate deaminase 1,Down
RAI2,-1.074552852,0.045361655,retinoic acid induced 2,Down
DAB1,-1.561370786,0.045365667,DAB adaptor protein 1,Down
AMPH,-1.771486914,0.045403606,amphiphysin,Down
EFNB3,1.672143933,0.045684661,ephrin B3,Up
DIPK1B,-1.678374053,0.045762831,divergent protein kinase domain 1B,Down
C16orf54,-1.1225447,0.046311642,chromosome 16 open reading frame 54,Down
SOCS6,-1.072298773,0.046322287,suppressor of cytokine signaling 6,Down
STC2,2.614458416,0.046427022,stanniocalcin 2,Up
SMARCA1,-1.312531804,0.04646337,"SWI/SNF related, matrix associated, actin dependent regulator of chromatin, subfamily a, member 1",Down
SERPINA3,-1.34124294,0.046667068,serpin family A member 3,Down
H3C13,1.209863761,0.046813462,H3 clustered histone 13,Up
PKLR,1.202151442,0.046994834,pyruvate kinase L/R,Up
PALM,-2.317724866,0.04707239,paralemmin,Down
EEF1AKMT1,1.029363735,0.047132302,EEF1A lysine methyltransferase 1,Up
CFAP92,1.562542372,0.047302719,cilia and flagella associated protein 92 (putative),Up
COL6A2,-1.62136556,0.047312125,collagen type VI alpha 2 chain,Down
RASGRP4,-1.404784718,0.047509617,RAS guanyl releasing protein 4,Down
PLEKHO1,-1.783653947,0.047568403,pleckstrin homology domain containing O1,Down
GRAP,1.034497618,0.047576752,GRB2 related adaptor protein,Up
ZNF626,-1.641789945,0.047637861,zinc finger protein 626,Down
KRT6A,1.813495926,0.047656852,keratin 6A,Up
OSR1,-3.145268377,0.047816138,odd-skipped related transcription factor 1,Down
MARCHF8,-1.041269923,0.047821312,membrane associated ring-CH-type finger 8,Down
KIAA1549L,-1.878768479,0.047845468,KIAA1549 like,Down
RASSF2,-1.48994535,0.047895506,Ras association domain family member 2,Down
ADCY1,-1.573243975,0.048185486,adenylate cyclase 1,Down
OIP5,1.025627628,0.04822309,Opa interacting protein 5,Up
SNAI1,1.388442615,0.04832328,snail family transcriptional repressor 1,Up
RAB38,-1.167661594,0.048422959,"RAB38, member RAS oncogene family",Down
WNT11,2.384782814,0.048575598,Wnt family member 11,Up
IQSEC3,-1.528297484,0.048774209,IQ motif and Sec7 domain ArfGEF 3,Down
KRT15,1.273762494,0.049091382,keratin 15,Up
HES5,-1.583236156,0.049154459,hes family bHLH transcription factor 5,Down
AK8,-1.54505376,0.049305691,adenylate kinase 8,Down
CYYR1,-1.127924737,0.049460878,cysteine and tyrosine rich 1,Down
MINDY1,-1.015753418,0.049533011,MINDY lysine 48 deubiquitinase 1,Down
FCRLB,1.585777366,0.049534422,Fc receptor like B,Up
KRBA2,-1.066459182,0.049718974,KRAB-A domain containing 2,Down
TNFSF10,-1.056886317,0.049760341,TNF superfamily member 10,Down
MT1A,-1.479625507,0.049826698,metallothionein 1A,Down
DRP2,-1.684255164,0.049901628,dystrophin related protein 2,Down
FAM43A,-1.046125281,0.049935234,family with sequence similarity 43 member A,Down
RTN4R,1.502159668,0.049943843,reticulon 4 receptor,Up
