Gene_ID,Gene_Symbol,Gene_Description,log2FoldChange,adjusted.P.Value,Regulation
1469,CST1,cystatin SN,9.73280605168105,1.14408305075133e-23,UP
6273,S100A2,S100 calcium binding protein A2,8.99082274688101,1.75372949402682e-20,UP
1800,DPEP1,dipeptidase 1,8.14638845577781,5.30888669787934e-21,UP
5354,PLP1,proteolipid protein 1,-8.16547411134783,3.45347597679072e-20,DOWN
11155,LDB3,LIM domain binding 3,-6.80600214133152,6.74262334083939e-25,DOWN
92736,OTOP2,otopetrin 2,-8.60199896001093,3.83462799056107e-15,DOWN
6493,SIM2,SIM bHLH transcription factor 2,6.772588529377,8.19760091997078e-24,UP
5068,REG3A,regenerating family member 3 alpha,9.12697420453391,2.80086417643573e-12,UP
57167,SALL4,spalt like transcription factor 4,6.72539689586424,1.16713145482123e-20,UP
343,AQP8,aquaporin 8,-6.45489414318717,6.25299116027598e-22,DOWN
4316,MMP7,matrix metallopeptidase 7,6.9176093154767,4.12742442336583e-16,UP
144501,KRT80,keratin 80,5.81106516315243,2.36713032604127e-23,UP
4312,MMP1,matrix metallopeptidase 1,6.06448607165947,1.12917091229086e-20,UP
222008,VSTM2A,V-set and transmembrane domain containing 2A,-7.32151243740026,4.76120629817792e-14,DOWN
3745,KCNB1,potassium voltage-gated channel subfamily B member 1,-6.80373261312182,5.24722771960094e-16,DOWN
1470,CST2,cystatin SA,6.20546505836841,2.87232942090709e-18,UP
22871,NLGN1,neuroligin 1,-7.4521450854874,6.00888917886353e-13,DOWN
2118,ETV4,ETS variant transcription factor 4,5.10367884562072,3.72114260163235e-31,UP
590,BCHE,butyrylcholinesterase,-7.17220373067397,1.91421072303926e-13,DOWN
282996,RBM20,RNA binding motif protein 20,-6.32088264756713,1.92200925527821e-16,DOWN
6750,SST,somatostatin,-6.29964773435866,2.17319896042394e-16,DOWN
5653,KLK6,kallikrein related peptidase 6,7.29871564811717,3.42233136815735e-12,UP
1001,CDH3,cadherin 3,5.46230616090965,1.02740957231714e-21,UP
1804,DPP6,dipeptidyl peptidase like 6,-7.22786022896058,4.18250911182323e-12,DOWN
645202,GOLGA6L24,golgin A6 family like 24,7.31666365850281,8.00487864549067e-12,UP
766,CA7,carbonic anhydrase 7,-6.5622100049399,2.10551145905988e-13,DOWN
26353,HSPB8,heat shock protein family B (small) member 8,-5.94952240133251,9.25583248011259e-16,DOWN
762,CA4,carbonic anhydrase 4,-5.23147588670343,5.23655160044741e-20,DOWN
100132202,GOLGA6L25,golgin A6 family like 25,7.05579514257172,5.98718554959673e-11,UP
164832,LONRF2,LON peptidase N-terminal domain and ring finger 2,-6.42635863250868,1.95465921723518e-12,DOWN
110599563,LY6G6F-LY6G6D,LY6G6F-LY6G6D readthrough,5.66240793638762,4.10246184571712e-15,UP
266675,BEST4,bestrophin 4,-6.21277406796063,1.18848181353584e-12,DOWN
58530,LY6G6D,lymphocyte antigen 6 family member G6D,5.61378959861974,7.04876016654329e-15,UP
11082,ESM1,endothelial cell specific molecule 1,6.657710391754,5.40719150737916e-11,UP
2980,GUCA2A,guanylate cyclase activator 2A,-5.16679572791349,1.31324464828513e-16,DOWN
57214,CEMIP,cell migration inducing hyaluronidase 1,4.59425039846799,2.60641278271668e-22,UP
5222,PGA5,pepsinogen A5,-6.67780886101138,3.53168489977374e-10,DOWN
547,KIF1A,kinesin family member 1A,-7.17572710182604,2.69143178042166e-09,DOWN
154064,RAET1L,retinoic acid early transcript 1L,5.27827533719967,4.94527438641571e-14,UP
4842,NOS1,nitric oxide synthase 1,-6.0487920703903,4.98631497900309e-11,DOWN
6329,SCN4A,sodium voltage-gated channel alpha subunit 4,-6.17466514633419,1.03885226415868e-10,DOWN
9076,CLDN1,claudin 1,4.56862251746661,5.55197312863786e-18,UP
84141,EVA1A,"eva-1 homolog A, regulator of programmed cell death",4.92024146108949,6.97010104927938e-15,UP
5348,FXYD1,FXYD domain containing ion transport regulator 1,-5.14755710670553,2.29931394265325e-13,DOWN
6865,TACR2,tachykinin receptor 2,-5.29928019993078,1.41998373979763e-12,DOWN
51059,FAM135B,family with sequence similarity 135 member B,-6.18565546630481,7.59036627691067e-10,DOWN
120071,LARGE2,LARGE xylosyl- and glucuronyltransferase 2,4.35749124776617,3.58235756626963e-18,UP
117,ADCYAP1R1,ADCYAP receptor type I,-6.08830609744179,7.48786171850398e-10,DOWN
9542,NRG2,neuregulin 2,-5.87365804637701,4.05298070829417e-10,DOWN
9075,CLDN2,claudin 2,6.67578841675407,1.15512523281843e-08,UP
2172,FABP6,fatty acid binding protein 6,5.64978213353476,2.33923714293544e-10,UP
57822,GRHL3,grainyhead like transcription factor 3,5.86539139620953,9.78956505765001e-10,UP
760,CA2,carbonic anhydrase 2,-4.77670642172843,1.05712894422203e-12,DOWN
54346,UNC93A,unc-93 homolog A,6.19078906644219,6.50142523773598e-09,UP
2981,GUCA2B,guanylate cyclase activator 2B,-7.26436097338831,1.33253334703726e-07,DOWN
254439,C11orf86,chromosome 11 open reading frame 86,-4.46500759515691,7.76516704286166e-14,DOWN
9340,GLP2R,glucagon like peptide 2 receptor,-4.26413239116016,7.4656709352467e-15,DOWN
9413,ENTREP1,endosomal transmembrane epsin interactor 1,-4.32236573484953,1.98246482093322e-14,DOWN
286133,SCARA5,scavenger receptor class A member 5,-4.2016144037423,3.75919378041188e-15,DOWN
3778,KCNMA1,potassium calcium-activated channel subfamily M alpha 1,-5.15314620502078,1.4430118264052e-10,DOWN
6947,TCN1,transcobalamin 1,6.51698617549307,4.09648163741021e-08,UP
5803,PTPRZ1,protein tyrosine phosphatase receptor type Z1,-6.58624512900297,5.36809328005001e-08,DOWN
1056,CEL,carboxyl ester lipase,4.16059778813419,2.28746815510581e-14,UP
64388,GREM2,"gremlin 2, DAN family BMP antagonist",-4.47482071386627,2.15391743082235e-12,DOWN
3624,INHBA,inhibin subunit beta A,4.54105302996603,6.45494663886996e-12,UP
768,CA9,carbonic anhydrase 9,4.36011162414011,1.83710946968209e-12,UP
11170,FAM107A,family with sequence similarity 107 member A,-4.05805558502652,4.15814476687931e-14,DOWN
4322,MMP13,matrix metallopeptidase 13,5.21996886510326,2.39547914962965e-09,UP
55532,SLC30A10,solute carrier family 30 member 10,-4.19322548587037,7.9479017936274e-13,DOWN
7123,CLEC3B,C-type lectin domain family 3 member B,-3.77466168303712,1.31114154847312e-15,DOWN
84000,TMPRSS13,transmembrane serine protease 13,5.24942439524166,5.02973193596272e-09,UP
253152,EPHX4,epoxide hydrolase 4,4.27666564240671,6.82815273014707e-12,UP
7111,TMOD1,tropomodulin 1,-3.98124781634426,2.64520988640373e-13,DOWN
340533,NEXMIF,neurite extension and migration factor,-5.81471014391777,6.10915594627165e-08,DOWN
1272,CNTN1,contactin 1,-5.40987050052099,1.80895401340009e-08,DOWN
80328,ULBP2,UL16 binding protein 2,4.269726443641,1.67058639661016e-11,UP
2318,FLNC,filamin C,-4.49188408352744,1.42785812087206e-10,DOWN
5053,PAH,phenylalanine hydroxylase,5.87608691898335,9.20983525418149e-08,UP
4320,MMP11,matrix metallopeptidase 11,3.97134385743245,6.72128669000049e-13,UP
7148,TNXB,tenascin XB,-4.08115490519473,3.58472300919674e-12,DOWN
54979,PLAAT2,phospholipase A and acyltransferase 2,-3.90041937714676,5.22428172764376e-13,DOWN
9378,NRXN1,neurexin 1,-5.29230374301947,2.12528126433888e-08,DOWN
3651,PDX1,pancreatic and duodenal homeobox 1,3.99086792484523,2.85644989426478e-12,UP
90019,SYT8,synaptotagmin 8,5.38531666931731,3.5148261895751e-08,UP
5521,PPP2R2B,protein phosphatase 2 regulatory subunit Bbeta,-5.27720555719754,2.60590624528387e-08,DOWN
577,ADGRB3,adhesion G protein-coupled receptor B3,-4.18619068599023,4.76203081220595e-11,DOWN
64849,SLC13A3,solute carrier family 13 member 3,5.1948694878379,2.34141917538545e-08,UP
54716,SLC6A20,solute carrier family 6 member 20,3.94689803072943,3.64194975448191e-12,UP
124,ADH1A,"alcohol dehydrogenase 1A (class I), alpha polypeptide",-4.76244268041132,3.62182618897592e-09,DOWN
287,ANK2,ankyrin 2,-4.4238185329629,4.4732985533942e-10,DOWN
60676,PAPPA2,pappalysin 2,-5.23718459664916,3.23745303319546e-08,DOWN
4620,MYH2,myosin heavy chain 2,-4.10222351544929,3.62377291373622e-11,DOWN
5268,SERPINB5,serpin family B member 5,3.92722004695572,5.13301462164099e-12,UP
4684,NCAM1,neural cell adhesion molecule 1,-3.84257596523987,2.0072638291131e-12,DOWN
6398,SECTM1,secreted and transmembrane 1,-3.67582852012154,1.57356763423782e-13,DOWN
93649,MYOCD,myocardin,-4.28127525918593,2.33316580599756e-10,DOWN
27132,CPNE7,copine 7,3.9391798919787,7.93249127366849e-12,UP
25984,KRT23,keratin 23,6.64335472898381,1.22592475853331e-06,UP
653820,FAM72B,family with sequence similarity 72 member B,4.55033770979299,1.94064243492274e-09,UP
1301,COL11A1,collagen type XI alpha 1 chain,5.10935267500386,3.24304984450992e-08,UP
9099,USP2,ubiquitin specific peptidase 2,-4.0631052852218,4.72389876224911e-11,DOWN
66004,LYNX1,Ly6/neurotoxin 1,-4.60896150108358,3.41990504349763e-09,DOWN
1114,CHGB,chromogranin B,-3.96637164529727,1.93134518591986e-11,DOWN
3552,IL1A,interleukin 1 alpha,5.6158306049823,1.87887638715804e-07,UP
9211,LGI1,leucine rich glioma inactivated 1,-5.44273935775145,1.1824050946446e-07,DOWN
79776,ZFHX4,zinc finger homeobox 4,-4.59408613461634,3.9679748554832e-09,DOWN
6663,SOX10,SRY-box transcription factor 10,-4.50282329939365,2.621946352831e-09,DOWN
1811,SLC26A3,solute carrier family 26 member 3,-4.2634074305342,6.27523589332924e-10,DOWN
57126,CD177,CD177 molecule,-4.33497575619105,1.06947788376704e-09,DOWN
111188157,LYNX1-SLURP2,LYNX1-SLURP2 readthrough,-4.72763282365771,1.19130258456573e-08,DOWN
5239,PGM5,phosphoglucomutase 5,-3.90798086886694,2.9482667491066e-11,DOWN
5462,POU5F1B,POU class 5 homeobox 1B,3.66303287803634,1.31314403095519e-12,UP
1756,DMD,dystrophin,-3.71320575222958,3.30673157452133e-12,DOWN
5662,PSD,pleckstrin and Sec7 domain containing,-5.14392725992035,8.15581766420654e-08,DOWN
1830,DSG3,desmoglein 3,4.86705069190072,2.95093255180548e-08,UP
3741,KCNA5,potassium voltage-gated channel subfamily A member 5,-4.90293790136267,3.46395824122159e-08,DOWN
145741,C2CD4A,C2 calcium dependent domain containing 4A,4.01958121078452,1.43374341140236e-10,UP
2906,GRIN2D,glutamate ionotropic receptor NMDA type subunit 2D,4.22553683998864,8.9650356256792e-10,UP
5317,PKP1,plakophilin 1,4.7813608122892,2.75347046280217e-08,UP
22866,CNKSR2,connector enhancer of kinase suppressor of Ras 2,-4.99827949711206,6.71687395965797e-08,DOWN
200931,SLC51A,solute carrier family 51 member A,-4.32550493601153,2.69134045471812e-09,DOWN
2596,GAP43,growth associated protein 43,-5.56666877627013,3.91537832669108e-07,DOWN
53353,LRP1B,LDL receptor related protein 1B,-4.58801308063286,1.24216569326667e-08,DOWN
115572,TENT5B,terminal nucleotidyltransferase 5B,-5.17900685241881,1.40673597012614e-07,DOWN
340706,VWA2,von Willebrand factor A domain containing 2,3.7760663356129,2.48671360514845e-11,UP
344,APOC2,apolipoprotein C2,3.91677788910109,1.16928041107138e-10,UP
7704,ZBTB16,zinc finger and BTB domain containing 16,-3.84033377207633,5.32309031461284e-11,DOWN
145270,PRIMA1,proline rich membrane anchor 1,-4.59756205261564,1.49317226034507e-08,DOWN
5350,PLN,phospholamban,-4.52740421738273,1.05374935128207e-08,DOWN
100533990,APOC4-APOC2,APOC4-APOC2 readthrough (NMD candidate),3.8994928993867,1.19735593689769e-10,UP
10580,SORBS1,sorbin and SH3 domain containing 1,-4.11906438499483,8.72694150215429e-10,DOWN
9080,CLDN9,claudin 9,4.83322672601928,4.90058367950647e-08,UP
220441,RNF152,ring finger protein 152,-3.63757929786914,6.11435854449482e-12,DOWN
2676,GFRA3,GDNF family receptor alpha 3,-3.79645327367629,4.79392779902191e-11,DOWN
1591,CYP24A1,cytochrome P450 family 24 subfamily A member 1,5.54991183946469,5.01710636487349e-07,UP
123264,SLC51B,SLC51 subunit beta,-3.58219872435697,4.16414674542085e-12,DOWN
25975,EGFL6,EGF like domain multiple 6,4.08030427351471,1.29698993702103e-09,UP
23551,RASD2,RASD family member 2,-3.42532203276468,6.187452416621e-13,DOWN
23066,CAND2,cullin associated and neddylation dissociated 2 (putative),-3.78274561528327,9.00671499557995e-11,DOWN
1836,SLC26A2,solute carrier family 26 member 2,-3.37719953753591,4.05142091295154e-13,DOWN
51285,RASL12,RAS like family 12,-3.32557076710712,1.56387997409222e-13,DOWN
3131,HLF,"HLF transcription factor, PAR bZIP family member",-3.57737984547419,1.18469191501164e-11,DOWN
651,BMP3,bone morphogenetic protein 3,-5.96486353459224,1.81257487787812e-06,DOWN
10170,DHRS9,dehydrogenase/reductase 9,-3.80775743261786,2.16664185127519e-10,DOWN
1268,CNR1,cannabinoid receptor 1,-5.03849865351481,2.41040690206199e-07,DOWN
64063,PRSS22,serine protease 22,4.32635023029611,2.0257129539638e-08,UP
4488,MSX2,msh homeobox 2,3.64884339918562,1.31312102226187e-10,UP
56977,STOX2,storkhead box 2,-3.46134324296483,1.44810823253582e-11,DOWN
51676,ASB2,ankyrin repeat and SOCS box containing 2,-3.85712119418938,1.10179865990872e-09,DOWN
4225,MEP1B,meprin A subunit beta,-3.82011255684934,8.36884025070876e-10,DOWN
6997,CRIPTO,"cripto, EGF-CFC family member",3.59976446312871,1.04738420803003e-10,UP
6263,RYR3,ryanodine receptor 3,-3.80630649455533,8.34354817506091e-10,DOWN
7038,TG,thyroglobulin,3.81715149717771,1.15341766418447e-09,UP
6799,SULT1A2,sulfotransferase family 1A member 2,-3.27981449470996,1.66754756217124e-12,DOWN
57761,TRIB3,tribbles pseudokinase 3,3.50577732822858,5.44973898285733e-11,UP
4314,MMP3,matrix metallopeptidase 3,4.68198272249204,1.7409284824847e-07,UP
9607,CARTPT,CART prepropeptide,-6.65759451949687,8.85753165894675e-06,DOWN
6374,CXCL5,C-X-C motif chemokine ligand 5,4.85069743154489,3.36318357370747e-07,UP
84951,TNS4,tensin 4,3.41046418638215,6.03189672910404e-11,UP
2899,GRIK3,glutamate ionotropic receptor kainate type subunit 3,-3.94210129669112,8.19327494330902e-09,DOWN
6820,SULT2B1,sulfotransferase family 2B member 1,4.06326967315492,1.91333126176978e-08,UP
23305,ACSL6,acyl-CoA synthetase long chain family member 6,4.59296151862512,2.09838154410354e-07,UP
147111,NOTUM,"notum, palmitoleoyl-protein carboxylesterase",5.67829338799764,3.18054849700819e-06,UP
7857,SCG2,secretogranin II,-4.74915611018596,4.16778696714932e-07,DOWN
159296,NKX2-3,NK2 homeobox 3,-3.59401255546357,9.16144587758079e-10,DOWN
6517,SLC2A4,solute carrier family 2 member 4,-3.37211624503076,9.5735951599206e-11,DOWN
127534,GJB4,gap junction protein beta 4,4.35926027261723,1.18462129382618e-07,UP
4148,MATN3,matrilin 3,4.48411256990565,2.19239833524715e-07,UP
9423,NTN1,netrin 1,-3.5487680891793,9.40292027323411e-10,DOWN
51176,LEF1,lymphoid enhancer binding factor 1,3.55562656310535,1.14928544489189e-09,UP
6533,SLC6A6,solute carrier family 6 member 6,3.11583549091579,4.73958111758003e-12,UP
4070,TACSTD2,tumor associated calcium signal transducer 2,4.52210702981942,2.91835285905424e-07,UP
203859,ANO5,anoctamin 5,-3.49280694075763,7.30022715736243e-10,DOWN
3294,HSD17B2,hydroxysteroid 17-beta dehydrogenase 2,-3.41105734941106,3.65958950261875e-10,DOWN
6335,SCN9A,sodium voltage-gated channel alpha subunit 9,-3.63861249558566,3.2061008255447e-09,DOWN
2651,GCNT2,glucosaminyl (N-acetyl) transferase 2 (I blood group),-3.31768921032285,1.33984706490706e-10,DOWN
84940,CORO6,coronin 6,-3.40036174830562,3.72484559458239e-10,DOWN
11075,STMN2,stathmin 2,-3.57952383298029,2.87067832401706e-09,DOWN
23148,NACAD,NAC alpha domain containing,-4.20433462231349,1.46823826562515e-07,DOWN
64067,NPAS3,neuronal PAS domain protein 3,-4.57047697378736,6.02458417904956e-07,DOWN
8549,LGR5,leucine rich repeat containing G protein-coupled receptor 5,3.49195627181197,2.31104949675426e-09,UP
197257,LDHD,lactate dehydrogenase D,-3.27477227000717,4.85860858611655e-10,DOWN
6297,SALL2,spalt like transcription factor 2,-4.0845467243134,1.52992063432739e-07,DOWN
11065,UBE2C,ubiquitin conjugating enzyme E2 C,3.16030376982341,1.57803883567899e-10,UP
10309,CCNO,cyclin O,4.45776702665873,6.11969039911208e-07,UP
5125,PCSK5,proprotein convertase subtilisin/kexin type 5,-2.820852601129,4.53079650124023e-13,DOWN
10590,SCGN,"secretagogin, EF-hand calcium binding protein",-3.82888248635991,4.85388647027218e-08,DOWN
23650,TRIM29,tripartite motif containing 29,4.01998244936157,1.31339523946528e-07,UP
85407,NKD1,NKD inhibitor of WNT signaling pathway 1,3.41654038417387,3.58078866494139e-09,UP
80332,ADAM33,ADAM metallopeptidase domain 33,-3.33784330520394,1.77024252628307e-09,DOWN
51316,PLAC8,placenta associated 8,-3.4073119515604,3.4599004265959e-09,DOWN
10529,NEBL,nebulette,3.1523909551031,3.25558020623264e-10,UP
4751,NEK2,NIMA related kinase 2,3.05700033268003,9.9488262859473e-11,UP
11251,PTGDR2,prostaglandin D2 receptor 2,-4.06588040013957,2.26823186259487e-07,DOWN
7153,TOP2A,DNA topoisomerase II alpha,2.77389427307725,6.6908978089007e-13,UP
563,AZGP1,"alpha-2-glycoprotein 1, zinc-binding",3.08818986542749,1.7504762937005e-10,UP
4499,MT1M,metallothionein 1M,-3.96982594639853,1.72741521198828e-07,DOWN
8647,ABCB11,ATP binding cassette subfamily B member 11,-4.19911495661714,4.2891883704122e-07,DOWN
140893,RBBP8NL,RBBP8 N-terminal like,3.14721386121563,4.77888514782922e-10,UP
340024,SLC6A19,solute carrier family 6 member 19,-3.69813448831259,5.20454560600029e-08,DOWN
9455,HOMER2,homer scaffold protein 2,-4.68711391078278,2.06221720288309e-06,DOWN
11240,PADI2,peptidyl arginine deiminase 2,-3.27402085412098,2.48597442176185e-09,DOWN
1261,CNGA3,cyclic nucleotide gated channel subunit alpha 3,-4.99765233675873,4.18171302366946e-06,DOWN
140803,TRPM6,transient receptor potential cation channel subfamily M member 6,-3.31143407502456,4.42466668178666e-09,DOWN
1113,CHGA,chromogranin A,-4.36202599505821,1.01023009093179e-06,DOWN
7166,TPH1,tryptophan hydroxylase 1,-3.84628622977398,1.47760609546521e-07,DOWN
28513,CDH19,cadherin 19,-3.49218028142602,1.98572106597878e-08,DOWN
79148,MMP28,matrix metallopeptidase 28,-3.2609076746148,3.32018115964422e-09,DOWN
248,ALPI,"alkaline phosphatase, intestinal",-3.37697747515047,9.12943521705453e-09,DOWN
3872,KRT17,keratin 17,3.77900650995446,1.33293301497735e-07,UP
22974,TPX2,TPX2 microtubule nucleation factor,2.80691392498728,1.3285733854879e-11,UP
64220,STRA6,signaling receptor and transporter of retinol STRA6,4.42043987411687,1.50992922464824e-06,UP
290,ANPEP,"alanyl aminopeptidase, membrane",-3.43638272793872,2.06073136057487e-08,DOWN
121268,RHEBL1,RHEB like 1,4.52617156147769,2.2077217851441e-06,UP
6900,CNTN2,contactin 2,-4.35888158629434,1.43813744292944e-06,DOWN
4619,MYH1,myosin heavy chain 1,-3.67697860091323,1.08822210843854e-07,DOWN
1996,ELAVL4,ELAV like RNA binding protein 4,-4.88015689392034,5.42352072025482e-06,DOWN
23676,SMPX,small muscle protein X-linked,-4.97013918391141,6.51801271178514e-06,DOWN
9603,NFE2L3,NFE2 like bZIP transcription factor 3,2.88244260507858,1.69198021462541e-10,UP
5593,PRKG2,protein kinase cGMP-dependent 2,-4.077184189223,7.97034195755055e-07,DOWN
773,CACNA1A,calcium voltage-gated channel subunit alpha1 A,-4.0100287564738,6.50868810891513e-07,DOWN
7161,TP73,tumor protein p73,3.60736308735797,1.13111822843467e-07,UP
43849,KLK12,kallikrein related peptidase 12,4.5063617434741,2.94040422305588e-06,UP
10216,PRG4,proteoglycan 4,-3.99676102373757,7.43292530042248e-07,DOWN
7272,TTK,TTK protein kinase,2.76477549465879,6.05022089742871e-11,UP
1160,CKMT2,"creatine kinase, mitochondrial 2",3.29196963002774,2.31158430104467e-08,UP
646627,LYPD8,LY6/PLAUR domain containing 8,-3.44045933519764,6.30108215193325e-08,DOWN
339855,KY,kyphoscoliosis peptidase,-4.32066274717231,2.35252028319604e-06,DOWN
10913,EDAR,ectodysplasin A receptor,3.26230447709008,2.25247927834124e-08,UP
1501,CTNND2,catenin delta 2,-4.49406284643811,3.87813421515073e-06,DOWN
4223,MEOX2,mesenchyme homeobox 2,-4.20988456154674,1.92529798746811e-06,DOWN
28231,SLCO4A1,solute carrier organic anion transporter family member 4A1,2.85181423615729,5.16376602152467e-10,UP
126,ADH1C,"alcohol dehydrogenase 1C (class I), gamma polypeptide",-4.99072986852187,1.03358493658481e-05,DOWN
4319,MMP10,matrix metallopeptidase 10,4.47695730649725,4.34723747530134e-06,UP
54894,RNF43,ring finger protein 43,2.83944246186485,7.07332942757791e-10,UP
57016,AKR1B10,aldo-keto reductase family 1 member B10,-3.51365741191053,1.93030311662395e-07,DOWN
3899,AFF3,ALF transcription elongation factor 3,-3.30712899564506,5.9771853136298e-08,DOWN
84733,CBX2,chromobox 2,2.93998385289873,3.29698565057554e-09,UP
660,BMX,BMX non-receptor tyrosine kinase,-2.9091230980448,3.06165780031069e-09,DOWN
3576,CXCL8,C-X-C motif chemokine ligand 8,3.50474925366405,2.48222510110422e-07,UP
3800,KIF5C,kinesin family member 5C,-3.24181239598657,5.83768462440847e-08,DOWN
83959,SLC4A11,solute carrier family 4 member 11,3.89770174965394,1.28099499808287e-06,UP
202559,KHDRBS2,"KH RNA binding domain containing, signal transduction associated 2",-4.07697961462493,2.25987508470289e-06,DOWN
1030,CDKN2B,cyclin dependent kinase inhibitor 2B,-3.08432419246381,1.9566760890372e-08,DOWN
63928,CHP2,calcineurin like EF-hand protein 2,-3.13830167787123,3.03932026156701e-08,DOWN
2674,GFRA1,GDNF family receptor alpha 1,-3.36083428278903,1.42557865984653e-07,DOWN
79628,SH3TC2,SH3 domain and tetratricopeptide repeats 2,3.28236122179572,8.95523115896811e-08,UP
9073,CLDN8,claudin 8,-4.24968428868673,3.90982808524575e-06,DOWN
2045,EPHA7,EPH receptor A7,-5.16935319263627,2.02615389157906e-05,DOWN
259266,ASPM,assembly factor for spindle microtubules,2.58174583636744,5.79880062920089e-11,UP
9499,MYOT,myotilin,-3.97258776280408,1.94149427131477e-06,DOWN
123745,PLA2G4E,phospholipase A2 group IVE,4.2453167512228,4.13437724043155e-06,UP
6332,SCN7A,sodium voltage-gated channel alpha subunit 7,-4.71813900807334,1.09520389620808e-05,DOWN
256158,HMCN2,hemicentin 2,-3.84969680386213,1.48583838117398e-06,DOWN
23302,WSCD1,WSC domain containing 1,-3.04108852135836,2.31362615482895e-08,DOWN
2675,GFRA2,GDNF family receptor alpha 2,-3.00374173792798,1.69322672993135e-08,DOWN
1087,CEACAM7,CEA cell adhesion molecule 7,-3.65665858379485,7.65484983517548e-07,DOWN
4605,MYBL2,MYB proto-oncogene like 2,2.89142713828869,6.11964339564184e-09,UP
387104,MTCL3,MTCL family member 3,-3.43831076138093,2.9931686209427e-07,DOWN
4355,MPP2,MAGUK p55 scaffold protein 2,-3.98441424208221,2.37709792765831e-06,DOWN
93035,PKHD1L1,PKHD1 like 1,-4.17722339167135,4.10046584816915e-06,DOWN
257019,FRMD3,FERM domain containing 3,-3.26364887208266,1.22178838063275e-07,DOWN
84623,KIRREL3,kirre like nephrin family adhesion molecule 3,-4.3432166242758,6.07642427514997e-06,DOWN
2199,FBLN2,fibulin 2,-2.96037493772897,1.5648215100431e-08,DOWN
80258,EFHC2,EF-hand domain containing 2,-3.97142624626402,2.66647856521706e-06,DOWN
6703,SPRR2D,small proline rich protein 2D,4.43905553036324,8.10639419653673e-06,UP
3782,KCNN3,potassium calcium-activated channel subfamily N member 3,-2.92936769914708,1.39007345243666e-08,DOWN
2348,FOLR1,folate receptor alpha,4.60739294483214,1.1857922779931e-05,UP
4747,NEFL,neurofilament light chain,-4.52923276416376,1.09689381213374e-05,DOWN
729,C6,complement C6,-4.12700564529854,4.8828137852257e-06,DOWN
687,KLF9,KLF transcription factor 9,-2.61302580148255,5.82389608109623e-10,DOWN
4118,MAL,"mal, T cell differentiation protein",-3.74723069505282,1.90037474233316e-06,DOWN
23584,VSIG2,V-set and immunoglobulin domain containing 2,-3.13147595891006,1.29951630159742e-07,DOWN
4969,OGN,osteoglycin,-2.96788052183556,4.46293544625755e-08,DOWN
6662,SOX9,SRY-box transcription factor 9,2.61656270360581,1.20374146025221e-09,UP
221662,RBM24,RNA binding motif protein 24,-2.98274748979541,5.05605096635748e-08,DOWN
1589,CYP21A2,cytochrome P450 family 21 subfamily A member 2,-3.65533075426196,1.62310525776452e-06,DOWN
24137,KIF4A,kinesin family member 4A,2.50189219731415,2.14318892732696e-10,UP
30818,KCNIP3,potassium voltage-gated channel interacting protein 3,-3.83825033251252,3.21107703140308e-06,DOWN
9145,SYNGR1,synaptogyrin 1,-3.52300009518687,1.12095046763599e-06,DOWN
4151,MB,myoglobin,-3.26116988523526,3.65985018356637e-07,DOWN
100170841,EPOP,elongin BC and polycomb repressive complex 2 associated protein,3.51019797680681,1.16577187335204e-06,UP
10446,LRRN2,leucine rich repeat neuronal 2,-3.52994099572821,1.38884266260693e-06,DOWN
5764,PTN,pleiotrophin,-3.49419788748051,1.35941408349891e-06,DOWN
57464,STRIP2,striatin interacting protein 2,2.86431334205448,4.09723351161062e-08,UP
2260,FGFR1,fibroblast growth factor receptor 1,-3.39426332859244,9.52602854049367e-07,DOWN
10351,ABCA8,ATP binding cassette subfamily A member 8,-3.27530507612536,5.70939570480707e-07,DOWN
9928,KIF14,kinesin family member 14,2.95162665258916,8.8955344746744e-08,UP
9068,ANGPTL1,angiopoietin like 1,-2.84405627423161,3.89995874161545e-08,DOWN
85409,NKD2,NKD inhibitor of WNT signaling pathway 2,2.98744157317867,1.15098042069338e-07,UP
54821,ERCC6L,"ERCC excision repair 6 like, spindle assembly checkpoint helicase",2.72946173263687,1.43912901246335e-08,UP
84803,GPAT3,glycerol-3-phosphate acyltransferase 3,-2.71890236865774,1.34585758188203e-08,DOWN
2532,ACKR1,atypical chemokine receptor 1 (Duffy blood group),-3.95919432728686,6.34434306820899e-06,DOWN
2273,FHL1,four and a half LIM domains 1,-4.26278539476004,1.228135755184e-05,DOWN
83540,NUF2,NUF2 component of NDC80 kinetochore complex,2.96152979597924,1.22614159444334e-07,UP
1510,CTSE,cathepsin E,-3.14271799397597,4.06956579602974e-07,DOWN
84069,PLEKHN1,pleckstrin homology domain containing N1,3.10514859253479,3.67375423877012e-07,UP
284992,CCDC150,coiled-coil domain containing 150,3.4804328094873,2.0292951713578e-06,UP
1837,DTNA,dystrobrevin alpha,-3.14837541257235,5.36062772231135e-07,DOWN
4359,MPZ,myelin protein zero,-2.81886026416185,7.88353115105657e-08,DOWN
9892,SNAP91,synaptosome associated protein 91,-4.3054385286073,1.7878245037854e-05,DOWN
816,CAMK2B,calcium/calmodulin dependent protein kinase II beta,-4.36211660553839,1.98779211810951e-05,DOWN
7276,TTR,transthyretin,-3.23229594495883,9.68992377193153e-07,DOWN
346389,MACC1,MET transcriptional regulator MACC1,2.69673756497331,3.36832688423787e-08,UP
23500,DAAM2,dishevelled associated activator of morphogenesis 2,-2.57865982715716,1.05457942756736e-08,DOWN
2852,GPER1,G protein-coupled estrogen receptor 1,-2.63256924688666,1.89513988432356e-08,DOWN
983,CDK1,cyclin dependent kinase 1,2.73025545189888,5.3206784095383e-08,UP
6469,SHH,sonic hedgehog signaling molecule,2.74100998983097,6.29494927556412e-08,UP
11346,SYNPO,synaptopodin,-2.30877835081357,3.38704391478146e-10,DOWN
10537,UBD,ubiquitin D,2.94470833401759,2.8064960611915e-07,UP
4741,NEFM,neurofilament medium chain,-3.90938259706794,1.00709716306607e-05,DOWN
2934,GSN,gelsolin,-2.47338034799243,4.48061295125271e-09,DOWN
7516,XRCC2,X-ray repair cross complementing 2,2.92573058030444,2.602660943458e-07,UP
8436,CAVIN2,caveolae associated protein 2,-3.54497512230113,4.03825153764304e-06,DOWN
5347,PLK1,polo like kinase 1,2.57073891466936,1.53787399052312e-08,UP
1191,CLU,clusterin,-2.6837901646671,4.88945246306856e-08,DOWN
728833,FAM72D,family with sequence similarity 72 member D,2.80617221194071,1.41707027886746e-07,UP
6546,SLC8A1,solute carrier family 8 member A1,-3.55713691737961,4.63310116508071e-06,DOWN
2840,GPR17,G protein-coupled receptor 17,-3.90874005215087,1.14283768162989e-05,DOWN
7102,TSPAN7,tetraspanin 7,-2.50971631435752,1.02004490112796e-08,DOWN
63876,PKNOX2,PBX/knotted 1 homeobox 2,-3.53067463765095,4.87006559050823e-06,DOWN
285382,C3orf70,chromosome 3 open reading frame 70,-2.53925910260391,1.88717971525374e-08,DOWN
79154,DHRS11,dehydrogenase/reductase 11,-2.41987126256626,4.7586720528144e-09,DOWN
100505385,IQCJ-SCHIP1,IQCJ-SCHIP1 readthrough,-3.11484743730082,1.07429372934067e-06,DOWN
54576,UGT1A8,UDP glucuronosyltransferase family 1 member A8,-3.02573354921659,7.00503376632495e-07,DOWN
3589,IL11,interleukin 11,3.93628719787426,1.38801116757485e-05,UP
5138,PDE2A,phosphodiesterase 2A,-3.16771639161279,1.43318081490473e-06,DOWN
55355,HJURP,Holliday junction recognition protein,2.51742766327011,1.67872914208304e-08,UP
79949,PLEKHS1,pleckstrin homology domain containing S1,3.69759731300957,8.26100364777931e-06,UP
4593,MUSK,muscle associated receptor tyrosine kinase,-3.01040815508783,7.32149071725672e-07,DOWN
341208,HEPHL1,hephaestin like 1,4.08265233388732,1.9681822172552e-05,UP
201501,ZBTB7C,zinc finger and BTB domain containing 7C,-3.01119249102033,7.48068912353819e-07,DOWN
84281,C2orf88,chromosome 2 open reading frame 88,-2.88952692110146,4.02638732308631e-07,DOWN
57452,GALNT16,polypeptide N-acetylgalactosaminyltransferase 16,-3.02492881043122,8.53152754291372e-07,DOWN
5729,PTGDR,prostaglandin D2 receptor,-2.88231559891789,4.10962717559148e-07,DOWN
8470,SORBS2,sorbin and SH3 domain containing 2,-3.49777585158704,5.59192134645804e-06,DOWN
8708,B3GALT1,"beta-1,3-galactosyltransferase 1",-4.24585242132777,2.95542757337403e-05,DOWN
151126,ZNF385B,zinc finger protein 385B,-4.21807145584965,2.90331089608075e-05,DOWN
554282,FAM72C,family with sequence similarity 72 member C,3.2543621787587,2.84960150816007e-06,UP
1820,ARID3A,AT-rich interaction domain 3A,2.46004731967895,1.78914605149981e-08,UP
11254,SLC6A14,solute carrier family 6 member 14,3.78630470529714,1.35189679858121e-05,UP
55118,CRTAC1,cartilage acidic protein 1,-3.66665287100544,1.03140263662308e-05,DOWN
59352,LGR6,leucine rich repeat containing G protein-coupled receptor 6,2.67798607297374,1.47095362782059e-07,UP
2694,CBLIF,cobalamin binding intrinsic factor,3.87080398574327,1.71876624119793e-05,UP
114815,SORCS1,sortilin related VPS10 domain containing receptor 1,-4.17683324775792,2.97469883352912e-05,DOWN
29970,SCHIP1,schwannomin interacting protein 1,-3.0843894367983,1.78802363570152e-06,DOWN
54658,UGT1A1,UDP glucuronosyltransferase family 1 member A1,-2.99363621027354,1.25033704863668e-06,DOWN
11004,KIF2C,kinesin family member 2C,2.45037670489869,2.78935905255516e-08,UP
23022,PALLD,"palladin, cytoskeletal associated protein",-2.67708251761868,2.0640260954623e-07,DOWN
84699,CREB3L3,cAMP responsive element binding protein 3 like 3,-4.12488511238837,3.02721346615119e-05,DOWN
23382,AHCYL2,adenosylhomocysteinase like 2,-2.40767579832451,1.97745635769014e-08,DOWN
9833,MELK,maternal embryonic leucine zipper kinase,2.41641567302872,2.23371712793769e-08,UP
89958,SAPCD2,suppressor APC domain containing 2,2.69025798336188,2.55493815416004e-07,UP
81285,OR51E2,olfactory receptor family 51 subfamily E member 2,-4.04620092345766,2.79510672585753e-05,DOWN
6422,SFRP1,secreted frizzled related protein 1,-3.65112619808473,1.28479802820585e-05,DOWN
1271,CNTFR,ciliary neurotrophic factor receptor,-4.32411211489128,4.36858504231465e-05,DOWN
9201,DCLK1,doublecortin like kinase 1,-3.33831046852433,5.61202806815286e-06,DOWN
57595,PDZD4,PDZ domain containing 4,-3.56815470550945,1.07229136644015e-05,DOWN
158471,PRUNE2,prune homolog 2 with BCH domain,-2.84002031295354,7.09186152938802e-07,DOWN
132430,PABPC4L,poly(A) binding protein cytoplasmic 4 like,-3.8690653665848,2.14132984562791e-05,DOWN
55789,DEPDC1B,DEP domain containing 1B,2.65144533963882,2.19750803238919e-07,UP
2786,GNG4,G protein subunit gamma 4,2.83244816245887,7.94969559568987e-07,UP
171024,SYNPO2,synaptopodin 2,-5.33921303116439,0.000130373960394542,DOWN
402415,XKRX,XK related X-linked,2.8286003574958,7.86308652367987e-07,UP
54997,TESC,tescalcin,2.82571364419933,8.24185118100527e-07,UP
128239,IQGAP3,IQ motif containing GTPase activating protein 3,2.47534288737491,6.60253871341179e-08,UP
137075,CLDN23,claudin 23,-2.45076334800484,5.32642685640013e-08,DOWN
2845,GPR22,G protein-coupled receptor 22,3.55239497882724,1.2193096497889e-05,UP
7137,TNNI3,"troponin I3, cardiac type",4.54616693982934,6.56357542882409e-05,UP
6999,TDO2,"tryptophan 2,3-dioxygenase",3.00414726060418,2.04543242844944e-06,UP
196446,MYRFL,myelin regulatory factor like,4.48065944131329,6.12616625077397e-05,UP
1795,DOCK3,dedicator of cytokinesis 3,-3.65449244542876,1.58820054324818e-05,DOWN
10232,MSLN,mesothelin,2.73879916566711,5.27629271782427e-07,UP
43,ACHE,acetylcholinesterase (Yt blood group),-2.61983555876891,2.37972663910174e-07,DOWN
8777,MPDZ,multiple PDZ domain crumbs cell polarity complex component,-3.00931695599307,2.18654604768905e-06,DOWN
5754,PTK7,protein tyrosine kinase 7 (inactive),2.37109731610657,3.0956945639182e-08,UP
81624,DIAPH3,diaphanous related formin 3,2.48476291502296,9.81633481808149e-08,UP
6932,TCF7,transcription factor 7,3.01237080625996,2.5424251770675e-06,UP
169522,KCNV2,potassium voltage-gated channel modifier subfamily V member 2,3.57057704650197,1.50491945282373e-05,UP
23089,PEG10,paternally expressed 10,-2.82124500962347,1.07305815123447e-06,DOWN
54498,SMOX,spermine oxidase,2.3928206104066,4.85023999329552e-08,UP
675,BRCA2,BRCA2 DNA repair associated,2.35210765150299,3.18362470564101e-08,UP
8538,BARX2,BARX homeobox 2,-2.79026319925804,9.72160627814754e-07,DOWN
6712,SPTBN2,"spectrin beta, non-erythrocytic 2",2.4411859250244,8.01775372691986e-08,UP
9319,TRIP13,thyroid hormone receptor interactor 13,2.39153761506612,5.07633596077868e-08,UP
57460,PPM1H,"protein phosphatase, Mg2+/Mn2+ dependent 1H",2.42688107065537,7.73429132720561e-08,UP
1805,DPT,dermatopontin,-4.35705243684044,6.3326276721394e-05,DOWN
55273,TMEM100,transmembrane protein 100,-2.88091235238615,1.73348904051971e-06,DOWN
5959,RDH5,retinol dehydrogenase 5,-2.35891121202551,4.53296963961464e-08,DOWN
4496,MT1H,metallothionein 1H,-3.31150099199019,9.4619136195089e-06,DOWN
23136,EPB41L3,erythrocyte membrane protein band 4.1 like 3,-2.32945098629733,3.95493180881347e-08,DOWN
54575,UGT1A10,UDP glucuronosyltransferase family 1 member A10,-3.24620866015614,8.3065162012548e-06,DOWN
22802,CLCA4,chloride channel accessory 4,-7.95184951304548,0.000477987013170665,DOWN
50943,FOXP3,forkhead box P3,2.54824825738679,3.2007118208129e-07,UP
1608,DGKG,diacylglycerol kinase gamma,-2.85171874894966,1.92212201801045e-06,DOWN
6550,SLC9A3,solute carrier family 9 member A3,-2.94978320905586,3.06382866685605e-06,DOWN
6372,CXCL6,C-X-C motif chemokine ligand 6,3.29154040832389,1.03083010144206e-05,UP
654463,FER1L6,fer-1 like family member 6,-3.23588210560376,8.79875280242436e-06,DOWN
72,ACTG2,"actin gamma 2, smooth muscle",-5.71655146483526,0.000226153487304907,DOWN
10875,FGL2,fibrinogen like 2,-2.26641768123503,3.58299520785336e-08,DOWN
57733,GBA3,glucosylceramidase beta 3 (gene/pseudogene),-3.65725086600765,2.76740190570898e-05,DOWN
10350,ABCA9,ATP binding cassette subfamily A member 9,-2.79551071478207,1.94374651575887e-06,DOWN
144455,E2F7,E2F transcription factor 7,2.53891054628783,4.33998506908169e-07,UP
7104,TM4SF4,transmembrane 4 L six family member 4,5.20391643278446,0.00017123147397576,UP
94234,FOXQ1,forkhead box Q1,5.61470167175081,0.000223749415413276,UP
9899,SV2B,synaptic vesicle glycoprotein 2B,-3.92549001935373,4.51636421840533e-05,DOWN
1675,CFD,complement factor D,-2.71186940600904,1.29890708228942e-06,DOWN
340419,RSPO2,R-spondin 2,-3.82139840680076,3.88544134337368e-05,DOWN
7447,VSNL1,visinin like 1,3.31859388115738,1.36210928605995e-05,UP
7804,LRP8,LDL receptor related protein 8,2.54014427144624,5.16502141293213e-07,UP
79085,SLC25A23,solute carrier family 25 member 23,-2.24218107043508,4.20787722383753e-08,DOWN
51196,PLCE1,phospholipase C epsilon 1,-2.18483178685531,2.29030245373473e-08,DOWN
399694,SHC4,SHC adaptor protein 4,-3.87918060008841,4.79747239426323e-05,DOWN
5570,PKIB,cAMP-dependent protein kinase inhibitor beta,-2.74064980539632,2.09676558384945e-06,DOWN
1238,ACKR2,atypical chemokine receptor 2,-3.25856680303098,1.40147458973765e-05,DOWN
144406,CFAP251,cilia and flagella associated protein 251,3.32323115336889,1.71587643768009e-05,UP
54443,ANLN,"anillin, actin binding protein",2.42161905683875,3.15854458085911e-07,UP
54474,KRT20,keratin 20,-2.53565599470582,7.34465943975337e-07,DOWN
32,ACACB,acetyl-CoA carboxylase beta,-2.06617188603345,6.58409024275569e-09,DOWN
126433,FBXO27,F-box protein 27,-3.38191202967781,2.14181951331307e-05,DOWN
1894,ECT2,epithelial cell transforming 2,2.21258151646475,5.4322760537316e-08,UP
53827,FXYD5,FXYD domain containing ion transport regulator 5,2.23299876902749,7.01273785559028e-08,UP
5742,PTGS1,prostaglandin-endoperoxide synthase 1,-3.02487260393923,8.12177258003169e-06,DOWN
55388,MCM10,minichromosome maintenance 10 replication initiation factor,2.37357137511632,2.77031756371721e-07,UP
10024,TROAP,trophinin associated protein,2.44684230624592,5.04117529242553e-07,UP
57758,SCUBE2,"signal peptide, CUB domain and EGF like domain containing 2",-2.63827296397078,1.66782141743981e-06,DOWN
3673,ITGA2,integrin subunit alpha 2,2.35486376576209,2.57678141141777e-07,UP
2875,GPT,glutamic--pyruvic transaminase,-2.3456402430279,2.41092709037017e-07,DOWN
26586,CKAP2,cytoskeleton associated protein 2,2.21471796632556,6.98702876524802e-08,UP
1063,CENPF,centromere protein F,2.29122537508461,1.70500411927006e-07,UP
2641,GCG,glucagon,-4.19494870306478,9.32456883188145e-05,DOWN
388364,TMIGD1,transmembrane and immunoglobulin domain containing 1,-6.40867905730712,0.000396820601077019,DOWN
30815,ST6GALNAC6,"ST6 N-acetylgalactosaminide alpha-2,6-sialyltransferase 6",-2.58944199595571,1.60118204368736e-06,DOWN
1908,EDN3,endothelin 3,-2.69236942366766,2.72650332460264e-06,DOWN
5101,PCDH9,protocadherin 9,-3.60112707419714,4.05869081927223e-05,DOWN
54857,GDPD2,glycerophosphodiester phosphodiesterase domain containing 2,-3.17287095127526,1.58348669636743e-05,DOWN
92949,ADAMTSL1,ADAMTS like 1,-2.56338928139719,1.44654130222695e-06,DOWN
815,CAMK2A,calcium/calmodulin dependent protein kinase II alpha,-3.56566589541798,4.01423713282389e-05,DOWN
9787,DLGAP5,DLG associated protein 5,2.27651158118753,2.07763780434079e-07,UP
55165,CEP55,centrosomal protein 55,2.45905203659465,8.55018692136091e-07,UP
1511,CTSG,cathepsin G,-2.93141910288174,8.45514629108635e-06,DOWN
4147,MATN2,matrilin 2,-2.35276673554348,4.35205058098362e-07,DOWN
202374,STK32A,serine/threonine kinase 32A,-3.06723416355626,1.36599861356201e-05,DOWN
4493,MT1E,metallothionein 1E,-2.59700335268145,2.25038428540177e-06,DOWN
26033,ATRNL1,attractin like 1,-3.11875421541521,1.645004149132e-05,DOWN
83461,CDCA3,cell division cycle associated 3,2.22972121609629,1.82180535366658e-07,UP
79026,AHNAK,AHNAK nucleoprotein,-2.24516357993957,2.18364743722128e-07,DOWN
4026,LPP,LIM domain containing preferred translocation partner in lipoma,-2.13111873710475,7.25306561120488e-08,DOWN
78986,DUSP26,dual specificity phosphatase 26,-3.52420483009776,4.38637048531471e-05,DOWN
3977,LIFR,LIF receptor subunit alpha,-3.1774460955035,2.07584264445117e-05,DOWN
54884,RETSAT,retinol saturase,-2.15115798643829,9.41222087626503e-08,DOWN
54798,DCHS2,dachsous cadherin-related 2,-3.65518836735541,5.69052745539013e-05,DOWN
1215,CMA1,chymase 1,-2.84333152510862,8.12627853409003e-06,DOWN
375057,STUM,"stum, mechanosensory transduction mediator homolog",-3.50059870157517,4.47078999931745e-05,DOWN
158866,ZDHHC15,zinc finger DHHC-type palmitoyltransferase 15,-3.63234737840389,5.64099349355209e-05,DOWN
9314,KLF4,KLF transcription factor 4,-2.72260615149529,5.48516496327184e-06,DOWN
11211,FZD10,frizzled class receptor 10,3.80242495073261,7.65086160053036e-05,UP
8771,TNFRSF6B,TNF receptor superfamily member 6b,3.16325943395302,2.34206824854815e-05,UP
6659,SOX4,SRY-box transcription factor 4,2.0290783889576,3.61561986785769e-08,UP
137872,ADHFE1,alcohol dehydrogenase iron containing 1,-2.42354041741892,1.32406797390852e-06,DOWN
285313,IGSF10,immunoglobulin superfamily member 10,-2.66482860769729,4.70582861378715e-06,DOWN
2139,EYA2,EYA transcriptional coactivator and phosphatase 2,-3.00532454664783,1.61133244329221e-05,DOWN
1610,DAO,D-amino acid oxidase,-3.92378065924571,9.52090360332624e-05,DOWN
4973,OLR1,oxidized low density lipoprotein receptor 1,3.21541532906457,2.91480737808755e-05,UP
3248,HPGD,15-hydroxyprostaglandin dehydrogenase,-2.54890475198428,2.98186479564996e-06,DOWN
7140,TNNT3,"troponin T3, fast skeletal type",-3.45906092432962,4.84962572925505e-05,DOWN
113130,CDCA5,cell division cycle associated 5,2.34906950757894,9.18942286814357e-07,UP
8547,FCN3,ficolin 3,3.83004537225304,8.83600945661517e-05,UP
79608,RIC3,RIC3 acetylcholine receptor chaperone,-3.54507551301338,5.76203550139196e-05,DOWN
9796,PHYHIP,phytanoyl-CoA 2-hydroxylase interacting protein,-3.4985009838786,5.36808917605413e-05,DOWN
7483,WNT9A,Wnt family member 9A,-3.25695593364051,3.33545702371921e-05,DOWN
1760,DMPK,DM1 protein kinase,-2.32306485311108,8.37768795440232e-07,DOWN
5067,CNTN3,contactin 3,-2.6139022292182,4.48794877785824e-06,DOWN
23035,PHLPP2,PH domain and leucine rich repeat protein phosphatase 2,-2.17024258611772,2.48816267359205e-07,DOWN
4137,MAPT,microtubule associated protein tau,-3.35677093951076,4.2874113441217e-05,DOWN
85477,SCIN,scinderin,-2.35246496233854,1.07803486081022e-06,DOWN
2247,FGF2,fibroblast growth factor 2,-2.37629991873269,1.27612554412682e-06,DOWN
9569,GTF2IRD1,GTF2I repeat domain containing 1,2.06577083844789,9.13560131551078e-08,UP
6998,CRIPTO3,"cripto, EGF-CFC family member 3",3.78329072305174,9.15312848954238e-05,UP
7045,TGFBI,transforming growth factor beta induced,2.28723057658696,7.72042373206209e-07,UP
10669,CGREF1,cell growth regulator with EF-hand domain 1,2.26480329514688,6.53332520045273e-07,UP
64699,TMPRSS3,transmembrane serine protease 3,2.56082034552358,3.9747989217804e-06,UP
4085,MAD2L1,mitotic arrest deficient 2 like 1,2.23583005930197,5.24311522659015e-07,UP
6446,SGK1,serum/glucocorticoid regulated kinase 1,-2.94193186410609,1.70986088332693e-05,DOWN
79937,CNTNAP3,contactin associated protein family member 3,-3.35650107897022,4.64279062266042e-05,DOWN
729533,FAM72A,family with sequence similarity 72 member A,2.40483809682358,1.77446351505308e-06,UP
4621,MYH3,myosin heavy chain 3,-2.99088820842036,2.00160586187427e-05,DOWN
23657,SLC7A11,solute carrier family 7 member 11,2.49110613371399,2.93121345974658e-06,UP
57158,JPH2,junctophilin 2,-4.56802068480893,0.000215615463151928,DOWN
64151,NCAPG,non-SMC condensin I complex subunit G,2.23687574560805,5.88800494732358e-07,UP
6581,SLC22A3,solute carrier family 22 member 3,2.43695580290687,2.46137740865783e-06,UP
4857,NOVA1,NOVA alternative splicing regulator 1,-3.25453561760549,4.12080683801563e-05,DOWN
6855,SYP,synaptophysin,-2.55887069909026,4.68014356633312e-06,DOWN
891,CCNB1,cyclin B1,2.25156464836224,7.50742031920442e-07,UP
8611,PLPP1,phospholipid phosphatase 1,-2.13060667015383,3.06219622775182e-07,DOWN
8174,MADCAM1,mucosal vascular addressin cell adhesion molecule 1,-2.79350026760895,1.29643193035622e-05,DOWN
100289279,CNTNAP3C,contactin associated protein family member 3C,-3.14949163573339,3.5729858873986e-05,DOWN
2263,FGFR2,fibroblast growth factor receptor 2,-2.6018699648357,6.47052075951672e-06,DOWN
2305,FOXM1,forkhead box M1,2.19334455488001,5.81523038179889e-07,UP
8348,H2BC17,H2B clustered histone 17,2.23252158252528,8.16157138020154e-07,UP
4208,MEF2C,myocyte enhancer factor 2C,-2.77732039211245,1.32222768277243e-05,DOWN
25840,TMT1A,thiol methyltransferase 1A,-2.20659648441839,6.793218526633e-07,DOWN
27111,SDCBP2,syndecan binding protein 2,-2.19941325811445,7.3616481432995e-07,DOWN
2069,EREG,epiregulin,2.4103624686475,2.96438010827062e-06,UP
2294,FOXF1,forkhead box F1,-2.66350222960672,9.57201105364538e-06,DOWN
699,BUB1,BUB1 mitotic checkpoint serine/threonine kinase,2.2466628247831,1.06593620034058e-06,UP
56603,CYP26B1,cytochrome P450 family 26 subfamily B member 1,-2.43015279099216,3.36816281073843e-06,DOWN
259292,TAS2R46,taste 2 receptor member 46,3.9299072423024,0.000139267086730754,UP
54084,TSPEAR,thrombospondin type laminin G domain and EAR repeats,3.85588851738828,0.000127738211682783,UP
85455,DISP2,dispatched RND transporter family member 2,-2.3244256480517,1.85099969974468e-06,DOWN
10635,RAD51AP1,RAD51 associated protein 1,2.22216373073731,9.79978991173587e-07,UP
2295,FOXF2,forkhead box F2,-3.40979893252705,7.01878541488733e-05,DOWN
5523,PPP2R3A,protein phosphatase 2 regulatory subunit B''alpha,-2.082589569755,3.13678116409369e-07,DOWN
29841,GRHL1,grainyhead like transcription factor 1,2.68624609333934,1.1713002367804e-05,UP
57554,LRRC7,leucine rich repeat containing 7,-3.61099704862664,9.83780274347414e-05,DOWN
157777,MCMDC2,minichromosome maintenance domain containing 2,3.95430549181503,0.000151664972567732,UP
115,ADCY9,adenylate cyclase 9,-2.10522337457559,4.09720820286619e-07,DOWN
733,C8G,complement C8 gamma chain,-3.44746406716838,7.7510052908084e-05,DOWN
4501,MT1X,metallothionein 1X,-2.30601557034397,2.06733830718503e-06,DOWN
5328,PLAU,"plasminogen activator, urokinase",2.41441988169705,3.98594220051086e-06,UP
2307,FOXS1,forkhead box S1,4.21156390378621,0.000207357210787441,UP
25788,RAD54B,RAD54 homolog B,2.18814384734544,1.07433493295373e-06,UP
3306,HSPA2,heat shock protein family A (Hsp70) member 2,-2.73246985013458,1.65236075409435e-05,DOWN
4133,MAP2,microtubule associated protein 2,-3.16855051508999,5.22779244986802e-05,DOWN
94030,LRRC4B,leucine rich repeat containing 4B,-3.30092718946166,6.76067862693029e-05,DOWN
8313,AXIN2,axin 2,2.22703473818746,1.56355625766897e-06,UP
63951,DMRTA1,DMRT like family A1,-3.38979362574029,8.14982494769979e-05,DOWN
6652,SORD,sorbitol dehydrogenase,2.11665635056566,8.30459417778229e-07,UP
6442,SGCA,sarcoglycan alpha,-4.2354484660057,0.000233890160286617,DOWN
2049,EPHB3,EPH receptor B3,2.37342440937879,4.4665683867363e-06,UP
3570,IL6R,interleukin 6 receptor,-2.16566957454316,1.25313714747643e-06,DOWN
57458,TMCC3,transmembrane and coiled-coil domain family 3,-2.15647031841841,1.19314330439095e-06,DOWN
79861,TUBAL3,tubulin alpha like 3,-2.38703786837749,4.96716310345661e-06,DOWN
90853,SPOCD1,SPOC domain containing 1,4.11130254761032,0.000217094426329915,UP
8787,RGS9,regulator of G protein signaling 9,-2.6852348639768,1.77793989791965e-05,DOWN
8836,GGH,gamma-glutamyl hydrolase,2.29123509930453,3.18639348234244e-06,UP
653,BMP5,bone morphogenetic protein 5,-2.64238478019053,1.58081786195568e-05,DOWN
10894,LYVE1,lymphatic vessel endothelial hyaluronan receptor 1,-3.89411065268423,0.00017959167209509,DOWN
6833,ABCC8,ATP binding cassette subfamily C member 8,-3.30195389096386,8.13216000876826e-05,DOWN
219348,PLAC9,placenta associated 9,-2.35121222575109,5.02775420974893e-06,DOWN
111,ADCY5,adenylate cyclase 5,-3.69935937860089,0.000149771278934799,DOWN
1588,CYP19A1,cytochrome P450 family 19 subfamily A member 1,3.614688331078,0.000137994394039579,UP
6241,RRM2,ribonucleotide reductase regulatory subunit M2,2.18781960034816,2.11430279878159e-06,UP
1158,CKM,"creatine kinase, M-type",-3.20539728359077,7.47300670181507e-05,DOWN
57670,KIAA1549,KIAA1549,2.02004963367443,6.42396595435415e-07,UP
5152,PDE9A,phosphodiesterase 9A,-2.30230718354965,4.69981918971724e-06,DOWN
84962,AJUBA,ajuba LIM protein,2.10271256708944,1.37453215722811e-06,UP
221091,LRRN4CL,LRRN4 C-terminal like,-2.42047006821192,8.79035749526306e-06,DOWN
443,ASPA,aspartoacylase,-2.5704520700489,1.62708577674125e-05,DOWN
6525,SMTN,smoothelin,-2.38472919104782,7.76813445042869e-06,DOWN
222643,UNC5CL,unc-5 family C-terminal like,2.33035580393024,5.99759575024971e-06,UP
1946,EFNA5,ephrin A5,-2.41773288221876,9.11377069373939e-06,DOWN
3352,HTR1D,5-hydroxytryptamine receptor 1D,3.47571893623599,0.000127094182946607,UP
10178,TENM1,teneurin transmembrane protein 1,-3.46828266551579,0.000126833511699457,DOWN
84264,HAGHL,hydroxyacylglutathione hydrolase like,2.44617166656746,1.07972373335711e-05,UP
5365,PLXNB3,plexin B3,-3.14609512682146,7.79501466400734e-05,DOWN
129807,NEU4,neuraminidase 4,-2.408381130542,9.45068543769486e-06,DOWN
163589,TDRD5,tudor domain containing 5,3.7837533589566,0.000193012464541248,UP
10752,CHL1,cell adhesion molecule L1 like,-2.95949822454733,5.41649009343959e-05,DOWN
8110,DPF3,double PHD fingers 3,-2.33351824036428,6.83416467673139e-06,DOWN
3781,KCNN2,potassium calcium-activated channel subfamily N member 2,-3.26754165338669,9.84256382891928e-05,DOWN
4321,MMP12,matrix metallopeptidase 12,2.66926922032525,2.55722282801472e-05,UP
6710,SPTB,"spectrin beta, erythrocytic",-2.60959940744919,2.12180289533497e-05,DOWN
23345,SYNE1,spectrin repeat containing nuclear envelope protein 1,-2.19935066929537,3.35082513931013e-06,DOWN
643008,SMIM5,small integral membrane protein 5,-2.93853555080359,5.32161340972094e-05,DOWN
1058,CENPA,centromere protein A,2.30771047831145,6.42281606100513e-06,UP
8336,H2AC17,H2A clustered histone 17,2.10480207692738,1.89930375117568e-06,UP
9837,GINS1,GINS complex subunit 1,2.21129125572546,3.81273017453197e-06,UP
4495,MT1G,metallothionein 1G,-2.68567781236419,2.84085727629774e-05,DOWN
26040,SETBP1,SET binding protein 1,-2.95092043733432,5.85951926502634e-05,DOWN
11099,PTPN21,protein tyrosine phosphatase non-receptor type 21,-1.94501033771523,5.97448691994265e-07,DOWN
140738,TMEM37,transmembrane protein 37,-2.68519938911324,3.08303634321372e-05,DOWN
9452,ITM2A,integral membrane protein 2A,-2.09237266166328,2.05361869780806e-06,DOWN
9971,NR1H4,nuclear receptor subfamily 1 group H member 4,-3.28751079516804,0.000113970906035885,DOWN
80323,CCDC68,coiled-coil domain containing 68,-2.198398475046,4.46242076302578e-06,DOWN
957,ENTPD5,ectonucleoside triphosphate diphosphohydrolase 5 (inactive),-2.0161125301465,1.34195508250963e-06,DOWN
10721,POLQ,DNA polymerase theta,2.21970711714704,5.22394873916757e-06,UP
2902,GRIN1,glutamate ionotropic receptor NMDA type subunit 1,-3.52092253407378,0.000165591939579307,DOWN
768211,RELL1,RELT like 1,-2.0471240299231,1.74749232915741e-06,DOWN
2277,VEGFD,vascular endothelial growth factor D,-3.18538765347753,0.000102357782720961,DOWN
6943,TCF21,transcription factor 21,-2.41878262932702,1.39889489939096e-05,DOWN
1944,EFNA3,ephrin A3,2.34098215413003,1.01498934379342e-05,UP
5023,P2RX1,purinergic receptor P2X 1,-2.14485800669632,3.70406014508479e-06,DOWN
238,ALK,ALK receptor tyrosine kinase,-3.37377563620674,0.000142889212360605,DOWN
284346,ZNF575,zinc finger protein 575,-2.22724001133843,6.13971348931178e-06,DOWN
6368,CCL23,C-C motif chemokine ligand 23,-2.21265715196185,5.7653976096204e-06,DOWN
51203,NUSAP1,nucleolar and spindle associated protein 1,2.00456109502729,1.56075852383108e-06,UP
1780,DYNC1I1,dynein cytoplasmic 1 intermediate chain 1,-2.73955936494716,4.52946063061783e-05,DOWN
1244,ABCC2,ATP binding cassette subfamily C member 2,2.98735548383731,8.00512218222401e-05,UP
25789,TMEM59L,transmembrane protein 59 like,-3.33307752401081,0.000143378055938823,DOWN
4886,NPY1R,neuropeptide Y receptor Y1,-2.56049873430739,2.76836961029621e-05,DOWN
10020,GNE,glucosamine (UDP-N-acetyl)-2-epimerase/N-acetylmannosamine kinase,-1.99895608301915,1.71716601219251e-06,DOWN
57569,ARHGAP20,Rho GTPase activating protein 20,-2.43195103986934,1.81303707643735e-05,DOWN
100129792,CCDC152,coiled-coil domain containing 152,-2.34811895884873,1.31301721409161e-05,DOWN
701,BUB1B,BUB1 mitotic checkpoint serine/threonine kinase B,2.0361634272472,2.34260434105907e-06,UP
29968,PSAT1,phosphoserine aminotransferase 1,2.23412776292302,7.83957805841938e-06,UP
55635,DEPDC1,DEP domain containing 1,2.29665104940401,1.07943243827782e-05,UP
10990,LILRB5,leukocyte immunoglobulin like receptor B5,-2.03828091542068,2.5381726315992e-06,DOWN
388595,TMEM82,transmembrane protein 82,-2.67660612847398,4.27747112023675e-05,DOWN
8987,STBD1,starch binding domain 1,-2.03934389039748,2.63756350887289e-06,DOWN
387755,INSC,INSC spindle orientation adaptor protein,-2.78818125118803,5.7609027403031e-05,DOWN
79465,ULBP3,UL16 binding protein 3,2.31529666588875,1.26759119694494e-05,UP
990,CDC6,cell division cycle 6,2.06024335112095,3.28060390784156e-06,UP
8814,CDKL1,cyclin dependent kinase like 1,-1.99225964115598,2.15490088456622e-06,DOWN
26031,OSBPL3,oxysterol binding protein like 3,2.00611326962405,2.43480992308579e-06,UP
10004,NAALADL1,N-acetylated alpha-linked acidic dipeptidase like 1,-2.37026509658997,1.7332258493576e-05,DOWN
6414,SELENOP,selenoprotein P,-2.33286036862958,1.54401018934696e-05,DOWN
3627,CXCL10,C-X-C motif chemokine ligand 10,2.46322966949803,2.53307030494663e-05,UP
92235,STYXL2,serine/threonine/tyrosine interacting like 2,4.44418140127224,0.000465556261467095,UP
1843,DUSP1,dual specificity phosphatase 1,-2.02590007430521,3.13568754920326e-06,DOWN
6790,AURKA,aurora kinase A,2.00683860039189,2.7629985024054e-06,UP
220963,SLC16A9,solute carrier family 16 member 9,-2.51511685292264,3.13000517640191e-05,DOWN
6262,RYR2,ryanodine receptor 2,-3.28579624670209,0.000167768820441023,DOWN
124222,PAQR4,progestin and adipoQ receptor family member 4,2.03037714206177,3.71806516879684e-06,UP
92999,ZBTB47,zinc finger and BTB domain containing 47,-2.42246453256829,2.52771071806436e-05,DOWN
1139,CHRNA7,cholinergic receptor nicotinic alpha 7 subunit,-2.65193155011103,5.10675752843613e-05,DOWN
23492,CBX7,chromobox 7,-1.98728408698706,2.88029575674403e-06,DOWN
991,CDC20,cell division cycle 20,2.07885369240498,5.31711477516767e-06,UP
1740,DLG2,discs large MAGUK scaffold protein 2,-3.23049115693841,0.000162031073953262,DOWN
65267,WNK3,WNK lysine deficient protein kinase 3,-3.10633866452925,0.000134511934189762,DOWN
414062,CCL3L3,C-C motif chemokine ligand 3 like 3,3.12106044614618,0.00013830615580924,UP
134147,CMBL,carboxymethylenebutenolidase homolog,-1.92479789521958,1.93496610650519e-06,DOWN
389125,MUSTN1,"musculoskeletal, embryonic nuclear protein 1",-2.34433971581958,2.02509732866293e-05,DOWN
646851,FAM227A,family with sequence similarity 227 member A,2.99690913551389,0.000113260968771451,UP
3039,HBA1,hemoglobin subunit alpha 1,-2.43346505433385,2.92970319051353e-05,DOWN
9132,KCNQ4,potassium voltage-gated channel subfamily Q member 4,-2.30718660296356,1.90218284460805e-05,DOWN
10103,TSPAN1,tetraspanin 1,-2.29945466370125,1.85818193174548e-05,DOWN
1294,COL7A1,collagen type VII alpha 1 chain,2.17833660144353,1.09559684070417e-05,UP
79987,SVEP1,"sushi, von Willebrand factor type A, EGF and pentraxin domain containing 1",-2.02631099421122,4.79799083338024e-06,DOWN
6358,CCL14,C-C motif chemokine ligand 14,-2.73644125961575,7.25936180998808e-05,DOWN
84417,ECRG4,ECRG4 augurin precursor,-3.3834307896705,0.000215111230775252,DOWN
80320,SP6,Sp6 transcription factor,2.62917814936677,5.63857507385503e-05,UP
994,CDC25B,cell division cycle 25B,2.08839989136318,7.37405568920742e-06,UP
432,ASGR1,asialoglycoprotein receptor 1,3.12991166857945,0.000157137155298366,UP
125,ADH1B,"alcohol dehydrogenase 1B (class I), beta polypeptide",-3.89742184195536,0.000370016971022713,DOWN
27115,PDE7B,phosphodiesterase 7B,-2.24129917112977,1.62443759642414e-05,DOWN
57593,EBF4,EBF family member 4,-2.49730417648556,4.12285995046749e-05,DOWN
23250,ATP11A,ATPase phospholipid transporting 11A,1.85506079188503,1.56491689592498e-06,UP
9510,ADAMTS1,ADAM metallopeptidase with thrombospondin type 1 motif 1,-2.6820585475236,6.91447954958673e-05,DOWN
956,ENTPD3,ectonucleoside triphosphate diphosphohydrolase 3,-2.35888408024229,2.70167609784508e-05,DOWN
7173,TPO,thyroid peroxidase,-3.46947861793415,0.000253897695402315,DOWN
7739,ZNF185,zinc finger protein 185 with LIM domain,2.13523640987896,1.06133717840359e-05,UP
128414,NKAIN4,sodium/potassium transporting ATPase interacting 4,3.1033323598736,0.000159052525042934,UP
9934,P2RY14,purinergic receptor P2Y14,-2.24122675784842,1.80277645001406e-05,DOWN
161753,CIMAP1C,ciliary microtubule associated protein 1C,-2.59282367214602,6.07615454028137e-05,DOWN
8318,CDC45,cell division cycle 45,2.06877878912474,8.37237074187492e-06,UP
57482,CRACD,capping protein inhibiting regulator of actin dynamics,-2.04504958283217,7.38217398970296e-06,DOWN
6584,SLC22A5,solute carrier family 22 member 5,-1.89785181728887,2.94373134068749e-06,DOWN
257194,NEGR1,neuronal growth regulator 1,-3.02328317057622,0.00015308714788884,DOWN
55672,NBPF1,NBPF member 1,-1.91322516119989,3.47159169781362e-06,DOWN
2774,GNAL,G protein subunit alpha L,-2.12166038753002,1.22571143228678e-05,DOWN
1264,CNN1,calponin 1,-5.10810072016601,0.000782656526437295,DOWN
650,BMP2,bone morphogenetic protein 2,-2.1355443643156,1.33201393721501e-05,DOWN
9088,PKMYT1,"protein kinase, membrane associated tyrosine/threonine 1",2.11185304105707,1.19174283534451e-05,UP
6373,CXCL11,C-X-C motif chemokine ligand 11,3.63972871364096,0.000335113058529814,UP
3040,HBA2,hemoglobin subunit alpha 2,-2.38581937223411,3.7212290538376e-05,DOWN
6641,SNTB1,syntrophin beta 1,2.01916110920053,7.4735771198748e-06,UP
54209,TREM2,triggering receptor expressed on myeloid cells 2,2.34864570416091,3.325058539155e-05,UP
7850,IL1R2,interleukin 1 receptor type 2,-2.18364380470599,1.77023924363305e-05,DOWN
2110,ETFDH,electron transfer flavoprotein dehydrogenase,-1.91366873268737,3.90775528471025e-06,DOWN
79442,LRRC2,leucine rich repeat containing 2,2.28720282921507,2.72960074734336e-05,UP
10826,FAXDC2,fatty acid hydroxylase domain containing 2,-2.00891181095313,7.46024125498185e-06,DOWN
27284,SULT1B1,sulfotransferase family 1B member 1,-2.13135208477782,1.46395741018942e-05,DOWN
3783,KCNN4,potassium calcium-activated channel subfamily N member 4,2.38813495824039,4.06554805342114e-05,UP
23331,TTC28,tetratricopeptide repeat domain 28,-1.9902911455455,7.23811844365793e-06,DOWN
54825,CDHR2,cadherin related family member 2,-2.29595503753928,3.04021622558387e-05,DOWN
56849,TCEAL7,transcription elongation factor A like 7,-3.5038977675463,0.000314966916811457,DOWN
759,CA1,carbonic anhydrase 1,-6.80018535743515,0.00123749887269118,DOWN
55248,PACC1,proton activated chloride channel 1,1.92891329382612,5.36999864304951e-06,UP
54659,UGT1A3,UDP glucuronosyltransferase family 1 member A3,-2.59931979986669,7.95296920277521e-05,DOWN
10924,SMPDL3A,sphingomyelin phosphodiesterase acid like 3A,-2.13451741858415,1.75283646411232e-05,DOWN
332,BIRC5,baculoviral IAP repeat containing 5,2.05791185202235,1.26358005696731e-05,UP
3833,KIFC1,kinesin family member C1,1.98430177318541,8.55634171965215e-06,UP
782,CACNB1,calcium voltage-gated channel auxiliary subunit beta 1,-1.95776516329599,7.70505801224337e-06,DOWN
79801,SHCBP1,SHC binding and spindle associated 1,2.02141167182755,1.11782556533551e-05,UP
5063,PAK3,p21 (RAC1) activated kinase 3,-2.66721436247633,0.000104997233876941,DOWN
11126,CD160,CD160 molecule,-2.929312316474,0.000173121546462064,DOWN
150468,CKAP2L,cytoskeleton associated protein 2 like,2.61996897595531,9.65035363881744e-05,UP
1602,DACH1,dachshund family transcription factor 1,2.238605581114,3.20513931521233e-05,UP
23034,SAMD4A,sterile alpha motif domain containing 4A,-2.47499884346404,6.83463363196073e-05,DOWN
140902,R3HDML,R3H domain containing like,3.2563676578651,0.00027542662088019,UP
10953,TOMM34,translocase of outer mitochondrial membrane 34,1.7388769143652,1.74445684630913e-06,UP
9912,ARHGAP44,Rho GTPase activating protein 44,-2.18780955414222,2.70154366145419e-05,DOWN
7358,UGDH,UDP-glucose 6-dehydrogenase,-1.81320997305082,3.4376025504434e-06,DOWN
8356,H3C12,H3 clustered histone 12,2.27924787309477,3.93465722024216e-05,UP
845,CASQ2,calsequestrin 2,-5.80449587219179,0.00110440199856436,DOWN
57101,ANO2,anoctamin 2,-2.48814204027121,7.53348920149219e-05,DOWN
54221,SNTG2,syntrophin gamma 2,-3.62979872601321,0.000419214499443326,DOWN
2523,FUT1,fucosyltransferase 1 (H blood group),2.17518017999185,2.81565432189869e-05,UP
4233,MET,"MET proto-oncogene, receptor tyrosine kinase",1.93942558145015,8.9473311730214e-06,UP
10808,HSPH1,heat shock protein family H (Hsp110) member 1,1.71472520670284,1.70304527807686e-06,UP
93953,GCNA,germ cell nuclear acidic peptidase,2.68896632448218,0.00012445257596937,UP
5144,PDE4D,phosphodiesterase 4D,-1.89656886706462,7.51223313133859e-06,DOWN
1674,DES,desmin,-5.4371065542206,0.00103636653812391,DOWN
54657,UGT1A4,UDP glucuronosyltransferase family 1 member A4,-2.59174932747556,0.000105037457833887,DOWN
152573,SHISA3,shisa family member 3,-3.177177727526,0.000276275202512624,DOWN
1902,LPAR1,lysophosphatidic acid receptor 1,-1.97343546974165,1.24627279739276e-05,DOWN
8671,SLC4A4,solute carrier family 4 member 4,-4.94657064481582,0.000899595084128486,DOWN
225689,MAPK15,mitogen-activated protein kinase 15,2.24070993065317,4.04354282391242e-05,UP
7694,ZNF135,zinc finger protein 135,-3.08012829991596,0.000248673812093421,DOWN
55214,P3H2,prolyl 3-hydroxylase 2,-2.18264713686838,3.31959299814204e-05,DOWN
55771,PRR11,proline rich 11,2.01694347415031,1.62174978842764e-05,UP
9881,TRANK1,tetratricopeptide repeat and ankyrin repeat containing 1,-1.91756135801358,9.47263252278475e-06,DOWN
341,APOC1,apolipoprotein C1,2.24280226975196,4.17349310885614e-05,UP
7360,UGP2,UDP-glucose pyrophosphorylase 2,-1.7517599657407,3.00639390842649e-06,DOWN
80178,TEDC2,tubulin epsilon and delta complex 2,2.0914172894349,2.36140510452782e-05,UP
2775,GNAO1,G protein subunit alpha o1,-4.10933468442185,0.00063352072134497,DOWN
2353,FOS,"Fos proto-oncogene, AP-1 transcription factor subunit",-2.08367899531213,2.30968425051443e-05,DOWN
6548,SLC9A1,solute carrier family 9 member A1,-1.77407873099617,3.7992177814131e-06,DOWN
4935,GPR143,G protein-coupled receptor 143,3.74344526508187,0.000504773714438245,UP
2767,GNA11,G protein subunit alpha 11,-1.64197839379213,1.30941773116256e-06,DOWN
84830,ADTRP,androgen dependent TFPI regulating protein,-2.45460351102101,8.73812221052067e-05,DOWN
4915,NTRK2,neurotrophic receptor tyrosine kinase 2,-3.01355795295088,0.000249511392971992,DOWN
8519,IFITM1,interferon induced transmembrane protein 1,1.75363361277732,3.79155910853789e-06,UP
6387,CXCL12,C-X-C motif chemokine ligand 12,-2.37840196819906,7.52631504452603e-05,DOWN
57578,UNC79,"unc-79 homolog, NALCN channel complex subunit",-3.54011337640299,0.00045580832520002,DOWN
23743,BHMT2,betaine--homocysteine S-methyltransferase 2,-2.18180996328199,4.21258908845555e-05,DOWN
9518,GDF15,growth differentiation factor 15,2.05896714342058,2.63362259066246e-05,UP
102724250,LOC102724250,neuroblastoma breakpoint family member 1-like,-1.84912662537534,9.23540891950305e-06,DOWN
89832,CHRFAM7A,CHRNA7 (exons 5-10) and FAM7A (exons A-E) fusion,-2.68780067805544,0.000165277357861236,DOWN
8507,ENC1,ectodermal-neural cortex 1,1.84018282161841,9.36714523580914e-06,UP
4502,MT2A,metallothionein 2A,-2.12594583018243,3.79498162281608e-05,DOWN
221150,SKA3,spindle and kinetochore associated complex subunit 3,2.10578429453004,3.60649270831291e-05,UP
22915,MMRN1,multimerin 1,-2.89067940329143,0.000239484022195216,DOWN
8600,TNFSF11,TNF superfamily member 11,2.19153949227853,5.02473662220894e-05,UP
23255,MTCL1,microtubule crosslinking factor 1,-2.50037650530472,0.000118325908838026,DOWN
22822,PHLDA1,pleckstrin homology like domain family A member 1,2.10096372111278,3.68608582525887e-05,UP
54972,TMEM132A,transmembrane protein 132A,2.2540357773382,6.29023391116183e-05,UP
317649,EIF4E3,eukaryotic translation initiation factor 4E family member 3,-1.89451172178796,1.46688472580233e-05,DOWN
4892,NRAP,nebulin related anchoring protein,-3.62336502480594,0.00054525073428081,DOWN
129049,SGSM1,small G protein signaling modulator 1,-2.19878932125873,5.79449405022723e-05,DOWN
114088,TRIM9,tripartite motif containing 9,-2.96904797789201,0.000286892869286874,DOWN
1825,DSC3,desmocollin 3,3.7500640487521,0.000607797234597959,UP
4629,MYH11,myosin heavy chain 11,-5.51605324103765,0.0012231761163955,DOWN
4288,MKI67,marker of proliferation Ki-67,1.96743475244779,2.43901038562089e-05,UP
57405,SPC25,SPC25 component of NDC80 kinetochore complex,2.16570124429123,5.37943394297073e-05,UP
163175,LGI4,leucine rich repeat LGI family member 4,-2.52842707647386,0.000142204257398363,DOWN
54860,MS4A12,membrane spanning 4-domains A12,-4.93034001473845,0.00106043702321064,DOWN
5145,PDE6A,phosphodiesterase 6A,-2.91673348169422,0.000279242342194207,DOWN
57556,SEMA6A,semaphorin 6A,-2.00873458869182,3.27599315277886e-05,DOWN
55010,PARPBP,PARP1 binding protein,2.37970124995646,0.000108897233164847,UP
7851,MALL,"mal, T cell differentiation protein like",-1.85226482011381,1.58468842384467e-05,DOWN
55698,RADIL,Rap associating with DIL domain,-3.04380855000042,0.00034451398569628,DOWN
113115,MTFR2,mitochondrial fission regulator 2,2.1378069545306,5.60973756221774e-05,UP
4638,MYLK,myosin light chain kinase,-3.85764427467448,0.000689102322781417,DOWN
51512,GTSE1,G2 and S-phase expressed 1,1.86998388994908,1.82069531533501e-05,UP
5579,PRKCB,protein kinase C beta,-2.08169871918292,4.70854255842897e-05,DOWN
3784,KCNQ1,potassium voltage-gated channel subfamily Q member 1,1.76923390822587,1.03978874147533e-05,UP
55356,SLC22A15,solute carrier family 22 member 15,2.03999061553331,4.11871489714782e-05,UP
170690,ADAMTS16,ADAM metallopeptidase with thrombospondin type 1 motif 16,-3.23587773386971,0.000437528952622212,DOWN
7757,ZNF208,zinc finger protein 208,-2.43142000875878,0.00013257789802194,DOWN
56899,ANKS1B,ankyrin repeat and sterile alpha motif domain containing 1B,-2.59813956890204,0.000186781801856694,DOWN
199675,MCEMP1,mast cell expressed membrane protein 1,2.98265368835344,0.000333502060501993,UP
55640,FLVCR2,FLVCR choline and putative heme transporter 2,-1.81242507993619,1.44180230560615e-05,DOWN
56934,CA10,carbonic anhydrase 10,-3.18968337768444,0.000425619310141351,DOWN
51514,DTL,denticleless E3 ubiquitin protein ligase homolog,1.90771263294858,2.44439803493183e-05,UP
114805,GALNT13,polypeptide N-acetylgalactosaminyltransferase 13,-3.32274787951782,0.000487819057033602,DOWN
7366,UGT2B15,UDP glucuronosyltransferase family 2 member B15,-3.61743307445271,0.000617036377079054,DOWN
90381,TICRR,TOPBP1 interacting checkpoint and replication regulator,2.13492876616432,6.2774273354591e-05,UP
144402,CPNE8,copine 8,-2.01343844085884,4.04101190353794e-05,DOWN
342926,ZNF677,zinc finger protein 677,-3.08287431704332,0.000396398152708763,DOWN
84171,LOXL4,lysyl oxidase like 4,-2.53441099709285,0.00017902338837869,DOWN
23284,ADGRL3,adhesion G protein-coupled receptor L3,-2.49582282382181,0.00016608208710999,DOWN
6330,SCN4B,sodium voltage-gated channel beta subunit 4,-2.12340132162301,6.31674672170146e-05,DOWN
8736,MYOM1,myomesin 1,-3.82427187965515,0.000728578274017011,DOWN
2949,GSTM5,glutathione S-transferase mu 5,-2.15627320772208,7.05392964578025e-05,DOWN
9153,SLC28A2,solute carrier family 28 member 2,-2.98911457618455,0.000363805380303382,DOWN
9133,CCNB2,cyclin B2,1.89485380094558,2.65392970407189e-05,UP
353189,SLCO4C1,solute carrier organic anion transporter family member 4C1,-2.2201816470136,8.96882308492487e-05,DOWN
25928,SOSTDC1,sclerostin domain containing 1,-2.30087699701332,0.00011224175058165,DOWN
81618,ITM2C,integral membrane protein 2C,-1.98109739772375,3.98235573861162e-05,DOWN
10293,TRAIP,TRAF interacting protein,1.81043194525361,1.76221006438823e-05,UP
25894,PLEKHG4,pleckstrin homology and RhoGEF domain containing G4,1.9103696337524,2.96972200337898e-05,UP
771,CA12,carbonic anhydrase 12,-2.12463176501622,6.83755261324866e-05,DOWN
1164,CKS2,CDC28 protein kinase regulatory subunit 2,2.11088311902513,6.61459692220634e-05,UP
7448,VTN,vitronectin,2.97354819486489,0.000373202868065725,UP
54579,UGT1A5,UDP glucuronosyltransferase family 1 member A5,-2.56748888224495,0.000206526977359023,DOWN
339965,CCDC158,coiled-coil domain containing 158,-3.16432748569374,0.000460948305040976,DOWN
2919,CXCL1,C-X-C motif chemokine ligand 1,3.06267099855806,0.000418312370360357,UP
1033,CDKN3,cyclin dependent kinase inhibitor 3,1.94548892500765,3.69363678408694e-05,UP
3957,LGALS2,galectin 2,-2.14077980250927,7.79776128272447e-05,DOWN
7008,TEF,"TEF transcription factor, PAR bZIP family member",-1.80023491473358,1.90435245550984e-05,DOWN
26579,MYEOV,myeloma overexpressed,2.29670625705174,0.000121423919981722,UP
629,CFB,complement factor B,2.05676549800286,6.24840539665579e-05,UP
641,BLM,BLM RecQ like helicase,2.00635158592571,5.27219046656971e-05,UP
10449,ACAA2,acetyl-CoA acyltransferase 2,-1.69733502161062,1.25805100263426e-05,DOWN
23635,SSBP2,single stranded DNA binding protein 2,-1.90950635504464,3.91083944280116e-05,DOWN
5333,PLCD1,phospholipase C delta 1,-1.81180012861409,2.4884749435949e-05,DOWN
57716,PRX,periaxin,-1.95272034271809,4.73297593084182e-05,DOWN
1062,CENPE,centromere protein E,2.1553350582231,9.65329002938702e-05,UP
53841,CDHR5,cadherin related family member 5,-1.83588779704837,2.90716800181016e-05,DOWN
2146,EZH2,enhancer of zeste 2 polycomb repressive complex 2 subunit,1.76644212326997,2.03070333124334e-05,UP
23048,FNBP1,formin binding protein 1,-1.92663376720002,4.47358510392585e-05,DOWN
2743,GLRB,glycine receptor beta,-2.70828353142588,0.000308609934099872,DOWN
25994,HIGD1A,HIG1 hypoxia inducible domain family member 1A,-1.74353507609327,1.85264470561519e-05,DOWN
5187,PER1,period circadian regulator 1,-1.86495458653815,3.50951234266961e-05,DOWN
23140,ZZEF1,zinc finger ZZ-type and EF-hand domain containing 1,-1.65388732117328,1.06878105202754e-05,DOWN
29128,UHRF1,ubiquitin like with PHD and ring finger domains 1,1.94176403024687,4.96393392863518e-05,UP
56729,RETN,resistin,3.3287680969728,0.000618306789188392,UP
57484,RNF150,ring finger protein 150,-3.68774095545511,0.000794418316062272,DOWN
220108,FAM124A,family with sequence similarity 124 member A,-2.08026256331854,8.31298286383141e-05,DOWN
2908,NR3C1,nuclear receptor subfamily 3 group C member 1,-1.68406495930324,1.39382023467104e-05,DOWN
64922,LRRC19,leucine rich repeat containing 19,-1.96715085545327,5.69020305111992e-05,DOWN
10926,DBF4,DBF4-CDC7 kinase regulatory subunit,1.65525825663151,1.16814831770353e-05,UP
284076,TTLL6,tubulin tyrosine ligase like 6,-2.00265095672804,6.5711382017442e-05,DOWN
79658,ARHGAP10,Rho GTPase activating protein 10,-2.58976685237816,0.000276193530118866,DOWN
11261,CHP1,calcineurin like EF-hand protein 1,-1.68117361247115,1.4862469576053e-05,DOWN
440107,PLEKHG7,pleckstrin homology and RhoGEF domain containing G7,3.2116613776225,0.000581789300505746,UP
4998,ORC1,origin recognition complex subunit 1,1.95510551323899,5.94519724078672e-05,UP
6578,SLCO2A1,solute carrier organic anion transporter family member 2A1,-2.15739573507448,0.000114609077040742,DOWN
93986,FOXP2,forkhead box P2,-3.11504410769089,0.000545865298966215,DOWN
6472,SHMT2,serine hydroxymethyltransferase 2,1.77062975241914,2.70503628798796e-05,UP
8863,PER3,period circadian regulator 3,-1.94510810650911,5.98413650077161e-05,DOWN
114822,RHPN1,rhophilin Rho GTPase binding protein 1,2.06465700619988,9.18013646436958e-05,UP
113026,PLCD3,phospholipase C delta 3,-1.83844347032126,4.00503659732307e-05,DOWN
29785,CYP2S1,cytochrome P450 family 2 subfamily S member 1,1.90278843906177,5.30164477446443e-05,UP
26112,CCDC69,coiled-coil domain containing 69,-2.66586355259828,0.000337001685428001,DOWN
3161,HMMR,hyaluronan mediated motility receptor,2.29405928706741,0.000177077950276134,UP
5831,PYCR1,pyrroline-5-carboxylate reductase 1,1.82076635890695,3.91777933933978e-05,UP
8332,H2AC16,H2A clustered histone 16,1.94686199029134,6.68252004986569e-05,UP
8438,RAD54L,RAD54 like,1.68027583956949,1.93850969975157e-05,UP
29028,ATAD2,ATPase family AAA domain containing 2,1.70554177152566,2.33292807708898e-05,UP
6322,SCML1,Scm polycomb group protein like 1,2.04129995322202,9.64367980489454e-05,UP
55670,PEX26,peroxisomal biogenesis factor 26,-1.73166052974913,2.727932270411e-05,DOWN
9245,GCNT3,"glucosaminyl (N-acetyl) transferase 3, mucin type",-2.18566141789862,0.000148363475892179,DOWN
79908,BTNL8,butyrophilin like 8,-2.25571652159103,0.000177235892298123,DOWN
23460,ABCA6,ATP binding cassette subfamily A member 6,-2.04112940564484,0.000100659569602089,DOWN
150726,FBXO41,F-box protein 41,1.87348392079547,5.66764556825671e-05,UP
2354,FOSB,"FosB proto-oncogene, AP-1 transcription factor subunit",-2.76217018725686,0.000421744336980229,DOWN
27329,ANGPTL3,angiopoietin like 3,2.56612165418554,0.000322189345845523,UP
23228,PLCL2,phospholipase C like 2,-1.82282712325513,4.80195381555607e-05,DOWN
1512,CTSH,cathepsin H,1.75035257930191,3.63232004720707e-05,UP
11343,MGLL,monoglyceride lipase,-1.72683947238378,3.26504762358525e-05,DOWN
51497,NELFCD,negative elongation factor complex member C/D,1.51492226112799,8.42795977260683e-06,UP
201895,SMIM14,small integral membrane protein 14,-1.58621071282007,1.51164009740459e-05,DOWN
79750,ZNF385D,zinc finger protein 385D,-2.28544818863069,0.000214584176888385,DOWN
64072,CDH23,cadherin related 23,-2.28536178538054,0.00021520809114499,DOWN
389332,SMIM32,small integral membrane protein 32,-2.41628426841576,0.000277859585101814,DOWN
84968,PNMA6A,PNMA family member 6A,-3.49325677173939,0.000865789811922345,DOWN
2707,GJB3,gap junction protein beta 3,1.94453334280816,8.91280734560169e-05,UP
2865,FFAR3,free fatty acid receptor 3,-3.24792210838952,0.000741642814285206,DOWN
171586,ABHD3,"abhydrolase domain containing 3, phospholipase",-1.78019108021193,4.83311271948392e-05,DOWN
8329,H2AC13,H2A clustered histone 13,1.84982612415194,6.64651788328243e-05,UP
1951,CELSR3,cadherin EGF LAG seven-pass G-type receptor 3,1.78319595867322,5.25800905334079e-05,UP
27074,LAMP3,lysosomal associated membrane protein 3,2.06569699250112,0.000141091557574881,UP
5865,RAB3B,"RAB3B, member RAS oncogene family",-2.14860864646499,0.000174809482210583,DOWN
11148,HHLA2,HHLA2 member of B7 family,-2.09675157752637,0.000154570230739462,DOWN
857,CAV1,caveolin 1,-2.76634981534954,0.000498885103488138,DOWN
57502,NLGN4X,neuroligin 4 X-linked,-2.92926742871952,0.000593397419218328,DOWN
388335,TMEM220,transmembrane protein 220,-2.83930734372479,0.000541553614778993,DOWN
114905,C1QTNF7,C1q and TNF related 7,-2.33343574757508,0.000265070415216208,DOWN
783,CACNB2,calcium voltage-gated channel auxiliary subunit beta 2,-2.04992945512522,0.000139862969302863,DOWN
79915,ATAD5,ATPase family AAA domain containing 5,1.87090705419857,7.92495360089314e-05,UP
23397,NCAPH,non-SMC condensin I complex subunit H,1.98017520223601,0.000114844730047049,UP
8363,H4C11,H4 clustered histone 11,1.70394565282272,3.8789489432255e-05,UP
389058,SP5,Sp5 transcription factor,2.22189496786757,0.000215267441256941,UP
55601,DDX60,DExD/H-box helicase 60,-1.68265938049011,3.49977482695286e-05,DOWN
890,CCNA2,cyclin A2,1.76814899055378,5.28361620334194e-05,UP
58480,RHOU,ras homolog family member U,-1.75874662921044,5.13699712670196e-05,DOWN
7087,ICAM5,intercellular adhesion molecule 5,2.74492032170763,0.000503477044155982,UP
342527,SMTNL2,smoothelin like 2,3.08263598960752,0.00070465700732455,UP
1734,DIO2,iodothyronine deiodinase 2,2.13539119500487,0.000184230925267513,UP
8970,H2BC11,H2B clustered histone 11,1.78428640610849,6.03242915518327e-05,UP
8362,H4C12,H4 clustered histone 12,1.69946283316387,4.10864968459234e-05,UP
58189,WFDC1,WAP four-disulfide core domain 1,-2.92100847196219,0.000617102594336955,DOWN
1368,CPM,carboxypeptidase M,-1.81070279988735,7.01908825711015e-05,DOWN
58476,TP53INP2,tumor protein p53 inducible nuclear protein 2,-2.42280703162614,0.00034518654278545,DOWN
56901,NDUFA4L2,NDUFA4 mitochondrial complex associated like 2,1.97244269790177,0.000129388734371498,UP
7518,XRCC4,X-ray repair cross complementing 4,1.60447886054028,2.7677961515006e-05,UP
2187,FANCB,FA complementation group B,2.00020020071257,0.000141434806918718,UP
9588,PRDX6,peroxiredoxin 6,-1.66033039133792,3.83433895709976e-05,DOWN
8904,CPNE1,copine 1,1.64994305709661,3.74842777732165e-05,UP
5241,PGR,progesterone receptor,-3.23254247989802,0.000845962539467501,DOWN
112476,PRRT2,proline rich transmembrane protein 2,-2.00809468476627,0.000150456297604277,DOWN
84812,PLCD4,phospholipase C delta 4,-2.28836758870063,0.000287172200567834,DOWN
2877,GPX2,glutathione peroxidase 2,1.73833410507062,5.94737183441854e-05,UP
6282,S100A11,S100 calcium binding protein A11,1.71334133560271,5.34881978913655e-05,UP
56256,SERTAD4,SERTA domain containing 4,-2.73717266623902,0.000557369599008545,DOWN
5016,OVGP1,oviductal glycoprotein 1,1.8916913175193,0.000109154662364594,UP
3291,HSD11B2,hydroxysteroid 11-beta dehydrogenase 2,-1.76982373659485,6.97513900623658e-05,DOWN
64115,VSIR,V-set immunoregulatory receptor,-1.57868778623057,2.69829875230504e-05,DOWN
6338,SCNN1B,sodium channel epithelial 1 subunit beta,-4.42751357856056,0.00147937720368379,DOWN
3159,HMGA1,high mobility group AT-hook 1,1.64816181134837,4.04509285503387e-05,UP
9156,EXO1,exonuclease 1,1.97120610338015,0.000142551540863654,UP
135644,TRIM40,tripartite motif containing 40,-2.35521164999373,0.000338192290332477,DOWN
11252,PACSIN2,protein kinase C and casein kinase substrate in neurons 2,-1.57715644932867,2.84359992605521e-05,DOWN
57082,KNL1,kinetochore scaffold 1,1.71953453558534,6.00169109484794e-05,UP
3854,KRT6B,keratin 6B,3.43152058606803,0.00100700333673558,UP
114795,TMEM132B,transmembrane protein 132B,-2.98846765476904,0.000742878298354645,DOWN
84502,JPH4,junctophilin 4,-3.28890877798766,0.000932968510105602,DOWN
5648,MASP1,MBL associated serine protease 1,-4.42605476953264,0.00152035921376166,DOWN
10462,CLEC10A,C-type lectin domain containing 10A,-1.87580401563819,0.000115695688732292,DOWN
79901,CYBRD1,cytochrome b reductase 1,-1.88074905667084,0.000117592932764077,DOWN
400986,ANKRD36C,ankyrin repeat domain 36C,1.60398871857369,3.69241244333753e-05,UP
3329,HSPD1,heat shock protein family D (Hsp60) member 1,1.54870632248597,2.74384389791096e-05,UP
9620,CELSR1,cadherin EGF LAG seven-pass G-type receptor 1,2.03658938090271,0.000191404410931123,UP
1736,DKC1,dyskerin pseudouridine synthase 1,1.55543691496144,2.96673506794109e-05,UP
153572,IRX2,iroquois homeobox 2,3.14782162002033,0.00088008999418102,UP
6700,SPRR2A,small proline rich protein 2A,3.94910824515985,0.00134795402783066,UP
8425,LTBP4,latent transforming growth factor beta binding protein 4,-1.80320951464865,9.91554509798463e-05,DOWN
717,C2,complement C2,2.417769715791,0.00041950275772727,UP
400916,CHCHD10,coiled-coil-helix-coiled-coil-helix domain containing 10,-1.56745723464227,3.38491710247082e-05,DOWN
653567,TMEM236,transmembrane protein 236,-3.0031939539364,0.000805550336371625,DOWN
151246,SGO2,shugoshin 2,1.93156209936014,0.000152919756179208,UP
3002,GZMB,granzyme B,2.03228188360537,0.000204546558596,UP
2788,GNG7,G protein subunit gamma 7,-2.56135411729412,0.000522852762413557,DOWN
6665,SOX15,SRY-box transcription factor 15,-2.8992471403729,0.000749619803958484,DOWN
7098,TLR3,toll like receptor 3,-1.73889979857631,8.15366854078451e-05,DOWN
348249,CCL15-CCL14,CCL15-CCL14 readthrough (NMD candidate),-1.76968173734499,9.45415544117064e-05,DOWN
5961,PRPH2,peripherin 2,-3.13003771340129,0.000912678258925644,DOWN
8522,GAS7,growth arrest specific 7,-1.80512790303621,0.000108054320518943,DOWN
79075,DSCC1,DNA replication and sister chromatid cohesion 1,1.94836209100582,0.000172034583831501,UP
80034,CSRNP3,cysteine and serine rich nuclear protein 3,-2.07304361212121,0.000237310030777129,DOWN
57519,STARD9,StAR related lipid transfer domain containing 9,-1.80016100137519,0.000109741462400144,DOWN
3043,HBB,hemoglobin subunit beta,-2.04527738099878,0.000226643082196999,DOWN
1152,CKB,creatine kinase B,-1.85329267882081,0.000134155143287523,DOWN
100652824,KIAA2012,KIAA2012,2.94694973478667,0.000814052774580613,UP
10549,PRDX4,peroxiredoxin 4,1.61076861381904,5.10144025985265e-05,UP
124975,GGT6,gamma-glutamyltransferase 6,-1.73960241668788,9.12393592964236e-05,DOWN
5983,RFC3,replication factor C subunit 3,2.13708829141393,0.000283826568216607,UP
389792,IER5L,immediate early response 5 like,1.80937320839281,0.000118602544249242,UP
220042,DDIAS,DNA damage induced apoptosis suppressor,2.06747513601634,0.000246928000150715,UP
374877,SAXO5,stabilizer of axonemal microtubules 5,2.83366366954498,0.000751773837283426,UP
441631,TSPAN11,tetraspanin 11,-1.93764645128174,0.000179017736054735,DOWN
79443,FYCO1,FYVE and coiled-coil domain autophagy adaptor 1,-1.49829339225617,2.81924947689705e-05,DOWN
489,ATP2A3,ATPase sarcoplasmic/endoplasmic reticulum Ca2+ transporting 3,-1.7766799874585,0.000109347765873938,DOWN
7957,EPM2A,"EPM2A glucan phosphatase, laforin",-2.15031173608352,0.000299764642316335,DOWN
440145,MZT1,mitotic spindle organizing protein 1,1.87523107464249,0.000152114385667695,UP
6840,SVIL,supervillin,-2.44877012881352,0.000496057443457849,DOWN
80243,PREX2,"phosphatidylinositol-3,4,5-trisphosphate dependent Rac exchange factor 2",-1.82440359595032,0.000130113377673698,DOWN
83879,CDCA7,cell division cycle associated 7,2.36444801906676,0.00044286065933955,UP
4494,MT1F,metallothionein 1F,-2.02393471512781,0.000233489135476529,DOWN
8884,SLC5A6,solute carrier family 5 member 6,1.6424542316714,6.59720902033162e-05,UP
23371,TNS2,tensin 2,-1.91369113925258,0.000176625020272339,DOWN
6920,TCEA3,transcription elongation factor A3,-1.71258634767612,9.06234584934705e-05,DOWN
80336,PABPC1L,poly(A) binding protein cytoplasmic 1 like,2.22261767862331,0.000363325170753685,UP
92815,H2AC25,H2A clustered histone 25,2.07295058839719,0.000270050392779228,UP
387103,CENPW,centromere protein W,2.0730710877823,0.00027204456351319,UP
35,ACADS,acyl-CoA dehydrogenase short chain,-1.88291076930316,0.00016886859526739,DOWN
158584,FAAH2,fatty acid amide hydrolase 2,1.64981201851383,7.3595036863923e-05,UP
116496,NIBAN1,niban apoptosis regulator 1,-3.47659316032409,0.00123455499290458,DOWN
91156,IGFN1,immunoglobulin like and fibronectin type III domain containing 1,3.17452973868572,0.001042390604861,UP
146691,TOM1L2,target of myb1 like 2 membrane trafficking protein,-1.53496231148612,4.25686769664453e-05,DOWN
3070,HELLS,"helicase, lymphoid specific",1.83925659097425,0.000153580702548299,UP
8633,UNC5C,unc-5 netrin receptor C,-2.01331593059763,0.000246768141536746,DOWN
7139,TNNT2,"troponin T2, cardiac type",3.22339772274061,0.00108514370651222,UP
84955,NUDCD1,NudC domain containing 1,1.74412991633978,0.000113678037165094,UP
9215,LARGE1,LARGE xylosyl- and glucuronyltransferase 1,-1.6307707169687,7.18002845751803e-05,DOWN
85457,CIPC,CLOCK interacting pacemaker,-1.57057151997087,5.36906530967036e-05,DOWN
728577,CNTNAP3B,contactin associated protein family member 3B,-2.90623033329088,0.000880667679292817,DOWN
54102,CLIC6,chloride intracellular channel 6,-2.22546897902135,0.000390528102246117,DOWN
81578,COL21A1,collagen type XXI alpha 1 chain,-2.87621811251524,0.000860122461317616,DOWN
79101,TAF1D,"TATA-box binding protein associated factor, RNA polymerase I subunit D",1.51323625854355,4.01726059778842e-05,UP
220965,FAM13C,family with sequence similarity 13 member C,-1.97159636091301,0.000232448409668996,DOWN
8120,AP3B2,adaptor related protein complex 3 subunit beta 2,-3.26804093642349,0.00113905938917984,DOWN
84466,MEGF10,multiple EGF like domains 10,-2.62365022280248,0.00068314909451979,DOWN
1594,CYP27B1,cytochrome P450 family 27 subfamily B member 1,1.98471509322864,0.000243182381490832,UP
646962,HRCT1,histidine rich carboxyl terminus 1,-2.15910521051602,0.000354479197871201,DOWN
116447,TOP1MT,DNA topoisomerase I mitochondrial,1.69891112607302,0.000101428203030757,UP
4352,MPL,"MPL proto-oncogene, thrombopoietin receptor",-2.40822595603997,0.00053468811595876,DOWN
57549,IGSF9,immunoglobulin superfamily member 9,-1.81812154418082,0.000156476606254134,DOWN
374393,FAM111B,FAM111 trypsin like peptidase B,1.82003613627463,0.000159422919179396,UP
65018,PINK1,PTEN induced kinase 1,-1.53188527758446,5.04458592625241e-05,DOWN
4601,MXI1,"MAX interactor 1, dimerization protein",-1.67169071920462,9.81439455224779e-05,DOWN
1434,CSE1L,chromosome segregation 1 like,1.49034923559206,4.07210842800857e-05,UP
27163,NAAA,N-acylethanolamine acid amidase,-1.75633582629666,0.000135615805492597,DOWN
1773,DNASE1,deoxyribonuclease 1,1.72187690683495,0.00012485453350084,UP
23125,CAMTA2,calmodulin binding transcription activator 2,-1.44024846073704,3.187984313466e-05,DOWN
135398,C6orf141,chromosome 6 open reading frame 141,1.95412197636532,0.000251485705288454,UP
3170,FOXA2,forkhead box A2,1.84177550194424,0.000187381383162363,UP
196996,GRAMD2A,GRAM domain containing 2A,2.07676151338058,0.0003349992401262,UP
5567,PRKACB,protein kinase cAMP-activated catalytic subunit beta,-1.8680706055735,0.000204473908429858,DOWN
7432,VIP,vasoactive intestinal peptide,-3.35814020663646,0.00128112745388108,DOWN
3990,LIPC,"lipase C, hepatic type",-2.17310429618699,0.000416133730073706,DOWN
8331,H2AC14,H2A clustered histone 14,1.84953935306013,0.000203699612600427,UP
60436,TGIF2,TGFB induced factor homeobox 2,1.67744928324856,0.000116309910550339,UP
57576,KIF17,kinesin family member 17,-2.55147164954068,0.000709892344231524,DOWN
10586,MAB21L2,mab-21 like 2,-2.96798557752679,0.00102966799113652,DOWN
80714,PBX4,PBX homeobox 4,1.81634719031495,0.000187549983603196,UP
643382,TMEM253,transmembrane protein 253,-1.8028691075819,0.000180402258491222,DOWN
29951,PDZRN4,PDZ domain containing ring finger 4,-5.1837008246688,0.00214789330663893,DOWN
25890,ABI3BP,ABI family member 3 binding protein,-3.02607952568099,0.00108266108936905,DOWN
92312,MEX3A,mex-3 RNA binding family member A,2.5561361420995,0.000731894331268662,UP
100631383,FAM47E-STBD1,FAM47E-STBD1 readthrough,-1.69150860674708,0.000130346573799709,DOWN
5602,MAPK10,mitogen-activated protein kinase 10,-1.90247557986674,0.000251691093293781,DOWN
7263,TST,thiosulfate sulfurtransferase,-1.64647893234817,0.00011247223034682,DOWN
202333,CMYA5,cardiomyopathy associated 5,-2.35254472513355,0.000590360183270291,DOWN
64105,CENPK,centromere protein K,1.80372805876433,0.000199048115902976,UP
81620,CDT1,chromatin licensing and DNA replication factor 1,1.67812914051108,0.000134762787922534,UP
10208,USPL1,ubiquitin specific peptidase like 1,1.63497655756138,0.000116308414850245,UP
6450,SH3BGR,SH3 domain binding glutamate rich protein,-2.51734072711908,0.000750195045133638,DOWN
4283,CXCL9,C-X-C motif chemokine ligand 9,2.08429468273974,0.000406173164621825,UP
6948,TCN2,transcobalamin 2,-1.65369895660039,0.000129835237022769,DOWN
11095,ADAMTS8,ADAM metallopeptidase with thrombospondin type 1 motif 8,-3.56364182138835,0.00151586522217426,DOWN
23483,TGDS,"TDP-glucose 4,6-dehydratase",1.64387665908756,0.000126165034847465,UP
81930,KIF18A,kinesin family member 18A,2.30608164467445,0.000587400210189039,UP
55022,PID1,phosphotyrosine interaction domain containing 1,-1.81140789768265,0.000221015877487717,DOWN
8969,H2AC11,H2A clustered histone 11,1.6913216112122,0.000153083193359207,UP
54478,PIMREG,PICALM interacting mitotic regulator,1.91203184379547,0.000289481641415846,UP
94240,EPSTI1,epithelial stromal interaction 1,1.71741519592091,0.000167735750934649,UP
53832,IL20RA,interleukin 20 receptor subunit alpha,1.68587837569728,0.000154872630913816,UP
4239,MFAP4,microfibril associated protein 4,-2.46018530223251,0.000733420449309954,DOWN
7293,TNFRSF4,TNF receptor superfamily member 4,2.05954065405947,0.000409400333674387,UP
26271,FBXO5,F-box protein 5,1.76736922424312,0.000205946194924375,UP
51602,NOP58,NOP58 ribonucleoprotein,1.48867157467142,6.99469584609333e-05,UP
9212,AURKB,aurora kinase B,1.7946013369718,0.000224974512883626,UP
79007,DBNDD1,dysbindin domain containing 1,1.79557425209672,0.000226853218009292,UP
146909,KIF18B,kinesin family member 18B,2.13975221450546,0.00048949266133638,UP
943,TNFRSF8,TNF receptor superfamily member 8,2.94483701991004,0.00115691971610201,UP
4128,MAOA,monoamine oxidase A,-1.75522172248196,0.00020836745282212,DOWN
55143,CDCA8,cell division cycle associated 8,1.8101780487257,0.000244497230635838,UP
79633,FAT4,FAT atypical cadherin 4,-1.89644735854379,0.000305691658748004,DOWN
27147,DENND2A,DENN domain containing 2A,-1.74844969610113,0.000207234759556927,DOWN
57650,CIP2A,cellular inhibitor of PP2A,1.82724363685394,0.000258792771979791,UP
642475,MROH6,maestro heat like repeat family member 6,1.92880818567916,0.000335008432180483,UP
3590,IL11RA,interleukin 11 receptor subunit alpha,-1.68066426757538,0.000169979461014959,DOWN
667,DST,dystonin,-1.58716158190454,0.000126087717600669,DOWN
22848,AAK1,AP2 associated kinase 1,-1.39473303935681,4.90594100821373e-05,DOWN
10749,KIF1C,kinesin family member 1C,-1.44713702955539,6.63409032734428e-05,DOWN
5028,P2RY1,purinergic receptor P2Y1,-1.94349849553468,0.000360424405965482,DOWN
6769,STAC,SH3 and cysteine rich domain,-3.16365803431475,0.00136107542458637,DOWN
220134,SKA1,spindle and kinetochore associated complex subunit 1,1.82332902727151,0.000272566233996793,UP
8343,H2BC7,H2B clustered histone 7,1.69476454790675,0.00018890079268626,UP
6340,SCNN1G,sodium channel epithelial 1 subunit gamma,-2.6974608048876,0.00100940994445412,DOWN
348093,RBPMS2,"RNA binding protein, mRNA processing factor 2",-4.74480181761672,0.00219774330815199,DOWN
29070,CCDC113,coiled-coil domain containing 113 [Source:HGNC Symbol;Acc:HGNC:25002],1.79996781271843,0.000261843437044181,UP
2781,GNAZ,G protein subunit alpha z,-2.13904181020304,0.000530590001341945,DOWN
11181,TREH,trehalase,-1.98118815832014,0.000402387109234832,DOWN
127845,GOLT1A,golgi transport 1A,1.81354925104876,0.000278266523996891,UP
10882,C1QL1,complement C1q like 1,-2.27120504154783,0.000660319046358048,DOWN
7068,THRB,thyroid hormone receptor beta,-2.46970466336089,0.000853297759780578,DOWN
9700,ESPL1,"extra spindle pole bodies like 1, separase",1.63964195962696,0.000175664699831154,UP
23052,ENDOD1,endonuclease domain containing 1,-1.52133553370577,0.000111615149907027,DOWN
83547,RILP,Rab interacting lysosomal protein,-1.62211667040317,0.000168008012380038,DOWN
255738,PCSK9,proprotein convertase subtilisin/kexin type 9,3.19409073477704,0.00145737948075571,UP
5050,PAFAH1B3,platelet activating factor acetylhydrolase 1b catalytic subunit 3,1.52849049454052,0.000117336643094652,UP
196051,PLPP4,phospholipid phosphatase 4,2.97325878741864,0.00129507468095928,UP
6484,ST3GAL4,"ST3 beta-galactoside alpha-2,3-sialyltransferase 4",-2.01032192075922,0.000465540168403434,DOWN
64499,TPSB2,tryptase beta 2,-1.92828095887492,0.000399072700613236,DOWN
10444,ZER1,zyg-11 related cell cycle regulator,-1.42322610520115,7.49622753833392e-05,DOWN
25879,DCAF13,DDB1 and CUL4 associated factor 13,1.56558749130898,0.000144471327511886,UP
112858,TP53RK,TP53 regulating kinase,1.40762420070951,6.98976500999332e-05,UP
6752,SSTR2,somatostatin receptor 2,-2.28158514542689,0.000721789479782755,DOWN
1134,CHRNA1,cholinergic receptor nicotinic alpha 1 subunit,-2.78477449931185,0.00117594379576388,DOWN
1300,COL10A1,collagen type X alpha 1 chain,2.68235528195931,0.00109046337957823,UP
151648,SGO1,shugoshin 1,1.78229511008782,0.000294637231681423,UP
6844,VAMP2,vesicle associated membrane protein 2,-1.5126230493451,0.000120450028659476,DOWN
9401,RECQL4,RecQ like helicase 4,1.66029790212839,0.000208750238859187,UP
10370,CITED2,Cbp/p300 interacting transactivator with Glu/Asp rich carboxy-terminal domain 2,-2.04498083985967,0.000520675190788566,DOWN
7367,UGT2B17,UDP glucuronosyltransferase family 2 member B17,-3.48331981839104,0.00171631411213091,DOWN
2971,GTF3A,general transcription factor IIIA,1.76979733879852,0.000293868079779058,UP
163223,ZNF676,zinc finger protein 676,-3.67527822883832,0.00184530550697559,DOWN
114907,FBXO32,F-box protein 32,-2.29458743828908,0.000765644077738627,DOWN
57181,SLC39A10,solute carrier family 39 member 10,1.8774813777438,0.000387466829072289,UP
166336,PRICKLE2,prickle planar cell polarity protein 2,-2.03127489817414,0.000527954432548473,DOWN
3714,JAG2,jagged canonical Notch ligand 2,1.71057528195383,0.000260483564616884,UP
29923,HILPDA,hypoxia inducible lipid droplet associated,1.98568575579011,0.000495888006924133,UP
54517,PUS7,pseudouridine synthase 7,1.50344835143557,0.000129921172556098,UP
2048,EPHB2,EPH receptor B2,1.48488741122848,0.000121514821884636,UP
56992,KIF15,kinesin family member 15,1.63098005417052,0.000212026400663814,UP
84866,TMEM25,transmembrane protein 25,-1.97528733100504,0.000495435657997214,DOWN
27306,HPGDS,hematopoietic prostaglandin D synthase,-2.10548616818836,0.000617409760946968,DOWN
162514,TRPV3,transient receptor potential cation channel subfamily V member 3,-1.86183228945025,0.000402057130783575,DOWN
51302,CYP39A1,cytochrome P450 family 39 subfamily A member 1,1.82807386902696,0.000381980292299672,UP
1111,CHEK1,checkpoint kinase 1,1.70071150271798,0.00027856835135391,UP
79981,FRMD1,FERM domain containing 1,-2.04339032706139,0.000584557104380976,DOWN
27250,PDCD4,programmed cell death 4,-1.65484506967965,0.00024636586283582,DOWN
3604,TNFRSF9,TNF receptor superfamily member 9,2.06062340811326,0.0006036667997271,UP
84057,MND1,meiotic nuclear divisions 1,1.68303059414788,0.000268627867642687,UP
138151,NACC2,NACC family member 2,-1.56555531674199,0.000186344344401849,DOWN
222256,CDHR3,cadherin related family member 3,-2.47543309706648,0.00101546662669196,DOWN
8355,H3C8,H3 clustered histone 8,1.9571837232754,0.000512674649849398,UP
9760,TOX,thymocyte selection associated high mobility group box,-2.92902463656753,0.00142277650773802,DOWN
10699,CORIN,"corin, serine peptidase",2.59998898351966,0.00113683092470918,UP
1180,CLCN1,chloride voltage-gated channel 1,3.13926332510235,0.00159499380032251,UP
63922,CHTF18,chromosome transmission fidelity factor 18,1.53078199927798,0.000166992759979661,UP
83448,PUS7L,pseudouridine synthase 7 like,1.46343390897988,0.000127293215817725,UP
79762,C1orf115,chromosome 1 open reading frame 115,-2.39366827971186,0.000952229088136019,DOWN
121506,ERP27,endoplasmic reticulum protein 27,2.40264931892475,0.000964911099233231,UP
206358,SLC36A1,solute carrier family 36 member 1,-1.58495814907543,0.00020712596200496,DOWN
8000,PSCA,prostate stem cell antigen,-3.62454032896211,0.00194046009514442,DOWN
55198,APPL2,"adaptor protein, phosphotyrosine interacting with PH domain and leucine zipper 2",-1.45947310619975,0.000130474683726312,DOWN
338328,GPIHBP1,glycosylphosphatidylinositol anchored high density lipoprotein binding protein 1,-3.1522084609144,0.00163215457368751,DOWN
653149,NBPF6,NBPF member 6,2.93045264870091,0.00146448308155341,UP
3553,IL1B,interleukin 1 beta,2.14507497948565,0.000727745978389137,UP
5334,PLCL1,phospholipase C like 1 (inactive),-1.82881199204321,0.00041994280092428,DOWN
2731,GLDC,glycine decarboxylase,2.04291302039033,0.000629612084372473,UP
29943,PADI1,peptidyl arginine deiminase 1,2.92804227464735,0.0014762527487203,UP
7177,TPSAB1,tryptase alpha/beta 1,-1.91045202792637,0.000502005457896002,DOWN
80148,SLC66A2,solute carrier family 66 member 2,-1.58791674276071,0.000221678221680971,DOWN
10090,UST,uronyl 2-sulfotransferase,-2.44540523475842,0.00104624601600317,DOWN
9172,MYOM2,myomesin 2,-2.25575952712384,0.000865288881807091,DOWN
10628,TXNIP,thioredoxin interacting protein,-1.44494593911086,0.000135567432640118,DOWN
89839,ARHGAP11B,Rho GTPase activating protein 11B,1.75272767692343,0.000377382672962848,UP
8341,H2BC15,H2B clustered histone 15,1.5523147791783,0.000212358283043594,UP
367,AR,androgen receptor,-2.31325271848374,0.000946662641906962,DOWN
79739,TTLL7,tubulin tyrosine ligase like 7,-1.88483087803539,0.000507392783007154,DOWN
4157,MC1R,melanocortin 1 receptor,1.83708263856816,0.00046602956882839,UP
27151,CPAMD8,C3 and PZP like alpha-2-macroglobulin domain containing 8,-2.59875340060454,0.00124452946843774,DOWN
3009,H1-5,"H1.5 linker histone, cluster member",1.75271894170508,0.000393140387696525,UP
8346,H2BC10,H2B clustered histone 10,1.8137074224783,0.000453005427240362,UP
4234,METTL1,"methyltransferase 1, tRNA methylguanosine",1.52166001711435,0.000200410287766112,UP
2157,F8,coagulation factor VIII,-1.8142916761498,0.000456614679124801,DOWN
55603,TENT5A,terminal nucleotidyltransferase 5A,-1.61650982350736,0.000278199852858402,DOWN
10917,BTNL3,butyrophilin like 3,-2.19429802729293,0.000858889363120162,DOWN
2564,GABRE,gamma-aminobutyric acid type A receptor subunit epsilon,1.84522689643607,0.000497634394229493,UP
83903,HASPIN,histone H3 associated protein kinase,1.63275866172424,0.000297836714552216,UP
221895,JAZF1,JAZF zinc finger 1,-1.66246558178364,0.000324500548982868,DOWN
23336,SYNM,synemin,-5.12888940975523,0.00268741406689547,DOWN
10218,ANGPTL7,angiopoietin like 7,-2.0305326945484,0.000699615565670852,DOWN
79153,GDPD3,glycerophosphodiester phosphodiesterase domain containing 3,-1.65259395723986,0.000325871047731758,DOWN
775,CACNA1C,calcium voltage-gated channel subunit alpha1 C,-2.63341832705085,0.00133972293255229,DOWN
23359,ENTREP2,endosomal transmembrane epsin interactor 2,-2.00855004687925,0.000694849444064392,DOWN
56937,PMEPA1,"prostate transmembrane protein, androgen induced 1",1.63909524982464,0.000326422238741017,UP
5697,PYY,peptide YY,-3.74343304550648,0.00218032763322621,DOWN
339479,BRINP3,BMP/retinoic acid inducible neural specific 3,-2.91172645839913,0.00161019992811488,DOWN
6242,RTKN,rhotekin,1.45943608671476,0.00018114790295553,UP
9745,ZNF536,zinc finger protein 536,-2.95575367000062,0.00165440866636885,DOWN
91748,MIDEAS,mitotic deacetylase associated SANT domain protein,-1.45568310568258,0.000179983058828084,DOWN
6725,SRMS,src-related kinase lacking C-terminal regulatory tyrosine and N-terminal myristylation sites,3.02200260881108,0.00171918831536954,UP
340654,LIPM,lipase family member M,2.77562739461267,0.00151609016015964,UP
899,CCNF,cyclin F,1.60332196450679,0.000306903659099852,UP
127602,DNAH14,dynein axonemal heavy chain 14,2.06833164588362,0.000791217228899964,UP
84722,PSRC1,proline and serine rich coiled-coil 1,1.68431990089751,0.000384048501127102,UP
9811,CTIF,cap binding complex dependent translation initiation factor,-1.54068685349257,0.00025350652465702,DOWN
6261,RYR1,ryanodine receptor 1,-2.27077609331711,0.00102898968183179,DOWN
100127983,C8orf88,chromosome 8 open reading frame 88,-2.7139655502861,0.00148014365089438,DOWN
10388,SYCP2,synaptonemal complex protein 2,2.27791885645485,0.00104754341223238,UP
624,BDKRB2,bradykinin receptor B2,-1.63948846092343,0.000358142389569009,DOWN
1775,DNASE1L2,deoxyribonuclease 1 like 2,1.91063358192082,0.000645560149725859,UP
64762,GAREM1,GRB2 associated regulator of MAPK1 subtype 1,-1.31678877904806,0.000105967829094011,DOWN
4254,KITLG,KIT ligand,-1.59208051804655,0.000318556924639271,DOWN
11228,RASSF8,Ras association domain family member 8,-1.73432965683509,0.000464485108030445,DOWN
9867,PJA2,praja ring finger ubiquitin ligase 2,-1.37926996252568,0.000151111259402785,DOWN
9148,NEURL1,neuralized E3 ubiquitin protein ligase 1,-2.37299454840036,0.00118467802109699,DOWN
4318,MMP9,matrix metallopeptidase 9,2.31696859105081,0.00112577292923641,UP
340267,COL28A1,collagen type XXVIII alpha 1 chain,-2.07245894850623,0.000860846848787437,DOWN
498,ATP5F1A,ATP synthase F1 subunit alpha,-1.2900774402926,0.00010008423094022,DOWN
474,ATOH1,atonal bHLH transcription factor 1,-2.10721026406783,0.000903701985164577,DOWN
176,ACAN,aggrecan,2.4009420874423,0.0012350253805433,UP
80168,MOGAT2,monoacylglycerol O-acyltransferase 2,-1.59581313157575,0.000345610114979917,DOWN
8654,PDE5A,phosphodiesterase 5A,-2.17457244404383,0.000991133728694824,DOWN
54331,GNG2,G protein subunit gamma 2,-1.55849131633842,0.000311494821539791,DOWN
58516,SINHCAF,SIN3-HDAC complex associated factor,1.55669745824337,0.00030995487459713,UP
148545,NBPF4,NBPF member 4,2.9807495497875,0.0017997921860782,UP
64093,SMOC1,SPARC related modular calcium binding 1,-2.02856545460255,0.000829725042220144,DOWN
5794,PTPRH,protein tyrosine phosphatase receptor type H,-1.57828078702309,0.000333727142639058,DOWN
8038,ADAM12,ADAM metallopeptidase domain 12,2.58654798123285,0.00145883854243318,UP
7784,ZP3,zona pellucida glycoprotein 3,1.61514818096139,0.000378846263253548,UP
51761,ATP8A2,ATPase phospholipid transporting 8A2,-3.08490488355272,0.00190901328331155,DOWN
191,AHCY,adenosylhomocysteinase,1.46405016408794,0.000239823905595285,UP
941,CD80,CD80 molecule,3.05148565573226,0.0018934554009256,UP
85235,H2AC12,H2A clustered histone 12,1.69481072725556,0.000469345109826319,UP
64236,PDLIM2,PDZ and LIM domain 2,-1.56186469857697,0.000340507500157577,DOWN
79641,ROGDI,rogdi atypical leucine zipper,-1.4626687319362,0.000248329433693621,DOWN
27035,NOX1,NADPH oxidase 1,1.76608022412496,0.000565071589036164,UP
8339,H2BC8,H2B clustered histone 8,1.57825680677531,0.000361041267529349,UP
1188,CLCNKB,chloride voltage-gated channel Kb,-3.02438606248915,0.0019012940594057,DOWN
11335,CBX3,chromobox 3,1.37973424913478,0.000183446388014161,UP
25959,KANK2,KN motif and ankyrin repeat domains 2,-2.65101901025339,0.00157374815616465,DOWN
5920,PLAAT4,phospholipase A and acyltransferase 4,-1.60623676417422,0.00039905482017263,DOWN
51659,GINS2,GINS complex subunit 2,1.75084139813409,0.00056815932814737,UP
2289,FKBP5,FKBP prolyl isomerase 5,-1.45003764672542,0.000252142884694731,DOWN
80816,ASXL3,ASXL transcriptional regulator 3,-2.83653991072183,0.0017771812865415,DOWN
283212,KLHL35,kelch like family member 35,2.43997238257231,0.00138625867457708,UP
57731,SPTBN4,"spectrin beta, non-erythrocytic 4",-2.81353130553902,0.00175928498829219,DOWN
389337,ARHGEF37,Rho guanine nucleotide exchange factor 37,-1.73794716346277,0.000565737491744006,DOWN
7772,ZNF229,zinc finger protein 229,-3.07143877354188,0.00199213516062949,DOWN
23769,FLRT1,fibronectin leucine rich transmembrane protein 1,-2.92316420107901,0.00187125987573362,DOWN
55616,ASAP3,"ArfGAP with SH3 domain, ankyrin repeat and PH domain 3",-1.50639904149099,0.000322992575229072,DOWN
11226,GALNT6,polypeptide N-acetylgalactosaminyltransferase 6,1.67468423519187,0.000507054287468081,UP
27338,UBE2S,ubiquitin conjugating enzyme E2 S,1.46797618470592,0.000287814491286328,UP
26038,CHD5,chromodomain helicase DNA binding protein 5,-2.9429832505798,0.00190560276392952,DOWN
10455,ECI2,enoyl-CoA delta isomerase 2,-1.598627737772,0.000426427161970952,DOWN
9480,ONECUT2,one cut homeobox 2,2.98607288548328,0.00195492573178045,UP
152007,GLIPR2,GLI pathogenesis related 2,-1.95901117312046,0.000880628636208471,DOWN
8480,RAE1,ribonucleic acid export 1,1.51650226403121,0.000355840273855198,UP
162461,TMEM92,transmembrane protein 92,1.73032355807213,0.000610007777422115,UP
5984,RFC4,replication factor C subunit 4,1.4052378518376,0.000250554281469977,UP
10733,PLK4,polo like kinase 4,1.56263299213927,0.000419214442162895,UP
6609,SMPD1,sphingomyelin phosphodiesterase 1,-1.35990367572648,0.00021508187234597,DOWN
219790,RTKN2,rhotekin 2,1.74272994602026,0.000638727051462791,UP
5471,PPAT,phosphoribosyl pyrophosphate amidotransferase,1.52434624723975,0.000381724872853057,UP
291,SLC25A4,solute carrier family 25 member 4,-1.73917931103985,0.000640128024176458,DOWN
57462,MYORG,myogenesis regulating glycosidase (putative),-1.44382727946457,0.000298925674751981,DOWN
6717,SRI,sorcin,-1.42930608683476,0.00028610126184469,DOWN
10112,KIF20A,kinesin family member 20A,2.15795375438193,0.00117146344025096,UP
55257,MRGBP,MRG domain binding protein,1.55251716105548,0.000419127886411204,UP
6491,STIL,STIL centriolar assembly protein,1.42967382807871,0.000290881245910954,UP
788,SLC25A20,solute carrier family 25 member 20,-1.37103223912959,0.000234062664628987,DOWN
817,CAMK2D,calcium/calmodulin dependent protein kinase II delta,-1.50156720538413,0.000370733752097899,DOWN
9194,SLC16A7,solute carrier family 16 member 7,-2.47880524686949,0.00156503843746421,DOWN
2491,CENPI,centromere protein I,1.66985177541124,0.00057239432452885,UP
79866,BORA,BORA aurora kinase A activator,1.64713968097993,0.000550303339468871,UP
5326,PLAGL2,PLAG1 like zinc finger 2,1.42500848183457,0.000295670142685367,UP
6764,DENND2B,DENN domain containing 2B,-1.48276139067926,0.000359496651074188,DOWN
4306,NR3C2,nuclear receptor subfamily 3 group C member 2,-2.87865465733439,0.00197964264672699,DOWN
2822,GPLD1,glycosylphosphatidylinositol specific phospholipase D1,-1.82968974933724,0.000789522611054641,DOWN
6535,SLC6A8,solute carrier family 6 member 8,-1.55703966027457,0.000447439022458462,DOWN
6819,SULT1C2,sulfotransferase family 1C member 2,2.66386139381372,0.0017900963910804,UP
23322,RPGRIP1L,RPGRIP1 like,1.51476188638928,0.000406882192320523,UP
728464,METTL24,methyltransferase like 24,-2.2507028058121,0.00134559597019346,DOWN
2168,FABP1,fatty acid binding protein 1,-2.30346177548454,0.00141294064779756,DOWN
57477,SHROOM4,shroom family member 4,1.56791173044236,0.00047613370089076,UP
84319,CMSS1,cms1 ribosomal small subunit homolog,1.46699241628666,0.00035831255314108,UP
29127,RACGAP1,Rac GTPase activating protein 1,1.3719539961502,0.000258042904685395,UP
59353,TMEM35A,transmembrane protein 35A,-3.03510555271072,0.0021579931175787,DOWN
257000,TINCR,TINCR ubiquitin domain containing,-2.51980824081155,0.00167876303808443,DOWN
6489,ST8SIA1,"ST8 alpha-N-acetyl-neuraminide alpha-2,8-sialyltransferase 1",-2.07676299511311,0.0011623648940717,DOWN
5212,VIT,vitrin,-2.30702051170032,0.00145122976284601,DOWN
256949,KANK3,KN motif and ankyrin repeat domains 3,-2.21612850224205,0.00134524543674955,DOWN
23474,ETHE1,ETHE1 persulfide dioxygenase,-1.50394184091675,0.000425950506912923,DOWN
1917,EEF1A2,eukaryotic translation elongation factor 1 alpha 2,-2.27688567046204,0.00143539953549794,DOWN
7275,TUB,TUB bipartite transcription factor,-2.28676669282532,0.00145237728992694,DOWN
23563,CHST5,carbohydrate sulfotransferase 5,-3.0922623378968,0.00224613905063001,DOWN
79616,CCNJL,cyclin J like,-1.58066185386797,0.000530144864491476,DOWN
9060,PAPSS2,3'-phosphoadenosine 5'-phosphosulfate synthase 2,-1.61835255608728,0.000583571738415038,DOWN
7136,TNNI2,"troponin I2, fast skeletal type",2.74468438158839,0.00196588095471181,UP
1869,E2F1,E2F transcription factor 1,1.56666791371952,0.000524401747331517,UP
51513,ETV7,ETS variant transcription factor 7,1.70840599371997,0.000716231372902873,UP
128272,ARHGEF19,Rho guanine nucleotide exchange factor 19,1.49024151661571,0.000436384829218067,UP
408,ARRB1,arrestin beta 1,-1.32847181063114,0.000255597673496701,DOWN
1026,CDKN1A,cyclin dependent kinase inhibitor 1A,-1.48054493237584,0.000434702994103556,DOWN
8358,H3C2,H3 clustered histone 2,1.6008685183636,0.000590836893035961,UP
140462,ASB9,ankyrin repeat and SOCS box containing 9,1.89104326776786,0.000991870467080249,UP
9493,KIF23,kinesin family member 23,1.46391470529697,0.000417207815350565,UP
23111,SPART,spartin,-1.78516398583041,0.000850142236789427,DOWN
50,ACO2,aconitase 2,-1.34886270372782,0.000286494063962179,DOWN
5516,PPP2CB,protein phosphatase 2 catalytic subunit beta,-1.20982092166533,0.000155405168102211,DOWN
169981,SPIN3,spindlin family member 3,1.57321561485871,0.000564533528740054,UP
10813,UTP14A,UTP14A small subunit processome component,1.42002982237287,0.000371814872877208,UP
9560,CCL4L2,C-C motif chemokine ligand 4 like 2,1.99552904740032,0.00116251296781607,UP
84913,ATOH8,atonal bHLH transcription factor 8,-1.90396577714551,0.00104079691066924,DOWN
79092,CARD14,caspase recruitment domain family member 14,2.56340670254335,0.00186696951833192,UP
1374,CPT1A,carnitine palmitoyltransferase 1A,-1.33234470487475,0.000285700280523301,DOWN
10874,NMU,neuromedin U,3.5515743435528,0.00266403026098849,UP
157570,ESCO2,establishment of sister chromatid cohesion N-acetyltransferase 2,1.57513861820148,0.000597736835212155,UP
3336,HSPE1,heat shock protein family E (Hsp10) member 1,1.33441318764784,0.000294153247815993,UP
38,ACAT1,acetyl-CoA acetyltransferase 1,-1.45577580532835,0.000443548934433458,DOWN
84888,SPPL2A,signal peptide peptidase like 2A,-1.37990122383997,0.000361263290940952,DOWN
114898,C1QTNF2,C1q and TNF related 2,-1.90168881082593,0.00108779853907605,DOWN
57088,PLSCR4,phospholipid scramblase 4,-1.32531875314712,0.000300684846938041,DOWN
6348,CCL3,C-C motif chemokine ligand 3,1.84954811939058,0.00102217838494857,UP
81693,AMN,amnion associated transmembrane protein,-1.65273507492082,0.000745725414070747,DOWN
320,APBA1,amyloid beta precursor protein binding family A member 1,-1.71085524011805,0.000830478366406278,DOWN
338557,FFAR4,free fatty acid receptor 4,-1.9230462331593,0.0011433223188536,DOWN
285195,SLC9A9,solute carrier family 9 member A9,-1.64427576266861,0.00074350171826297,DOWN
80318,GKAP1,G kinase anchoring protein 1,-1.52521948972129,0.000573942955934678,DOWN
81029,WNT5B,Wnt family member 5B,-1.86142401749987,0.00107336399308859,DOWN
145483,FAM161B,FAM161 centrosomal protein B,-1.46024386380324,0.000495548418339528,DOWN
64946,CENPH,centromere protein H,1.6491372223487,0.000768479722315787,UP
11142,PKIG,cAMP-dependent protein kinase inhibitor gamma,-1.44521520501262,0.000481820643995924,DOWN
140838,NANP,N-acetylneuraminic acid phosphatase,1.43899876678009,0.000474508646467328,UP
6286,S100P,S100 calcium binding protein P,2.35624355311622,0.0017583938052123,UP
5004,ORM1,orosomucoid 1,2.39526628033566,0.00180849549127812,UP
122060,SLAIN1,SLAIN motif family member 1,-1.79901377447588,0.00100318249095629,DOWN
118932,ANKRD22,ankyrin repeat domain 22,1.55908585793614,0.000647255591453531,UP
22885,ABLIM3,actin binding LIM protein family member 3,-1.58143546108542,0.000685009199938295,DOWN
11260,XPOT,exportin for tRNA,1.39181661799585,0.000423453373262814,UP
51435,SCARA3,scavenger receptor class A member 3,-1.68993861621121,0.000869587327503041,DOWN
81544,GDPD5,glycerophosphodiester phosphodiesterase domain containing 5,1.69519225881298,0.000882537532687576,UP
1376,CPT2,carnitine palmitoyltransferase 2,-1.31975052798356,0.000345208251202979,DOWN
79883,PODNL1,podocan like 1,1.76411127010402,0.000991559709144665,UP
51308,REEP2,receptor accessory protein 2,-2.55794672574493,0.00204169358777595,DOWN
477,ATP1A2,ATPase Na+/K+ transporting subunit alpha 2,-5.78714822326951,0.00350195307018336,DOWN
80162,PGGHG,protein-glucosylgalactosylhydroxylysine glucosidase,1.58639057687453,0.000734793456561877,UP
3708,ITPR1,"inositol 1,4,5-trisphosphate receptor type 1",-1.55553644884064,0.000688471456927767,DOWN
55600,ITLN1,intelectin 1,-3.45227822346454,0.00277442392008363,DOWN
200916,RPL22L1,ribosomal protein L22 like 1,1.59506077521864,0.000751793052419177,UP
116966,WDR17,WD repeat domain 17,-2.57933681407896,0.00208937215444996,DOWN
8516,ITGA8,integrin subunit alpha 8,-1.49225904139088,0.00060334232195818,DOWN
23139,MAST2,microtubule associated serine/threonine kinase 2,-1.27686065795342,0.000311144638034752,DOWN
100130933,SMIM6,small integral membrane protein 6,-2.37556227113091,0.00187526819331288,DOWN
151742,PPM1L,"protein phosphatase, Mg2+/Mn2+ dependent 1L",-1.46065178738886,0.000565328422804759,DOWN
863,CBFA2T3,CBFA2/RUNX1 partner transcriptional co-repressor 3,-1.6747117070461,0.000897737366528278,DOWN
2918,GRM8,glutamate metabotropic receptor 8,3.1071162481915,0.00258408031077892,UP
54751,FBLIM1,filamin binding LIM protein 1,-1.39400846274166,0.00047806428850927,DOWN
25900,IFFO1,intermediate filament family orphan 1,-1.48780906098911,0.0006242841806146,DOWN
340526,RTL5,retrotransposon Gag like 5,-2.13842358887508,0.00160988322910739,DOWN
57710,KIAA1614,KIAA1614,-1.69750112362931,0.000966440195978972,DOWN
1875,E2F5,E2F transcription factor 5,1.56036070515417,0.000750374457943911,UP
54897,CASZ1,castor zinc finger 1,-1.41234937606149,0.000531646813230895,DOWN
79017,GGCT,gamma-glutamylcyclotransferase,1.3888807430181,0.000499846328020014,UP
91298,RLIG1,RNA 5'-phosphate and 3'-OH ligase 1,1.3848871719876,0.00049763659776134,UP
114876,OSBPL1A,oxysterol binding protein like 1A,-1.85153771151846,0.0012296576903377,DOWN
54996,MTARC2,mitochondrial amidoxime reducing component 2,-1.41965043848344,0.000558241416675967,DOWN
115795,FANCD2OS,FANCD2 opposite strand,1.61514854963156,0.000866704192571332,UP
79783,SUGCT,succinyl-CoA:glutarate-CoA transferase,-1.76468982746099,0.00111481364534226,DOWN
22999,RIMS1,regulating synaptic membrane exocytosis 1,-2.52174165515769,0.00214550497471625,DOWN
4485,MST1,macrophage stimulating 1,1.53255736570144,0.000752689546833744,UP
64794,DDX31,DEAD-box helicase 31,1.29044424349592,0.000387790102890939,UP
634,CEACAM1,CEA cell adhesion molecule 1,-1.76784940211748,0.0011372695879345,DOWN
7832,BTG2,BTG anti-proliferation factor 2,-1.59488418636208,0.000857242632039578,DOWN
84899,TMTC4,transmembrane O-mannosyltransferase targeting cadherins 4,1.3756958485638,0.000513408128510517,UP
27085,MTBP,MDM2 binding protein,1.64255275332573,0.000952520677962015,UP
92126,DSEL,dermatan sulfate epimerase like,-2.08274617219106,0.00163606228729062,DOWN
84650,EBPL,EBP like,1.44374870077592,0.000631410849405848,UP
1410,CRYAB,crystallin alpha B,-3.19297264003913,0.00276381129680099,DOWN
131096,KCNH8,potassium voltage-gated channel subfamily H member 8,2.74705392244058,0.00241030901877559,UP
5463,POU6F1,POU class 6 homeobox 1,-1.5540695737839,0.000812375018911906,DOWN
84971,ATG4D,autophagy related 4D cysteine peptidase,-1.3850992472411,0.00055535063561118,DOWN
7414,VCL,vinculin,-2.71310203953517,0.00240927410654655,DOWN
4609,MYC,"MYC proto-oncogene, bHLH transcription factor",1.56027406477631,0.000843212539935962,UP
1555,CYP2B6,cytochrome P450 family 2 subfamily B member 6,1.80015525839558,0.00124030470190061,UP
9289,ADGRG1,adhesion G protein-coupled receptor G1,1.46539890537062,0.000690537724509769,UP
57687,VAT1L,vesicle amine transport 1 like,-2.27197147832884,0.00194059792024899,DOWN
6660,SOX5,SRY-box transcription factor 5,-2.06321494894373,0.00166915849802969,DOWN
51474,LIMA1,LIM domain and actin binding 1,-1.32837182631077,0.000488215061003178,DOWN
685,BTC,betacellulin,-1.65265537980057,0.00102764242739223,DOWN
5734,PTGER4,prostaglandin E receptor 4,-1.5921109671918,0.000946865165841216,DOWN
139886,SPIN4,spindlin family member 4,1.66796601776822,0.00108078961835615,UP
2235,FECH,ferrochelatase,-1.46938724340191,0.000750855400592631,DOWN
3955,LFNG,LFNG O-fucosylpeptide 3-beta-N-acetylglucosaminyltransferase,1.25768974363943,0.000413829458024447,UP
8835,SOCS2,suppressor of cytokine signaling 2,-1.50193553710816,0.000815897375705392,DOWN
126669,SHE,Src homology 2 domain containing E,-1.53237388562617,0.00087037413493168,DOWN
7112,TMPO,thymopoietin,1.31368164448394,0.000506378878947773,UP
5596,MAPK4,mitogen-activated protein kinase 4,-2.8149282840551,0.00259940985876149,DOWN
596,BCL2,BCL2 apoptosis regulator,-1.59044010546807,0.000983940165699808,DOWN
50853,VILL,villin like,-1.37863500397071,0.000621408702329762,DOWN
56938,BMAL2,basic helix-loop-helix ARNT like 2,1.51211761565893,0.000859664525320114,UP
23594,ORC6,origin recognition complex subunit 6,2.7171273742798,0.0025420229831337,UP
1909,EDNRA,endothelin receptor type A,1.58385432571613,0.000999630169953942,UP
6356,CCL11,C-C motif chemokine ligand 11,-1.96914671674639,0.00164841312734938,DOWN
2517,FUCA1,alpha-L-fucosidase 1,-1.41184745292126,0.000705348616025781,DOWN
130271,PLEKHH2,"pleckstrin homology, MyTH4 and FERM domain containing H2",-1.59503046990382,0.00102968849962379,DOWN
57332,CBX8,chromobox 8,1.48857189942755,0.000846000457787294,UP
5797,PTPRM,protein tyrosine phosphatase receptor type M,-1.44556565079762,0.000775270775554125,DOWN
4299,AFF1,ALF transcription elongation factor 1,-1.26881427655701,0.000477641280058754,DOWN
4143,MAT1A,methionine adenosyltransferase 1A,3.32068020569361,0.00303043131985275,UP
9388,LIPG,"lipase G, endothelial type",1.62842455352964,0.00111260257979538,UP
10194,TSHZ1,teashirt zinc finger homeobox 1,-1.38333188375065,0.000690104004030388,DOWN
1612,DAPK1,death associated protein kinase 1,-1.56992201365735,0.00102548563775145,DOWN
7018,TF,transferrin,-2.53764301197209,0.0024386372289717,DOWN
374383,NCR3LG1,natural killer cell cytotoxicity receptor 3 ligand 1,1.39312867785457,0.000724052495156356,UP
65249,ZSWIM4,zinc finger SWIM-type containing 4,1.48184733965359,0.000883811394125734,UP
3045,HBD,hemoglobin subunit delta,-1.92593249194703,0.00165541812567592,DOWN
124460,SNX20,sorting nexin 20,1.69581502143598,0.00127395966992326,UP
54463,RETREG1,reticulophagy regulator 1,-1.61693825761351,0.00113636978445609,DOWN
3838,KPNA2,karyopherin subunit alpha 2,1.40460300089497,0.000754534191992101,UP
84365,NIFK,nucleolar protein interacting with the FHA domain of MKI67,1.24838932434703,0.000486124700610205,UP
8354,H3C11,H3 clustered histone 11,1.74205932845451,0.00138146213683556,UP
2776,GNAQ,G protein subunit alpha q,-1.30518339320777,0.000594540685213259,DOWN
29089,UBE2T,ubiquitin conjugating enzyme E2 T,1.73185708112143,0.0013693074245747,UP
79651,RHBDF2,rhomboid 5 homolog 2,1.55357206173703,0.0010484444331666,UP
9824,ARHGAP11A,Rho GTPase activating protein 11A,1.88415496251803,0.00162856762912978,UP
9839,ZEB2,zinc finger E-box binding homeobox 2,-1.49737035441875,0.000946249569566435,DOWN
722,C4BPA,complement component 4 binding protein alpha,2.79754130591564,0.00275391782640868,UP
9735,KNTC1,kinetochore associated 1,1.54049945379397,0.00104901465664876,UP
79955,PDZD7,PDZ domain containing 7,1.9420320928563,0.00175467578999036,UP
7094,TLN1,talin 1,-1.44211860559109,0.000871611139840339,DOWN
284403,WDR62,WD repeat domain 62,1.6676439812689,0.00129208938388245,UP
8208,CHAF1B,chromatin assembly factor 1 subunit B,1.45864495996673,0.00091130754681058,UP
100287178,USP17L11,ubiquitin specific peptidase 17 like family member 11,1.96178126519188,0.00180466579958292,UP
3572,IL6ST,interleukin 6 cytokine family signal transducer,-1.19464434875768,0.000442479308102287,DOWN
56954,NIT2,nitrilase family member 2,1.31376214668015,0.000649864914994175,UP
9767,JADE3,jade family PHD finger 3,1.41798039856903,0.000844784163715064,UP
11130,ZWINT,ZW10 interacting kinetochore protein,1.36930740873337,0.000754735036460135,UP
54793,KCTD9,potassium channel tetramerization domain containing 9,-1.43415283717775,0.000877147680561119,DOWN
5979,RET,ret proto-oncogene,-2.29217844342077,0.00229904324032794,DOWN
8813,DPM1,"dolichyl-phosphate mannosyltransferase subunit 1, catalytic",1.22645235684108,0.000514521134623453,UP
93081,TEX30,testis expressed 30,1.62973426737638,0.00127174688155816,UP
54852,PAQR5,progestin and adipoQ receptor family member 5,-1.48661605755688,0.00101460772862028,DOWN
57447,NDRG2,NDRG family member 2,-1.42925065669629,0.000914711776221762,DOWN
23710,GABARAPL1,GABA type A receptor associated protein like 1,-1.38856451120929,0.000836392486738164,DOWN
100533107,RTEL1-TNFRSF6B,RTEL1-TNFRSF6B readthrough (NMD candidate),1.47204348257244,0.000998436302605257,UP
55282,LRRC36,leucine rich repeat containing 36,2.83133867008879,0.00289074266500306,UP
145581,LRFN5,leucine rich repeat and fibronectin type III domain containing 5,-2.02750739772929,0.00197947207569705,DOWN
9927,MFN2,mitofusin 2,-1.12443087304437,0.00036485359878788,DOWN
56915,EXOSC5,exosome component 5,1.34750973123062,0.000760765217260397,UP
54809,SAMD9,sterile alpha motif domain containing 9,-1.53506313842793,0.00112601016948696,DOWN
25886,POC1A,POC1 centriolar protein A,1.31633560850392,0.000717017829320086,UP
3371,TNC,tenascin C,-2.43797431440061,0.00254495330289268,DOWN
7941,PLA2G7,phospholipase A2 group VII,1.71509688879153,0.00149441596776034,UP
387119,CEP85L,centrosomal protein 85 like,-1.44692182237403,0.000986519178352904,DOWN
5464,PPA1,inorganic pyrophosphatase 1,1.29038051477524,0.000681996813914407,UP
92092,ZC3HAV1L,"zinc finger CCCH-type containing, antiviral 1 like",1.43663892879231,0.000968659945255688,UP
128853,DUSP15,dual specificity phosphatase 15,3.10388139530681,0.00314267072501016,UP
219654,ZCCHC24,zinc finger CCHC-type containing 24,-1.85027583884877,0.00174601921109066,DOWN
3727,JUND,"JunD proto-oncogene, AP-1 transcription factor subunit",-1.38026865492713,0.000860562910819157,DOWN
8431,NR0B2,nuclear receptor subfamily 0 group B member 2,2.44023247087844,0.00258231318180437,UP
4129,MAOB,monoamine oxidase B,-3.34481813555588,0.00330681951892185,DOWN
5649,RELN,reelin,-2.6409318730117,0.00279580808651769,DOWN
54753,ZNF853,zinc finger protein 853,-1.7263773511698,0.00154880345001122,DOWN
81572,PDRG1,p53 and DNA damage regulated 1,1.40870437925743,0.000935479949969905,UP
80324,PUS1,pseudouridine synthase 1,1.32325265659778,0.000768698879486535,UP
9447,AIM2,absent in melanoma 2,2.5344947938909,0.00270703395102137,UP
8767,RIPK2,receptor interacting serine/threonine kinase 2,1.53738923005741,0.00121049923475917,UP
3737,KCNA2,potassium voltage-gated channel subfamily A member 2,-2.50671515123215,0.0026972634153851,DOWN
23384,SPECC1L,sperm antigen with calponin homology and coiled-coil domains 1 like,-1.26591363324467,0.000684652433181084,DOWN
3706,ITPKA,inositol-trisphosphate 3-kinase A,-1.55871649294462,0.00127374217253381,DOWN
65982,ZSCAN18,zinc finger and SCAN domain containing 18,-1.42806308442757,0.00101486663114941,DOWN
10365,KLF2,KLF transcription factor 2,-1.68538761762189,0.00153618906682648,DOWN
4891,SLC11A2,solute carrier family 11 member 2,1.41375003646666,0.000997755595731681,UP
8406,SRPX,sushi repeat containing protein X-linked,-3.09564884286166,0.00321491388665397,DOWN
1958,EGR1,early growth response 1,-1.6356279745812,0.00145555390730132,DOWN
10891,PPARGC1A,PPARG coactivator 1 alpha,-2.17018965034753,0.00234563808760858,DOWN
5087,PBX1,PBX homeobox 1,-1.50013343301105,0.00119681562803847,DOWN
79817,MOB3B,MOB kinase activator 3B,-1.29115250681056,0.000773243202111392,DOWN
51,ACOX1,acyl-CoA oxidase 1,-1.37113317252465,0.000940257972905781,DOWN
84306,PDCD2L,programmed cell death 2 like,1.39508305643722,0.00099078774403379,UP
5367,PMCH,pro-melanin concentrating hormone,2.57343369174361,0.00285099349074971,UP
3219,HOXB9,homeobox B9,1.6085640851913,0.00144255550901271,UP
6676,SPAG4,sperm associated antigen 4,1.5298041766889,0.00128436024043652,UP
90362,FAM110B,family with sequence similarity 110 member B,-2.93340224945629,0.00315979643705098,DOWN
27042,UTP25,UTP25 small subunit processome component,1.22389618447036,0.000660204486009827,UP
51351,ZNF117,zinc finger protein 117,1.48580775533543,0.00120299028711149,UP
11062,DUS4L,dihydrouridine synthase 4 like,1.62201997550096,0.00148522312118676,UP
727910,TLCD2,TLC domain containing 2,-1.62817935486105,0.00150045797356934,DOWN
120892,LRRK2,leucine rich repeat kinase 2,-1.47792305194186,0.00120242183941821,DOWN
4179,CD46,CD46 molecule,1.28773270100742,0.000811440002077759,UP
5864,RAB3A,"RAB3A, member RAS oncogene family",-1.53424493087495,0.00133189434997779,DOWN
79629,OCEL1,occludin/ELL domain containing 1,-1.35294762049723,0.000952834458581177,DOWN
54892,NCAPG2,non-SMC condensin II complex subunit G2,1.35102624769629,0.000951818338000195,UP
284486,THEM5,thioesterase superfamily member 5,2.81930150096012,0.00311976044576562,UP
375775,PNPLA7,patatin like phospholipase domain containing 7,-1.87715886751037,0.00199485823377818,DOWN
1831,TSC22D3,TSC22 domain family member 3,-1.45414137011968,0.00117695510005107,DOWN
55759,WDR12,WD repeat domain 12,1.25391496276829,0.000754054327448724,UP
8968,H3C7,H3 clustered histone 7,1.62472298474622,0.00153576197231862,UP
1181,CLCN2,chloride voltage-gated channel 2,-1.2881114295038,0.000834001771497474,DOWN
80760,ITIH5,inter-alpha-trypsin inhibitor heavy chain 5,-2.78238574662269,0.0031139394398809,DOWN
55215,FANCI,FA complementation group I,1.56228632349037,0.00142117475251425,UP
22849,CPEB3,cytoplasmic polyadenylation element binding protein 3,-1.40722201262989,0.00109451850064383,DOWN
4001,LMNB1,lamin B1,1.32709830423045,0.000970125853769657,UP
10535,RNASEH2A,ribonuclease H2 subunit A,1.38972129769545,0.00111427100678297,UP
6549,SLC9A2,solute carrier family 9 member A2,-2.03047103174034,0.00232859383369617,DOWN
64078,SLC28A3,solute carrier family 28 member 3,2.48902203264441,0.00290586238094666,UP
23475,QPRT,quinolinate phosphoribosyltransferase,1.51121329061657,0.00137987503974378,UP
3707,ITPKB,inositol-trisphosphate 3-kinase B,-1.51937772495248,0.00140188482837259,DOWN
6935,ZEB1,zinc finger E-box binding homeobox 1,-2.28937164991465,0.00271401410041468,DOWN
4351,MPI,mannose phosphate isomerase,-1.35114991482861,0.0010622299867077,DOWN
27287,VENTX,VENT homeobox,2.11520201978536,0.00249409033409046,UP
4051,CYP4F3,cytochrome P450 family 4 subfamily F member 3,1.40090628216309,0.00117589011026569,UP
92421,CHMP4C,charged multivesicular body protein 4C,1.46235592170559,0.00132441148457498,UP
2041,EPHA1,EPH receptor A1,1.47393407135313,0.0013500436760627,UP
2177,FANCD2,FA complementation group D2,1.44409230991733,0.00128753223303364,UP
3149,HMGB3,high mobility group box 3,1.3733189938346,0.00113385910675586,UP
147699,PPM1N,"protein phosphatase, Mg2+/Mn2+ dependent 1N (putative)",1.73090578196146,0.0018902731581113,UP
57134,MAN1C1,mannosidase alpha class 1C member 1,-1.57195473323999,0.00157441461429274,DOWN
471,ATIC,5-aminoimidazole-4-carboxamide ribonucleotide formyltransferase/IMP cyclohydrolase,1.20763130132784,0.000768852286904799,UP
60681,FKBP10,FKBP prolyl isomerase 10,1.63255250343322,0.00170268690820675,UP
55127,HEATR1,HEAT repeat containing 1,1.05456208274851,0.000450117740041507,UP
54492,NEURL1B,neuralized E3 ubiquitin protein ligase 1B,-1.3537066587116,0.00110653249455995,DOWN
8294,H4C9,H4 clustered histone 9,1.50593784143585,0.00144922320579545,UP
6785,ELOVL4,ELOVL fatty acid elongase 4,-3.07404692527045,0.00347746328088221,DOWN
134637,ADAT2,adenosine deaminase tRNA specific 2,1.36436323505572,0.00114381647814335,UP
8317,CDC7,cell division cycle 7,1.66456269818989,0.00179699321301293,UP
3110,MNX1,motor neuron and pancreas homeobox 1,1.54185835401989,0.00154818973561524,UP
8482,SEMA7A,semaphorin 7A (JohnMiltonHagen blood group),1.64782757525128,0.00177152541955178,UP
441282,AKR1B15,aldo-keto reductase family 1 member B15,-2.45674122650953,0.00299590477119656,DOWN
51222,ZNF219,zinc finger protein 219,-1.66893438091091,0.00182105246046048,DOWN
83660,TLN2,talin 2,-1.39743120337201,0.00123626581974423,DOWN
23171,GPD1L,glycerol-3-phosphate dehydrogenase 1 like,-1.2642021437589,0.000932660894771956,DOWN
8824,CES2,carboxylesterase 2,-1.47105394786427,0.00140708783112657,DOWN
4779,NFE2L1,NFE2 like bZIP transcription factor 1,-1.19746448667545,0.000788398162869981,DOWN
51330,TNFRSF12A,TNF receptor superfamily member 12A,2.12515893424129,0.00261768505038405,UP
1475,CSTA,cystatin A,2.80731938628429,0.00333728057667159,UP
1727,CYB5R3,cytochrome b5 reductase 3,-1.25842216795197,0.00094790256997557,DOWN
55824,PAG1,phosphoprotein membrane anchor with glycosphingolipid microdomains 1,-1.43595421976057,0.00136834494672245,DOWN
54908,SPDL1,spindle apparatus coiled-coil protein 1,1.30858417905608,0.0010784027598412,UP
183,AGT,angiotensinogen,1.55806384050091,0.00166363904670095,UP
11076,TPPP,tubulin polymerization promoting protein,-1.8066470020292,0.00217431049954874,DOWN
5577,PRKAR2B,protein kinase cAMP-dependent type II regulatory subunit beta,-2.41739964683151,0.00304130293447893,DOWN
3557,IL1RN,interleukin 1 receptor antagonist,1.72463855618885,0.00203354388984615,UP
7023,TFAP4,transcription factor AP-4,1.31873530857568,0.00114434236360385,UP
8914,TIMELESS,timeless circadian regulator,1.32554988751549,0.00116313229425828,UP
80772,CPTP,ceramide-1-phosphate transfer protein,-1.27649884778511,0.00104640043359765,DOWN
124930,ANKRD13B,ankyrin repeat domain 13B,1.44597671053878,0.00145079400360945,UP
5373,PMM2,phosphomannomutase 2,1.0833727179655,0.000601447636676622,UP
115557,ARHGEF25,Rho guanine nucleotide exchange factor 25,-3.30913594639645,0.00372438462753072,DOWN
5025,P2RX4,purinergic receptor P2X 4,-1.3686237762297,0.00127501428707608,DOWN
54941,RNF125,ring finger protein 125,-1.63001210964079,0.00187176311755776,DOWN
8345,H2BC9,H2B clustered histone 9,1.59458536993602,0.00179951411837131,UP
254102,EHBP1L1,EH domain binding protein 1 like 1,-1.29007886742403,0.00111351053259473,DOWN
203260,CCDC107,coiled-coil domain containing 107,-1.26503461784821,0.00105889584206423,DOWN
5598,MAPK7,mitogen-activated protein kinase 7,-1.14773730706268,0.000778977074208403,DOWN
5906,RAP1A,"RAP1A, member of RAS oncogene family",-1.39932384264147,0.00138904353041653,DOWN
4176,MCM7,minichromosome maintenance complex component 7,1.24581353204857,0.00102239204610981,UP
8342,H2BC14,H2B clustered histone 14,1.63716247962122,0.0019359272080774,UP
395,ARHGAP6,Rho GTPase activating protein 6,-1.6919665654073,0.00204940461811508,DOWN
150590,C2orf15,chromosome 2 open reading frame 15,1.48597710478759,0.0016079843085773,UP
3656,IRAK2,interleukin 1 receptor associated kinase 2,1.56248925247229,0.00178306768518935,UP
4171,MCM2,minichromosome maintenance complex component 2,1.44096099145222,0.00151301919169589,UP
10799,RPP40,ribonuclease P/MRP subunit p40,1.39422346723342,0.0014044023259151,UP
9055,PRC1,protein regulator of cytokinesis 1,1.584102579332,0.00184147658847056,UP
8808,IL1RL2,interleukin 1 receptor like 2,2.35202347857737,0.00307543221061605,UP
100820829,MYZAP,myocardial zonula adherens protein,-1.51048280738433,0.00171673385803804,DOWN
79071,ELOVL6,ELOVL fatty acid elongase 6,-1.25894395362993,0.00111252481899671,DOWN
79723,SUV39H2,SUV39H2 histone lysine methyltransferase,1.38220349724838,0.00141755757934032,UP
55757,UGGT2,UDP-glucose glycoprotein glucosyltransferase 2,1.33012761939427,0.00129171341172585,UP
2681,GGTA1,glycoprotein alpha-galactosyltransferase 1 (inactive),-2.17947866907091,0.00290897558233132,DOWN
8613,PLPP3,phospholipid phosphatase 3,-1.23502743252921,0.00106440637157412,DOWN
10939,AFG3L2,AFG3 like matrix AAA peptidase subunit 2,-1.09436174780637,0.00072238638032676,DOWN
960,CD44,CD44 molecule (IN blood group),1.48253464456839,0.00168202803287599,UP
200844,CFAP20DC,CFAP20 domain containing,2.27104455986298,0.00304661392859525,UP
91608,RASL10B,RAS like family 10 member B,2.25670667118308,0.00303250445212296,UP
84172,POLR1B,RNA polymerase I subunit B,1.25160530749945,0.00113228404352531,UP
4173,MCM4,minichromosome maintenance complex component 4,1.34961004039584,0.00138314059955919,UP
7782,SLC30A4,solute carrier family 30 member 4,-1.37379224668817,0.00144603372253122,DOWN
10085,EDIL3,EGF like repeats and discoidin domains 3,-1.92336226057031,0.00258098182995924,DOWN
1384,CRAT,carnitine O-acetyltransferase,-1.40290002683479,0.00152190014729225,DOWN
8330,H2AC15,H2A clustered histone 15,1.40834565241278,0.00154217861963763,UP
57545,CC2D2A,coiled-coil and C2 domain containing 2A,-1.48920911593984,0.00173719455267441,DOWN
22983,MAST1,microtubule associated serine/threonine kinase 1,-2.90737847086689,0.00365605453161668,DOWN
440519,ZNF724,zinc finger protein 724,1.64295786946375,0.00210679762936008,UP
65975,STK33,serine/threonine kinase 33,-2.25900842909178,0.00310051235837589,DOWN
7223,TRPC4,transient receptor potential cation channel subfamily C member 4,-2.78439191469932,0.00359744343835426,DOWN
152831,KLB,klotho beta,-2.49195522633318,0.00335361020756298,DOWN
83449,PMFBP1,polyamine modulated factor 1 binding protein 1,1.60454686149342,0.00204154637962013,UP
55225,RAVER2,"ribonucleoprotein, PTB binding 2",-1.15753866890308,0.000951862219102218,DOWN
80209,PROSER1,proline and serine rich 1,1.29401633605813,0.00130848808486118,UP
5800,PTPRO,protein tyrosine phosphatase receptor type O,2.54935799491898,0.00341923206148562,UP
26504,CNNM4,cyclin and CBS domain divalent metal cation transport mediator 4,-1.27052840639131,0.00124901077463028,DOWN
1112,FOXN3,forkhead box N3,-1.21572441168858,0.00111440582764223,DOWN
10614,HEXIM1,HEXIM P-TEFb complex subunit 1,-1.30928560321467,0.00136579887099267,DOWN
90529,STPG1,sperm tail PG-rich repeat containing 1,-1.31727589591528,0.00138919942973283,DOWN
79989,IFT56,intraflagellar transport 56,1.5869766571602,0.00205474408600633,UP
55425,GPALPP1,GPALPP motifs containing 1,1.31035638414244,0.00139901382649294,UP
1019,CDK4,cyclin dependent kinase 4,1.2724424458065,0.00130299564959395,UP
245973,ATP6V1C2,ATPase H+ transporting V1 subunit C2,1.66615330101439,0.00224178121852207,UP
6201,RPS7,ribosomal protein S7,1.25735622759319,0.0012813524202473,UP
389677,RBM12B,RNA binding motif protein 12B,1.31400062999868,0.00143633267392077,UP
284110,GSDMA,gasdermin A,2.16619936131019,0.00308156313159788,UP
599,BCL2L2,BCL2 like 2,-1.36316350544246,0.00157422887429291,DOWN
3976,LIF,LIF interleukin 6 family cytokine,1.48628873598685,0.0018785518228181,UP
9918,NCAPD2,non-SMC condensin I complex subunit D2,1.18372717585905,0.0011090344043986,UP
3815,KIT,"KIT proto-oncogene, receptor tyrosine kinase",-1.57471625967816,0.0020899765893347,DOWN
220992,ZNF485,zinc finger protein 485,1.314909220701,0.00147418923329859,UP
726,CAPN5,calpain 5,-1.33266458220219,0.00152263621734471,DOWN
157313,CDCA2,cell division cycle associated 2,1.81373401212901,0.00258494473187865,UP
27145,FILIP1,filamin A interacting protein 1,-3.41182257939495,0.00405342178234478,DOWN
2070,EYA4,EYA transcriptional coactivator and phosphatase 4,-2.90210408104444,0.00379996087132523,DOWN
6505,SLC1A1,solute carrier family 1 member 1,-1.68569563385589,0.00236614976377938,DOWN
6468,FBXW4,F-box and WD repeat domain containing 4,-1.20322112561656,0.00120726764213953,DOWN
55089,SLC38A4,solute carrier family 38 member 4,-1.81683429871725,0.00263496488986334,DOWN
55661,DDX27,DEAD-box helicase 27,1.17736017233191,0.00114699716912911,UP
5166,PDK4,pyruvate dehydrogenase kinase 4,-3.25221906314906,0.00401813494053153,DOWN
8556,CDC14A,cell division cycle 14A,-1.39483218086566,0.0017298994970545,DOWN
94274,PPP1R14A,protein phosphatase 1 regulatory inhibitor subunit 14A,-2.8280411072116,0.00378681831706586,DOWN
316,AOX1,aldehyde oxidase 1,-1.54129895274472,0.00211273920458512,DOWN
166968,MIER3,MIER family member 3,-1.24525431371776,0.00136015763847369,DOWN
153090,DAB2IP,DAB2 interacting protein,-1.16930078917381,0.00115390368675725,DOWN
2549,GAB1,GRB2 associated binding protein 1,-1.15055884052115,0.00110248580481095,DOWN
84419,C15orf48,chromosome 15 open reading frame 48,-1.48881291772635,0.00199948157170545,DOWN
655,BMP7,bone morphogenetic protein 7,1.77583081343189,0.002606654178423,UP
10071,MUC12,"mucin 12, cell surface associated",-2.41198467981288,0.00348081838363182,DOWN
2770,GNAI1,G protein subunit alpha i1,-1.75984485675712,0.00258461386346586,DOWN
3218,HOXB8,homeobox B8,2.85249394414916,0.00384677143208128,UP
83990,BRIP1,BRCA1 interacting helicase 1,1.49501404045355,0.0020360105254894,UP
10196,PRMT3,protein arginine methyltransferase 3,1.22342068649231,0.00133447212996846,UP
6575,SLC20A2,solute carrier family 20 member 2,-1.17471096923378,0.00120095336056039,DOWN
80740,LY6G6C,lymphocyte antigen 6 family member G6C,2.96809530622543,0.00393184854651932,UP
79971,WLS,Wnt ligand secretion mediator,-1.39710754683968,0.00182789392595298,DOWN
27286,SRPX2,sushi repeat containing protein X-linked 2,1.75196419835502,0.00262389947284325,UP
9818,NUP58,nucleoporin 58,1.2459048351241,0.00144299431959056,UP
7049,TGFBR3,transforming growth factor beta receptor 3,-1.52884120155617,0.00218529121916301,DOWN
79977,GRHL2,grainyhead like transcription factor 2,1.38344977729346,0.00182839381153336,UP
10606,PAICS,phosphoribosylaminoimidazole carboxylase and phosphoribosylaminoimidazolesuccinocarboxamide synthase,1.29363855899842,0.00159060809970754,UP
84128,WDR75,WD repeat domain 75,1.17276970770385,0.0012713845146636,UP
6635,SNRPE,small nuclear ribonucleoprotein polypeptide E,1.30057105057021,0.00164375230785005,UP
101730217,SPECC1L-ADORA2A,SPECC1L-ADORA2A readthrough (NMD candidate),-1.18129156644029,0.0013104086714994,DOWN
57026,PDXP,pyridoxal phosphatase,-1.42675266089638,0.00198343756110073,DOWN
387264,KRTAP5-1,keratin associated protein 5-1,1.62000515478943,0.00245660014226604,UP
79691,QTRT2,queuine tRNA-ribosyltransferase accessory subunit 2,1.13664778530796,0.00120602134721189,UP
9754,STARD8,StAR related lipid transfer domain containing 8,-1.31474407565056,0.00172298978126108,DOWN
10007,GNPDA1,glucosamine-6-phosphate deaminase 1,1.2771434852292,0.00162246004716211,UP
57699,CPNE5,copine 5,-1.76634419251205,0.00277305720063459,DOWN
84918,LRP11,LDL receptor related protein 11,1.25935001666182,0.00159015890487498,UP
5111,PCNA,proliferating cell nuclear antigen,1.37069979723861,0.0019117048427616,UP
9521,EEF1E1,eukaryotic translation elongation factor 1 epsilon 1,1.2729293851581,0.00164569064811792,UP
3614,IMPDH1,inosine monophosphate dehydrogenase 1,1.22070864611621,0.00150049355437851,UP
338440,ANO9,anoctamin 9,1.4169774154844,0.00205000224188527,UP
8535,CBX4,chromobox 4,1.24809686620992,0.00159416795141459,UP
10404,CPQ,carboxypeptidase Q,-1.30653625712071,0.00176245099942994,DOWN
9933,PUM3,pumilio RNA binding family member 3,1.12269110690466,0.00123214852685125,UP
6853,SYN1,synapsin I,-2.33506364609199,0.003602856043102,DOWN
203,AK1,adenylate kinase 1,-1.34784655413865,0.00188450602523547,DOWN
55795,PCID2,PCI domain containing 2,1.29502335663086,0.00174771091262726,UP
100527943,TGIF2-RAB5IF,TGIF2-RAB5IF readthrough,1.30839025509667,0.00179738099132264,UP
55299,BRIX1,biogenesis of ribosomes BRX1,1.1623920262796,0.00137362262112947,UP
122773,KLHDC1,kelch domain containing 1,-2.03874129963226,0.00327791680058632,DOWN
5151,PDE8A,phosphodiesterase 8A,-1.19827035228577,0.00150689094306598,DOWN
30,ACAA1,acetyl-CoA acyltransferase 1,-1.21626625111647,0.00156915494389641,DOWN
7748,ZNF195,zinc finger protein 195,1.28872921184172,0.00178962555739462,UP
7433,VIPR1,vasoactive intestinal peptide receptor 1,-1.40714078382173,0.00211904645743612,DOWN
109504726,ERV3-1-ZNF117,ERV3-1-ZNF117 readthrough,1.4072805838272,0.00212588670873534,UP
117581,TWIST2,twist family bHLH transcription factor 2,-3.01881676221232,0.00416360238967878,DOWN
390205,LRRC10B,leucine rich repeat containing 10B,2.26284169187278,0.00360430484670755,UP
824,CAPN2,calpain 2,-1.25805716041348,0.00172839814586621,DOWN
8344,H2BC6,H2B clustered histone 6,1.44488478511641,0.00225277913120746,UP
2,A2M,alpha-2-macroglobulin,-1.37093515715647,0.00206473742023853,DOWN
55723,ASF1B,anti-silencing function 1B histone chaperone,1.35972592224912,0.0020655558544416,UP
94,ACVRL1,activin A receptor like type 1,-1.36406929716597,0.00207754470199245,DOWN
8458,TTF2,transcription termination factor 2,1.1901246362201,0.00157961811301063,UP
9734,HDAC9,histone deacetylase 9,-1.92592706829788,0.00325215781322365,DOWN
6389,SDHA,succinate dehydrogenase complex flavoprotein subunit A,-1.10967939068487,0.00136460452880992,DOWN
8780,RIOK3,RIO kinase 3,-1.24255614230586,0.00178117715136921,DOWN
379,ARL4D,ADP ribosylation factor like GTPase 4D,-2.3747499603421,0.00380057561194979,DOWN
3978,LIG1,DNA ligase 1,1.24230395158368,0.00178873574630234,UP
441459,ANKRD18B,ankyrin repeat domain 18B,1.71290773930299,0.0029266515499446,UP
11259,FILIP1L,filamin A interacting protein 1 like,-1.7442666976148,0.00298496681897872,DOWN
63967,CLSPN,claspin,1.41144656135439,0.00226240017257806,UP
30835,CD209,CD209 molecule,-1.51975676856666,0.00252712830949229,DOWN
25777,SUN2,Sad1 and UNC84 domain containing 2,-1.17565194047737,0.00160594147559904,DOWN
2125,EVPL,envoplakin,1.46925023532869,0.00243395904774659,UP
9657,IQCB1,IQ motif containing B1,1.1246839456326,0.00146210401251481,UP
8537,BCAS1,brain enriched myelin associated protein 1,-3.06221365354159,0.00429182694525086,DOWN
55654,TMEM127,transmembrane protein 127,-1.07426628130778,0.00130355478650344,DOWN
79913,ACTR5,actin related protein 5,1.21445915921366,0.00177545993947816,UP
6227,RPS21,ribosomal protein S21,1.3563829709018,0.00221985116672798,UP
253982,ASPHD1,aspartate beta-hydroxylase domain containing 1,1.60510772758114,0.00281672020669,UP
137392,CIBAR1,CBY1 interacting BAR domain containing 1,1.39127979568662,0.00232694396747189,UP
51001,MTERF3,mitochondrial transcription termination factor 3,1.18779834840662,0.00174992069165125,UP
1845,DUSP3,dual specificity phosphatase 3,-1.21895756358742,0.00184685930090167,DOWN
7188,TRAF5,TNF receptor associated factor 5,1.39047624945307,0.0023369183545164,UP
3310,HSPA6,heat shock protein family A (Hsp70) member 6,1.65455278870902,0.00294760467772687,UP
132884,EVC2,EvC ciliary complex subunit 2,-1.51065081303772,0.00264305379935596,DOWN
5723,PSPH,phosphoserine phosphatase,1.32492230340673,0.00216859562649063,UP
2494,NR5A2,nuclear receptor subfamily 5 group A member 2,-1.49376630811947,0.00261632397959683,DOWN
84133,ZNRF3,zinc and ring finger 3,1.32069084954114,0.00217693405788435,UP
8337,H2AC18,H2A clustered histone 18,1.29747099376647,0.00211959080674484,UP
11162,NUDT6,nudix hydrolase 6,-1.34229013649752,0.00225024872566098,DOWN
128312,H2BC26,H2B clustered histone 26,1.47223617182103,0.00259370289042181,UP
51523,CXXC5,CXXC finger protein 5,1.16501420928545,0.00173666726751719,UP
284422,SMIM24,small integral membrane protein 24,1.57221847959701,0.00284111508996823,UP
6223,RPS19,ribosomal protein S19,1.11188948492299,0.0015764933527283,UP
9863,MAGI2,"membrane associated guanylate kinase, WW and PDZ domain containing 2",-2.50785567814149,0.00408281844904996,DOWN
57655,GRAMD1A,GRAM domain containing 1A,1.29463176719714,0.00214975018969592,UP
1816,DRD5,dopamine receptor D5,-2.66294088927532,0.00419875759846649,DOWN
27199,OXGR1,oxoglutarate receptor 1,2.77633887786136,0.00427151210102979,UP
10797,MTHFD2,"methylenetetrahydrofolate dehydrogenase (NADP+ dependent) 2, methenyltetrahydrofolate cyclohydrolase",1.26172207065317,0.00206577543922262,UP
6173,RPL36A,ribosomal protein L36a,1.2565966636738,0.00205188833604171,UP
54414,SIAE,sialic acid acetylesterase,-1.36171857781441,0.00235736632219632,DOWN
51114,ZDHHC9,zinc finger DHHC-type palmitoyltransferase 9,1.27062424188167,0.00210198334657518,UP
9630,GNA14,G protein subunit alpha 14,-1.54065579734259,0.00281012908609256,DOWN
91464,ISX,intestine specific homeobox,-1.70746708030604,0.00315927690696339,DOWN
140545,RNF32,ring finger protein 32,1.59447078407037,0.00294379323111601,UP
8089,YEATS4,YEATS domain containing 4,1.26871641916116,0.00213296366381103,UP
686,BTD,biotinidase,-1.09514820727554,0.00157797582778072,DOWN
66002,CYP4F12,cytochrome P450 family 4 subfamily F member 12,-1.44531708337237,0.002638752578159,DOWN
5105,PCK1,phosphoenolpyruvate carboxykinase 1,-2.00181847671634,0.0036546373521535,DOWN
221393,ADGRF4,adhesion G protein-coupled receptor F4,1.55212008534323,0.00289432273549626,UP
66008,TRAK2,trafficking kinesin protein 2,-1.0837552665077,0.00158002860748032,DOWN
8370,H4C14,H4 clustered histone 14,1.71455879083393,0.00323137754422902,UP
79596,OBI1,ORC ubiquitin ligase 1,1.19783202878036,0.00195990344913126,UP
154091,SLC2A12,solute carrier family 2 member 12,1.49735403580737,0.00278886220402952,UP
84056,KATNAL1,katanin catalytic subunit A1 like 1,-1.49623399936826,0.00280521988392869,DOWN
57180,ACTR3B,actin related protein 3B,1.1728778233692,0.00190778038404731,UP
10464,PIBF1,progesterone immunomodulatory binding factor 1,1.33607451746203,0.0024061817124941,UP
9293,GPR52,G protein-coupled receptor 52,2.30989918513504,0.00404530001539923,UP
4916,NTRK3,neurotrophic receptor tyrosine kinase 3,-3.45511940573194,0.00466982974330439,DOWN
84960,CCDC183,coiled-coil domain containing 183,1.55748550201067,0.00297823149272215,UP
8140,SLC7A5,solute carrier family 7 member 5,1.8537932707707,0.00352041037980259,UP
80018,NAA25,"N-alpha-acetyltransferase 25, NatB auxiliary subunit",1.09317914603906,0.00166832317218803,UP
64344,HIF3A,hypoxia inducible factor 3 subunit alpha,-1.71027966306868,0.00328565820952745,DOWN
343450,KCNT2,potassium sodium-activated channel subfamily T member 2,-2.59703971960178,0.00429170386565183,DOWN
37,ACADVL,acyl-CoA dehydrogenase very long chain,-1.23120738922905,0.00214029976441018,DOWN
7010,TEK,TEK receptor tyrosine kinase,-1.40962431707769,0.0026659751891306,DOWN
57085,AGTRAP,angiotensin II receptor associated protein,1.12781081280007,0.00184419859507054,UP
29935,RPA4,replication protein A4,1.91997188577723,0.00366504846655195,UP
10110,SGK2,serum/glucocorticoid regulated kinase 2,-1.27103989057496,0.00230720506573869,DOWN
51228,GLTP,glycolipid transfer protein,-1.30845399213941,0.00241928104859727,DOWN
8894,EIF2S2,eukaryotic translation initiation factor 2 subunit beta,1.078988829481,0.00168749226450664,UP
56957,OTUD7B,OTU deubiquitinase 7B,-1.12342689987299,0.00187060990968158,DOWN
58,ACTA1,"actin alpha 1, skeletal muscle",-2.53748890567467,0.00430206592666238,DOWN
118491,CFAP70,cilia and flagella associated protein 70,2.24848196648324,0.00407612313792499,UP
5592,PRKG1,protein kinase cGMP-dependent 1,-1.37168921631887,0.00264729626728569,DOWN
92745,SLC38A5,solute carrier family 38 member 5,1.7010701554515,0.00337694678084479,UP
51655,RASD1,ras related dexamethasone induced 1,-1.4993737286626,0.00298779114405095,DOWN
55612,FERMT1,FERM domain containing kindlin 1,2.01296113796473,0.00385735279606212,UP
4641,MYO1C,myosin IC,-1.20359377501587,0.00219187006668492,DOWN
55346,TCP11L1,t-complex 11 like 1,-1.30677966151432,0.00253314232964101,DOWN
8340,H2BC13,H2B clustered histone 13,1.5792870841542,0.0032072884718084,UP
9077,DIRAS3,DIRAS family GTPase 3,-2.10372903924017,0.00400937442176031,DOWN
54827,NXPE4,neurexophilin and PC-esterase domain family member 4,-2.0690939214609,0.00397320284576608,DOWN
26354,GNL3,G protein nucleolar 3,1.19348114546686,0.00224145689925502,UP
387804,VSTM5,V-set and transmembrane domain containing 5,-1.82490328507003,0.00367497416442119,DOWN
149840,SHLD1,shieldin complex subunit 1,1.52812606575057,0.00314516606836943,UP
113220,KIF12,kinesin family member 12,1.55161836008305,0.00319736319182144,UP
801,CALM1,calmodulin 1,-1.13160397950443,0.00205305123694865,DOWN
9209,LRRFIP2,LRR binding FLII interacting protein 2,-1.04260748841824,0.00173929708115829,DOWN
10223,GPA33,glycoprotein A33,-1.58743143322494,0.00330021184240141,DOWN
9022,CLIC3,chloride intracellular channel 3,1.5945125995785,0.00332277481902321,UP
3212,HOXB2,homeobox B2,-1.7417818309925,0.00359088837526936,DOWN
6732,SRPK1,SRSF protein kinase 1,1.07538056503173,0.00190053678644826,UP
401944,LDLRAD2,low density lipoprotein receptor class A domain containing 2,-1.72192977997561,0.00358103858523887,DOWN
26020,LRP10,LDL receptor related protein 10,-1.07302358668496,0.00193450371696217,DOWN
5933,RBL1,RB transcriptional corepressor like 1,1.36939578457493,0.00287178563354122,UP
23509,POFUT1,protein O-fucosyltransferase 1,1.11626442871,0.00214170934886088,UP
100529241,HSPE1-MOB4,HSPE1-MOB4 readthrough,1.11468042262862,0.00213763412926707,UP
29899,GPSM2,G protein signaling modulator 2,1.46897279422758,0.00315878952668102,UP
29107,NXT1,nuclear transport factor 2 like export factor 1,1.36573008217417,0.00292393361747111,UP
4782,NFIC,nuclear factor I C,-1.51746083841266,0.00328846015617781,DOWN
55130,ODAD2,outer dynein arm docking complex subunit 2,-2.91537472849551,0.0047040567268211,DOWN
10615,SPAG5,sperm associated antigen 5,1.51616740579043,0.00330698655414699,UP
26499,PLEK2,pleckstrin 2,1.24912640056134,0.00263154756642453,UP
64785,GINS3,GINS complex subunit 3,1.49907933685687,0.00329345693193971,UP
51099,ABHD5,"abhydrolase domain containing 5, lysophosphatidic acid acyltransferase",-1.10594689218113,0.0021896268171468,DOWN
1871,E2F3,E2F transcription factor 3,1.19002721074559,0.00247641151359467,UP
10576,CCT2,chaperonin containing TCP1 subunit 2,1.09153452004021,0.00215831319929718,UP
6541,SLC7A1,solute carrier family 7 member 1,1.20883603464014,0.0025609712328779,UP
84179,SLC49A3,solute carrier family 49 member 3,-1.53611168258106,0.00341015977797762,DOWN
1806,DPYD,dihydropyrimidine dehydrogenase,-1.33678332310509,0.00295038631599604,DOWN
5873,RAB27A,"RAB27A, member RAS oncogene family",-1.29900886354545,0.00284954813985389,DOWN
112,ADCY6,adenylate cyclase 6,-1.13714332166782,0.00235297774337679,DOWN
5422,POLA1,"DNA polymerase alpha 1, catalytic subunit",1.19308535054167,0.00254246506475109,UP
84295,PHF6,PHD finger protein 6,1.13519129825026,0.00235455389627177,UP
84033,OBSCN,"obscurin, cytoskeletal calmodulin and titin-interacting RhoGEF",-1.48582550458447,0.00333898105065045,DOWN
6628,SNRPB,small nuclear ribonucleoprotein polypeptides B and B1,1.27056577490632,0.00279253218887925,UP
57568,SIPA1L2,signal induced proliferation associated 1 like 2,-1.2795763158856,0.00282783899700155,DOWN
64943,NT5DC2,5'-nucleotidase domain containing 2,1.34572827926547,0.00301770321135924,UP
84303,CHCHD6,coiled-coil-helix-coiled-coil-helix domain containing 6,1.18003963578288,0.00253678041035939,UP
6869,TACR1,tachykinin receptor 1,-2.53785458513165,0.00461545141488996,DOWN
7675,ZNF121,zinc finger protein 121,1.14207571415223,0.00242871069838978,UP
286827,TRIM59,tripartite motif containing 59,1.5414516918179,0.0035066859081267,UP
10544,PROCR,protein C receptor,1.40017162219664,0.00323043002156139,UP
1132,CHRM4,cholinergic receptor muscarinic 4,-2.18707939631692,0.00440071214412882,DOWN
376267,RAB15,"RAB15, member RAS oncogene family",1.11757475171353,0.00242768695224333,UP
55630,SLC39A4,solute carrier family 39 member 4,1.22804653465913,0.00279425101850773,UP
23335,WDR7,WD repeat domain 7,-1.07562061844041,0.00229694291743494,DOWN
5071,PRKN,parkin RBR E3 ubiquitin protein ligase,-1.39193241098327,0.00326552784336067,DOWN
153,ADRB1,adrenoceptor beta 1,-2.28742284899412,0.00451734361315739,DOWN
374286,FBXW10B,F-box and WD repeat domain containing 10B,1.812272518077,0.00404336542405281,UP
3012,H2AC8,H2A clustered histone 8,1.37446337325754,0.00324294307984408,UP
9768,PCLAF,PCNA clamp associated factor,1.41258069431654,0.00334080080581902,UP
9704,DHX34,DExH-box helicase 34,1.26809758178997,0.00299846743846285,UP
1889,ECE1,endothelin converting enzyme 1,-1.08303995121974,0.00239973553021306,DOWN
2705,GJB1,gap junction protein beta 1,1.36931293077802,0.00329636298679927,UP
80256,ATOSB,atos homolog B,-1.19784757743861,0.00282893081983235,DOWN
152189,CMTM8,CKLF like MARVEL transmembrane domain containing 8,1.29528572549834,0.00312319397111793,UP
136647,MPLKIP,M-phase specific PLK1 interacting protein,1.08706454069454,0.00247375759020004,UP
51092,SIDT2,SID1 transmembrane family member 2,-1.14928029252039,0.00269080623784368,DOWN
26994,RNF11,ring finger protein 11,-1.09157507032336,0.00254175734865784,DOWN
130340,AP1S3,adaptor related protein complex 1 subunit sigma 3,1.28255750043403,0.00315599833239963,UP
4869,NPM1,nucleophosmin 1,1.07080496679414,0.0024847068888924,UP
1435,CSF1,colony stimulating factor 1,-1.27957609440856,0.00316433328490879,DOWN
26084,ARHGEF26,Rho guanine nucleotide exchange factor 26,-2.15992101972539,0.00453804458095239,DOWN
4602,MYB,"MYB proto-oncogene, transcription factor",1.70337814127721,0.0040398960399377,UP
3752,KCND3,potassium voltage-gated channel subfamily D member 3,-2.41519429160657,0.00471968740421748,DOWN
7072,TIA1,TIA1 cytotoxic granule associated RNA binding protein,1.11101224469559,0.00266010309287898,UP
5630,PRPH,peripherin,-4.22188133701732,0.00524901010405738,DOWN
9915,ARNT2,aryl hydrocarbon receptor nuclear translocator 2,-1.59307314591796,0.00388808534670967,DOWN
11156,PTP4A3,protein tyrosine phosphatase 4A3,1.32673407389396,0.00332667868922752,UP
9675,TTI1,TELO2 interacting protein 1,1.12967424025218,0.00274259634108545,UP
55839,CENPN,centromere protein N,1.22722865242314,0.0030617765215001,UP
6532,SLC6A4,solute carrier family 6 member 4,1.96437315948201,0.00439319951693796,UP
10672,GNA13,G protein subunit alpha 13,-1.13952102483634,0.00279676581829948,DOWN
7122,CLDN5,claudin 5,-2.20721857000845,0.00461476452990272,DOWN
3954,LETM1,leucine zipper and EF-hand containing transmembrane protein 1,-1.05359317956187,0.00249292086333456,DOWN
4830,NME1,NME/NM23 nucleoside diphosphate kinase 1,1.41923439963523,0.00359420403648966,UP
283349,RASSF3,Ras association domain family member 3,-1.305413443743,0.00332904528196834,DOWN
2254,FGF9,fibroblast growth factor 9,-1.72324982310007,0.00414584040028592,DOWN
85463,ZC3H12C,zinc finger CCCH-type containing 12C,-1.88679714068101,0.0043540077285029,DOWN
85315,PAQR8,progestin and adipoQ receptor family member 8,-1.46909977146496,0.00371274359256737,DOWN
83439,TCF7L1,transcription factor 7 like 1,-2.48115422816733,0.00483363574590979,DOWN
57708,MIER1,MIER1 transcriptional regulator,-1.09561389303541,0.00269397691129877,DOWN
158135,TTLL11,tubulin tyrosine ligase like 11,-1.3651511484042,0.00350624271336485,DOWN
554313,H4C15,H4 clustered histone 15,1.69648272845939,0.00415019430569246,UP
1465,CSRP1,cysteine and glycine rich protein 1,-2.83449279190121,0.0050198232782533,DOWN
63910,SLC17A9,solute carrier family 17 member 9,1.77432351682532,0.00426787758070001,UP
57704,GBA2,glucosylceramidase beta 2,-1.0672775586339,0.00265108833111939,DOWN
57326,PBXIP1,PBX homeobox interacting protein 1,-1.12424555749842,0.00288225552268063,DOWN
2214,FCGR3A,Fc gamma receptor IIIa,1.31300624312914,0.00344525197035586,UP
682,BSG,basigin (Ok blood group),-1.08489201601544,0.00274744200601824,DOWN
7036,TFR2,transferrin receptor 2,2.37225614772973,0.0048289979183266,UP
7422,VEGFA,vascular endothelial growth factor A,1.44848077364008,0.00376058975784592,UP
10885,WDR3,WD repeat domain 3,1.1397350944082,0.00294645071769175,UP
147660,ZNF578,zinc finger protein 578,-1.63173814463001,0.00410350350574102,DOWN
53834,FGFRL1,fibroblast growth factor receptor like 1,1.47797471041027,0.00384798679331775,UP
7538,ZFP36,ZFP36 ring finger protein,-1.39542177184351,0.00368591845664065,DOWN
23024,PDZRN3,PDZ domain containing ring finger 3,-2.18897541153615,0.00474183891145797,DOWN
55026,TMEM255A,transmembrane protein 255A,-2.68939325392195,0.00503145994965008,DOWN
79819,DNAI4,dynein axonemal intermediate chain 4,-1.89551024047278,0.0044970089473843,DOWN
10755,GIPC1,GIPC PDZ domain containing family member 1,-1.1390260595174,0.00301862748691556,DOWN
7473,WNT3,Wnt family member 3,2.48594338952586,0.0049499976919562,UP
1212,CLTB,clathrin light chain B,-1.06013284157893,0.00276783227263273,DOWN
54554,WDR5B,WD repeat domain 5B,1.28060906416716,0.00347219564192778,UP
26747,NUFIP1,nuclear FMR1 interacting protein 1,1.32159777673012,0.00363265211968816,UP
57171,DOLPP1,dolichyldiphosphatase 1,-1.14918178839992,0.00315207248759009,DOWN
22894,DIS3,"DIS3 homolog, exosome endoribonuclease and 3'-5' exoribonuclease",1.09657854940364,0.00298334806090377,UP
25,ABL1,"ABL proto-oncogene 1, non-receptor tyrosine kinase",-1.14069153012481,0.0031433126487787,DOWN
10732,TCFL5,transcription factor like 5,1.25820104975097,0.00350332448329714,UP
51567,TDP2,tyrosyl-DNA phosphodiesterase 2,-1.19245009637452,0.00331810866624964,DOWN
399665,EEIG1,estrogen-induced osteoclastogenesis regulator 1,-1.21923142589096,0.00341390647647577,DOWN
285848,PNPLA1,patatin like phospholipase domain containing 1,2.86209846313936,0.00517578182519001,UP
118429,ANTXR2,ANTXR cell adhesion molecule 2,-1.28931769154592,0.00366068567812375,DOWN
81502,HM13,histocompatibility minor 13,1.2394085259499,0.00354559683572355,UP
133522,PPARGC1B,PPARG coactivator 1 beta,-1.72788697587801,0.00446582026585966,DOWN
84154,RPF2,ribosome production factor 2 homolog,1.13852855204435,0.00325712774021632,UP
64753,CCDC136,coiled-coil domain containing 136,-2.41808229170303,0.00502974769239008,DOWN
53405,CLIC5,chloride intracellular channel 5,-2.15736020714667,0.0048882529523496,DOWN
122953,JDP2,Jun dimerization protein 2,-1.09838794804166,0.00315643583670256,DOWN
63979,FIGNL1,fidgetin like 1,1.27856644743321,0.0036890077332527,UP
23179,RGL1,ral guanine nucleotide dissociation stimulator like 1,-1.22890874005815,0.0035588090984672,DOWN
27129,HSPB7,heat shock protein family B (small) member 7,-4.18093405171464,0.00546850104602639,DOWN
4774,NFIA,nuclear factor I A,-1.11379476214715,0.00323586544100955,DOWN
200765,TIGD1,tigger transposable element derived 1,1.4027339121918,0.00402822334815509,UP
90407,TMEM41A,transmembrane protein 41A,1.25327951467986,0.00368996180089296,UP
389432,SAMD5,sterile alpha motif domain containing 5,1.55274955570204,0.00432552745203402,UP
6256,RXRA,retinoid X receptor alpha,-1.14603260913097,0.00343367459564982,DOWN
30008,EFEMP2,EGF containing fibulin extracellular matrix protein 2,-1.84190424499428,0.00470236874036184,DOWN
7347,UCHL3,ubiquitin C-terminal hydrolase L3,1.26587248781813,0.00377520357913609,UP
1493,CTLA4,cytotoxic T-lymphocyte associated protein 4,2.08937204360047,0.00492000668252165,UP
610,HCN2,hyperpolarization activated cyclic nucleotide gated potassium and sodium channel 2,-3.05879311261806,0.00533806441003749,DOWN
86,ACTL6A,actin like 6A,1.06722686881792,0.00321460087082217,UP
92241,RCSD1,RCSD domain containing 1,-1.22875383270548,0.00371129493520098,DOWN
51691,LSM8,"LSM8 homolog, U6 small nuclear RNA associated",1.06980078049286,0.00323866887826007,UP
92689,FAM114A1,family with sequence similarity 114 member A1,-1.07694367358861,0.00333523522784938,DOWN
6185,RPN2,ribophorin II,1.0990666027334,0.00340948601645295,UP
8792,TNFRSF11A,TNF receptor superfamily member 11a,-1.24804839974565,0.00383808963680625,DOWN
10051,SMC4,structural maintenance of chromosomes 4,1.08269100768352,0.00335799357169425,UP
57619,SHROOM3,shroom family member 3,-1.16871637256726,0.00365414197959423,DOWN
306,ANXA3,annexin A3,1.33956298170814,0.00411015884028108,UP
57002,YAE1,YAE1 maturation factor of ABCE1,1.20370813908686,0.00379943497263857,UP
25999,CLIP3,CAP-Gly domain containing linker protein 3,-2.30618261528948,0.00516143992385625,DOWN
8476,CDC42BPA,CDC42 binding protein kinase alpha,-1.01801078135123,0.00324756934131798,DOWN
22934,RPIA,ribose 5-phosphate isomerase A,1.03943313718316,0.00332874522350022,UP
2584,GALK1,galactokinase 1,1.19030237731049,0.00381371634189004,UP
27346,TMEM97,transmembrane protein 97,1.3110548861911,0.00414150723129872,UP
100529097,RPL36A-HNRNPH2,RPL36A-HNRNPH2 readthrough,1.16479718684054,0.0037864033992176,UP
6357,CCL13,C-C motif chemokine ligand 13,-1.76888872309706,0.00482125409785652,DOWN
57178,ZMIZ1,zinc finger MIZ-type containing 1,-1.16788080318894,0.00381155730951909,DOWN
324,APC,APC regulator of WNT signaling pathway,-1.10593207000751,0.00363414876201098,DOWN
55732,FIRRM,FIGNL1 interacting regulator of recombination and mitosis,1.36817829831006,0.0042763161893063,UP
467,ATF3,activating transcription factor 3,-1.73005788825999,0.00479452073931684,DOWN
9728,SECISBP2L,SECIS binding protein 2 like,-1.18644472796571,0.00387697798881314,DOWN
10322,SMYD5,SMYD family member 5,1.00270240512944,0.00332451512486847,UP
253714,MMS22L,"MMS22 like, DNA repair protein",1.25990651001931,0.00409206734420972,UP
84706,GPT2,glutamic--pyruvic transaminase 2,1.30770740116466,0.00421918997922811,UP
51332,SPTBN5,"spectrin beta, non-erythrocytic 5",1.44711145203256,0.00448028262347262,UP
253650,ANKRD18A,ankyrin repeat domain 18A,1.45016436547611,0.00448690921743559,UP
9218,VAPA,VAMP associated protein A,-1.11716770213051,0.00377153174335925,DOWN
3742,KCNA6,potassium voltage-gated channel subfamily A member 6,-2.25531745173529,0.0052380227571768,DOWN
5801,PTPRR,protein tyrosine phosphatase receptor type R,-2.29987275330908,0.00526961824640969,DOWN
51088,KLHL5,kelch like family member 5,-1.31126185284968,0.00428937753059207,DOWN
54776,PPP1R12C,protein phosphatase 1 regulatory subunit 12C,-1.10524936462349,0.00377978170785794,DOWN
126432,RINL,Ras and Rab interactor like,1.42916508292867,0.00450968919202586,UP
402317,OR2A42,olfactory receptor family 2 subfamily A member 42,1.71564444164449,0.00490418210417425,UP
90417,KNSTRN,kinetochore localized astrin (SPAG5) binding protein,1.16430744919749,0.00401868398541873,UP
23321,TRIM2,tripartite motif containing 2,1.16436946841676,0.00402098491018596,UP
9929,JOSD1,Josephin domain containing 1,-1.19648952680771,0.00412180124750012,DOWN
147841,SPC24,SPC24 component of NDC80 kinetochore complex,1.34502808081199,0.00445590899586303,UP
7574,ZNF26,zinc finger protein 26,1.11943755349217,0.00395903152452959,UP
55213,RCBTB1,RCC1 and BTB domain containing protein 1,1.15191264665412,0.00405354978267453,UP
10465,PPIH,peptidylprolyl isomerase H,1.15951777010498,0.00407731729900498,UP
908,CCT6A,chaperonin containing TCP1 subunit 6A,1.05760940555595,0.00379490450114091,UP
92840,REEP6,receptor accessory protein 6,1.68524605241969,0.00494559839367525,UP
5591,PRKDC,"protein kinase, DNA-activated, catalytic subunit",1.02389030441271,0.0036994672120957,UP
26996,GPR160,G protein-coupled receptor 160,1.22696857219771,0.00428285783200064,UP
23246,BOP1,BOP1 ribosomal biogenesis factor,1.15966909170932,0.00412487034095394,UP
643988,FNDC10,fibronectin type III domain containing 10,1.75037977781126,0.00503112228147707,UP
154661,RUNDC3B,RUN domain containing 3B,-1.70249477290735,0.00499549171858828,DOWN
5688,PSMA7,proteasome 20S subunit alpha 7,1.10521370688824,0.00399001683685318,UP
5228,PGF,placental growth factor,1.62769641251108,0.00492849370365354,UP
93010,B3GNT7,"UDP-GlcNAc:betaGal beta-1,3-N-acetylglucosaminyltransferase 7",-2.44841537755308,0.00544637446132918,DOWN
22982,DIP2C,disco interacting protein 2 homolog C,-1.46891794094016,0.00475312097914614,DOWN
723790,H2AC19,H2A clustered histone 19,1.21514175151587,0.00432322095653511,UP
4337,MOCS1,molybdenum cofactor synthesis 1,-1.25953048119678,0.00442672312354088,DOWN
27314,RAB30,"RAB30, member RAS oncogene family",-1.29230630318256,0.00449548986187227,DOWN
8659,ALDH4A1,aldehyde dehydrogenase 4 family member A1,1.31364509908472,0.00454650945738147,UP
6502,SKP2,S-phase kinase associated protein 2,1.05290039913713,0.0039371958337983,UP
6786,STIM1,stromal interaction molecule 1,-1.09106834423357,0.0040553734624896,DOWN
4092,SMAD7,SMAD family member 7,-1.08895734293481,0.00406553971220042,DOWN
56164,STK31,serine/threonine kinase 31,2.46850381104487,0.00549962011306088,UP
136895,SPMIP4,sperm microtubule inner protein 4,-1.21167261723386,0.0044065096908973,DOWN
9223,MAGI1,"membrane associated guanylate kinase, WW and PDZ domain containing 1",-1.16471191391606,0.00432466855977098,DOWN
54915,YTHDF1,YTH N6-methyladenosine RNA binding protein F1,1.0612695855762,0.00405851643413579,UP
390927,ZNF793,zinc finger protein 793,-1.49110545760747,0.0048967363018109,DOWN
23160,WDR43,WD repeat domain 43,1.09831488354768,0.00418596120458515,UP
2963,GTF2F2,general transcription factor IIF subunit 2,1.21406717720256,0.00447283802434623,UP
27304,MOCS3,molybdenum cofactor synthesis 3,1.14653308400919,0.00437115036573355,UP
645402,USP17L4,ubiquitin specific peptidase 17 like family member 4,1.64607669221884,0.00513204079021865,UP
9533,POLR1C,RNA polymerase I and III subunit C,1.05452083282248,0.00416504776345748,UP
284307,ZIK1,zinc finger protein interacting with K protein 1,-1.58091622834407,0.00508177409263057,DOWN
51134,CEP83,centrosomal protein 83,1.17958050640477,0.00447937737817834,UP
7871,SLMAP,sarcolemma associated protein,-1.1898778021415,0.00452897491208168,DOWN
79080,CCDC86,coiled-coil domain containing 86,1.19234453831317,0.00456206418364755,UP
131408,FAM131A,family with sequence similarity 131 member A,-1.19911042731129,0.0045969317539813,DOWN
94121,SYTL4,synaptotagmin like 4,-1.37019625624473,0.00488777350076205,DOWN
100533181,FXYD6-FXYD2,FXYD6-FXYD2 readthrough,-2.66170609063086,0.00565397393002748,DOWN
79654,HECTD3,HECT domain E3 ubiquitin protein ligase 3,-1.01508340741119,0.00417537925128907,DOWN
149111,CNIH3,cornichon family AMPA receptor auxiliary protein 3,2.43884444873722,0.0056133615954311,UP
84302,PGAP4,post-GPI attachment to proteins GalNAc transferase 4,-1.48647167537796,0.00505815852100565,DOWN
340146,SLC35D3,solute carrier family 35 member D3,3.12855079683933,0.00575410414952186,UP
1265,CNN2,calponin 2,1.13233413528012,0.00448672034587379,UP
285973,ATG9B,autophagy related 9B,2.03147149008793,0.00547040885363043,UP
10099,TSPAN3,tetraspanin 3,-1.17411760553839,0.00458587882027218,DOWN
57453,DSCAML1,DS cell adhesion molecule like 1,-2.26029988943209,0.00557135316626047,DOWN
55003,PAK1IP1,PAK1 interacting protein 1,1.09302937435323,0.00441743256310726,UP
283417,DPY19L2,dpy-19 like 2,-1.58562660384791,0.00519091208144603,DOWN
4061,LY6E,lymphocyte antigen 6 family member E,1.40095378660694,0.00500150338779491,UP
51633,OTUD6B,OTU deubiquitinase 6B,1.16252500083998,0.00461289431456794,UP
51082,POLR1D,RNA polymerase I and III subunit D,1.15964051696671,0.00463127012970045,UP
340273,ABCB5,ATP binding cassette subfamily B member 5,-2.79844568561645,0.00574228798786586,DOWN
1187,CLCNKA,chloride voltage-gated channel Ka,-2.25517600704875,0.00561030393958212,DOWN
5332,PLCB4,phospholipase C beta 4,1.59809449140249,0.00524984563549932,UP
79789,CLMN,calmin,-1.21539308459614,0.00476265217512132,DOWN
29851,ICOS,inducible T cell costimulator,1.99467594985456,0.00552243648446658,UP
5901,RAN,"RAN, member RAS oncogene family",1.06675609319518,0.00446817317314622,UP
3832,KIF11,kinesin family member 11,1.84434866932257,0.00545111340153703,UP
7869,SEMA3B,semaphorin 3B,-1.43658611161912,0.00511776753453199,DOWN
51649,MRPS23,mitochondrial ribosomal protein S23,1.10300593684083,0.00456700612876062,UP
5154,PDGFA,platelet derived growth factor subunit A,-1.25329674050397,0.00486463060767852,DOWN
83667,SESN2,sestrin 2,-1.13860568295489,0.00468602696143363,DOWN
116238,TLCD1,TLC domain containing 1,1.12941977901709,0.00467215548089168,UP
5358,PLS3,plastin 3,1.12621865501877,0.00467069908016989,UP
7168,TPM1,tropomyosin 1,-2.30281771823372,0.00568425961776174,DOWN
55333,SYNJ2BP,synaptojanin 2 binding protein,-1.04466082590591,0.00449620330869961,DOWN
9949,AMMECR1,AMMECR nuclear protein 1,1.06623987006213,0.00456368574588325,UP
818,CAMK2G,calcium/calmodulin dependent protein kinase II gamma,-1.19944897121744,0.00485838348603451,DOWN
1017,CDK2,cyclin dependent kinase 2,1.11208012817788,0.00470068757609505,UP
10991,SLC38A3,solute carrier family 38 member 3,2.76317580486371,0.00581083300391813,UP
4913,NTHL1,nth like DNA glycosylase 1,1.15042189462184,0.00480674949548412,UP
10066,SCAMP2,secretory carrier membrane protein 2,-1.0422880713611,0.00457636844754323,DOWN
388567,ZNF749,zinc finger protein 749,1.21633293280574,0.00494594786322391,UP
84524,ZC3H8,zinc finger CCCH-type containing 8,1.33994613087262,0.00513536964402865,UP
2648,KAT2A,lysine acetyltransferase 2A,1.21186009497299,0.00498198326161754,UP
54855,TENT5C,terminal nucleotidyltransferase 5C,-1.39129341191571,0.00523144245186309,DOWN
51660,MPC1,mitochondrial pyruvate carrier 1,-1.10751890629098,0.0048304378284634,DOWN
136853,SSC4D,scavenger receptor cysteine rich family member with 4 domains,1.50170315574065,0.00537250247634772,UP
160897,GPR180,G protein-coupled receptor 180,1.3480768355568,0.00522793288610227,UP
10592,SMC2,structural maintenance of chromosomes 2,1.12675905079538,0.00490514989344221,UP
80727,TTYH3,tweety family member 3,1.28248233486145,0.00515567002080274,UP
51280,GOLM1,golgi membrane protein 1,-1.19368763934377,0.00502968471235765,DOWN
2702,GJA5,gap junction protein alpha 5,-1.82806458748021,0.00564019858959179,DOWN
6367,CCL22,C-C motif chemokine ligand 22,1.61919577290259,0.00552231617769574,UP
1662,DDX10,DEAD-box helicase 10,1.02886607090361,0.00478237324302102,UP
65983,GRAMD2B,GRAM domain containing 2B,-1.42192749553255,0.00540387484400108,DOWN
9047,SH2D2A,SH2 domain containing 2A,1.46468684439886,0.00548156148438143,UP
6364,CCL20,C-C motif chemokine ligand 20,2.63917594775888,0.00591109456306679,UP
4781,NFIB,nuclear factor I B,-1.11026874535949,0.0050641215588885,DOWN
5925,RB1,RB transcriptional corepressor 1,1.0376193088951,0.00494260954318502,UP
840,CASP7,caspase 7,-2.00736115523666,0.00579442000721261,DOWN
545,ATR,ATR serine/threonine kinase,1.01034008940588,0.00495457193838705,UP
10212,DDX39A,DExD-box helicase 39A,1.04556807114538,0.00504811002476369,UP
85377,MICALL1,MICAL like 1,-1.13887083209208,0.00526045969271858,DOWN
83478,ARHGAP24,Rho GTPase activating protein 24,-1.31082258099419,0.00548137724341515,DOWN
9330,GTF3C3,general transcription factor IIIC subunit 3,1.00794621742053,0.00506519418468326,UP
55110,MAGOHB,"mago homolog B, exon junction complex subunit",1.12101900540626,0.00526011723192092,UP
25888,ZNF473,zinc finger protein 473,1.05149804269428,0.00516805323462324,UP
135293,PM20D2,peptidase M20 domain containing 2,1.17952594285147,0.00535766598535693,UP
9712,USP6NL,USP6 N-terminal like,1.07068193186576,0.0052203978117995,UP
9188,DDX21,DExD-box helicase 21,1.13578284700225,0.00531952467709635,UP
26050,SLITRK5,SLIT and NTRK like family member 5,-2.44155251730689,0.00597163960657789,DOWN
137695,TMEM68,transmembrane protein 68,1.11166200993701,0.0053094895474698,UP
284716,RIMKLA,ribosomal modification protein rimK like family member A,-1.26692000513499,0.00550666157844835,DOWN
3014,H2AX,H2A.X variant histone,1.11794453409206,0.00533431341505082,UP
24140,FTSJ1,FtsJ RNA 2'-O-methyltransferase 1,1.00313503034279,0.00517117359538086,UP
23216,TBC1D1,TBC1 domain family member 1,-1.356245860682,0.00561078068976731,DOWN
124936,CYB5D2,cytochrome b5 domain containing 2,-1.10481455097784,0.0053433564512461,DOWN
51750,RTEL1,regulator of telomere elongation helicase 1,1.26966218451081,0.00555600014253951,UP
51126,NAA20,"N-alpha-acetyltransferase 20, NatB catalytic subunit",1.20551502390402,0.00556596699455611,UP
9283,GPR37L1,G protein-coupled receptor 37 like 1,-2.06171266014338,0.00597825000271997,DOWN
92675,DTD1,D-aminoacyl-tRNA deacylase 1,1.13746976432673,0.00552960324375981,UP
9737,GPRASP1,G protein-coupled receptor associated sorting protein 1,-2.1593681957115,0.00600589133801137,DOWN
2169,FABP2,fatty acid binding protein 2,-1.62939329663915,0.00586713075999961,DOWN
388581,C1QTNF12,C1q and TNF related 12,-1.81129182275215,0.00594507430294008,DOWN
30001,ERO1A,endoplasmic reticulum oxidoreductase 1 alpha,1.14635095208623,0.0055717767932903,UP
8850,KAT2B,lysine acetyltransferase 2B,-1.15725435911196,0.00558605859348439,DOWN
3632,INPP5A,inositol polyphosphate-5-phosphatase A,-1.08404871597877,0.00551469026410924,DOWN
4224,MEP1A,meprin A subunit alpha,-1.43916163771255,0.00581324711241277,DOWN
25802,LMOD1,leiomodin 1,-4.48667482064663,0.00617392429809555,DOWN
57184,FAM219B,family with sequence similarity 219 member B,-1.1844810063949,0.00567505286893894,DOWN
5099,PCDH7,protocadherin 7,-2.27449565176905,0.00606957390785952,DOWN
57659,ZBTB4,zinc finger and BTB domain containing 4,-1.10201919935132,0.00562556906094194,DOWN
5205,ATP8B1,ATPase phospholipid transporting 8B1,-1.4403971279954,0.00588081694531966,DOWN
165055,CCDC138,coiled-coil domain containing 138,1.31832929423461,0.00581999617039426,UP
286077,FAM83H,family with sequence similarity 83 member H,1.09944484685779,0.00567614622563047,UP
64859,NABP1,nucleic acid binding protein 1,1.11046161068873,0.00573530270302218,UP
170958,ZNF525,zinc finger protein 525,1.06972773646701,0.00570586447680103,UP
23491,CES3,carboxylesterase 3,-1.61146454699244,0.00600871246945503,DOWN
3843,IPO5,importin 5,1.14081418381061,0.00578245025949391,UP
257407,C2orf72,chromosome 2 open reading frame 72,-1.17097842754615,0.00581165065487035,DOWN
64221,ROBO3,roundabout guidance receptor 3,-1.98232581688297,0.00610263637554714,DOWN
4760,NEUROD1,neuronal differentiation 1,-2.74663419120218,0.00618116289017684,DOWN
1678,TIMM8A,translocase of inner mitochondrial membrane 8A,1.15397396692768,0.00587177605885836,UP
5954,RCN1,reticulocalbin 1,1.15146452987414,0.00587787832127877,UP
55679,LIMS2,LIM zinc finger domain containing 2,-3.2477451573583,0.00622029163222449,DOWN
64327,LMBR1,limb development membrane protein 1,1.09968567244974,0.0058585091358766,UP
2314,FLII,FLII actin remodeling protein,-1.00934714393863,0.00578846100312022,DOWN
3875,KRT18,keratin 18,1.29099463744734,0.00598621818333295,UP
29948,OSGIN1,oxidative stress induced growth inhibitor 1,-1.1860453045703,0.00596392449191352,DOWN
3158,HMGCS2,3-hydroxy-3-methylglutaryl-CoA synthase 2,-1.53944215597869,0.0060993278578128,DOWN
51154,MRTO4,"MRT4 homolog, ribosome maturation factor",1.01116368777561,0.00585139694802709,UP
645836,USP17L3,ubiquitin specific peptidase 17 like family member 3,1.8267667989855,0.00615582379392531,UP
94137,RP1L1,RP1 like 1,2.48234667944477,0.00621978126251151,UP
57451,TENM2,teneurin transmembrane protein 2,-2.40931262183882,0.00621885616293539,DOWN
80274,SCUBE1,"signal peptide, CUB domain and EGF like domain containing 1",-2.49338100267965,0.00622721248786785,DOWN
5310,PKD1,"polycystin 1, transient receptor potential channel interacting",-1.12507037391593,0.00602013602567308,DOWN
117177,RAB3IP,RAB3A interacting protein,1.06382065554558,0.0060239070942349,UP
22803,XRN2,5'-3' exoribonuclease 2,1.06346027237941,0.00602584303195851,UP
1153,CIRBP,cold inducible RNA binding protein,-1.01762204739258,0.00600723277158257,DOWN
9882,TBC1D4,TBC1 domain family member 4,1.18475195172859,0.0060923788172569,UP
4209,MEF2D,myocyte enhancer factor 2D,-1.05373474395819,0.00603377165828531,DOWN
1363,CPE,carboxypeptidase E,-1.38857724485033,0.00615801323355662,DOWN
2034,EPAS1,endothelial PAS domain protein 1,-1.12314064946771,0.00609925176634163,DOWN
10528,NOP56,NOP56 ribonucleoprotein,1.10787935938846,0.00610988637130519,UP
85012,TCEAL3,transcription elongation factor A like 3,-1.18600453434385,0.00615816023383925,DOWN
9369,NRXN3,neurexin 3,-2.43772187627114,0.00629830957964504,DOWN
79581,SLC52A2,solute carrier family 52 member 2,1.11420824630095,0.00615827618056199,UP
90987,ZNF251,zinc finger protein 251,1.34808383666065,0.0062246793836169,UP
84135,UTP15,UTP15 small subunit processome component,1.01942690378813,0.00619466034859812,UP
5139,PDE3A,phosphodiesterase 3A,-2.33985695488591,0.00632364430301484,DOWN
9654,TTLL4,tubulin tyrosine ligase like 4,1.10347631150761,0.00623516649341541,UP
85352,SHISAL1,shisa like 1,-2.01880314581064,0.00632283549013346,DOWN
26240,FAM50B,family with sequence similarity 50 member B,-1.32853277624704,0.00629954701094811,DOWN
55159,RFWD3,ring finger and WD repeat domain 3,1.02963001285723,0.00625444084582083,UP
2617,GARS1,glycyl-tRNA synthetase 1,1.04080066399444,0.00630366837892034,UP
23233,EXOC6B,exocyst complex component 6B,-1.02346786357964,0.00631001498023726,DOWN
117247,SLC16A10,solute carrier family 16 member 10,1.47010922337949,0.00635733536678819,UP
200879,LIPH,lipase H,-1.46780171870788,0.00637530944822139,DOWN
27020,NPTN,neuroplastin,-1.6294860639391,0.00638034965350821,DOWN
2009,EML1,EMAP like 1,-2.57906287870828,0.006382416885448,DOWN
25822,DNAJB5,DnaJ heat shock protein family (Hsp40) member B5,-2.94307628994188,0.00641211084862457,DOWN
79625,NDNF,neuron derived neurotrophic factor,-1.3053843420804,0.00642088230802544,DOWN
79084,WDR77,WD repeat domain 77,1.06153790729226,0.00642905296956392,UP
271,AMPD2,adenosine monophosphate deaminase 2,1.00350141990902,0.00643628826122176,UP
51427,ZNF107,zinc finger protein 107,1.22111262841153,0.006449134428434,UP
9066,SYT7,synaptotagmin 7,1.26371794369974,0.00650819750147084,UP
8622,PDE8B,phosphodiesterase 8B,-2.00471063216402,0.00652601805987466,DOWN
56967,C14orf132,chromosome 14 open reading frame 132,-2.48709223090123,0.00655196481256751,DOWN
490,ATP2B1,ATPase plasma membrane Ca2+ transporting 1,-1.07673379925679,0.00655550100843528,DOWN
10827,FAM114A2,family with sequence similarity 114 member A2,-1.04144932365669,0.00656737613919987,DOWN
109,ADCY3,adenylate cyclase 3,1.05040454297462,0.00657652952474628,UP
51170,HSD17B11,hydroxysteroid 17-beta dehydrogenase 11,-1.25986300238362,0.00658926581206346,DOWN
28999,KLF15,KLF transcription factor 15,-1.60106668498278,0.00659971667928779,DOWN
5164,PDK2,pyruvate dehydrogenase kinase 2,-1.02094146099939,0.0066085299068487,DOWN
259289,TAS2R43,taste 2 receptor member 43,2.21043392054283,0.00660973731253136,UP
1630,DCC,DCC netrin 1 receptor,-2.85683070481038,0.00661340344176977,DOWN
11080,DNAJB4,DnaJ heat shock protein family (Hsp40) member B4,-1.12883081392351,0.0066136404669116,DOWN
4175,MCM6,minichromosome maintenance complex component 6,1.226132130693,0.00663714113479272,UP
57188,ADAMTSL3,ADAMTS like 3,-3.30759839996772,0.00668061421533863,DOWN
79947,DHDDS,dehydrodolichyl diphosphate synthase subunit,-1.06800876792254,0.00671015931287306,DOWN
57863,CADM3,cell adhesion molecule 3,-3.68358397515978,0.00673466589449424,DOWN
27350,APOBEC3C,apolipoprotein B mRNA editing enzyme catalytic subunit 3C,-1.11412932728342,0.00673598773059987,DOWN
84296,GINS4,GINS complex subunit 4,1.43274506429146,0.00674141634812772,UP
54790,TET2,tet methylcytosine dioxygenase 2,-1.01868620408862,0.00675109128786957,DOWN
4839,NOP2,NOP2 nucleolar protein,1.17217617608598,0.00675959258151576,UP
5362,PLXNA2,plexin A2,-1.13894455701945,0.00677507716093713,DOWN
865,CBFB,core-binding factor subunit beta,1.05978942743574,0.00685055790562962,UP
92196,DAPL1,death associated protein like 1,2.13951823049791,0.0068777003617202,UP
3918,LAMC2,laminin subunit gamma 2,1.39968934109537,0.00688003408369019,UP
148741,ANKRD35,ankyrin repeat domain 35,-1.58199854817692,0.00688027173578593,DOWN
9854,C2CD2L,C2CD2 like,-1.06155457569324,0.00688643628747631,DOWN
100529262,MIA-RAB4B,MIA-RAB4B readthrough (NMD candidate),-1.0057009383475,0.00689818489974394,DOWN
57820,CCNB1IP1,cyclin B1 interacting protein 1,1.19631598041907,0.00690712044259638,UP
6934,TCF7L2,transcription factor 7 like 2,-1.11649584928606,0.00694859233839402,DOWN
5008,OSM,oncostatin M,2.33673826364607,0.00697223600094903,UP
26,AOC1,amine oxidase copper containing 1,-1.30468798598228,0.00699135394292304,DOWN
5270,SERPINE2,serpin family E member 2,1.61773506982884,0.0069974629159624,UP
9015,TAF1A,"TATA-box binding protein associated factor, RNA polymerase I subunit A",1.45537705470864,0.00700278362840985,UP
57732,ZFYVE28,zinc finger FYVE-type containing 28,-1.13677023661769,0.00703859750076158,DOWN
80031,SEMA6D,semaphorin 6D,-1.35709300788816,0.00704778829281811,DOWN
55353,LAPTM4B,lysosomal protein transmembrane 4 beta,1.20468769183859,0.00706376978938745,UP
23450,SF3B3,splicing factor 3b subunit 3,1.00429994573594,0.00706393811049809,UP
131578,LRRC15,leucine rich repeat containing 15,1.76401332590395,0.00707001444680966,UP
7165,TPD52L2,TPD52 like 2,1.03203638906854,0.00707813463151849,UP
10481,HOXB13,homeobox B13,-2.01115984748609,0.00709394827071733,DOWN
9296,ATP6V1F,ATPase H+ transporting V1 subunit F,1.10310148287913,0.0071075148393212,UP
440,ASNS,asparagine synthetase (glutamine-hydrolyzing),1.18936931068687,0.00711815829563013,UP
554,AVPR2,arginine vasopressin receptor 2,-2.58590252825371,0.00712812505350034,DOWN
80119,PIF1,PIF1 5'-to-3' DNA helicase,1.31189046988684,0.00713512283051841,UP
1163,CKS1B,CDC28 protein kinase regulatory subunit 1B,1.21086033994042,0.00713637897216067,UP
64065,PERP,p53 apoptosis effector related to PMP22,1.25259514968019,0.00721946042636585,UP
6636,SNRPF,small nuclear ribonucleoprotein polypeptide F,1.03623546045405,0.00723976201397698,UP
11113,CIT,citron rho-interacting serine/threonine kinase,1.15835580867474,0.00724240530727354,UP
790,CAD,"carbamoyl-phosphate synthetase 2, aspartate transcarbamylase, and dihydroorotase",1.05281463320714,0.00725093896795405,UP
201725,C4orf46,chromosome 4 open reading frame 46,1.48448096352651,0.00725561152359464,UP
55251,PCMTD2,protein-L-isoaspartate (D-aspartate) O-methyltransferase domain containing 2,1.21370387651876,0.00727017410800185,UP
64097,EPB41L4A,erythrocyte membrane protein band 4.1 like 4A,-1.84863142420105,0.00731403101386895,DOWN
100861412,FSBP,fibrinogen silencer binding protein,2.16912840517382,0.00732608841440497,UP
8447,DOC2B,double C2 domain beta,-1.22626263438326,0.00734104022431224,DOWN
23704,KCNE4,potassium voltage-gated channel subfamily E regulatory subunit 4,-2.10617617425648,0.00736373930382403,DOWN
705,BYSL,bystin like,1.13631390408283,0.00738418162569719,UP
63939,FAM217B,family with sequence similarity 217 member B,1.33538818659296,0.00738705383817981,UP
388125,C2CD4B,C2 calcium dependent domain containing 4B,2.04501582264349,0.00742060430892162,UP
78995,HROB,homologous recombination factor with OB-fold,1.32577675755875,0.00742542815235692,UP
79974,CPED1,cadherin like and PC-esterase domain containing 1,-2.34570672661537,0.00744188946740472,DOWN
80201,HKDC1,hexokinase domain containing 1,1.33944238668912,0.007454699314954,UP
8618,CADPS,calcium dependent secretion activator,2.05533340492903,0.00745766027295175,UP
10612,TRIM3,tripartite motif containing 3,-1.13461335199746,0.00747487047965283,DOWN
203447,NRK,Nik related kinase,-2.65622968272544,0.00748503776591142,DOWN
80863,PRRT1,proline rich transmembrane protein 1,-1.93598428889689,0.00755472566150552,DOWN
54831,BEST2,bestrophin 2,-4.31304079931248,0.00757541306918261,DOWN
9905,SGSM2,small G protein signaling modulator 2,-1.07763485769829,0.00758929290085629,DOWN
79980,DSN1,DSN1 component of MIS12 kinetochore complex,1.19216900611165,0.0076014140911952,UP
115761,ARL11,ADP ribosylation factor like GTPase 11,1.68603213203411,0.00760488911521739,UP
3559,IL2RA,interleukin 2 receptor subunit alpha,1.35944287185697,0.0076274546389775,UP
65997,RASL11B,RAS like family 11 member B,2.41625729686747,0.00763870664815992,UP
55885,LMO3,LIM domain only 3,-4.67732186159868,0.00770187189911957,DOWN
6405,SEMA3F,semaphorin 3F,1.23806232968799,0.00770344108092541,UP
51042,ZNF593,zinc finger protein 593,1.1342617094605,0.00772278262218046,UP
6894,TARBP1,TAR (HIV-1) RNA binding protein 1,1.18804246048981,0.00780662736092838,UP
83943,IMMP2L,inner mitochondrial membrane peptidase subunit 2,1.11229943183148,0.00782708606883202,UP
27439,TMEM121B,transmembrane protein 121B,2.01386091484428,0.00786069880439766,UP
83606,GUCD1,guanylyl cyclase domain containing 1,-1.06315642678468,0.00787596058504125,DOWN
23430,TPSD1,tryptase delta 1,-2.49721554331863,0.00787992473175986,DOWN
2161,F12,coagulation factor XII,1.77052534085492,0.00788960950466896,UP
4659,PPP1R12A,protein phosphatase 1 regulatory subunit 12A,-1.12842706283775,0.00790483165812568,DOWN
30812,SOX8,SRY-box transcription factor 8,-1.88263672219671,0.00795423463358401,DOWN
23552,CDK20,cyclin dependent kinase 20,-1.11658467848845,0.00797187364935328,DOWN
4625,MYH7,myosin heavy chain 7,-2.32999625420874,0.00798591220631866,DOWN
54475,NLE1,notchless homolog 1,1.02274193516253,0.00798919204325852,UP
7280,TUBB2A,tubulin beta 2A class IIa,-1.25602904324159,0.00799017238531601,DOWN
60487,TRMT11,tRNA methyltransferase 11 homolog,1.01777500950632,0.00799186278712239,UP
7404,UTY,"ubiquitously transcribed tetratricopeptide repeat containing, Y-linked",3.98835699552807,0.00800273876373146,UP
91057,CCDC34,coiled-coil domain containing 34,1.13183941340624,0.0080227721299223,UP
3053,SERPIND1,serpin family D member 1,2.24619489720625,0.00802985655816111,UP
1052,CEBPD,CCAAT enhancer binding protein delta,-1.1306222160084,0.00803017041700536,DOWN
4068,SH2D1A,SH2 domain containing 1A,1.6913191667065,0.00807499968679067,UP
353345,GPR141,G protein-coupled receptor 141,1.91905513002742,0.00809677489418062,UP
4586,MUC5AC,"mucin 5AC, oligomeric mucus/gel-forming",2.99009377863852,0.00813309379315116,UP
257068,PLCXD2,phosphatidylinositol specific phospholipase C X domain containing 2,1.36851172757482,0.00814503653438938,UP
6622,SNCA,synuclein alpha,-1.98220558801326,0.00814670750323478,DOWN
8399,PLA2G10,phospholipase A2 group X,-1.75146139253894,0.00816521174587074,DOWN
1477,CSTF1,cleavage stimulation factor subunit 1,1.01976132401395,0.00816612002054596,UP
55055,ZWILCH,zwilch kinetochore protein,1.1238669771689,0.00819778534259745,UP
146556,C16orf89,chromosome 16 open reading frame 89,-2.4824331528155,0.00822088258907349,DOWN
1184,CLCN5,chloride voltage-gated channel 5,1.16242492354073,0.00823559683224944,UP
55646,LYAR,Ly1 antibody reactive,1.12240266028355,0.00826834350837927,UP
30811,HUNK,hormonally up-regulated Neu-associated kinase,1.36088414015702,0.0083199366464915,UP
23328,SASH1,SAM and SH3 domain containing 1,-1.03062824646109,0.00836462910944442,DOWN
10308,ZNF267,zinc finger protein 267,1.16253506527601,0.00836705716044188,UP
196792,FAM24B,family with sequence similarity 24 member B,1.48512572344524,0.00839397984683827,UP
377841,ENTPD8,ectonucleoside triphosphate diphosphohydrolase 8,-2.88691921310459,0.00839548924867873,DOWN
4323,MMP14,matrix metallopeptidase 14,1.16804633619684,0.00842631839589499,UP
9229,DLGAP1,DLG associated protein 1,-2.2349264005344,0.00843851684614311,DOWN
79023,NUP37,nucleoporin 37,1.02348444025307,0.00843990343778003,UP
23031,MAST3,microtubule associated serine/threonine kinase 3,-1.02104800848103,0.00845640362820898,DOWN
56652,TWNK,twinkle mtDNA helicase,1.19033171326417,0.00846929828785955,UP
81563,C1orf21,chromosome 1 open reading frame 21,-1.18042705511651,0.00847022976528975,DOWN
9759,HDAC4,histone deacetylase 4,-1.08823664723883,0.00850213570638743,DOWN
5629,PROX1,prospero homeobox 1,1.36949661645485,0.00850606212370154,UP
5143,PDE4C,phosphodiesterase 4C,-2.12762951056619,0.00857042732203385,DOWN
27340,UTP20,UTP20 small subunit processome component,1.05991499857026,0.00858279238234097,UP
64641,EBF2,EBF transcription factor 2,2.13030212182755,0.00864419314455908,UP
79682,CENPU,centromere protein U,1.20801152793346,0.00879919957626088,UP
84279,PRADC1,protease associated domain containing 1,-1.18526833422139,0.00880785297075711,DOWN
94241,TP53INP1,tumor protein p53 inducible nuclear protein 1,-1.07250490968993,0.00881020641343133,DOWN
7691,ZNF132,zinc finger protein 132,-1.58686197591025,0.00884124896679472,DOWN
4613,MYCN,"MYCN proto-oncogene, bHLH transcription factor",2.54052861175362,0.00884209259035349,UP
6633,SNRPD2,small nuclear ribonucleoprotein D2 polypeptide,1.08609538457393,0.00884331903734847,UP
25817,TAFA5,TAFA chemokine like family member 5,2.07476112071984,0.0088798811608485,UP
4948,OCA2,OCA2 melanosomal transmembrane protein,2.70647511952899,0.00888534546474885,UP
3643,INSR,insulin receptor,-1.08029885071041,0.00896904102647004,DOWN
1891,ECH1,enoyl-CoA hydratase 1,-1.11150145057839,0.00901435265425513,DOWN
3908,LAMA2,laminin subunit alpha 2,-1.14740569863752,0.00901838045661183,DOWN
2744,GLS,glutaminase,1.09496813441342,0.00901992356160939,UP
6558,SLC12A2,solute carrier family 12 member 2,1.83775410645149,0.00902005336943365,UP
10046,MAMLD1,mastermind like domain containing 1,-1.93660115420161,0.0090296995700727,DOWN
5557,PRIM1,DNA primase subunit 1,1.10754737418214,0.00906515339751228,UP
6487,ST3GAL3,"ST3 beta-galactoside alpha-2,3-sialyltransferase 3",-1.41983387158549,0.00908143328023224,DOWN
389434,IYD,iodotyrosine deiodinase,1.36687711478025,0.00909858572094951,UP
114792,KLHL32,kelch like family member 32,2.09486724516144,0.00911740631848683,UP
55872,PBK,PDZ binding kinase,2.08054443143824,0.00913191462976975,UP
8328,GFI1B,growth factor independent 1B transcriptional repressor,-2.51275159817044,0.00915733683339677,DOWN
124045,SPATA33,spermatogenesis associated 33,1.1274691340603,0.00917612836685535,UP
9911,TMCC2,transmembrane and coiled-coil domain family 2,-1.44873176394815,0.00919128940783518,DOWN
54600,UGT1A9,UDP glucuronosyltransferase family 1 member A9,-2.42938267337017,0.00919625645398007,DOWN
8630,HSD17B6,hydroxysteroid 17-beta dehydrogenase 6,-1.41998013138606,0.0092044307038443,DOWN
2921,CXCL3,C-X-C motif chemokine ligand 3,2.31304268855152,0.00924773122589763,UP
3142,HLX,H2.0 like homeobox,-1.58955606298539,0.00925067314004944,DOWN
10793,ZNF273,zinc finger protein 273,1.1525455531312,0.00928469350596559,UP
6520,SLC3A2,solute carrier family 3 member 2,1.00590399625042,0.0092910573069846,UP
10184,LHFPL2,LHFPL tetraspan subfamily member 2,-1.03253165388015,0.00929622444398165,DOWN
64409,GALNT17,polypeptide N-acetylgalactosaminyltransferase 17,-2.96676864482346,0.00935992846205707,DOWN
55970,GNG12,G protein subunit gamma 12,-1.02461420921239,0.00937907016663237,DOWN
121053,NOPCHAP1,NOP protein chaperone 1,1.03217273707732,0.00938324724687921,UP
9232,PTTG1,"PTTG1 regulator of sister chromatid separation, securin",2.16537868965341,0.00940030247219735,UP
2946,GSTM2,glutathione S-transferase mu 2,-1.31029469794617,0.00943048234474004,DOWN
652,BMP4,bone morphogenetic protein 4,1.31785901960765,0.0094352549426818,UP
79825,EFCC1,EF-hand and coiled-coil domain containing 1,-1.29894943623933,0.00945579911509815,DOWN
5091,PC,pyruvate carboxylase,-1.73548324864578,0.00948903559508445,DOWN
113802,HENMT1,HEN methyltransferase 1,1.29324904634257,0.00949912924093507,UP
3240,HP,haptoglobin,-2.12583579754729,0.00951508485327813,DOWN
64805,P2RY12,purinergic receptor P2Y12,-2.12561467827667,0.00952180259463927,DOWN
50832,TAS2R4,taste 2 receptor member 4,1.98577897442807,0.00953767080382648,UP
83394,PITPNM3,PITPNM family member 3,-2.58389083496393,0.00959648162029948,DOWN
254295,PHYHD1,phytanoyl-CoA dioxygenase domain containing 1,-1.87523689222849,0.00962548857513415,DOWN
56648,EIF5A2,eukaryotic translation initiation factor 5A2,1.30550602200043,0.00962716373491335,UP
84954,MPND,MPN domain containing,-1.24546018490003,0.00962754049072887,DOWN
221476,PI16,peptidase inhibitor 16,-3.40317786511697,0.00962907892920157,DOWN
259232,NALCN,"sodium leak channel, non-selective",-2.47298379661243,0.00967282047364411,DOWN
57559,STAMBPL1,STAM binding protein like 1,1.1570318994558,0.00974917589073194,UP
375444,C5orf34,chromosome 5 open reading frame 34,1.30289414350118,0.00976625077344392,UP
134111,UBE2QL1,ubiquitin conjugating enzyme E2 Q family like 1,-2.06508249781339,0.0097721716516699,DOWN
10008,KCNE3,potassium voltage-gated channel subfamily E regulatory subunit 3,1.1270163886891,0.00979711599836704,UP
79849,NHERF4,NHERF family PDZ scaffold protein 4,-1.34721161030907,0.00982167897427995,DOWN
6359,CCL15,C-C motif chemokine ligand 15,-1.31284308771851,0.00986742500120232,DOWN
5030,P2RY4,pyrimidinergic receptor P2Y4,-2.08700752837522,0.00988931483150409,DOWN
57348,TTYH1,tweety family member 1,-2.28029101333802,0.00990364220476604,DOWN
25849,PARM1,prostate androgen-regulated mucin-like protein 1,-1.65376275315649,0.00991672570403442,DOWN
2904,GRIN2B,glutamate ionotropic receptor NMDA type subunit 2B,3.52988569199705,0.00992548710342962,UP
51495,HACD3,3-hydroxyacyl-CoA dehydratase 3,1.01307655708662,0.00994304567462545,UP
4084,MXD1,MAX dimerization protein 1,-1.19532287727847,0.009946470221773,DOWN
79864,JHY,junctional cadherin complex regulator,-1.32607413329302,0.00996088999722762,DOWN
3690,ITGB3,integrin subunit beta 3,-2.20170595274167,0.00997375934453275,DOWN
64397,ZNF106,zinc finger protein 106,-1.0226265318082,0.00997414330685906,DOWN
10050,SLC17A4,solute carrier family 17 member 4,-2.6220377903432,0.0100957696749381,DOWN
4439,MSH5,mutS homolog 5,1.1739739639448,0.0101210791694113,UP
66036,MTMR9,myotubularin related protein 9,-1.1399865456807,0.010143872286362,DOWN
25891,PAMR1,peptidase domain containing associated with muscle regeneration 1,-2.21741022680818,0.0101500097163872,DOWN
29106,SCG3,secretogranin III,-2.64238097531545,0.0101611627693871,DOWN
54577,UGT1A7,UDP glucuronosyltransferase family 1 member A7,-2.24389155381923,0.010164431058777,DOWN
54843,SYTL2,synaptotagmin like 2,-1.10964341512004,0.0101967924239253,DOWN
92935,MARS2,"methionyl-tRNA synthetase 2, mitochondrial",1.07842689142027,0.0102212375500849,UP
405753,DUOXA2,dual oxidase maturation factor 2,2.90514975960338,0.0102213754414286,UP
5902,RANBP1,RAN binding protein 1,1.0042414674358,0.0102356244831328,UP
116535,MRGPRF,MAS related GPR family member F,-3.43897694310387,0.0102451885244193,DOWN
1305,COL13A1,collagen type XIII alpha 1 chain,-1.32430132222138,0.0102617058591967,DOWN
51478,HSD17B7,hydroxysteroid 17-beta dehydrogenase 7,1.13764040788566,0.010319718398088,UP
644139,PIRT,phosphoinositide interacting regulator of transient receptor potential channels,-3.25054704708173,0.0103596580971562,DOWN
993,CDC25A,cell division cycle 25A,1.25033388622457,0.0103604079333955,UP
400793,C1orf226,chromosome 1 open reading frame 226,-1.10185612968325,0.0103968971027685,DOWN
64921,CASD1,CAS1 domain containing 1,-1.03103160179755,0.010403147883534,DOWN
90589,ZNF625,zinc finger protein 625,-1.447665262003,0.0104450654657549,DOWN
5818,NECTIN1,nectin cell adhesion molecule 1,1.03297298015124,0.010456098328827,UP
5203,PFDN4,prefoldin subunit 4,1.41456752148388,0.0104683339810949,UP
286826,LIN9,lin-9 DREAM MuvB core complex component,1.05971427389705,0.0105892411303457,UP
284656,EPHA10,EPH receptor A10,-1.45614303769703,0.0106021552683944,DOWN
114131,UCN3,urocortin 3,-1.85167756895728,0.0106535731774569,DOWN
284273,PTGR3,prostaglandin reductase 3,-1.03728220045815,0.010660681376963,DOWN
55622,TTC27,tetratricopeptide repeat domain 27,1.03684424017583,0.0106681088590554,UP
1116,CHI3L1,chitinase 3 like 1,3.28308550786687,0.0107270372897364,UP
654364,NME1-NME2,NME1-NME2 readthrough,1.06918226269064,0.0107563378417699,UP
5563,PRKAA2,protein kinase AMP-activated catalytic subunit alpha 2,-3.10923057808983,0.0107743135849986,DOWN
126393,HSPB6,heat shock protein family B (small) member 6,-4.10743994944452,0.0107804540933285,DOWN
63934,ZNF667,zinc finger protein 667,-2.12150388337341,0.0107864976179316,DOWN
23223,RRP12,ribosomal RNA processing 12 homolog,1.07909121456013,0.010796309526338,UP
6689,SPIB,Spi-B transcription factor,-4.45799226055892,0.0108176206134867,DOWN
56127,PCDHB9,protocadherin beta 9,1.44533027678137,0.0108765550427088,UP
7145,TNS1,tensin 1,-3.72005594226754,0.0108872413768224,DOWN
7482,WNT2B,Wnt family member 2B,-1.33884270600315,0.0109095429868979,DOWN
84966,IGSF21,immunoglobin superfamily member 21,-2.06062105807436,0.0109591223067999,DOWN
10403,NDC80,NDC80 kinetochore complex component,1.34754077874328,0.0109769025905333,UP
1576,CYP3A4,cytochrome P450 family 3 subfamily A member 4,-1.80126918085302,0.0110119072055829,DOWN
5033,P4HA1,prolyl 4-hydroxylase subunit alpha 1,1.1914328698766,0.0110209790332361,UP
23329,TBC1D30,TBC1 domain family member 30,1.21592841850497,0.0110232406100577,UP
8638,OASL,2'-5'-oligoadenylate synthetase like,-1.38971247441487,0.0110521495742287,DOWN
56271,BEX4,brain expressed X-linked 4,-1.2074699037062,0.0110546450536131,DOWN
25937,WWTR1,WW domain containing transcription regulator 1,-2.4184891398342,0.0111466535208612,DOWN
257364,SNX33,sorting nexin 33,-1.01728220093511,0.0111553494329738,DOWN
374977,MROH7,maestro heat like repeat family member 7,-1.34963090775295,0.0111617020842769,DOWN
83857,TMTC1,transmembrane O-mannosyltransferase targeting cadherins 1,-2.35694040738488,0.011193938399497,DOWN
10460,TACC3,transforming acidic coiled-coil containing protein 3,1.23908010202518,0.0112258897598587,UP
4750,NEK1,NIMA related kinase 1,-1.08226411174641,0.0112341023976017,DOWN
9466,IL27RA,interleukin 27 receptor subunit alpha,1.22432663690558,0.0112482752400417,UP
154810,AMOTL1,angiomotin like 1,-2.80167817380311,0.0112748871100613,DOWN
6331,SCN5A,sodium voltage-gated channel alpha subunit 5,-2.14271895239916,0.0112815170085076,DOWN
342667,STAC2,SH3 and cysteine rich domain 2,-2.67188486832118,0.0112874416494813,DOWN
924,CD7,CD7 molecule,-1.25183085863059,0.0113487181006591,DOWN
55799,CACNA2D3,calcium voltage-gated channel auxiliary subunit alpha2delta 3,-1.81627681066734,0.0113489428108051,DOWN
8839,CCN5,cellular communication network factor 5,-2.48028372648314,0.0113493166021698,DOWN
56776,FMN2,formin 2,-4.57650206573124,0.0113542830443682,DOWN
28987,NOB1,NIN1 (RPN12) binding protein 1 homolog,1.03944067139646,0.01135567198107,UP
93474,ZNF670,zinc finger protein 670,1.17718762465378,0.0113671630817398,UP
9136,RRP9,"ribosomal RNA processing 9, U3 small nucleolar RNA binding protein",1.05716998546504,0.0113726737716066,UP
25913,POT1,protection of telomeres 1,1.0555987461188,0.0113932018457059,UP
84665,MYPN,myopalladin,-2.00326480009645,0.0114872168332787,DOWN
130399,ACVR1C,activin A receptor type 1C,-1.48326915328569,0.0114883414570687,DOWN
641371,ACOT1,acyl-CoA thioesterase 1,-1.33966885610154,0.0114984580063634,DOWN
8912,CACNA1H,calcium voltage-gated channel subunit alpha1 H,-3.29921597000943,0.0115248235127,DOWN
55359,STYK1,serine/threonine/tyrosine kinase 1,-1.39364370576133,0.0115374053040942,DOWN
7262,PHLDA2,pleckstrin homology like domain family A member 2,1.13715188844505,0.011550836154569,UP
10602,CDC42EP3,CDC42 effector protein 3,-1.22241781501075,0.0115601750224564,DOWN
2841,GPR18,G protein-coupled receptor 18,1.6881969950957,0.0115795219451702,UP
7291,TWIST1,twist family bHLH transcription factor 1,2.02860607480959,0.0115861701064202,UP
23046,KIF21B,kinesin family member 21B,1.76311809188764,0.0115900096294431,UP
166815,TIGD2,tigger transposable element derived 2,1.05697996355967,0.0116225625071739,UP
91663,MYADM,myeloid associated differentiation marker,-1.33851551882815,0.011626414969974,DOWN
339977,LRRC66,leucine rich repeat containing 66,-1.59748347890704,0.0116439979776894,DOWN
6657,SOX2,SRY-box transcription factor 2,2.504708445517,0.0116668123815967,UP
79785,RERGL,RERG like,-3.16806914419497,0.0116702314581749,DOWN
51471,NAT8B,"N-acetyltransferase 8B (putative, gene/pseudogene)",-1.9650573281044,0.0117062066369352,DOWN
10753,CAPN9,calpain 9,-1.47720582190424,0.0117163363934345,DOWN
50636,ANO7,anoctamin 7,-1.50754981662943,0.011748629939778,DOWN
28966,SNX24,sorting nexin 24,-1.2437966344898,0.0118411268821137,DOWN
84448,ABLIM2,actin binding LIM protein family member 2,1.60379809126424,0.0118498476395612,UP
9098,USP6,ubiquitin specific peptidase 6,-2.12762534312164,0.0118570654667387,DOWN
23508,TTC9,tetratricopeptide repeat domain 9,1.45353289852439,0.0118624379581578,UP
1945,EFNA4,ephrin A4,1.06930542735184,0.011882562131122,UP
284958,NT5DC4,5'-nucleotidase domain containing 4,3.12037980975771,0.0119009097596451,UP
84102,SLC41A2,solute carrier family 41 member 2,-1.09600958326285,0.0119158400309838,DOWN
79993,ELOVL7,ELOVL fatty acid elongase 7,1.21394488165142,0.0119265865538637,UP
283518,KCNRG,potassium channel regulator,1.67918245366004,0.0119301609907563,UP
4329,ALDH6A1,aldehyde dehydrogenase 6 family member A1,-1.06551699291907,0.0119340361030846,DOWN
57161,PELI2,pellino E3 ubiquitin protein ligase family member 2,-1.21853712635106,0.0119398783564105,DOWN
79845,RNF122,ring finger protein 122,-1.63697403982345,0.0119549560264286,DOWN
4685,NCAM2,neural cell adhesion molecule 2,-2.57037365808374,0.0119719225452607,DOWN
51473,DCDC2,doublecortin domain containing 2,2.47080838228718,0.0120038229293346,UP
284439,SLC25A42,solute carrier family 25 member 42,-1.30313887145942,0.0120132054385354,DOWN
60495,HPSE2,heparanase 2 (inactive),-2.87072710494381,0.0120163443153875,DOWN
84645,C22orf23,chromosome 22 open reading frame 23,-2.17593515484891,0.012051593457637,DOWN
8568,RRP1,ribosomal RNA processing 1,1.0464923631854,0.0120649446318829,UP
2894,GRID1,glutamate ionotropic receptor delta type subunit 1,-1.35760488754026,0.0120671186337231,DOWN
259295,TAS2R20,taste 2 receptor member 20,2.34868357092053,0.0121061699708196,UP
85458,DIXDC1,DIX domain containing 1,-2.0259756799354,0.0121179889103796,DOWN
3007,H1-3,"H1.3 linker histone, cluster member",1.12423373673063,0.0121246416980061,UP
165215,FAM171B,family with sequence similarity 171 member B,-1.22593234862202,0.0121405866360215,DOWN
23157,SEPTIN6,septin 6,-1.57321484885496,0.0121807764760659,DOWN
140460,ASB7,ankyrin repeat and SOCS box containing 7,-1.03740513628755,0.0121811680876221,DOWN
2355,FOSL2,"FOS like 2, AP-1 transcription factor subunit",-1.14592578966788,0.0121876278001887,DOWN
54413,NLGN3,neuroligin 3,-1.34884984952974,0.0122305536059328,DOWN
4739,NEDD9,"neural precursor cell expressed, developmentally down-regulated 9",-1.07337753867696,0.0122424370112246,DOWN
84725,PLEKHA8,pleckstrin homology domain containing A8,1.04629331967091,0.0122609332302828,UP
3251,HPRT1,hypoxanthine phosphoribosyltransferase 1,1.04481336764162,0.0122760815611574,UP
56159,TEX11,testis expressed 11,-2.08727807436371,0.012277211689539,DOWN
8416,ANXA9,annexin A9,3.23348034579655,0.0122829229095844,UP
8434,RECK,reversion inducing cysteine rich protein with kazal motifs,-1.646843520511,0.0123462481927943,DOWN
29887,SNX10,sorting nexin 10,1.38878722876084,0.0123470461941717,UP
80705,TSGA10,testis specific 10,1.6052149288196,0.0123525489815669,UP
1844,DUSP2,dual specificity phosphatase 2,1.32933934846437,0.0124098968500414,UP
10335,IRAG1,"inositol 1,4,5-triphosphate receptor associated 1",-2.40016214705706,0.012428612253613,DOWN
79365,BHLHE41,basic helix-loop-helix family member e41,-1.6232924396935,0.0124351375478147,DOWN
55924,INKA2,inka box actin regulator 2,-1.27754177974314,0.0124519550953129,DOWN
2878,GPX3,glutathione peroxidase 3,-1.91805783873652,0.0124863297104062,DOWN
3769,KCNJ13,potassium inwardly rectifying channel subfamily J member 13,1.60210073422052,0.0125025062363541,UP
55521,TRIM36,tripartite motif containing 36,-1.27192307621441,0.0125066650762546,DOWN
50856,CLEC4A,C-type lectin domain family 4 member A,1.29899764219508,0.0125127866438763,UP
11340,EXOSC8,exosome component 8,1.08483805361776,0.012537576787343,UP
10317,B3GALT5,"beta-1,3-galactosyltransferase 5",-3.56980643435418,0.0125509681189801,DOWN
130,ADH6,alcohol dehydrogenase 6 (class V),-1.99038052784469,0.0125618942380553,DOWN
7076,TIMP1,TIMP metallopeptidase inhibitor 1,1.79433453653574,0.0125623259545136,UP
2487,FRZB,frizzled related protein,-1.26083894075608,0.0125786934938513,DOWN
80758,PRR7,"proline rich 7, synaptic",1.9857592131648,0.0126014989334192,UP
9127,P2RX6,purinergic receptor P2X 6,-1.9645208792783,0.012618601853072,DOWN
2012,EMP1,epithelial membrane protein 1,-1.33686337303423,0.0126190969472783,DOWN
150223,YDJC,YdjC chitooligosaccharide deacetylase homolog,1.10433907702697,0.012737739281166,UP
644844,PHGR1,"proline, histidine and glycine rich 1",-2.23497708420988,0.0127707176464203,DOWN
7050,TGIF1,TGFB induced factor homeobox 1,1.10112589622677,0.0128006613582122,UP
90355,MACIR,macrophage immunometabolism regulator,-1.43447941557994,0.0128080438146969,DOWN
51548,SIRT6,sirtuin 6,-1.0082039389595,0.0128369296574816,DOWN
27443,CECR2,CECR2 histone acetyl-lysine reader,1.51845188602271,0.0128432251229624,UP
23225,NUP210,nucleoporin 210,1.45778154860108,0.0128441160959274,UP
114881,OSBPL7,oxysterol binding protein like 7,-1.05709397405677,0.0128485203175755,DOWN
126308,MOB3A,MOB kinase activator 3A,-1.20471148956179,0.01288487203837,DOWN
160518,DENND5B,DENN domain containing 5B,-1.22283763519926,0.0129220056966998,DOWN
100526772,STIMATE-MUSTN1,STIMATE-MUSTN1 readthrough,-1.13249237182122,0.0129280021538829,DOWN
79827,CLMP,CXADR like membrane protein,-2.43147114322862,0.0130113155852766,DOWN
1910,EDNRB,endothelin receptor type B,-1.14198202807764,0.0130207265947335,DOWN
7227,TRPS1,transcriptional repressor GATA binding 1,-1.38447273156827,0.0130324250388647,DOWN
9252,RPS6KA5,ribosomal protein S6 kinase A5,-1.14021037908603,0.0130689363626317,DOWN
2149,F2R,coagulation factor II thrombin receptor,1.19454479589382,0.0131185545224497,UP
50512,PODXL2,podocalyxin like 2,1.50393864419571,0.0131254195449246,UP
100533111,ZNF670-ZNF695,ZNF670-ZNF695 readthrough (NMD candidate),1.55214016521659,0.01318013863335,UP
84957,RELT,RELT TNF receptor,1.27389859790268,0.0131909012848091,UP
91147,TMEM67,transmembrane protein 67,1.0904421497183,0.0132477496885683,UP
27076,LYPD3,LY6/PLAUR domain containing 3,2.52012404832355,0.0132647429218888,UP
2813,GP2,glycoprotein 2,-2.64380453873327,0.0132701963355441,DOWN
5507,PPP1R3C,protein phosphatase 1 regulatory subunit 3C,-2.88571567580761,0.0132797172871466,DOWN
90161,HS6ST2,heparan sulfate 6-O-sulfotransferase 2,2.48902462882645,0.0132833184085619,UP
11094,CACFD1,calcium channel flower domain containing 1,-1.0035324047874,0.0132999484368579,DOWN
57406,ABHD6,"abhydrolase domain containing 6, acylglycerol lipase",-1.07427150947867,0.013307764218578,DOWN
3777,KCNK3,potassium two pore domain channel subfamily K member 3,-2.0118596872884,0.0133083603493417,DOWN
338645,LUZP2,leucine zipper protein 2,-2.12490379505563,0.0133357742103633,DOWN
84243,ZDHHC18,zinc finger DHHC-type palmitoyltransferase 18,-1.01169078307537,0.0133421396118046,DOWN
55166,CENPQ,centromere protein Q,1.22250858307143,0.0133439193041466,UP
5005,ORM2,orosomucoid 2,2.4458485115813,0.0133887420382674,UP
84552,PARD6G,par-6 family cell polarity regulator gamma,-1.49572249161015,0.0134020374748641,DOWN
776,CACNA1D,calcium voltage-gated channel subunit alpha1 D,1.28061765302687,0.0134508912552085,UP
81796,SLCO5A1,solute carrier organic anion transporter family member 5A1,-1.36438769263691,0.0134687874786735,DOWN
129401,NUP35,nucleoporin 35,1.06650330504997,0.0135023192649532,UP
100287327,USP17L17,ubiquitin specific peptidase 17 like family member 17,2.27508406389103,0.0135102371221854,UP
6512,SLC1A7,solute carrier family 1 member 7,2.0815254975062,0.0135443124188773,UP
23166,STAB1,stabilin 1,-1.1692117506128,0.0136424360073299,DOWN
3233,HOXD4,homeobox D4,-1.44096648172982,0.0136863792308309,DOWN
162979,ZNF296,zinc finger protein 296,1.08400323312988,0.0137641811848644,UP
11006,LILRB4,leukocyte immunoglobulin like receptor B4,1.14460719681092,0.0137706978759562,UP
7450,VWF,von Willebrand factor,-1.02779046993075,0.0137801599757106,DOWN
225,ABCD2,ATP binding cassette subfamily D member 2,-1.92571784014252,0.0137805481868888,DOWN
55286,C4orf19,chromosome 4 open reading frame 19,-1.45668875917564,0.0137993055692785,DOWN
644943,RASSF10,Ras association domain family member 10,2.46334142657795,0.0138003613588532,UP
150248,C22orf15,chromosome 22 open reading frame 15,-1.56928448653589,0.0138126153841784,DOWN
147372,CCBE1,collagen and calcium binding EGF domains 1,-4.33966505322166,0.0138803122923354,DOWN
3034,HAL,histidine ammonia-lyase,1.30015905167905,0.0139083479333664,UP
110599564,EEF1AKMT4,EEF1A lysine methyltransferase 4,1.80272002005445,0.0139091043853197,UP
26156,RSL1D1,ribosomal L1 domain containing 1,1.02411235835081,0.0139095390838209,UP
55096,EBLN2,endogenous Bornavirus like nucleoprotein 2,1.30862386060323,0.0139182366922667,UP
55811,ADCY10,adenylate cyclase 10,2.14855203663402,0.0139384533256933,UP
2258,FGF13,fibroblast growth factor 13,-1.4553113105166,0.0139435858033383,DOWN
399473,SPRED3,sprouty related EVH1 domain containing 3,1.98250814235865,0.0139580030931885,UP
5509,PPP1R3D,protein phosphatase 1 regulatory subunit 3D,1.17752599314859,0.0139768043014978,UP
85439,STON2,stonin 2,-1.10989200797163,0.0140048198943,DOWN
348938,NIPAL4,NIPA like domain containing 4,-2.59969678593439,0.0140064828857641,DOWN
91975,ZNF300,zinc finger protein 300,1.35386718368324,0.014022862605058,UP
84869,CBR4,carbonyl reductase 4,-1.05624675937898,0.0140304951485848,DOWN
22877,MLXIP,MLX interacting protein,-1.02021922168407,0.0140427979965754,DOWN
9134,CCNE2,cyclin E2,1.11434951119717,0.0140730904707665,UP
1789,DNMT3B,DNA methyltransferase 3 beta,1.69930026406938,0.0140897230595238,UP
654,BMP6,bone morphogenetic protein 6,-1.46797664847956,0.0140904843366388,DOWN
11164,NUDT5,nudix hydrolase 5,1.04859596877464,0.0141156103687955,UP
3700,ITIH4,inter-alpha-trypsin inhibitor heavy chain 4,-1.677774420075,0.0141274510570036,DOWN
9816,URB2,URB2 ribosome biogenesis homolog,1.06815144197751,0.0141804019161289,UP
222962,SLC29A4,solute carrier family 29 member 4,-1.51114471078165,0.0142034234516789,DOWN
653857,ACTR3C,actin related protein 3C,1.06284521552715,0.0142507080092208,UP
8514,KCNAB2,potassium voltage-gated channel subfamily A regulatory beta subunit 2,1.06637104541174,0.0143185639193772,UP
7637,ZNF84,zinc finger protein 84,1.01670420802745,0.0143207383550439,UP
81558,FAM117A,family with sequence similarity 117 member A,-1.0877757859962,0.0143591173958153,DOWN
55502,HES6,hes family bHLH transcription factor 6,1.21558394457962,0.0143928898230461,UP
4436,MSH2,mutS homolog 2,1.01776617754566,0.0144054725658357,UP
7004,TEAD4,TEA domain transcription factor 4,1.56813982946417,0.0144497537235497,UP
27239,GPR162,G protein-coupled receptor 162,-1.39742347287463,0.0144618006149356,DOWN
5140,PDE3B,phosphodiesterase 3B,-1.02449712383667,0.0144733608829308,DOWN
55137,FIGN,"fidgetin, microtubule severing factor",-1.87836862078764,0.01448972403489,DOWN
64417,TMEM267,transmembrane protein 267,1.14093640775228,0.0145757981257675,UP
56204,ATOSA,atos homolog A,-1.00133990099543,0.0146399858635329,DOWN
54429,TAS2R5,taste 2 receptor member 5,2.2730774301773,0.0146954531291703,UP
57116,ZNF695,zinc finger protein 695,2.12734179816764,0.0147028558650151,UP
9481,SLC25A27,solute carrier family 25 member 27,1.53699621906068,0.0147264849956835,UP
160857,CCDC122,coiled-coil domain containing 122,1.2779004471044,0.0147879408716173,UP
163786,SASS6,SAS-6 centriolar assembly protein,1.05495350206719,0.0148149891291248,UP
28,ABO,"ABO, alpha 1-3-N-acetylgalactosaminyltransferase and alpha 1-3-galactosyltransferase",-1.31758312523493,0.0148549481280447,DOWN
725,C4BPB,complement component 4 binding protein beta,1.35745925510256,0.014864183470201,UP
2086,ERV3-1,"endogenous retrovirus group 3 member 1, envelope",1.12781246849237,0.0148698253694343,UP
89927,BMERB1,bMERB domain containing 1,-1.95248652388307,0.0149494481246801,DOWN
10290,SPEG,striated muscle enriched protein kinase,-3.98346423136276,0.0149552501340989,DOWN
57524,CASKIN1,CASK interacting protein 1,-2.4828792480871,0.0149858220917682,DOWN
80071,CCDC15,coiled-coil domain containing 15,1.35829986157662,0.0149863373894424,UP
78990,OTUB2,"OTU deubiquitinase, ubiquitin aldehyde binding 2",1.79202092454058,0.015025942118964,UP
11190,CEP250,centrosomal protein 250,1.00010623812746,0.015114615383532,UP
64080,RBKS,ribokinase,-1.17969961309166,0.0151563596687958,DOWN
148534,TLCD4,TLC domain containing 4,-1.82435428624504,0.0151817497799856,DOWN
23354,HAUS5,HAUS augmin like complex subunit 5,1.00553976005498,0.0151912895208745,UP
4056,LTC4S,leukotriene C4 synthase,-1.24565422306544,0.0151970415030785,DOWN
144165,PRICKLE1,prickle planar cell polarity protein 1,-1.75648910828207,0.0152257816976672,DOWN
114928,GPRASP2,G protein-coupled receptor associated sorting protein 2,-1.79807848066934,0.0153089261063113,DOWN
978,CDA,cytidine deaminase,-1.11852276590939,0.0154503673255342,DOWN
55083,KIF26B,kinesin family member 26B,2.83120568441476,0.0155153371220638,UP
64091,POPDC2,popeye domain containing 2,-3.67497690222597,0.0155258334655303,DOWN
5896,RAG1,recombination activating 1,1.72329224783629,0.015560284728842,UP
8843,HCAR3,hydroxycarboxylic acid receptor 3,1.69560859314466,0.0155650316861135,UP
54507,ADAMTSL4,ADAMTS like 4,-1.52222813064179,0.0155878398674475,DOWN
143098,MPP7,MAGUK p55 scaffold protein 7,-1.08871637147433,0.0155929502292249,DOWN
27065,NSG1,neuronal vesicle trafficking associated 1,-1.54162062457195,0.015670679869071,DOWN
341676,NEK5,NIMA related kinase 5,1.98252315385496,0.0156975469012487,UP
1841,DTYMK,deoxythymidylate kinase,1.04809079127957,0.015713565614176,UP
9940,DLEC1,DLEC1 cilia and flagella associated protein,-1.35450791701277,0.0157210796584383,DOWN
10166,SLC25A15,solute carrier family 25 member 15,1.0869317958063,0.015725053449885,UP
27319,BHLHE22,basic helix-loop-helix family member e22,2.18087777229385,0.0158128747645529,UP
4604,MYBPC1,myosin binding protein C1,-2.2805225366896,0.0158161659411035,DOWN
23414,ZFPM2,"zinc finger protein, FOG family member 2",-1.85715895226535,0.0159259950106326,DOWN
6839,SUV39H1,SUV39H1 histone lysine methyltransferase,1.06570500645697,0.015927948257435,UP
4929,NR4A2,nuclear receptor subfamily 4 group A member 2,-1.56446050439012,0.0159708498469881,DOWN
57104,PNPLA2,patatin like phospholipase domain containing 2,-1.0121498862382,0.0160236072213551,DOWN
2302,FOXJ1,forkhead box J1,2.23976587157912,0.0160663542747833,UP
54541,DDIT4,DNA damage inducible transcript 4,1.45393316022531,0.0160798454230396,UP
11279,KLF8,KLF transcription factor 8,-1.26009498294783,0.016090953449334,DOWN
196740,VSTM4,V-set and transmembrane domain containing 4,-1.50183127472722,0.0160998607097842,DOWN
3382,ICA1,islet cell autoantigen 1,1.10824420590676,0.0161573018123977,UP
121642,ALKBH2,"alkB homolog 2, alpha-ketoglutarate dependent dioxygenase",1.09415410080376,0.0161999160018604,UP
4058,LTK,leukocyte receptor tyrosine kinase,-2.08216176519748,0.0162100363500358,DOWN
54947,LPCAT2,lysophosphatidylcholine acyltransferase 2,1.077751885721,0.0162278097556113,UP
58494,JAM2,junctional adhesion molecule 2,-2.73863365711424,0.0162295051161576,DOWN
3090,HIC1,HIC ZBTB transcriptional repressor 1,-1.14241374950223,0.0163629008650608,DOWN
404281,YY2,YY2 transcription factor,1.36766392202054,0.016445987438142,UP
57415,CEP15,centrosomal protein 15,1.26715930470123,0.0164510576266292,UP
9764,KIAA0513,KIAA0513,-1.6476229437769,0.0165009304924856,DOWN
29881,NPC1L1,NPC1 like intracellular cholesterol transporter 1,2.7050094816396,0.0165065498081709,UP
64127,NOD2,nucleotide binding oligomerization domain containing 2,1.74312883368078,0.0165490487130804,UP
3897,L1CAM,L1 cell adhesion molecule,-2.07468353481825,0.0165690635455904,DOWN
55609,ZNF280C,zinc finger protein 280C,1.02047518332446,0.0165783086311135,UP
2568,GABRP,gamma-aminobutyric acid type A receptor subunit pi,2.68985951483225,0.0166168289610824,UP
6713,SQLE,squalene epoxidase,1.76400357537186,0.0166220750874183,UP
3315,HSPB1,heat shock protein family B (small) member 1,-1.07634861418895,0.0166322587182153,DOWN
51257,MARCHF2,membrane associated ring-CH-type finger 2,-1.51618732486946,0.0166410679291486,DOWN
5608,MAP2K6,mitogen-activated protein kinase kinase 6,-1.0004547693436,0.0167419290087192,DOWN
87769,GGACT,gamma-glutamylamine cyclotransferase,1.95210068432316,0.0167535556746542,UP
898,CCNE1,cyclin E1,1.11295326567258,0.0167631658662739,UP
63923,TNN,tenascin N,-2.46807622359607,0.0168086069643176,DOWN
4982,TNFRSF11B,TNF receptor superfamily member 11b,1.46587536992158,0.0168421587919239,UP
65108,MARCKSL1,MARCKS like 1,1.01702878350027,0.0168861993030694,UP
53831,GPR84,G protein-coupled receptor 84,2.38202762952112,0.01689861304586,UP
440689,H2BC18,H2B clustered histone 18,1.49156015458265,0.0169501095341231,UP
26013,L3MBTL1,L3MBTL histone methyl-lysine binding protein 1,1.0012017796558,0.0169578894841705,UP
5655,KLK10,kallikrein related peptidase 10,2.03598244371515,0.0169625693501802,UP
84318,CCDC77,coiled-coil domain containing 77,1.1390901048914,0.0169768393375794,UP
5948,RBP2,retinol binding protein 2,1.8525356648294,0.0169869815260993,UP
10848,PPP1R13L,protein phosphatase 1 regulatory subunit 13 like,1.01503613227629,0.016996218753615,UP
4117,MAK,male germ cell associated kinase,1.62422228084453,0.0170224230660552,UP
2323,FLT3LG,fms related receptor tyrosine kinase 3 ligand,-1.06749291707742,0.0171875692966248,DOWN
155038,GIMAP8,"GTPase, IMAP family member 8",-1.13211625659998,0.0172175225315305,DOWN
8492,PRSS12,serine protease 12,-1.45437432971743,0.0172412613935645,DOWN
51533,PHF7,PHD finger protein 7,-1.01906781182986,0.0172769428430169,DOWN
54510,PCDH18,protocadherin 18,-1.06459802195159,0.0173296563195563,DOWN
6623,SNCG,synuclein gamma,-2.34577518155095,0.017333688720744,DOWN
81035,COLEC12,collectin subfamily member 12,-2.11218061235573,0.0173376141585895,DOWN
493,ATP2B4,ATPase plasma membrane Ca2+ transporting 4,-2.537804754804,0.0173385633354647,DOWN
3925,STMN1,stathmin 1,1.35636311239398,0.0173831245264217,UP
282809,POC1B,POC1 centriolar protein B,1.02328623670791,0.017395683108442,UP
151306,GPBAR1,G protein-coupled bile acid receptor 1,-1.18777597065532,0.0174176638457204,DOWN
81607,NECTIN4,nectin cell adhesion molecule 4,2.15245217158991,0.0174202355910085,UP
80235,PIGZ,phosphatidylinositol glycan anchor biosynthesis class Z,-1.59173218640457,0.0174295501621178,DOWN
637,BID,BH3 interacting domain death agonist,1.09555584355486,0.0174344998450009,UP
389114,ZNF662,zinc finger protein 662,-1.21482181218025,0.017451471386738,DOWN
219293,ATAD3C,ATPase family AAA domain containing 3C,1.46009944848125,0.0174602450892188,UP
54805,CNNM2,cyclin and CBS domain divalent metal cation transport mediator 2,-1.04342650007112,0.0175032053388863,DOWN
161436,EML5,EMAP like 5,-1.94754645318583,0.0175042673121541,DOWN
9498,SLC4A8,solute carrier family 4 member 8,1.7317306444473,0.017518027640926,UP
203111,ERICH5,glutamate rich 5,-1.48432690871942,0.0175477721043945,DOWN
124976,SPNS2,"SPNS lysolipid transporter 2, sphingosine-1-phosphate",1.01551077372324,0.0175565368051745,UP
26166,RGS22,regulator of G protein signaling 22,-1.98698010093961,0.0175603269566965,DOWN
8473,OGT,O-linked N-acetylglucosamine (GlcNAc) transferase,1.02706308005996,0.0176632399995148,UP
11072,DUSP14,dual specificity phosphatase 14,1.09790696258369,0.0176925882359883,UP
283316,CD163L1,CD163 molecule like 1,-1.6740823037583,0.01772572581724,DOWN
155465,AGR3,"anterior gradient 3, protein disulphide isomerase family member",-1.26891223860664,0.0177435315374331,DOWN
10940,POP1,"POP1 homolog, ribonuclease P/MRP subunit",1.13185229169368,0.0177674824743792,UP
2264,FGFR4,fibroblast growth factor receptor 4,1.57090029663864,0.0177711309300952,UP
4487,MSX1,msh homeobox 1,3.23922109363047,0.017883294908664,UP
1316,KLF6,KLF transcription factor 6,-1.02413141153789,0.0178870142289318,DOWN
3512,JCHAIN,joining chain of multimeric IgA and IgM,-1.20253019734925,0.0178880583758765,DOWN
64772,ENGASE,endo-beta-N-acetylglucosaminidase,1.10179249518135,0.0178884808311656,UP
388,RHOB,ras homolog family member B,-1.15777584810701,0.0179604402474718,DOWN
84632,AFAP1L2,actin filament associated protein 1 like 2,-1.0788924457214,0.0180042262277175,DOWN
84870,RSPO3,R-spondin 3,-1.3428292746884,0.0180852411216059,DOWN
2811,GP1BA,glycoprotein Ib platelet subunit alpha,-1.35817874553757,0.018104336845379,DOWN
57715,SEMA4G,semaphorin 4G,-1.03605579197898,0.018122981442951,DOWN
10136,CELA3A,chymotrypsin like elastase 3A,-2.25808901812796,0.0181298805781465,DOWN
116039,OSR2,odd-skipped related transciption factor 2,-1.71516869712858,0.0181925360504239,DOWN
4237,MFAP2,microfibril associated protein 2,2.14817960556038,0.0182232151915469,UP
27303,RBMS3,RNA binding motif single stranded interacting protein 3,-2.23822167446916,0.0182443842952116,DOWN
140700,SAMD10,sterile alpha motif domain containing 10,1.07299304208712,0.0182720112367453,UP
347404,LANCL3,LanC like family member 3,-1.28070174341573,0.0183210326158864,DOWN
84058,WDR54,WD repeat domain 54,1.05537221525449,0.0183877623689933,UP
89876,CFAP91,cilia and flagella associated protein 91,-1.81642420751919,0.0184490329648939,DOWN
91851,CHRDL1,chordin like 1,-3.22113091802281,0.0184576427431581,DOWN
4919,ROR1,receptor tyrosine kinase like orphan receptor 1,-2.59490738919556,0.0185046701208326,DOWN
57232,ZNF630,zinc finger protein 630,1.81057217808794,0.0186985170554098,UP
412,STS,steroid sulfatase,-1.38784316067171,0.0187625087999357,DOWN
147409,DSG4,desmoglein 4,1.71780689598224,0.0187825693946829,UP
9762,LZTS3,leucine zipper tumor suppressor family member 3,1.18368175934219,0.0187922247093022,UP
2206,MS4A2,membrane spanning 4-domains A2,-1.40218919493254,0.0188085276009016,DOWN
56000,NXF3,nuclear RNA export factor 3,-2.13245086588053,0.0188223840296176,DOWN
1290,COL5A2,collagen type V alpha 2 chain,1.37994488347242,0.0189486157343533,UP
2255,FGF10,fibroblast growth factor 10,-3.12922853210836,0.0189512140642384,DOWN
80131,LRRC8E,leucine rich repeat containing 8 VRAC subunit E,2.96248547098381,0.0189527646651868,UP
995,CDC25C,cell division cycle 25C,1.435530714169,0.0189703707561588,UP
5314,PKHD1,PKHD1 ciliary IPT domain containing fibrocystin/polyductin,2.4521705557465,0.0189734189194681,UP
23541,SEC14L2,SEC14 like lipid binding 2,1.46567917520049,0.0189846844504716,UP
5272,SERPINB9,serpin family B member 9,1.0186930639919,0.0190849087150533,UP
221935,SDK1,sidekick cell adhesion molecule 1,-1.38735922185858,0.0192164984677038,DOWN
2823,GPM6A,glycoprotein M6A,-5.28739053188018,0.0194846875021709,DOWN
4660,PPP1R12B,protein phosphatase 1 regulatory subunit 12B,-1.78989098345134,0.0195077110672347,DOWN
10516,FBLN5,fibulin 5,-2.08852472826887,0.0195327291759938,DOWN
56265,CPXM1,"carboxypeptidase X, M14 family member 1",2.05926288126105,0.0196185168610541,UP
25902,MTHFD1L,methylenetetrahydrofolate dehydrogenase (NADP+ dependent) 1 like,1.31482022434868,0.0196862963285065,UP
80726,IQCN,IQ motif containing N,-1.41882487257659,0.0196944142997617,DOWN
3339,HSPG2,heparan sulfate proteoglycan 2,-1.37499037660139,0.0197070930307216,DOWN
9122,SLC16A4,solute carrier family 16 member 4,1.13500587797555,0.0197571765696774,UP
23466,CBX6,chromobox 6,-2.12085402262402,0.0197780455704986,DOWN
54674,LRRN3,leucine rich repeat neuronal 3,1.76266892957837,0.0198273711431863,UP
1356,CP,ceruloplasmin,-1.49884203471581,0.0198793544985047,DOWN
5806,PTX3,pentraxin 3,-2.238361925337,0.0199236894412551,DOWN
5802,PTPRS,protein tyrosine phosphatase receptor type S,-2.21843301048453,0.0199358333625212,DOWN
220323,OAF,out at first homolog,-1.06553233542701,0.0199514905282088,DOWN
440503,PLIN5,perilipin 5,-1.75623340996642,0.0199735874006087,DOWN
6170,RPL39,ribosomal protein L39,1.07435063578776,0.0199926770755665,UP
116443,GRIN3A,glutamate ionotropic receptor NMDA type subunit 3A,-1.95578336086574,0.0200194086033592,DOWN
651746,ANKRD33B,ankyrin repeat domain 33B,-1.41418128565512,0.0200589234765353,DOWN
200728,TMEM17,transmembrane protein 17,1.80564153150051,0.0200716413246281,UP
91624,NEXN,nexilin F-actin binding protein,-2.85992309707155,0.0200893284307966,DOWN
23158,TBC1D9,TBC1 domain family member 9,-1.04820626340044,0.0201006957588639,DOWN
92154,MTSS2,MTSS I-BAR domain containing 2,-1.34147179154196,0.0201243416223417,DOWN
54509,RHOF,"ras homolog family member F, filopodia associated",-1.29379962664414,0.0201397788996171,DOWN
79145,CHCHD7,coiled-coil-helix-coiled-coil-helix domain containing 7,1.01439330781983,0.020147947969178,UP
84259,DCUN1D5,defective in cullin neddylation 1 domain containing 5,1.00303187158218,0.0201867478893347,UP
57537,SORCS2,sortilin related VPS10 domain containing receptor 2,-1.19850032773004,0.0201941665161968,DOWN
23705,CADM1,cell adhesion molecule 1,-1.33861836158251,0.0202511470322401,DOWN
8352,H3C3,H3 clustered histone 3,1.26906316589727,0.020257209490011,UP
2052,EPHX1,epoxide hydrolase 1,-1.04101495310338,0.0202581710994911,DOWN
9672,SDC3,syndecan 3,-1.09302106449737,0.0203044940815424,DOWN
259307,IL4I1,interleukin 4 induced 1,1.92905224724806,0.020395854646726,UP
2995,GYPC,glycophorin C (Gerbich blood group),-1.97123133016525,0.0204285760399277,DOWN
83850,ESYT3,extended synaptotagmin 3,-1.79137612415777,0.0204398224170047,DOWN
80017,DGLUCY,D-glutamate cyclase,-1.01601316892424,0.0204428073148062,DOWN
119391,GSTO2,glutathione S-transferase omega 2,1.156533083408,0.020498308274644,UP
8862,APLN,apelin,2.23048999119503,0.020558047808531,UP
79746,ECHDC3,enoyl-CoA hydratase domain containing 3,-1.60733754247234,0.0206328974420321,DOWN
642987,TMEM232,transmembrane protein 232,-1.7450735521176,0.020708226678277,DOWN
4094,MAF,MAF bZIP transcription factor,-1.02469567834,0.0207134543672335,DOWN
254013,ETFBKMT,electron transfer flavoprotein subunit beta lysine methyltransferase,-1.03707818137728,0.0207329362145857,DOWN
144535,CFAP54,cilia and flagella associated protein 54,-1.72836395095573,0.0207831722702948,DOWN
124925,SEZ6,seizure related 6 homolog,-2.34217277817393,0.0208061428986514,DOWN
100506127,GVQW3,GVQW motif containing 3,2.2338344833925,0.0208311973270667,UP
375033,PEAR1,platelet endothelial aggregation receptor 1,-1.44805108850514,0.0208581717664424,DOWN
3786,KCNQ3,potassium voltage-gated channel subfamily Q member 3,-2.47408050250799,0.0208652106367935,DOWN
51309,ARMCX1,armadillo repeat containing X-linked 1,-2.16887104506921,0.0209173844784262,DOWN
79799,UGT2A3,UDP glucuronosyltransferase family 2 member A3,-1.77136146606803,0.0209311804421479,DOWN
339451,KLHL17,kelch like family member 17,1.10847209274573,0.0209487803086888,UP
83856,FSD1L,fibronectin type III and SPRY domain containing 1 like,1.08078688569337,0.021056044922183,UP
388115,CCDC9B,coiled-coil domain containing 9B,-1.64779738574051,0.0210696485732367,DOWN
259290,TAS2R31,taste 2 receptor member 31,1.59516019445156,0.0210989423774461,UP
410,ARSA,arylsulfatase A,-1.0765127582394,0.0211182516892896,DOWN
9016,SLC25A14,solute carrier family 25 member 14,1.57041428917269,0.021167698365626,UP
912,CD1D,CD1d molecule,-1.13621175116196,0.0211723562676144,DOWN
28227,PPP2R3B,protein phosphatase 2 regulatory subunit B''beta,1.02154405641868,0.0212137051932262,UP
84515,MCM8,minichromosome maintenance 8 homologous recombination repair factor,1.12308832055103,0.0212402021913836,UP
4826,NNAT,neuronatin,-1.51396777603529,0.0212681999808797,DOWN
26524,LATS2,large tumor suppressor kinase 2,-1.01436453795677,0.0212706698173951,DOWN
80157,CWH43,cell wall biogenesis 43 C-terminal homolog,-3.03679693858018,0.0213691085203226,DOWN
389333,PROB1,proline rich basic protein 1,-1.14329785765556,0.0214279466758515,DOWN
3489,IGFBP6,insulin like growth factor binding protein 6,-2.47854294670461,0.021489609845976,DOWN
1813,DRD2,dopamine receptor D2,2.19004771057814,0.0214994385849437,UP
4843,NOS2,nitric oxide synthase 2,1.49266047116835,0.0215919411760506,UP
64651,CSRNP1,cysteine and serine rich nuclear protein 1,-1.11950300033304,0.0216034438346613,DOWN
3400,ID4,inhibitor of DNA binding 4,-1.07988666283415,0.0217998712338013,DOWN
55835,CENPJ,centromere protein J,1.20330588051515,0.0217999056986115,UP
10098,TSPAN5,tetraspanin 5,1.20024193493994,0.0218355009818047,UP
149466,C1orf210,chromosome 1 open reading frame 210,-1.16776710665995,0.0219012817496561,DOWN
169611,OLFML2A,olfactomedin like 2A,-2.4640670307901,0.0219722693742541,DOWN
338442,HCAR2,hydroxycarboxylic acid receptor 2,1.61551895541952,0.0219838352877462,UP
285671,RNF180,ring finger protein 180,-2.2912845112349,0.0219920520627363,DOWN
1088,CEACAM8,CEA cell adhesion molecule 8,-2.00311480660684,0.0220221307028257,DOWN
79710,MORC4,MORC family CW-type zinc finger 4,1.01309344316378,0.022084921555473,UP
23504,RIMBP2,RIMS binding protein 2,-1.64341272386797,0.0221367646266081,DOWN
100996758,NPY4R2,neuropeptide Y receptor Y4-2,-2.17002565681286,0.0221501966749888,DOWN
58155,PTBP2,polypyrimidine tract binding protein 2,-1.13394000181551,0.022158480263174,DOWN
9271,PIWIL1,piwi like RNA-mediated gene silencing 1,2.00498532499193,0.0221983257898535,UP
25854,FAM149A,family with sequence similarity 149 member A,-1.59126085942374,0.0222054975341212,DOWN
27071,DAPP1,dual adaptor of phosphotyrosine and 3-phosphoinositides 1,1.14038511217682,0.0222662293809992,UP
167465,ZNF366,zinc finger protein 366,-1.06112837237117,0.0222809880987325,DOWN
64375,IKZF4,IKAROS family zinc finger 4,-1.37020419439649,0.0223151205780246,DOWN
6614,SIGLEC1,sialic acid binding Ig like lectin 1,-1.71491160061496,0.0224305835332979,DOWN
79070,POGLUT2,protein O-glucosyltransferase 2,1.10281227111384,0.0224576569930559,UP
56139,PCDHA10,protocadherin alpha 10,-1.87933858922309,0.0224587417866487,DOWN
154043,CNKSR3,CNKSR family member 3,-1.11878832664659,0.0224912863816046,DOWN
114783,LMTK3,lemur tyrosine kinase 3,1.994644265425,0.0225285889366012,UP
2867,FFAR2,free fatty acid receptor 2,1.60735012186817,0.022582464569725,UP
4282,MIF,macrophage migration inhibitory factor,1.24256183806386,0.0226276198853894,UP
54848,ARHGEF38,Rho guanine nucleotide exchange factor 38,1.36557449987131,0.0227240863041387,UP
6867,TACC1,transforming acidic coiled-coil containing protein 1,-1.08267521275347,0.0227843207744983,DOWN
3779,KCNMB1,potassium calcium-activated channel subfamily M regulatory beta subunit 1,-3.92074744741837,0.0228463784834722,DOWN
346528,OR2A1,olfactory receptor family 2 subfamily A member 1,1.27012935775572,0.0229023742232285,UP
2138,EYA1,EYA transcriptional coactivator and phosphatase 1,2.50748943791903,0.0229108753748681,UP
115908,CTHRC1,collagen triple helix repeat containing 1,3.65405452422822,0.0229238119916222,UP
10538,BATF,basic leucine zipper ATF-like transcription factor,1.92853208450594,0.0229700183453725,UP
55345,ZGRF1,zinc finger GRF-type containing 1,1.25827525800018,0.023037160040147,UP
5624,PROC,"protein C, inactivator of coagulation factors Va and VIIIa",1.18411542532388,0.0230632944583645,UP
63976,PRDM16,PR/SET domain 16,-1.96969646449812,0.0231056444891799,DOWN
22979,EFR3B,EFR3 homolog B,-1.34621184086353,0.0231732132425884,DOWN
130576,LYPD6B,LY6/PLAUR domain containing 6B,1.87976452371478,0.0231796357293217,UP
28514,DLL1,delta like canonical Notch ligand 1,-1.04180725964744,0.0233556865048563,DOWN
387914,SHISA2,shisa family member 2,1.87358329609551,0.0234535068764301,UP
127435,PODN,podocan,-1.93420497380252,0.0234866379462886,DOWN
54932,EXD3,exonuclease 3'-5' domain containing 3,-1.21439150947035,0.0235780521347444,DOWN
9783,RIMS3,regulating synaptic membrane exocytosis 3,-1.72676492408863,0.0235859773661513,DOWN
106821730,BUB1B-PAK6,BUB1B-PAK6 readthrough,1.16827566611924,0.0236100856319337,UP
9723,SEMA3E,semaphorin 3E,-4.32966599948108,0.023626322774196,DOWN
338,APOB,apolipoprotein B,-1.48214246333564,0.0236830985219354,DOWN
1311,COMP,cartilage oligomeric matrix protein,4.88836316950366,0.0236914856825093,UP
146754,DNAH2,dynein axonemal heavy chain 2,1.93090724008602,0.0237047083188444,UP
8913,CACNA1G,calcium voltage-gated channel subunit alpha1 G,-1.99450433816649,0.023705399146458,DOWN
6542,SLC7A2,solute carrier family 7 member 2,-1.33646879044857,0.0237084956796114,DOWN
3768,KCNJ12,potassium inwardly rectifying channel subfamily J member 12,-2.20528051587907,0.0237241734193287,DOWN
7169,TPM2,tropomyosin 2,-3.43065827549396,0.0238500778033652,DOWN
56833,SLAMF8,SLAM family member 8,1.11703642634226,0.0239091798125273,UP
55544,RBM38,RNA binding motif protein 38,-1.06628531015749,0.0240263955504983,DOWN
130612,TMEM198,transmembrane protein 198,1.27299811380578,0.0240412553204029,UP
10634,GAS2L1,growth arrest specific 2 like 1,-1.02553140440027,0.0240691618428081,DOWN
23007,PLCH1,phospholipase C eta 1,1.46556938997889,0.0240887257022221,UP
8368,H4C13,H4 clustered histone 13,1.38327495073937,0.024137910778463,UP
400566,LIAT1,ligand of ATE1,-1.12376092902461,0.0241461540947161,DOWN
7091,TLE4,"TLE family member 4, transcriptional corepressor",-1.02329245789235,0.0243014606100005,DOWN
6770,STAR,steroidogenic acute regulatory protein,-2.06009404736375,0.0243427377187133,DOWN
8351,H3C4,H3 clustered histone 4,1.36598909640511,0.0245393707971414,UP
339804,C2orf74,chromosome 2 open reading frame 74,-1.7919438725172,0.024584496122789,DOWN
11092,SPACA9,sperm acrosome associated 9,-1.63335757083669,0.0246129344769771,DOWN
6351,CCL4,C-C motif chemokine ligand 4,1.20997706503311,0.0246264287430483,UP
79823,CAMKMT,calmodulin-lysine N-methyltransferase,1.01985232169865,0.0246536719675995,UP
5080,PAX6,paired box 6,-2.40485749258568,0.0246657144319215,DOWN
2953,GSTT2,glutathione S-transferase theta 2 (gene/pseudogene),-2.19794697062797,0.0247309782770873,DOWN
284194,LGALS9B,galectin 9B,-2.9523764156899,0.0247331533847456,DOWN
200942,KLHDC8B,kelch domain containing 8B,-1.75949906634704,0.0247789997115715,DOWN
85301,COL27A1,collagen type XXVII alpha 1 chain,1.10586506369405,0.0247909759685622,UP
7225,TRPC6,transient receptor potential cation channel subfamily C member 6,-1.08379796875614,0.0248267492928738,DOWN
49861,CLDN20,claudin 20,1.96973221891278,0.0248330274197306,UP
282679,AQP11,aquaporin 11,-1.22962113863897,0.024856197254784,DOWN
146206,CARMIL2,capping protein regulator and myosin 1 linker 2,1.01908810624076,0.0249529581562392,UP
79575,ABHD8,abhydrolase domain containing 8,-1.1640464885698,0.0251228406904125,DOWN
7113,TMPRSS2,transmembrane serine protease 2,-1.18378095327513,0.0252084792047454,DOWN
23114,NFASC,neurofascin,-1.63987445094264,0.0253054070907727,DOWN
23057,NMNAT2,nicotinamide nucleotide adenylyltransferase 2,-1.33726065752373,0.0253227188758494,DOWN
28968,SLC6A16,solute carrier family 6 member 16,-1.80768947357167,0.0253491746482254,DOWN
23266,ADGRL2,adhesion G protein-coupled receptor L2,-1.22412220418783,0.0257023425828765,DOWN
91947,ARRDC4,arrestin domain containing 4,-1.50884683443491,0.0257342552643509,DOWN
9936,CD302,CD302 molecule,-1.04172684645928,0.0258134871581194,DOWN
6571,SLC18A2,solute carrier family 18 member A2,-1.0594838812622,0.025918114391929,DOWN
1564,CYP2D7,cytochrome P450 family 2 subfamily D member 7 (gene/pseudogene),1.03216363457782,0.0259513314634269,UP
150946,GAREM2,GRB2 associated regulator of MAPK1 subtype 2,-1.93378302581398,0.0259906905984493,DOWN
64881,PCDH20,protocadherin 20,-1.49845659034869,0.0260429652900969,DOWN
26047,CNTNAP2,contactin associated protein 2,-2.07586540462137,0.0260831286839336,DOWN
148808,MFSD4A,major facilitator superfamily domain containing 4A,-2.93378157974267,0.0261839552463341,DOWN
25823,TPSG1,tryptase gamma 1,-1.77216362548816,0.0262775962430028,DOWN
8360,H4C4,H4 clustered histone 4,1.2336582283491,0.0263983081292656,UP
25907,TMEM158,transmembrane protein 158,1.44340940725689,0.0264004096087452,UP
10622,POLR3G,RNA polymerase III subunit G,1.09751997475956,0.0264830034177701,UP
79671,NLRX1,NLR family member X1,-1.14367735035648,0.026490545389687,DOWN
3475,IFRD1,interferon related developmental regulator 1,1.26225902897298,0.0265889738195847,UP
401081,C3orf85,chromosome 3 open reading frame 85,-1.68522618031991,0.026643169414262,DOWN
286256,LCN12,lipocalin 12,1.30522174671005,0.0266793334665772,UP
5792,PTPRF,protein tyrosine phosphatase receptor type F,-1.00742957390158,0.026729165061395,DOWN
24146,CLDN15,claudin 15,1.26795427961937,0.0268234569487118,UP
79805,VASH2,vasohibin 2,2.06045520489995,0.0268493425335074,UP
55321,TMEM74B,transmembrane protein 74B,1.88136913207401,0.0268660850800186,UP
5784,PTPN14,protein tyrosine phosphatase non-receptor type 14,-1.18983612048011,0.02688260363563,DOWN
2678,GGT1,gamma-glutamyltransferase 1,-1.15239068256375,0.0271189506777762,DOWN
9585,KIF20B,kinesin family member 20B,1.45204188045371,0.027120135607404,UP
92521,SPECC1,sperm antigen with calponin homology and coiled-coil domains 1,-1.00558855632221,0.0271937015735222,DOWN
3620,IDO1,"indoleamine 2,3-dioxygenase 1",1.22765179214833,0.0272656073866826,UP
56963,RGMA,repulsive guidance molecule BMP co-receptor a,-3.64806828770919,0.0272824066011082,DOWN
80333,KCNIP4,potassium voltage-gated channel interacting protein 4,-1.90340527280103,0.0272923640447771,DOWN
10788,IQGAP2,IQ motif containing GTPase activating protein 2,-1.38618775780308,0.0273324537593274,DOWN
219736,STOX1,storkhead box 1,1.82498562929168,0.0273784540760414,UP
64411,ARAP3,"ArfGAP with RhoGAP domain, ankyrin repeat and PH domain 3",1.03705014732911,0.0274524994527239,UP
255027,MPV17L,MPV17 mitochondrial inner membrane protein like,-1.25067324301239,0.0274620494241592,DOWN
7434,VIPR2,vasoactive intestinal peptide receptor 2,-2.04204404374533,0.0274913231209535,DOWN
6285,S100B,S100 calcium binding protein B,-2.28959818642597,0.0274991773909353,DOWN
55902,ACSS2,acyl-CoA synthetase short chain family member 2,-1.01451706388653,0.0275717802401803,DOWN
3699,ITIH3,inter-alpha-trypsin inhibitor heavy chain 3,-2.14781699293756,0.0275985429351594,DOWN
81553,CYRIA,CYFIP related Rac1 interactor A,-1.16670354268162,0.0276259802832765,DOWN
23037,PDZD2,PDZ domain containing 2,-1.43756680596486,0.0276281470941603,DOWN
114800,CCDC85A,coiled-coil domain containing 85A,-2.25879308493556,0.0276380127118142,DOWN
3679,ITGA7,integrin subunit alpha 7,-2.74819879145933,0.0277117342929986,DOWN
3960,LGALS4,galectin 4,-1.15322548947949,0.0277607400346257,DOWN
143279,HECTD2,HECT domain E3 ubiquitin protein ligase 2,-1.03636142368838,0.0277947248304438,DOWN
8632,DNAH17,dynein axonemal heavy chain 17,1.85206039087718,0.0278023809906261,UP
161145,TMEM229B,transmembrane protein 229B,-1.14058831552851,0.0279316065579026,DOWN
11187,PKP3,plakophilin 3,1.02806076240909,0.027938531176367,UP
6604,SMARCD3,"SWI/SNF related, matrix associated, actin dependent regulator of chromatin, subfamily d, member 3",-1.4152967131376,0.0279554094196509,DOWN
219623,TMEM26,transmembrane protein 26,1.96233541131964,0.0280594727899428,UP
23413,NCS1,neuronal calcium sensor 1,-2.45357077459107,0.0280941421982222,DOWN
26960,NBEA,neurobeachin,-2.87649822158513,0.0281296412019821,DOWN
5947,RBP1,retinol binding protein 1,1.24590201306574,0.0281612272675774,UP
388135,INSYN1,inhibitory synaptic factor 1,-2.33179451548074,0.0282042770784075,DOWN
80310,PDGFD,platelet derived growth factor D,-1.18495360695913,0.0282110336448878,DOWN
100287364,USP17L18,ubiquitin specific peptidase 17 like family member 18,1.88142575039762,0.0284708071558338,UP
65055,REEP1,receptor accessory protein 1,-1.35665578034492,0.0285274745454194,DOWN
401494,HACD4,3-hydroxyacyl-CoA dehydratase 4,-1.20421533289739,0.0285441275332049,DOWN
10044,SH2D3C,SH2 domain containing 3C,-1.00041778485668,0.0286226161181179,DOWN
6001,RGS10,regulator of G protein signaling 10,-1.00817646397653,0.0287995937802933,DOWN
84900,RNFT2,"ring finger protein, transmembrane 2",1.43470823415594,0.0288080413385438,UP
90668,CARMIL3,capping protein regulator and myosin 1 linker 3,1.57170067309564,0.0288333457225745,UP
653808,ZG16,zymogen granule protein 16,-5.65580368996817,0.0288865208041032,DOWN
152789,JAKMIP1,janus kinase and microtubule interacting protein 1,-2.09225707279496,0.0289438243044845,DOWN
23639,DNAAF11,dynein axonemal assembly factor 11,1.00877136972386,0.0289676034527982,UP
10406,WFDC2,WAP four-disulfide core domain 2,-1.35688584696226,0.0291284820939267,DOWN
54626,HES2,hes family bHLH transcription factor 2,1.15284348836707,0.0292394364131405,UP
80183,RUBCNL,rubicon like autophagy enhancer,1.66532963439705,0.0293044934595125,UP
27245,AHDC1,AT-hook DNA binding motif containing 1,-1.00884599563563,0.0293330786073409,DOWN
27143,PALD1,phosphatase domain containing paladin 1,1.05584796123303,0.0293975464544217,UP
286887,KRT6C,keratin 6C,2.23543003669772,0.0294090457106774,UP
168544,ZNF467,zinc finger protein 467,-1.09244165275541,0.0294499266295703,DOWN
3625,INHBB,inhibin subunit beta B,1.19739901067729,0.0295560932049728,UP
23194,FBXL7,F-box and leucine rich repeat protein 7,-1.87951518843641,0.0296660581004221,DOWN
1828,DSG1,desmoglein 1,2.44094953697468,0.0297400719892828,UP
8335,H2AC4,H2A clustered histone 4,1.66786329846086,0.0297529377987865,UP
79586,CHPF,chondroitin polymerizing factor,1.01380045877439,0.0297791944174917,UP
7092,TLL1,tolloid like 1,-1.69990079900752,0.0297839324924323,DOWN
2886,GRB7,growth factor receptor bound protein 7,2.07624276908465,0.0298022646340314,UP
51554,ACKR4,atypical chemokine receptor 4,-1.105753247973,0.0298380246895057,DOWN
1519,CTSO,cathepsin O,-1.01600273924335,0.0298394117771612,DOWN
56062,KLHL4,kelch like family member 4,-2.11034960559002,0.0298789764225912,DOWN
4131,MAP1B,microtubule associated protein 1B,-2.412887990354,0.0299346615061664,DOWN
1310,COL19A1,collagen type XIX alpha 1 chain,-2.15570575898374,0.0299372638069516,DOWN
5029,P2RY2,purinergic receptor P2Y2,-1.02085149859062,0.0299474291381189,DOWN
723961,INS-IGF2,INS-IGF2 readthrough,1.48149892250226,0.0301140650338644,UP
55340,GIMAP5,"GTPase, IMAP family member 5",-1.00872231778759,0.0301463520203682,DOWN
3013,H2AC7,H2A clustered histone 7,1.38566583958497,0.0301683068951894,UP
30832,ZNF354C,zinc finger protein 354C,-1.00940693902626,0.0302319656294303,DOWN
4680,CEACAM6,CEA cell adhesion molecule 6,1.20930160265681,0.0303262203638043,UP
64782,AEN,apoptosis enhancing nuclease,1.06413537889297,0.0304492246393006,UP
117144,CATSPER1,cation channel sperm associated 1,2.47038300658069,0.0304644147823927,UP
340527,NHSL2,NHS like 2,-2.28609313587515,0.0304821143511906,DOWN
84929,FIBCD1,fibrinogen C domain containing 1,2.28238784156553,0.0304872069854751,UP
22998,LIMCH1,LIM and calponin homology domains 1,-1.10463637129517,0.0305156155149506,DOWN
116835,HSPA12B,heat shock protein family A (Hsp70) member 12B,-1.08635417642063,0.0305207341325103,DOWN
221322,TBC1D32,TBC1 domain family member 32,1.02105859797155,0.0306395469423521,UP
85379,KIAA1671,KIAA1671,-1.34347488370137,0.030651404539155,DOWN
58472,SQOR,sulfide quinone oxidoreductase,-1.61261605281352,0.0306632513024368,DOWN
4211,MEIS1,Meis homeobox 1,-2.69062146319723,0.0307928922229661,DOWN
221527,ZBTB12,zinc finger and BTB domain containing 12,1.29605213192087,0.0309151958059708,UP
80045,GPR157,G protein-coupled receptor 157,1.09194578177707,0.0311234061059282,UP
9464,HAND2,heart and neural crest derivatives expressed 2,-4.26511070838983,0.031347022940891,DOWN
100288520,USP17L15,ubiquitin specific peptidase 17 like family member 15,1.57757282760107,0.0313545678160259,UP
11149,BVES,blood vessel epicardial substance,-3.47588136044504,0.0313865278079066,DOWN
2672,GFI1,growth factor independent 1 transcriptional repressor,-1.03207191847167,0.0315752693060274,DOWN
9429,ABCG2,ATP binding cassette subfamily G member 2 (JR blood group),-4.12023991910371,0.0316611212355344,DOWN
23366,MATCAP2,microtubule associated tyrosine carboxypeptidase 2,1.42574054840604,0.0316777549780498,UP
114134,SLC2A13,solute carrier family 2 member 13,-1.35278110889063,0.0316980766161762,DOWN
8942,KYNU,kynureninase,1.3624750730319,0.031773739160402,UP
285643,KIF4B,kinesin family member 4B,1.92164707254827,0.0317791368779555,UP
3075,CFH,complement factor H,-1.0423486820631,0.0317891474465842,DOWN
84858,ZNF503,zinc finger protein 503,1.07885950325635,0.0318554296874015,UP
4907,NT5E,5'-nucleotidase ecto,-1.00870201538288,0.0319574164252852,DOWN
10610,ST6GALNAC2,"ST6 N-acetylgalactosaminide alpha-2,6-sialyltransferase 2",-1.21225061061801,0.032398843705043,DOWN
162966,ZNF600,zinc finger protein 600,1.11505007450977,0.0325539560474427,UP
151790,WDR49,WD repeat domain 49,-1.94893204582108,0.0325613975883374,DOWN
63027,SLC22A23,solute carrier family 22 member 23,-1.31038111735641,0.0327119102090077,DOWN
54795,TRPM4,transient receptor potential cation channel subfamily M member 4,-1.00409444631939,0.0327667284232571,DOWN
114784,CSMD2,CUB and Sushi multiple domains 2,1.7980159396518,0.032775091602994,UP
9900,SV2A,synaptic vesicle glycoprotein 2A,-2.14003935444807,0.0327855085609278,DOWN
4033,IRAG2,"inositol 1,4,5-triphosphate receptor associated 2",-1.14127377215596,0.0327987270544194,DOWN
7625,ZNF74,zinc finger protein 74,1.03033422494968,0.0329343440296422,UP
84795,PYROXD2,pyridine nucleotide-disulphide oxidoreductase domain 2,-1.11829087840952,0.0329735432227783,DOWN
92922,CCDC102A,coiled-coil domain containing 102A,-1.01847555222781,0.0331715887363935,DOWN
3635,INPP5D,inositol polyphosphate-5-phosphatase D,1.68172258581391,0.033179551815988,UP
3018,H2BC3,H2B clustered histone 3,1.2648968446953,0.0332937665963565,UP
89978,DPH6,diphthamine biosynthesis 6,1.01652569951716,0.0333815159728273,UP
23428,SLC7A8,solute carrier family 7 member 8,1.00637895041586,0.0334266618394018,UP
11037,STON1,stonin 1,-2.6341515867784,0.0336217356005992,DOWN
192134,B3GNT6,"UDP-GlcNAc:betaGal beta-1,3-N-acetylglucosaminyltransferase 6",-3.08209625599746,0.0336688354794385,DOWN
286749,STON1-GTF2A1L,STON1-GTF2A1L readthrough,-2.78057542978039,0.033673188469762,DOWN
5178,PEG3,paternally expressed 3,-3.13129029726273,0.03367970249373,DOWN
10439,OLFM1,olfactomedin 1,-2.00153916211825,0.0338053214949635,DOWN
558,AXL,AXL receptor tyrosine kinase,-1.60696825749529,0.033853963552347,DOWN
487,ATP2A1,ATPase sarcoplasmic/endoplasmic reticulum Ca2+ transporting 1,-1.94246402927587,0.0339214093582516,DOWN
9495,AKAP5,A-kinase anchoring protein 5,-1.37506514481648,0.0340341194556359,DOWN
123775,C16orf46,chromosome 16 open reading frame 46,1.79403107567032,0.0340749822740752,UP
57622,LRFN1,leucine rich repeat and fibronectin type III domain containing 1,-1.32472842661817,0.0342913936657799,DOWN
5137,PDE1C,phosphodiesterase 1C,-1.38209656875648,0.0344984123727727,DOWN
4778,NFE2,"nuclear factor, erythroid 2",-1.84947990851019,0.0345477571600595,DOWN
4135,MAP6,microtubule associated protein 6,-3.03791926567273,0.0346045800552841,DOWN
221400,TDRD6,tudor domain containing 6,1.95830909834737,0.0347493323162758,UP
730,C7,complement C7,-3.30210680398403,0.0349448263129196,DOWN
10395,DLC1,DLC1 Rho GTPase activating protein,-1.78714646461687,0.0349629112478111,DOWN
5540,NPY4R,neuropeptide Y receptor Y4,-1.97667060636866,0.0351035783753872,DOWN
22844,FRMPD1,FERM and PDZ domain containing 1,-1.99815595946121,0.0351317954651697,DOWN
63924,CIDEC,cell death inducing DFFA like effector c,-3.37418885433155,0.035164123531219,DOWN
57381,RHOJ,ras homolog family member J,-1.34694316891263,0.0352670921351982,DOWN
171389,NLRP6,NLR family pyrin domain containing 6,1.99264145662701,0.0353502846376335,UP
84679,SLC9A7,solute carrier family 9 member A7,1.0954738499043,0.035352731281499,UP
127623,OR2B11,olfactory receptor family 2 subfamily B member 11,2.51317183252737,0.0353704592125487,UP
158399,ZNF483,zinc finger protein 483,-2.52137146335182,0.0354447937282784,DOWN
54033,RBM11,RNA binding motif protein 11,2.13534066392978,0.0355437326999955,UP
91227,GGTLC2,gamma-glutamyltransferase light chain 2,-1.04472128089331,0.0355710071291109,DOWN
55507,GPRC5D,G protein-coupled receptor class C group 5 member D,1.80480829725937,0.0356924452595189,UP
4881,NPR1,natriuretic peptide receptor 1,-2.07219515955962,0.0358340110048855,DOWN
8707,B3GALT2,"beta-1,3-galactosyltransferase 2",1.56683198478454,0.0359467085193704,UP
11174,ADAMTS6,ADAM metallopeptidase with thrombospondin type 1 motif 6,2.06964005069315,0.0359545406442622,UP
6003,RGS13,regulator of G protein signaling 13,-2.05431279477535,0.0359558551677454,DOWN
1824,DSC2,desmocollin 2,-1.01603663115429,0.0359651180275096,DOWN
3237,HOXD11,homeobox D11,-1.94546686926951,0.0360894240472716,DOWN
2043,EPHA4,EPH receptor A4,-1.2459801817807,0.0361716711602924,DOWN
23462,HEY1,hes related family bHLH transcription factor with YRPW motif 1,-1.24016250286913,0.0362026431506781,DOWN
53905,DUOX1,dual oxidase 1,1.53768601643312,0.0364024961991988,UP
159686,CFAP58,cilia and flagella associated protein 58,-2.19458700629616,0.0364399251222356,DOWN
3687,ITGAX,integrin subunit alpha X,1.13375543332282,0.0364438109344276,UP
6899,TBX1,T-box transcription factor 1,-1.66394101021568,0.0365122097135861,DOWN
100289255,TMEM238L,transmembrane protein 238 like,-1.40700957004506,0.0365515565526666,DOWN
29953,TRHDE,thyrotropin releasing hormone degrading enzyme,-2.08499201313453,0.036656615209628,DOWN
284119,CAVIN1,caveolae associated protein 1,-2.27040299209557,0.0366955068463089,DOWN
645369,TMEM200C,transmembrane protein 200C,1.47372131970847,0.036736365668173,UP
55922,NKRF,NFKB repressing factor,1.12736683911402,0.0368127446850902,UP
1073,CFL2,cofilin 2,-2.87257468885981,0.0368738074529254,DOWN
4674,NAP1L2,nucleosome assembly protein 1 like 2,-1.68088220041632,0.037011505875926,DOWN
9515,STXBP5L,syntaxin binding protein 5L,-1.8590071666763,0.0371027688995633,DOWN
2999,GZMH,granzyme H,1.42455047399387,0.0371413467997809,UP
122416,ANKRD9,ankyrin repeat domain 9,-1.10666758610786,0.0372622928918325,DOWN
56911,MAP3K7CL,MAP3K7 C-terminal like,1.04004505515862,0.0373612358733701,UP
7373,COL14A1,collagen type XIV alpha 1 chain,-1.1383663556498,0.0373927539687915,DOWN
6320,CLEC11A,C-type lectin domain containing 11A,1.14989459796794,0.0375293276932055,UP
339778,CIMIP2C,ciliary microtubule inner protein 2C,1.6697541874182,0.0376490096112914,UP
6036,RNASE2,ribonuclease A family member 2,1.78625358097127,0.0377910105493947,UP
8639,AOC3,amine oxidase copper containing 3,-3.36933968524282,0.037850312539643,DOWN
388730,TMEM81,transmembrane protein 81,1.55311301618463,0.0378510694864722,UP
4212,MEIS2,Meis homeobox 2,-3.32272690929788,0.0378672786141062,DOWN
79733,E2F8,E2F transcription factor 8,1.08870560255802,0.0379585033299371,UP
79745,CLIP4,CAP-Gly domain containing linker protein family member 4,-1.99074355780868,0.0380286977201503,DOWN
364,AQP7,aquaporin 7,-2.22759642819479,0.038080941492649,DOWN
375061,FAM89A,family with sequence similarity 89 member A,1.46487964908694,0.0380919183442105,UP
389384,BNIP5,BCL2 interacting protein 5,1.22312299303311,0.0381367922643929,UP
6480,ST6GAL1,"ST6 beta-galactoside alpha-2,6-sialyltransferase 1",1.09063420065039,0.0382587837841249,UP
768206,PRCD,photoreceptor disc component,-1.59419251580048,0.0382734875515248,DOWN
8742,TNFSF12,TNF superfamily member 12,-1.26430602234103,0.0383031925355107,DOWN
57494,RIMKLB,ribosomal modification protein rimK like family member B,-1.32875086334451,0.0384326620036522,DOWN
165186,TOGARAM2,TOG array regulator of axonemal microtubules 2,-1.74993195308936,0.0388183392869044,DOWN
79695,GALNT12,polypeptide N-acetylgalactosaminyltransferase 12,-1.79407188169586,0.038875973020416,DOWN
81493,SYNC,"syncoilin, intermediate filament protein",-1.31281404784248,0.0389539803059411,DOWN
1757,SARDH,sarcosine dehydrogenase,-1.15309603806334,0.038994270782508,DOWN
55576,STAB2,stabilin 2,-1.85434349234373,0.0390398480525988,DOWN
128077,LIX1L,limb and CNS expressed 1 like,-1.06911136226863,0.039259171190086,DOWN
8991,SELENBP1,selenium binding protein 1,-1.87089733964135,0.0394181691276161,DOWN
285025,CCDC141,coiled-coil domain containing 141,-1.1057702420283,0.0395077213215209,DOWN
91662,NLRP12,NLR family pyrin domain containing 12,-1.79300066123061,0.0396702870646811,DOWN
133418,EMB,embigin,1.06678173522679,0.0397241103496099,UP
84433,CARD11,caspase recruitment domain family member 11,1.38787238183349,0.0397413663769088,UP
257169,C9orf43,chromosome 9 open reading frame 43,1.95952363391513,0.0397560665940263,UP
57628,DPP10,dipeptidyl peptidase like 10,-1.78938005492012,0.0397690956474346,DOWN
6586,SLIT3,slit guidance ligand 3,-2.59150869017411,0.0400031260702681,DOWN
5158,PDE6B,phosphodiesterase 6B,-1.63529364665882,0.0401900479672459,DOWN
8187,ZNF239,zinc finger protein 239,1.21645699280926,0.0402826715986778,UP
10000,AKT3,AKT serine/threonine kinase 3,-1.75704654703377,0.040346523038198,DOWN
9751,SNPH,syntaphilin,-1.69306251307575,0.0403699077537897,DOWN
10900,RUNDC3A,RUN domain containing 3A,-1.55174329993224,0.0404046016320232,DOWN
54866,PPP1R14D,protein phosphatase 1 regulatory inhibitor subunit 14D,-1.12945658743441,0.040422790620496,DOWN
112703,GARIN5A,golgi associated RAB2 interactor 5A,1.48860405132007,0.0405848995637505,UP
9358,ITGBL1,integrin subunit beta like 1,2.14776349669143,0.0405853216486243,UP
3611,ILK,integrin linked kinase,-1.01226211648049,0.0406311668170462,DOWN
51050,PI15,peptidase inhibitor 15,-1.34637670367589,0.0406379020891926,DOWN
90527,DUOXA1,dual oxidase maturation factor 1,1.80429390730947,0.0406691560837091,UP
170692,ADAMTS18,ADAM metallopeptidase with thrombospondin type 1 motif 18,1.85944000430299,0.0406804684376102,UP
126668,TDRD10,tudor domain containing 10,-1.95278179235618,0.0407371546089973,DOWN
5376,PMP22,peripheral myelin protein 22,-1.40479418218186,0.0407575681444522,DOWN
88,ACTN2,actinin alpha 2,-1.84491335344113,0.0408606584922663,DOWN
79057,PRRG3,proline rich and Gla domain 3,-2.04870904837087,0.041014076703413,DOWN
221188,ADGRG5,adhesion G protein-coupled receptor G5,1.55698573273417,0.041026294433,UP
1646,AKR1C2,aldo-keto reductase family 1 member C2,-1.13871688752437,0.0410755856050346,DOWN
80164,PRR36,proline rich 36,2.87244496929828,0.0410913424085238,UP
3360,HTR4,5-hydroxytryptamine receptor 4,-3.96576258400678,0.0413550742301459,DOWN
25790,CFAP45,cilia and flagella associated protein 45,1.89908299312751,0.0414020073706919,UP
84436,ZNF528,zinc finger protein 528,-1.06963127138642,0.0414023104021118,DOWN
53826,FXYD6,FXYD domain containing ion transport regulator 6,-3.22652526012617,0.0414714590710117,DOWN
10297,APC2,APC regulator of WNT signaling pathway 2,-1.25700266675189,0.0415601368032113,DOWN
259296,TAS2R50,taste 2 receptor member 50,1.92163965431648,0.0415709885854863,UP
64919,BCL11B,BCL11 transcription factor B,1.5673088172806,0.0416595158026842,UP
65243,ZFP69B,ZFP69 zinc finger protein B,1.63090286873029,0.0416624801546523,UP
81831,NETO2,neuropilin and tolloid like 2,1.13376633702879,0.0416694195999297,UP
5156,PDGFRA,platelet derived growth factor receptor alpha,-1.05453341968815,0.0417506587045518,DOWN
5414,SEPTIN4,septin 4,-1.25308535391127,0.0419293830476287,DOWN
51206,GP6,glycoprotein VI platelet,1.68201474146286,0.0419550108321068,UP
113452,TMEM54,transmembrane protein 54,-1.49683309291647,0.0420048721768291,DOWN
493911,PHOSPHO2,"phosphatase, orphan 2",1.33517676960937,0.0420251998375971,UP
26330,GAPDHS,"glyceraldehyde-3-phosphate dehydrogenase, spermatogenic",1.3124761161839,0.0421099588144987,UP
113540,CMTM1,CKLF like MARVEL transmembrane domain containing 1,1.26182609886332,0.042396150440826,UP
358,AQP1,aquaporin 1 (Colton blood group),-1.00275295487154,0.0424325171191989,DOWN
8404,SPARCL1,SPARC like 1,-2.68107576752047,0.0424600254556639,DOWN
25803,SPDEF,SAM pointed domain containing ETS transcription factor,-1.93090151290826,0.0426483521719991,DOWN
1393,CRHBP,corticotropin releasing hormone binding protein,-1.74901786406951,0.042690471959868,DOWN
100885848,PTGES3L,prostaglandin E synthase 3 like,-1.03711294570439,0.0427134520150448,DOWN
8786,RGS11,regulator of G protein signaling 11,-1.12167360917072,0.0428004092124793,DOWN
9162,DGKI,diacylglycerol kinase iota,-1.34486986261636,0.0430703366684159,DOWN
8029,CUBN,cubilin,-1.2433900098693,0.0430799676449908,DOWN
9514,GAL3ST1,galactose-3-O-sulfotransferase 1,-1.03611678701479,0.0431785393957537,DOWN
84561,SLC12A8,solute carrier family 12 member 8,1.01775853912887,0.0433408112048185,UP
5121,PCP4,Purkinje cell protein 4,-1.69819434659944,0.0433515071364381,DOWN
400581,GRAPL,GRB2 related adaptor protein like,1.40525271257954,0.043362271527935,UP
653269,POTEI,POTE ankyrin domain family member I,1.93773012435563,0.0435730459657981,UP
26548,ITGB1BP2,integrin subunit beta 1 binding protein 2,-1.55707997128479,0.0436405999659082,DOWN
653689,GSTT2B,glutathione S-transferase theta 2B,-1.84129748158716,0.0438326643927649,DOWN
222546,RFX6,regulatory factor X6,-2.11372681023925,0.0438630689763948,DOWN
286046,XKR6,XK related 6,1.26990379382777,0.043909250902701,UP
2205,FCER1A,Fc epsilon receptor Ia,-2.06483058891569,0.0440508048719106,DOWN
8857,FCGBP,Fc gamma binding protein,-3.99113198905639,0.0440587783723896,DOWN
247,ALOX15B,arachidonate 15-lipoxygenase type B,1.8660769928465,0.0442838553373983,UP
90649,ZNF486,zinc finger protein 486,1.11517369443189,0.0443133170825083,UP
122525,C14orf28,chromosome 14 open reading frame 28,-1.02297036671338,0.0443236686007138,DOWN
6041,RNASEL,ribonuclease L,-1.12031901620386,0.0444188118325462,DOWN
8744,TNFSF9,TNF superfamily member 9,1.53449117309664,0.0444510621135098,UP
83595,SOX7,SRY-box transcription factor 7,-1.08577528730754,0.0444737575830913,DOWN
147495,APCDD1,APC down-regulated 1,1.37048442807264,0.044681644405173,UP
23245,ASTN2,astrotactin 2,-1.17625488641452,0.044767430168207,DOWN
6876,TAGLN,transgelin,-3.19870084334965,0.044815335687179,DOWN
130026,ICA1L,islet cell autoantigen 1 like,-1.48598908450377,0.0449025733750508,DOWN
140766,ADAMTS14,ADAM metallopeptidase with thrombospondin type 1 motif 14,1.09932069459571,0.0450075352085672,UP
270,AMPD1,adenosine monophosphate deaminase 1,-1.93255804930952,0.045346204701883,DOWN
10742,RAI2,retinoic acid induced 2,-1.07455285199458,0.0453616551856591,DOWN
1600,DAB1,DAB adaptor protein 1,-1.56137078585041,0.0453656673609907,DOWN
273,AMPH,amphiphysin,-1.77148691446652,0.0454036060620403,DOWN
1949,EFNB3,ephrin B3,1.67214393282699,0.0456846611865457,UP
138311,DIPK1B,divergent protein kinase domain 1B,-1.67837405344823,0.0457628309732831,DOWN
283897,C16orf54,chromosome 16 open reading frame 54,-1.12254470009276,0.0463116417974059,DOWN
9306,SOCS6,suppressor of cytokine signaling 6,-1.0722987727244,0.046322286831879,DOWN
8614,STC2,stanniocalcin 2,2.61445841586532,0.0464270220991064,UP
6594,SMARCA1,"SWI/SNF related, matrix associated, actin dependent regulator of chromatin, subfamily a, member 1",-1.31253180378742,0.0464633695428763,DOWN
12,SERPINA3,serpin family A member 3,-1.3412429396549,0.0466670683257556,DOWN
653604,H3C13,H3 clustered histone 13,1.20986376073235,0.0468134616423828,UP
5313,PKLR,pyruvate kinase L/R,1.20215144205774,0.0469948339112608,UP
5064,PALM,paralemmin,-2.31772486550076,0.0470723898213643,DOWN
221143,EEF1AKMT1,EEF1A lysine methyltransferase 1,1.02936373505521,0.0471323018510537,UP
57501,CFAP92,cilia and flagella associated protein 92 (putative),1.56254237244171,0.04730271854976,UP
1292,COL6A2,collagen type VI alpha 2 chain,-1.62136555998342,0.047312125079494,DOWN
115727,RASGRP4,RAS guanyl releasing protein 4,-1.4047847177086,0.0475096174456753,DOWN
51177,PLEKHO1,pleckstrin homology domain containing O1,-1.78365394674635,0.047568402706664,DOWN
10750,GRAP,GRB2 related adaptor protein,1.03449761782036,0.0475767516436218,UP
199777,ZNF626,zinc finger protein 626,-1.64178994521652,0.0476378605187367,DOWN
3853,KRT6A,keratin 6A,1.81349592643473,0.0476568520042232,UP
130497,OSR1,odd-skipped related transcription factor 1,-3.14526837749749,0.0478161382446389,DOWN
220972,MARCHF8,membrane associated ring-CH-type finger 8,-1.04126992316067,0.0478213118290335,DOWN
25758,KIAA1549L,KIAA1549 like,-1.87876847866649,0.0478454677685397,DOWN
9770,RASSF2,Ras association domain family member 2,-1.48994534964443,0.0478955056700588,DOWN
107,ADCY1,adenylate cyclase 1,-1.57324397498512,0.048185485932039,DOWN
11339,OIP5,Opa interacting protein 5,1.02562762760031,0.0482230898245278,UP
6615,SNAI1,snail family transcriptional repressor 1,1.38844261527208,0.0483232803196184,UP
23682,RAB38,"RAB38, member RAS oncogene family",-1.16766159375185,0.0484229591963421,DOWN
7481,WNT11,Wnt family member 11,2.38478281414858,0.0485755983401373,UP
440073,IQSEC3,IQ motif and Sec7 domain ArfGEF 3,-1.52829748417893,0.0487742093176332,DOWN
3866,KRT15,keratin 15,1.27376249438952,0.0490913823276894,UP
388585,HES5,hes family bHLH transcription factor 5,-1.58323615603122,0.0491544588053374,DOWN
158067,AK8,adenylate kinase 8,-1.54505376024805,0.0493056909036434,DOWN
116159,CYYR1,cysteine and tyrosine rich 1,-1.12792473724349,0.0494608781075565,DOWN
55793,MINDY1,MINDY lysine 48 deubiquitinase 1,-1.01575341767523,0.0495330111503894,DOWN
127943,FCRLB,Fc receptor like B,1.58577736552351,0.049534422394994,UP
124751,KRBA2,KRAB-A domain containing 2,-1.06645918157335,0.0497189737635399,DOWN
8743,TNFSF10,TNF superfamily member 10,-1.05688631729971,0.0497603406241528,DOWN
4489,MT1A,metallothionein 1A,-1.47962550668899,0.0498266979449828,DOWN
1821,DRP2,dystrophin related protein 2,-1.68425516403092,0.049901628230218,DOWN
131583,FAM43A,family with sequence similarity 43 member A,-1.04612528086884,0.049935234216056,DOWN
65078,RTN4R,reticulon 4 receptor,1.50215966809927,0.0499438432717529,UP
