Gene_ID,metap,metafc,idx,Gene_Symbol,Gene_Description
2118,1.04492703189744e-75,5.05998646652574,379.402410268018,ETV4,ETS variant transcription factor 4
845,1.44946145951036e-51,-5.69827419637811,-289.693384195024,CASQ2,calsequestrin 2
2981,3.66881436797913e-37,-7.22780880273223,-263.348641601211,GUCA2B,guanylate cyclase activator 2B
477,3.18704705642795e-42,-5.79659721655428,-240.539142857408,ATP1A2,ATPase Na+/K+ transporting subunit alpha 2
8736,2.40225736716609e-64,-3.71935487826286,-236.623053088509,MYOM1,myomesin 1
144501,4.42711479998365e-40,5.80260028516323,228.354830761847,KRT80,keratin 80
57214,5.7233145744258e-49,4.60719994921184,222.262163448877,CEMIP,cell migration inducing hyaluronidase 1
760,3.88651839587494e-38,-4.67001909636089,-174.707465805021,CA2,carbonic anhydrase 2
23336,4.1526843073287e-35,-5.02509142374523,-172.771040494662,SYNM,synemin
1674,1.11582997947549e-32,-5.31518190481716,-169.832828789751,DES,desmin
4316,2.35148822189778e-24,7.03605404243832,166.252508954573,MMP7,matrix metallopeptidase 7
6493,8.04726294521209e-24,7.05917628779297,163.027100663716,SIM2,SIM bHLH transcription factor 2
2273,4.24541947842075e-38,-4.19785726040123,-156.882654811311,FHL1,four and a half LIM domains 1
94234,7.73352810286892e-28,5.61609545073989,152.261458840637,FOXQ1,forkhead box Q1
111,6.21883940336638e-42,-3.6942424167382,-152.226026786537,ADCY5,adenylate cyclase 5
651,3.85150828695112e-26,-5.9251362844796,-150.583600877035,BMP3,bone morphogenetic protein 3
126,8.11753756766856e-31,-4.97540672489848,-149.712852658015,ADH1C,"alcohol dehydrogenase 1C (class I), gamma polypeptide"
388364,1.12542324383662e-23,-6.3272555961126,-145.202190018045,TMIGD1,transmembrane and immunoglobulin domain containing 1
1001,7.17170729752898e-27,5.46547227778154,142.891370139086,CDH3,cadherin 3
4629,3.91694960484323e-26,-5.51195621926985,-140.04255837298,MYH11,myosin heavy chain 11
120071,5.45810509054853e-32,4.37080958992764,136.644437102114,LARGE2,LARGE xylosyl- and glucuronyltransferase 2
25984,1.40747704495689e-20,6.56762107873903,130.37751522919,KRT23,keratin 23
7123,1.39363453053861e-34,-3.83597888527223,-129.870329968454,CLEC3B,C-type lectin domain family 3 member B
7153,1.89790443875054e-50,2.60502061115658,129.526120162635,TOP2A,DNA topoisomerase II alpha
8671,4.88027715682977e-27,-4.90925199649962,-129.170056434134,SLC4A4,solute carrier family 4 member 4
762,2.84025650089688e-25,-5.19114139331994,-127.425091624097,CA4,carbonic anhydrase 4
343,4.20750690019864e-20,-6.45364247131123,-125.045616235784,AQP8,aquaporin 8
9076,4.6623399548951e-28,4.48628040867589,122.616306699394,CLDN1,claudin 1
72,2.86375931453471e-22,-5.62839299258333,-121.252827559066,ACTG2,"actin gamma 2, smooth muscle"
653808,3.68208054418521e-22,-5.61618858812018,-120.376862295506,ZG16,zymogen granule protein 16
4312,2.57202020844159e-20,6.1002563216852,119.502347574647,MMP1,matrix metallopeptidase 1
171024,3.13677484197365e-23,-5.24673250473629,-118.069932298822,SYNPO2,synaptopodin 2
25802,9.76189264608638e-27,-4.50530191413623,-117.185002134361,LMOD1,leiomodin 1
10290,6.44213234806214e-29,-3.95573194716249,-111.51592206356,SPEG,striated muscle enriched protein kinase
1410,2.71342528145058e-35,-3.15081075745048,-108.912443751625,CRYAB,crystallin alpha B
5125,1.52122667764359e-37,-2.84169989710988,-104.625155712412,PCSK5,proprotein convertase subtilisin/kexin type 5
2906,1.29534702993407e-24,4.23088417694098,101.065727531955,GRIN2D,glutamate ionotropic receptor NMDA type subunit 2D
22802,2.23666900151812e-13,-7.96524285397987,-100.763494509263,CLCA4,chloride channel accessory 4
57167,1.42682110851335e-15,6.72512613171337,99.8387374444517,SALL4,spalt like transcription factor 4
1470,1.27274527945416e-16,6.20667222527344,98.6566594769173,CST2,cystatin SA
1063,5.20179917285143e-46,2.17556928808667,98.5181455150249,CENPF,centromere protein F
126393,1.95873029320361e-24,-4.10890044218828,-97.4139158848709,HSPB6,heat shock protein family B (small) member 6
1264,3.17838437935906e-19,-5.09360513022012,-94.2204562888211,CNN1,calponin 1
9378,3.57842487725282e-18,-5.39540327555613,-94.1298678453856,NRXN1,neurexin 1
3624,4.34453079001395e-21,4.49223890032932,91.4712250876748,INHBA,inhibin subunit beta A
124872,9.60688910485315e-18,-5.29229043254637,-90.0611143530662,B4GALNT2,"beta-1,4-N-acetyl-galactosaminyltransferase 2 (SID blood group)"
1469,7.37682481659272e-10,9.75225289247386,89.0588463752553,CST1,cystatin SN
57158,4.75765340229075e-20,-4.56496651443216,-88.2070548383483,JPH2,junctophilin 2
348093,4.26866728487988e-19,-4.76984080972446,-87.6205814231458,RBPMS2,"RNA binding protein, mRNA processing factor 2"
7145,4.31129982838583e-24,-3.70655878297231,-86.6051980944798,TNS1,tensin 1
55885,3.17130342805352e-19,-4.67566023474964,-86.4939268246482,LMO3,LIM domain only 3
7148,1.67910575057131e-21,-4.13009965163332,-85.8024979125637,TNXB,tenascin XB
286133,3.45722362930483e-21,-4.17587091376325,-85.4436328055935,SCARA5,scavenger receptor class A member 5
57016,1.37503429570965e-25,-3.42381189754088,-85.1217379277209,AKR1B10,aldo-keto reductase family 1 member B10
29951,2.13589132641467e-17,-5.10524771238754,-85.1066278981241,PDZRN4,PDZ domain containing ring finger 4
5166,2.05824147222024e-26,-3.26006646702549,-83.7397092869633,PDK4,pyruvate dehydrogenase kinase 4
2775,1.1343507714525e-20,-4.16861380145377,-83.1440553838203,GNAO1,G protein subunit alpha o1
51285,1.32038427758328e-25,-3.32457261659272,-82.7130383551888,RASL12,RAS like family 12
8639,5.65391325867451e-25,-3.37896842749193,-81.9320466922721,AOC3,amine oxidase copper containing 3
2980,2.02985733012794e-16,-5.1745495515132,-81.2017972850353,GUCA2A,guanylate cyclase activator 2A
27129,3.09584202557938e-20,-4.15281846257834,-81.0182540254895,HSPB7,heat shock protein family B (small) member 7
93649,2.97988311782577e-19,-4.29766348643871,-79.6176575273222,MYOCD,myocardin
64091,2.38848942077832e-22,-3.65829857183782,-79.0992805714934,POPDC2,popeye domain containing 2
6338,2.16848497871364e-18,-4.47623963840882,-79.067596807958,SCNN1B,sodium channel epithelial 1 subunit beta
9340,5.78639653009327e-19,-4.31329575669334,-78.6641273592293,GLP2R,glucagon like peptide 2 receptor
54860,8.19911388776108e-17,-4.83992792787178,-77.8562087434021,MS4A12,membrane spanning 4-domains A12
11346,1.28961016695195e-31,-2.50881000731089,-77.4959909660514,SYNPO,synaptopodin
8857,3.26151079568831e-20,-3.97165220889596,-77.3939231858393,FCGBP,Fc gamma binding protein
1836,5.01308053468719e-23,-3.43973025223666,-76.7056245485115,SLC26A2,solute carrier family 26 member 2
11065,1.81810018198799e-25,3.06362823036645,75.7953333064622,UBE2C,ubiquitin conjugating enzyme E2 C
1056,7.64185860158611e-19,4.17912005363994,75.7122863768789,CEL,carboxyl ester lipase
1271,8.02081221231548e-18,-4.41077716978324,-75.4056834079609,CNTFR,ciliary neurotrophic factor receptor
11170,3.79361491369186e-19,-4.03717425745167,-74.368572041362,FAM107A,family with sequence similarity 107 member A
6398,9.21179200301508e-21,-3.68035529489874,-73.7383321926467,SECTM1,secreted and transmembrane 1
22974,7.35249935465159e-27,2.81307387883345,73.5156490761928,TPX2,TPX2 microtubule nucleation factor
5138,6.18340830723514e-24,-3.16529833761978,-73.4626876669113,PDE2A,phosphodiesterase 2A
259266,5.1400709144027e-30,2.5020762869731,73.2833896564626,ASPM,assembly factor for spindle microtubules
3679,1.12037927858742e-27,-2.71053499118151,-73.0506390178795,ITGA7,integrin subunit alpha 7
54831,1.06142761167289e-17,-4.30074425431121,-73.0013044157385,BEST2,bestrophin 2
23551,7.53698999820271e-22,-3.43005072692973,-72.4522825642932,RASD2,RASD family member 2
1464,1.53738393942623e-26,-2.79563129215985,-72.1642390421408,CSPG4,chondroitin sulfate proteoglycan 4
1805,3.02929415224356e-17,-4.34467149639096,-71.7681449760486,DPT,dermatopontin
9413,3.3145429274049e-17,-4.33721443779402,-71.4754564824614,ENTREP1,endosomal transmembrane epsin interactor 1
9429,4.06549899665812e-18,-4.10490407445345,-71.3879193817522,ABCG2,ATP binding cassette subfamily G member 2 (JR blood group)
759,3.35953933293439e-11,-6.80470882442348,-71.2706167451048,CA1,carbonic anhydrase 1
6820,5.07949429877782e-18,4.11751055891336,71.2089667928368,SULT2B1,sulfotransferase family 2B member 1
4638,7.60507337851492e-19,-3.88237177756179,-70.3442927664116,MYLK,myosin light chain kinase
6799,7.86347419277706e-22,-3.28485290728628,-69.3248021784758,SULT1A2,sulfotransferase family 1A member 2
653567,2.88607556356455e-23,-3.0610668650992,-68.9955052562406,TMEM236,transmembrane protein 236
84141,1.19672526102983e-14,4.95453393156755,68.977048851255,EVA1A,"eva-1 homolog A, regulator of programmed cell death"
7272,4.68374486199391e-26,2.72116766682044,68.9255627231189,TTK,TTK protein kinase
254439,1.71488202878178e-16,-4.36376108794502,-68.7980351052001,C11orf86,chromosome 11 open reading frame 86
6442,7.86441928921214e-17,-4.25747002516811,-68.5637164715384,SGCA,sarcoglycan alpha
51676,1.35101400491861e-18,-3.82537959058462,-68.357009103043,ASB2,ankyrin repeat and SOCS box containing 2
6533,1.23622459202013e-22,3.10948959074289,68.1223951559626,SLC6A6,solute carrier family 6 member 6
24137,5.49236488945698e-29,2.40816994822127,68.0554621852666,KIF4A,kinesin family member 4A
7111,4.9316393154895e-18,-3.92623564608593,-67.9513944608754,TMOD1,tropomodulin 1
2318,6.68445093977061e-16,-4.45680552843126,-67.6317309028743,FLNC,filamin C
54979,1.45724840240184e-17,-3.99177031485087,-67.2073068309253,PLAAT2,phospholipase A and acyltransferase 2
5764,1.36321142381124e-19,-3.56207755438958,-67.2001489189881,PTN,pleiotrophin
4306,1.40146761002215e-23,-2.86855331208779,-65.5562448413371,NR3C2,nuclear receptor subfamily 3 group C member 2
64063,6.48857222030135e-16,4.30109045430208,65.3243203430012,PRSS22,serine protease 22
7169,7.05357972950117e-20,-3.4040565464092,-65.1930967443176,TPM2,tropomyosin 2
6689,3.07358374081574e-15,-4.48475327204307,-65.0843313465414,SPIB,Spi-B transcription factor
5347,4.41433181458609e-27,2.46875063307141,65.0642562778672,PLK1,polo like kinase 1
5462,6.01615644242077e-18,3.70363584607023,63.7791309971983,POU5F1B,POU class 5 homeobox 1B
1811,1.76781501981975e-15,-4.23244781933047,-62.439453863018,SLC26A3,solute carrier family 26 member 3
81930,9.35695728351602e-29,2.21412923173228,62.0595301107297,KIF18A,kinesin family member 18A
23650,5.88643596008677e-16,4.07443902057074,62.0543075743797,TRIM29,tripartite motif containing 29
4320,2.43206562430986e-16,3.9407326144562,61.5306964203571,MMP11,matrix metallopeptidase 11
4751,6.55897322220546e-22,2.90040788923821,61.4398163969303,NEK2,NIMA related kinase 2
4935,2.45692097689453e-17,3.68894037719126,61.27185659488,GPR143,G protein-coupled receptor 143
8436,6.38989388317123e-18,-3.5277916417724,-60.6586358003989,CAVIN2,caveolae associated protein 2
4129,1.188039489606e-18,-3.33936013489709,-59.858595182199,MAOB,monoamine oxidase B
56963,6.37133549787938e-17,-3.65866346914119,-59.2548703175887,RGMA,repulsive guidance molecule BMP co-receptor a
27145,7.13064797794976e-18,-3.42499530206229,-58.7279526304896,FILIP1,filamin A interacting protein 1
123264,4.56043783531005e-17,-3.57907902050509,-58.4857068665195,SLC51B,SLC51 subunit beta
220441,5.35227497621513e-17,-3.59174174665639,-58.4428878451155,RNF152,ring finger protein 152
110599563,5.17435912784227e-11,5.67244679645481,58.347601360104,LY6G6F-LY6G6D,LY6G6F-LY6G6D readthrough
4684,6.3585375309616e-16,-3.81838150341088,-58.0265796324164,NCAM1,neural cell adhesion molecule 1
5648,8.52946971208149e-14,-4.41427067655553,-57.6904476465428,MASP1,MBL associated serine protease 1
8912,7.45156115031064e-18,-3.34768240142781,-57.3382763909414,CACNA1H,calcium voltage-gated channel subunit alpha1 H
1756,4.21641205472928e-16,-3.72247799275549,-57.2333111474717,DMD,dystrophin
1113,4.25681753617609e-13,-4.60304288355468,-56.943852092618,CHGA,chromogranin A
58530,7.74775080501047e-11,5.62528140160533,56.8762322056638,LY6G6D,lymphocyte antigen 6 family member G6D
5268,6.02636005195264e-15,3.91481044176537,55.6683888715812,SERPINB5,serpin family B member 5
55532,6.25327160365153e-14,-4.21141368726491,-55.6070544749282,SLC30A10,solute carrier family 30 member 10
8404,2.37257292455355e-21,-2.68242849556417,-55.3244987402115,SPARCL1,SPARC like 1
116496,1.99563322765415e-16,-3.49849184452553,-54.9260395383673,NIBAN1,niban apoptosis regulator 1
3131,4.72363633753422e-16,-3.56446709190601,-54.6280372363615,HLF,"HLF transcription factor, PAR bZIP family member"
3651,2.27277913590146e-14,3.99809835930401,54.5478261383525,PDX1,pancreatic and duodenal homeobox 1
58494,9.91021640099632e-21,-2.72238603072821,-54.4583838252041,JAM2,junctional adhesion molecule 2
7472,7.57746597382221e-14,4.14436108518629,54.3759901747833,WNT2,Wnt family member 2
687,7.67443231545743e-22,-2.571502208648,-54.2971501774202,KLF9,KLF transcription factor 9
6662,5.95444709567012e-22,2.53821343326909,53.8739825777848,SOX9,SRY-box transcription factor 9
8708,1.08404609106908e-13,-4.15103779747491,-53.8180068414791,B3GALT1,"beta-1,3-galactosyltransferase 1"
56977,3.12998015634044e-16,-3.46133407414217,-53.6661102157784,STOX2,storkhead box 2
154064,1.09432109468304e-10,5.31106908428509,52.9027902598805,RAET1L,retinoic acid early transcript 1L
197257,8.64853836789225e-17,-3.26561670721284,-52.4557882341221,LDHD,lactate dehydrogenase D
9603,7.7420966916967e-19,2.89487804068357,52.4295455567531,NFE2L3,NFE2 like bZIP transcription factor 3
54716,6.07741704667949e-14,3.95056689894574,52.2118020890042,SLC6A20,solute carrier family 6 member 20
6659,1.00622305779191e-26,1.99053293727355,51.7484933458002,SOX4,SRY-box transcription factor 4
983,2.41465818310832e-20,2.62495314975439,51.4940848216001,CDK1,cyclin dependent kinase 1
27132,6.67207994467529e-14,3.88748767309723,51.2205220081422,CPNE7,copine 7
32,1.64189657198598e-25,-2.06201175839824,-51.1062483962213,ACACB,acetyl-CoA carboxylase beta
28231,9.62621513978281e-19,2.81162336631382,50.6557373174584,SLCO4A1,solute carrier organic anion transporter family member 4A1
10529,2.86117100196007e-17,3.04965411036695,50.4518191548426,NEBL,nebulette
563,4.79502866115628e-17,3.05571477729579,49.8668474613,AZGP1,"alpha-2-glycoprotein 1, zinc-binding"
57484,4.02712155297741e-14,-3.70977832157687,-49.6925001369996,RNF150,ring finger protein 150
768,4.76144988538927e-12,4.35693730267584,49.3303803529884,CA9,carbonic anhydrase 9
125,2.12815347599728e-13,-3.88925048058323,-49.2845706370492,ADH1B,"alcohol dehydrogenase 1B (class I), beta polypeptide"
1114,1.88740052456601e-13,-3.84897203038598,-48.9748432999484,CHGB,chromogranin B
340706,8.23356776077216e-14,3.71855785925261,48.6551428382484,VWA2,von Willebrand factor A domain containing 2
10170,1.95822143072761e-13,-3.82134034203941,-48.5621211790602,DHRS9,dehydrogenase/reductase 9
64388,1.21839525752444e-11,-4.4336515404888,-48.3898119607982,GREM2,"gremlin 2, DAN family BMP antagonist"
6517,4.02911195555678e-15,-3.338867225176,-48.0622947641425,SLC2A4,solute carrier family 2 member 4
2651,4.82546435748026e-15,-3.35250926605386,-47.9960677837057,GCNT2,glucosaminyl (N-acetyl) transferase 2 (I blood group)
84951,1.1034203951826e-14,3.4103794153829,47.5995487648202,TNS4,tensin 4
154810,1.44967621114123e-17,-2.8210476369641,-47.5028566202526,AMOTL1,angiomotin like 1
6332,1.917111869502e-10,-4.84499100554197,-47.0804856730442,SCN7A,sodium voltage-gated channel alpha subunit 7
51316,1.80902483365409e-14,-3.42481234612537,-47.0656736452771,PLAC8,placenta associated 8
57761,5.12248652664523e-14,3.50570711084957,46.5926675794611,TRIB3,tribbles pseudokinase 3
54894,5.11735909755158e-17,2.84819128004154,46.3997534295677,RNF43,ring finger protein 43
3779,1.92528047040919e-12,-3.93323371636023,-46.0798231819072,KCNMB1,potassium calcium-activated channel subfamily M regulatory beta subunit 1
84940,1.15958181128309e-14,-3.26050557031244,-45.4374229291862,CORO6,coronin 6
253152,3.27233661067929e-11,4.30730151541957,45.1626681498913,EPHX4,epoxide hydrolase 4
1837,2.13663974795798e-15,-3.07034659724831,-45.04280957356,DTNA,dystrobrevin alpha
7166,1.45658586032784e-12,-3.79092752042836,-44.8719349673698,TPH1,tryptophan hydroxylase 1
79154,5.24794508153165e-19,-2.45269797794114,-44.835345325749,DHRS11,dehydrogenase/reductase 11
2934,6.36319546921336e-19,-2.4587718594483,-44.7406112052485,GSN,gelsolin
147372,7.21056268505143e-11,-4.40450291053117,-44.6706043678298,CCBE1,collagen and calcium binding EGF domains 1
140893,7.33245708626186e-15,3.15224762023764,44.5562335319625,RBBP8NL,RBBP8 N-terminal like
10894,4.64637811411215e-12,-3.92944683067935,-44.5319708177798,LYVE1,lymphatic vessel endothelial hyaluronan receptor 1
2674,2.22674168848667e-13,-3.51145174864582,-44.4280468649602,GFRA1,GDNF family receptor alpha 1
80328,5.0779324921273e-11,4.28912090598359,44.1535534316954,ULBP2,UL16 binding protein 2
5239,7.22239145863027e-12,-3.9617729003165,-44.1393755937263,PGM5,phosphoglucomutase 5
2676,4.54591159096686e-12,-3.86491970025796,-43.8373841017135,GFRA3,GDNF family receptor alpha 3
4212,9.31818272364192e-14,-3.36043700246466,-43.788741526992,MEIS2,Meis homeobox 2
9760,1.1255126254857e-15,-2.9285515639756,-43.7778912500949,TOX,thymocyte selection associated high mobility group box
115908,1.25182674640322e-12,3.66226022733709,43.5898903872638,CTHRC1,collagen triple helix repeat containing 1
23594,1.15306242229614e-16,2.73235025345912,43.548600489843,ORC6,origin recognition complex subunit 6
80760,4.44450688442403e-16,-2.83216343851525,-43.4798727491639,ITIH5,inter-alpha-trypsin inhibitor heavy chain 5
9510,7.91186224476039e-17,-2.69716222583273,-43.4289544152473,ADAMTS1,ADAM metallopeptidase with thrombospondin type 1 motif 1
6997,1.4449380200916e-12,3.65719884213753,43.3017857283123,CRIPTO,"cripto, EGF-CFC family member"
6865,6.17209930548674e-09,-5.21705137639613,-42.8297333126234,TACR2,tachykinin receptor 2
9201,1.19824279638956e-13,-3.31060893796614,-42.7778849880079,DCLK1,doublecortin like kinase 1
51196,1.51461545387057e-19,-2.26925731744438,-42.7067365279037,PLCE1,phospholipase C epsilon 1
9833,2.55525075628267e-19,2.29091029355845,42.5939019201049,MELK,maternal embryonic leucine zipper kinase
7704,8.49705249916281e-12,-3.83545311091066,-42.4612723328537,ZBTB16,zinc finger and BTB domain containing 16
253012,1.43966520677453e-12,-3.57072547078995,-42.2835972484908,HEPACAM2,HEPACAM family member 2
26112,1.31524511788652e-16,-2.66110186483815,-42.2609408903797,CCDC69,coiled-coil domain containing 69
660,4.61561730848213e-15,-2.94227216267481,-42.1797376097371,BMX,BMX non-receptor tyrosine kinase
128239,9.83140188644803e-18,2.44278387948638,41.5453648122259,IQGAP3,IQ motif containing GTPase activating protein 3
4488,4.6844786166413e-12,3.63293686959493,41.1587724135687,MSX2,msh homeobox 2
1101,1.44827559949489e-12,-3.47086049452029,-41.0920338109052,CHAD,chondroadherin
3899,3.98780692345714e-13,-3.30991279347831,-41.040488755912,AFF3,ALF transcription elongation factor 3
2852,5.32691329005811e-17,-2.499104638538,-40.6692402446175,GPER1,G protein-coupled estrogen receptor 1
257019,5.04139438252594e-13,-3.29835637959801,-40.5613704400697,FRMD3,FERM domain containing 3
5742,1.96615028561529e-13,-3.16045457335162,-40.1579471774009,PTGS1,prostaglandin-endoperoxide synthase 1
130497,2.10331831279729e-13,-3.1559744109379,-40.0085874152898,OSR1,odd-skipped related transcription factor 1
58189,3.88613156821401e-14,-2.97522187832517,-39.8991609331548,WFDC1,WAP four-disulfide core domain 1
2899,1.60717083778727e-10,-4.07137552696067,-39.8747993086169,GRIK3,glutamate ionotropic receptor kainate type subunit 3
55679,8.62777842708128e-13,-3.27866285081173,-39.5541198318644,LIMS2,LIM zinc finger domain containing 2
3294,2.64801303609957e-12,-3.41173733038525,-39.4979556075645,HSD17B2,hydroxysteroid 17-beta dehydrogenase 2
5754,2.58454970278264e-17,2.38113434125932,39.4973399818589,PTK7,protein tyrosine kinase 7 (inactive)
9314,5.52100942248443e-15,-2.76415837320298,-39.4113189804458,KLF4,KLF transcription factor 4
577,5.72375958898418e-10,-4.23079213674976,-39.1023289254535,ADGRB3,adhesion G protein-coupled receptor B3
654463,1.06514960589996e-12,-3.25455018537393,-38.9653930153184,FER1L6,fer-1 like family member 6
79085,2.67107843471452e-18,-2.21495708815957,-38.9241349869185,SLC25A23,solute carrier family 25 member 23
23382,3.2756673747588e-16,-2.50030122006135,-38.716414814314,AHCYL2,adenosylhomocysteinase like 2
3306,4.75619063305321e-15,-2.6966261628646,-38.6230774215623,HSPA2,heat shock protein family A (Hsp70) member 2
1116,1.15531069978913e-12,3.23486131672889,38.6155138924685,CHI3L1,chitinase 3 like 1
11004,1.07221255038984e-16,2.41547062084168,38.5743873420106,KIF2C,kinesin family member 2C
7102,4.91591359967857e-16,-2.51915364265331,-38.5642009387615,TSPAN7,tetraspanin 7
100533990,1.52934550014027e-10,3.92385173154683,38.5145446598333,APOC4-APOC2,APOC4-APOC2 readthrough (NMD candidate)
4026,3.56500802762301e-18,-2.20263898812749,-38.4315117784811,LPP,LIM domain containing preferred translocation partner in lipoma
23500,1.0748594915866e-15,-2.56558536635966,-38.4033450432761,DAAM2,dishevelled associated activator of morphogenesis 2
9569,9.4541480357704e-19,2.12772659038931,38.3509474982947,GTF2IRD1,GTF2I repeat domain containing 1
344,1.83134120017059e-10,3.93809177056222,38.3461082218096,APOC2,apolipoprotein C2
116535,8.66271394502664e-12,-3.46322516770428,-38.3113951724043,MRGPRF,MAS related GPR family member F
675,2.32798389397879e-17,2.2996062187933,38.2493962952036,BRCA2,BRCA2 DNA repair associated
1894,1.87428322340686e-17,2.26009486564066,37.8049792408433,ECT2,epithelial cell transforming 2
1238,3.09930308413485e-12,-3.27989083416997,-37.747397560424,ACKR2,atypical chemokine receptor 2
23136,1.55379790881637e-16,-2.3813192029475,-37.6453357713024,EPB41L3,erythrocyte membrane protein band 4.1 like 3
145741,3.38709650925202e-10,3.95989439864076,37.5008827547107,C2CD4A,C2 calcium dependent domain containing 4A
84733,2.16090795421433e-13,2.94196609882183,37.2610707284396,CBX2,chromobox 2
10875,6.62455581415487e-17,-2.30155580169272,-37.2365105155854,FGL2,fibrinogen like 2
201501,7.08487035213834e-13,-3.06166523572603,-37.1982164247539,ZBTB7C,zinc finger and BTB domain containing 7C
26586,1.14984782808984e-17,2.19552212777394,37.1907388996791,CKAP2,cytoskeleton associated protein 2
7447,6.88135612746664e-12,3.3256921917733,37.122460306295,VSNL1,visinin like 1
26040,6.16757360286284e-13,-3.03402722439142,-37.0451254961263,SETBP1,SET binding protein 1
25959,1.41995908773076e-14,-2.67428994035265,-37.032829440475,KANK2,KN motif and ankyrin repeat domains 2
285382,1.57247426033293e-15,-2.49666038686387,-36.959103452812,C3orf70,chromosome 3 open reading frame 70
4131,3.85308722635757e-16,-2.39596183473711,-36.9318137310206,MAP1B,microtubule associated protein 1B
1820,1.13174407520294e-15,2.46416756286574,36.8300687990522,ARID3A,AT-rich interaction domain 3A
55355,1.96224449052852e-15,2.49828454255738,36.7428875479484,HJURP,Holliday junction recognition protein
3800,5.26325873155772e-12,-3.24543009469298,-36.6043793633421,KIF5C,kinesin family member 5C
2767,1.41758600316365e-21,-1.7554668412492,-36.5987636908176,GNA11,G protein subunit alpha 11
257194,2.24112022298154e-12,-3.10422476056916,-36.1627745164622,NEGR1,neuronal growth regulator 1
159296,1.68549228793998e-10,-3.68162370825053,-35.9815144317946,NKX2-3,NK2 homeobox 3
2904,6.46816034952981e-11,3.53029085802668,35.9709074706135,GRIN2B,glutamate ionotropic receptor NMDA type subunit 2B
3360,1.21686035264863e-09,-4.02013081630702,-35.8384984158916,HTR4,5-hydroxytryptamine receptor 4
203859,6.31455725515006e-11,-3.49833595456968,-35.6818271382368,ANO5,anoctamin 5
53826,9.95282812441e-12,-3.23247862574139,-35.5639027641331,FXYD6,FXYD domain containing ion transport regulator 6
8537,3.71848611881641e-12,-3.09737821760378,-35.401898876966,BCAS1,brain enriched myelin associated protein 1
2886,6.03126833000943e-18,2.05416348029978,35.3718556956609,GRB7,growth factor receptor bound protein 7
140803,7.51440710448056e-12,-3.175207422006,-35.3213416484495,TRPM6,transient receptor potential cation channel subfamily M member 6
5959,9.6467181324558e-16,-2.34619776004298,-35.2296149738141,RDH5,retinol dehydrogenase 5
2045,1.53208263119806e-07,-5.15318642229609,-35.1175112947788,EPHA7,EPH receptor A7
4605,9.91055141469091e-13,2.92280577745776,35.085074646855,MYBL2,MYB proto-oncogene like 2
2919,3.8283006580875e-12,3.05968338479673,34.93238672972,CXCL1,C-X-C motif chemokine ligand 1
80332,5.44476422888746e-11,-3.39761205832375,-34.87316124969,ADAM33,ADAM metallopeptidase domain 33
25890,2.18574344298554e-12,-2.98969937909767,-34.861093078962,ABI3BP,ABI family member 3 binding protein
9423,2.01719199000374e-10,-3.57451521041045,-34.6558284773882,NTN1,netrin 1
58476,2.22066215853225e-14,-2.51684958106006,-34.3638498200528,TP53INP2,tumor protein p53 inducible nuclear protein 2
6840,4.66389171210583e-15,-2.39191112789452,-34.2790800393326,SVIL,supervillin
11099,2.57144939934388e-18,-1.94042301135201,-34.1316954078594,PTPN21,protein tyrosine phosphatase non-receptor type 21
54498,4.80290882728268e-15,2.37028037393343,33.9388492410181,SMOX,spermine oxidase
84803,3.42815586295619e-13,-2.722527723513,-33.936143199671,GPAT3,glycerol-3-phosphate acyltransferase 3
53827,7.42969461032996e-16,2.23958124048436,33.8826896181961,FXYD5,FXYD domain containing ion transport regulator 5
54884,1.85005748842037e-16,-2.15113981629552,-33.8434842874498,RETSAT,retinol saturase
9319,5.81075327921216e-15,2.37054465510925,33.7465227102882,TRIP13,thyroid hormone receptor interactor 13
11095,2.95511624298374e-10,-3.53011263246436,-33.6399450939622,ADAMTS8,ADAM metallopeptidase with thrombospondin type 1 motif 8
57595,5.55255526566003e-10,-3.62374325369758,-33.5395814499224,PDZD4,PDZ domain containing 4
11240,6.36533680536066e-11,-3.28519756591744,-33.4964611572476,PADI2,peptidyl arginine deiminase 2
54821,6.96417828235903e-13,2.7285570142055,33.1714226602018,ERCC6L,"ERCC excision repair 6 like, spindle assembly checkpoint helicase"
55612,6.71588103533117e-17,2.04154746721553,33.017736919176,FERMT1,FERM domain containing kindlin 1
51176,5.27819295323934e-10,3.55778668979142,33.0074184472754,LEF1,lymphoid enhancer binding factor 1
4741,5.20926760867205e-09,-3.95463458366832,-32.7571214512755,NEFM,neurofilament medium chain
8416,7.3593662394135e-11,3.23221855903272,32.7525864685236,ANXA9,annexin A9
6286,5.28195527221626e-15,2.29403068308397,32.7523469826935,S100P,S100 calcium binding protein P
5567,5.64399874795794e-18,-1.89633823030427,-32.7088251570366,PRKACB,protein kinase cAMP-activated catalytic subunit beta
79148,9.33536862426847e-11,-3.25413802233002,-32.6385765374223,MMP28,matrix metallopeptidase 28
137075,4.14201023660532e-14,-2.43882991456022,-32.6383457440204,CLDN23,claudin 23
158471,2.13671262415537e-12,-2.79292609471584,-32.594156604796,PRUNE2,prune homolog 2 with BCH domain
1465,4.17283729340628e-12,-2.86267640218066,-32.5760223519276,CSRP1,cysteine and glycine rich protein 1
115557,1.6627244223095e-10,-3.32617062998096,-32.5272203839214,ARHGEF25,Rho guanine nucleotide exchange factor 25
8611,1.18187681654119e-16,-2.04086567303504,-32.5057406288063,PLPP1,phospholipid phosphatase 1
94274,4.82788419254133e-12,-2.83970081924215,-32.1347449607272,PPP1R14A,protein phosphatase 1 regulatory inhibitor subunit 14A
91624,6.35504282809336e-12,-2.86674754107081,-32.0986325602185,NEXN,nexilin F-actin binding protein
2199,2.79744009124796e-11,-3.0383496902006,-32.0644310702198,FBLN2,fibulin 2
8549,5.47140654437526e-10,3.45898098556865,32.0367394991872,LGR5,leucine rich repeat containing G protein-coupled receptor 5
81624,9.57767509328666e-14,2.4350249765818,31.7009568195429,DIAPH3,diaphanous related formin 3
4225,5.017513567717e-09,-3.81722428919605,-31.6810966743121,MEP1B,meprin A subunit beta
83461,7.04597329087909e-15,2.20147758545364,31.1554406928715,CDCA3,cell division cycle associated 3
25822,2.68217393203362e-11,-2.93972340778473,-31.0773244061175,DNAJB5,DnaJ heat shock protein family (Hsp40) member B5
3782,3.08258563729868e-11,-2.95254866988896,-31.0344895912788,KCNN3,potassium calcium-activated channel subfamily N member 3
115,1.38697833095971e-15,-2.08097516539963,-30.9189840133642,ADCY9,adenylate cyclase 9
7038,7.82295942084428e-09,3.80383681425538,30.8362935349698,TG,thyroglobulin
346389,6.6453008811288e-12,2.73616442006783,30.5834377221535,MACC1,MET transcriptional regulator MACC1
857,4.43097580962051e-12,-2.68898282830439,-30.5293682108519,CAV1,caveolin 1
377841,2.73703446377468e-11,-2.88800604280466,-30.5051984204524,ENTPD8,ectonucleoside triphosphate diphosphohydrolase 8
57863,6.3942537865299e-09,-3.71869800801134,-30.4717928901472,CADM3,cell adhesion molecule 3
83857,8.67440534701987e-14,-2.33266437240002,-30.4687028635497,TMTC1,transmembrane O-mannosyltransferase targeting cadherins 1
2316,1.01003086116266e-10,-3.04518708303193,-30.4386710292803,FLNA,filamin A
54575,3.20198619856188e-10,-3.20451225490729,-30.4254997095449,UGT1A10,UDP glucuronosyltransferase family 1 member A10
85407,1.32105925883467e-09,3.42182476359671,30.3826479544106,NKD1,NKD inhibitor of WNT signaling pathway 1
11075,2.85133666834156e-09,-3.55221826910229,-30.3535328298584,STMN2,stathmin 2
57460,3.15089369967105e-13,2.42499199445037,30.316198069934,PPM1H,"protein phosphatase, Mg2+/Mn2+ dependent 1H"
1030,1.01506822071349e-10,-3.01519996927923,-30.1324152715842,CDKN2B,cyclin dependent kinase inhibitor 2B
150468,1.35217122229441e-12,2.52553976517476,29.9755514415672,CKAP2L,cytoskeleton associated protein 2 like
5523,9.09807764119739e-15,-2.13430298439029,-29.9678556901117,PPP2R3A,protein phosphatase 2 regulatory subunit B''alpha
5577,8.96952376704896e-13,-2.48009203869709,-29.8782407366585,PRKAR2B,protein kinase cAMP-dependent type II regulatory subunit beta
6712,6.22502351079475e-13,2.44148228277407,29.800388504248,SPTBN2,"spectrin beta, non-erythrocytic 2"
1191,8.39780861898407e-12,-2.67603646826006,-29.6393357723688,CLU,clusterin
83394,4.2471416078742e-12,-2.58595595299191,-29.4072409283062,PITPNM3,PITPNM family member 3
11149,4.61497511733737e-09,-3.524711962404,-29.3814019600825,BVES,blood vessel epicardial substance
10808,8.88938233573667e-18,1.71366575184358,29.2199347937472,HSPH1,heat shock protein family H (Hsp110) member 1
5241,1.47026721805196e-09,-3.30310000800521,-29.1749734378809,PGR,progesterone receptor
2675,2.3765693234939e-10,-3.02185912288071,-29.0825218199244,GFRA2,GDNF family receptor alpha 2
6335,1.14605072952656e-08,-3.65808618655648,-29.048116736034,SCN9A,sodium voltage-gated channel alpha subunit 9
6469,4.60990096850518e-11,2.80139028805092,28.9560339777553,SHH,sonic hedgehog signaling molecule
1311,1.46244641034867e-06,4.9622746044523,28.9544755293903,COMP,cartilage oligomeric matrix protein
23035,4.84458257188952e-14,-2.17130350169831,-28.9103494843317,PHLPP2,PH domain and leucine rich repeat protein phosphatase 2
192134,4.98591233453802e-10,-3.10633256536527,-28.8958987617192,B3GNT6,"UDP-GlcNAc:betaGal beta-1,3-N-acetylglucosaminyltransferase 6"
4969,1.32851473767572e-10,-2.92264675615414,-28.8659112212913,OGN,osteoglycin
57126,2.00773527823627e-07,-4.30748818675788,-28.8485128493736,CD177,CD177 molecule
248,2.22290449568275e-09,-3.31706404848893,-28.7028179091839,ALPI,"alkaline phosphatase, intestinal"
1675,1.49678822892765e-11,-2.64627880197562,-28.6455436764516,CFD,complement factor D
59352,5.28307792965142e-12,2.5350780460034,28.5883615456874,LGR6,leucine rich repeat containing G protein-coupled receptor 6
10317,1.03341081173624e-08,-3.57499503074593,-28.548934338665,B3GALT5,"beta-1,3-galactosyltransferase 5"
57670,8.2109540948581e-15,2.01836149540658,28.4298455485338,KIAA1549,KIAA1549
9787,4.86939853163037e-13,2.30100009903865,28.3311205070613,DLGAP5,DLG associated protein 5
79026,2.57137053897394e-13,-2.24846490967721,-28.3078029721862,AHNAK,AHNAK nucleoprotein
25975,1.77141439274909e-07,4.1625370278243,28.1041172965498,EGFL6,EGF like domain multiple 6
169611,9.00991712256637e-12,-2.53674635750737,-28.0190717880093,OLFML2A,olfactomedin like 2A
4916,8.00351527397229e-09,-3.45056628310802,-27.9382663509208,NTRK3,neurotrophic receptor tyrosine kinase 3
23302,6.61930622866489e-10,-3.03594833705934,-27.8675391072439,WSCD1,WSC domain containing 1
57188,5.0272313156026e-09,-3.33145052581096,-27.6466123039909,ADAMTSL3,ADAMTS like 3
768211,1.55628833404897e-14,-1.99656946582986,-27.5684513691615,RELL1,RELT like 1
9068,2.03878664115555e-10,-2.84400875230842,-27.560231475105,ANGPTL1,angiopoietin like 1
2875,1.43235935865903e-12,-2.31994257779015,-27.4772792775981,GPT,glutamic--pyruvic transaminase
25937,4.31929979710997e-12,-2.41653382825752,-27.4629080864944,WWTR1,WW domain containing transcription regulator 1
51497,1.18958215163196e-18,1.53091806178954,27.4411024030944,NELFCD,negative elongation factor complex member C/D
340527,1.06603769592661e-12,-2.29106091251413,-27.429102319035,NHSL2,NHS like 2
64151,3.43148640702126e-13,2.19209730916919,27.323435747789,NCAPG,non-SMC condensin I complex subunit G
57464,3.48684637550232e-10,2.86725501871763,27.117256980282,STRIP2,striatin interacting protein 2
51203,6.28658957096825e-15,1.90543781520935,27.0602368896246,NUSAP1,nucleolar and spindle associated protein 1
388335,3.2307653228201e-10,-2.84855290010252,-27.0347455904507,TMEM220,transmembrane protein 220
10953,3.71028763575506e-16,1.75172787819691,27.0301989207892,TOMM34,translocase of outer mitochondrial membrane 34
148808,6.58732629698844e-10,-2.94098027845041,-27.0019952430976,MFSD4A,major facilitator superfamily domain containing 4A
79974,3.93870313594913e-12,-2.35911003811454,-26.9048166318426,CPED1,cadherin like and PC-esterase domain containing 1
51330,2.23466257273773e-13,2.1182386140545,26.7973877345651,TNFRSF12A,TNF receptor superfamily member 12A
4085,5.60925754736949e-13,2.18483898744607,26.7666691625529,MAD2L1,mitotic arrest deficient 2 like 1
2295,2.0790829051792e-08,-3.47778295141524,-26.7167744583431,FOXF2,forkhead box F2
3673,4.53279232181232e-12,2.35087341039944,26.6674479674943,ITGA2,integrin subunit alpha 2
6652,2.62600910294419e-13,2.11162393417469,26.565715195367,SORD,sorbitol dehydrogenase
26960,8.27549151428426e-10,-2.8876731711684,-26.2264431854394,NBEA,neurobeachin
55388,1.63350266303548e-11,2.4261270042897,26.1703412316537,MCM10,minichromosome maintenance 10 replication initiation factor
23250,1.47311625043203e-14,1.88950797771576,26.1352264958546,ATP11A,ATPase phospholipid transporting 11A
957,6.68916162224803e-14,-1.98119446126444,-26.101500638139,ENTPD5,ectonucleoside triphosphate diphosphohydrolase 5 (inactive)
285671,4.89008495354641e-12,-2.30283015746536,-26.046583286375,RNF180,ring finger protein 180
2995,6.60243800346483e-14,-1.9694092319617,-25.9573959687479,GYPC,glycophorin C (Gerbich blood group)
7483,2.35880649693249e-08,-3.3908218427105,-25.8628414983614,WNT9A,Wnt family member 9A
10913,1.39203571845539e-08,3.29176766666164,25.8612776602477,EDAR,ectodysplasin A receptor
3570,3.54007941566744e-13,-2.06049680673551,-25.6552189443274,IL6R,interleukin 6 receptor
200931,8.68753946989884e-07,-4.23274909599698,-25.6551291298124,SLC51A,solute carrier family 51 member A
221662,3.58136613863167e-09,-3.03682915257593,-25.6489110589416,RBM24,RNA binding motif protein 24
1160,1.73221264307246e-08,3.28775758936401,25.5175977952871,CKMT2,"creatine kinase, mitochondrial 2"
9464,1.38483003395998e-06,-4.34751139120094,-25.4703455663589,HAND2,heart and neural crest derivatives expressed 2
63928,9.04682433637592e-09,-3.15489318884748,-25.3763954867501,CHP2,calcineurin like EF-hand protein 2
10024,1.63570834247004e-11,2.35126425835695,25.3614278710919,TROAP,trophinin associated protein
2305,2.90714830898898e-12,2.19699722600625,25.3457305857143,FOXM1,forkhead box M1
4359,1.13175830952019e-09,-2.83149364406843,-25.3312395598627,MPZ,myelin protein zero
717,2.60590063535158e-11,2.38818269567351,25.276626308688,C2,complement C2
2009,1.92842835250293e-10,-2.59757157604383,-25.2348792346068,EML1,EMAP like 1
5178,1.0692672111765e-08,-3.15621270580735,-25.1578992562503,PEG3,paternally expressed 3
891,4.33239073671593e-12,2.20216361670196,25.0237850050413,CCNB1,cyclin B1
23284,4.88037523703399e-11,-2.41990579808116,-24.9529718525629,ADGRL3,adhesion G protein-coupled receptor L3
10085,4.16245977352162e-14,-1.86468503230863,-24.9506976853256,EDIL3,EGF like repeats and discoidin domains 3
2139,5.96901175721827e-09,-3.03175054830187,-24.933412304019,EYA2,EYA transcriptional coactivator and phosphatase 2
64409,6.0857450699576e-09,-3.01390442991327,-24.7612931657587,GALNT17,polypeptide N-acetylgalactosaminyltransferase 17
92815,1.43499375625616e-12,2.08689099707613,24.7153630881631,H2AC25,H2A clustered histone 25
10635,3.43464887353117e-12,2.15585689430972,24.7149970827452,RAD51AP1,RAD51 associated protein 1
4147,2.74602852492485e-11,-2.33052739573159,-24.6133872287873,MATN2,matrilin 2
28513,1.63542812172913e-07,-3.62309426424851,-24.5876529275753,CDH19,cadherin 19
699,6.03029665469426e-12,2.17898357864651,24.4474577799891,BUB1,BUB1 mitotic checkpoint serine/threonine kinase
54443,9.02372956673729e-11,2.43110035126971,24.419464450165,ANLN,"anillin, actin binding protein"
83439,1.12318843453922e-10,-2.44722085786396,-24.3487398675875,TCF7L1,transcription factor 7 like 1
27111,1.62996844453591e-11,-2.2567827208617,-24.3457675845556,SDCBP2,syndecan binding protein 2
290,7.60280160570818e-08,-3.41979057634565,-24.3455791979258,ANPEP,"alanyl aminopeptidase, membrane"
7360,1.50717711477664e-14,-1.76021465218453,-24.3293977348922,UGP2,UDP-glucose pyrophosphorylase 2
8814,4.19594614008888e-13,-1.96350389009859,-24.3026216301877,CDKL1,cyclin dependent kinase like 1
6790,1.57994191423506e-12,2.05786651633295,24.2856212850818,AURKA,aurora kinase A
80131,6.9048524460415e-09,2.96357506618902,24.1852785323237,LRRC8E,leucine rich repeat containing 8 VRAC subunit E
3352,1.19109330141812e-07,3.48099577209698,24.1026034578451,HTR1D,5-hydroxytryptamine receptor 1D
80274,4.97915804576119e-10,-2.58733200974961,-24.0695462915328,SCUBE1,"signal peptide, CUB domain and EGF like domain containing 1"
25840,1.44281236929911e-11,-2.22000381395982,-24.0665954640432,TMT1A,thiol methyltransferase 1A
10020,3.66708115238198e-12,-2.10306027716087,-24.0499232546514,GNE,glucosamine (UDP-N-acetyl)-2-epimerase/N-acetylmannosamine kinase
8519,7.25808555528136e-14,1.82938565434377,24.036623590907,IFITM1,interferon induced transmembrane protein 1
55789,9.95849369820651e-10,2.66207089926735,23.963446717512,DEPDC1B,DEP domain containing 1B
85477,2.60597409630925e-11,-2.25984357707264,-23.9182520015804,SCIN,scinderin
144455,6.98825213688071e-10,2.60287635982699,23.8309766188873,E2F7,E2F transcription factor 7
10669,3.7899714805535e-11,2.2833203170282,23.7953122849511,CGREF1,cell growth regulator with EF-hand domain 1
85409,7.00618976580667e-09,2.91502992348028,23.7706642841308,NKD2,NKD inhibitor of WNT signaling pathway 2
728833,3.78197124807688e-09,2.81855309531505,23.7386483725827,FAM72D,family with sequence similarity 72 member D
8348,2.48893310805451e-11,2.23783039919129,23.7299239582204,H2BC17,H2B clustered histone 17
23022,1.43599297189285e-09,-2.6711211259096,-23.6203172662973,PALLD,"palladin, cytoskeletal associated protein"
43,1.4040417900028e-09,-2.6608826232093,-23.5557826364499,ACHE,acetylcholinesterase (Yt blood group)
83540,8.70768842719315e-09,2.92244262079282,23.5551713482768,NUF2,NUF2 component of NDC80 kinetochore complex
284194,1.27439043256033e-08,-2.97950417453808,-23.5222841509476,LGALS9B,galectin 9B
134147,6.82887414966262e-13,-1.92548922974152,-23.4248297631952,CMBL,carboxymethylenebutenolidase homolog
7358,1.75237901215154e-13,-1.83584586204329,-23.418732671778,UGDH,UDP-glucose 6-dehydrogenase
50943,1.08890099701862e-09,2.60986704062315,23.3922685714237,FOXP3,forkhead box P3
6548,1.50552275672028e-13,-1.82237630899685,-23.3670788464285,SLC9A1,solute carrier family 9 member A1
131096,3.27457579640889e-09,2.75305514871371,23.3592460826019,KCNH8,potassium voltage-gated channel subfamily H member 8
6558,1.87013233712644e-13,1.83186398088468,23.3161986047759,SLC12A2,solute carrier family 12 member 2
255738,5.25454636537462e-08,3.19386991683098,23.2496635441861,PCSK9,proprotein convertase subtilisin/kexin type 9
6623,1.22834755487318e-10,-2.3391504814067,-23.1825689324723,SNCG,synuclein gamma
79762,2.73959679967412e-10,-2.42330459446977,-23.1723978743139,C1orf115,chromosome 1 open reading frame 115
113130,9.28881801927343e-11,2.2918327536049,22.991756815755,CDCA5,cell division cycle associated 5
6584,2.23004980187576e-12,-1.97166218587914,-22.9731875800615,SLC22A5,solute carrier family 22 member 5
25788,2.683913659302e-11,2.17198828955415,22.9605909359868,RAD54B,RAD54 homolog B
55143,1.078583507281e-13,1.7702703942705,22.9553550599995,CDCA8,cell division cycle associated 8
84962,1.23942239384123e-11,2.10463248675739,22.9547649057043,AJUBA,ajuba LIM protein
137872,3.01307782182777e-10,-2.40499940807638,-22.8979744754761,ADHFE1,alcohol dehydrogenase iron containing 1
701,3.4308287439372e-12,1.9951193545676,22.8732472676952,BUB1B,BUB1 mitotic checkpoint serine/threonine kinase B
23034,4.18398243024522e-10,-2.4374539548953,-22.8594429055446,SAMD4A,sterile alpha motif domain containing 4A
4211,4.31757777314816e-09,-2.73112564220738,-22.8452100644797,MEIS1,Meis homeobox 1
1760,1.19495176664908e-10,-2.30165382728583,-22.8385044846785,DMPK,DM1 protein kinase
4857,1.54040983387023e-07,-3.32771026280784,-22.669572656819,NOVA1,NOVA alternative splicing regulator 1
35,1.1140035960806e-12,-1.89598609805625,-22.6629368485929,ACADS,acyl-CoA dehydrogenase short chain
840,1.3369171601268e-11,-2.08140981241742,-22.63303279758,CASP7,caspase 7
7045,1.25407685529157e-10,2.283608660231,22.61155271554,TGFBI,transforming growth factor beta induced
991,4.26475635275937e-12,1.9820988050288,22.5366730700862,CDC20,cell division cycle 20
23584,4.4573760351557e-08,-3.04239459412084,-22.3644014792701,VSIG2,V-set and immunoglobulin domain containing 2
9723,9.76705603870959e-06,-4.46315674811227,-22.3614700434743,SEMA3E,semaphorin 3E
57458,4.72078907792049e-11,-2.15979761523911,-22.302038648733,TMCC3,transmembrane and coiled-coil domain family 3
26031,6.43351187849578e-12,1.99109351505022,22.283426397194,OSBPL3,oxysterol binding protein like 3
54576,4.28159543819115e-08,-3.02368880059314,-22.2797315378415,UGT1A8,UDP glucuronosyltransferase family 1 member A8
8336,2.05884866455992e-11,2.07728859888514,22.1986861453022,H2AC17,H2A clustered histone 17
89958,5.89463802100234e-09,2.69703356412485,22.1953533080843,SAPCD2,suppressor APC domain containing 2
9452,3.00192917241342e-11,-2.08207358780978,-21.9088266163222,ITM2A,integral membrane protein 2A
7804,2.30966880418649e-09,2.52851748736788,21.8374155907434,LRP8,LDL receptor related protein 8
23492,1.00235915690626e-11,-1.97916590453718,-21.7687995464052,CBX7,chromobox 7
10232,4.95007710330439e-09,2.62006108862679,21.7606240200228,MSLN,mesothelin
23140,1.88649873113742e-13,-1.70961675394244,-21.7537508007203,ZZEF1,zinc finger ZZ-type and EF-hand domain containing 1
81578,3.11532974782615e-08,-2.89194014474947,-21.7083370648054,COL21A1,collagen type XXI alpha 1 chain
4501,1.57500603102042e-10,-2.20935065800929,-21.6576409750231,MT1X,metallothionein 1X
93986,1.339374398069e-07,-3.14104098448069,-21.5886825296837,FOXP2,forkhead box P2
10926,3.34171703525425e-13,1.72861487056432,21.5662515495587,DBF4,DBF4-CDC7 kinase regulatory subunit
10990,2.31658058950987e-11,-2.01968399585413,-21.4796474732377,LILRB5,leukocyte immunoglobulin like receptor B5
55672,6.22058507307117e-12,-1.91316476683982,-21.4392472545709,NBPF1,NBPF member 1
2110,7.88252254760429e-12,-1.91660005462014,-21.2806520425522,ETFDH,electron transfer flavoprotein dehydrogenase
23125,5.71454718456028e-16,-1.39599811391628,-21.279224625482,CAMTA2,calmodulin binding transcription activator 2
57452,8.63170335928921e-08,-3.00715008183831,-21.2422179677153,GALNT16,polypeptide N-acetylgalactosaminyltransferase 16
55010,1.06207810879186e-09,2.36518781924987,21.2248254388233,PARPBP,PARP1 binding protein
10537,4.78413049612446e-08,2.89701399251627,21.2067130867479,UBD,ubiquitin D
151246,3.46586747596322e-12,1.84393285335673,21.1318172462108,SGO2,shugoshin 2
2908,1.0525154459736e-13,-1.61485664933522,-20.9572406359298,NR3C1,nuclear receptor subfamily 3 group C member 1
284958,2.17048214547972e-07,3.14469197696118,20.9544782012685,NT5DC4,5'-nucleotidase domain containing 4
7414,3.04583691161868e-08,-2.77058307555818,-20.8245151590165,VCL,vinculin
55165,3.07454223299139e-09,2.44239058230948,20.7901648316143,CEP55,centrosomal protein 55
201895,4.69427009779029e-13,-1.68252104899694,-20.7428462160934,SMIM14,small integral membrane protein 14
56776,3.55132150919534e-05,-4.65647283159954,-20.7194881146459,FMN2,formin 2
646627,9.06329917038734e-07,-3.42416406616039,-20.6912430593502,LYPD8,LY6/PLAUR domain containing 8
8987,8.02898933839421e-11,-2.04508553475098,-20.6458320002204,STBD1,starch binding domain 1
55248,2.30804168791665e-11,1.933635164997,20.5676061221967,PACC1,proton activated chloride channel 1
54997,3.77286293832757e-08,2.77056758109779,20.5668345927879,TESC,tescalcin
1843,1.04083937643143e-10,-2.04958107884271,-20.4601814574581,DUSP1,dual specificity phosphatase 1
6935,1.38704825472185e-09,-2.30642908980606,-20.430137677269,ZEB1,zinc finger E-box binding homeobox 1
8313,6.64227312140878e-10,2.22493303687441,20.4197307110853,AXIN2,axin 2
100533181,2.47325884938815e-08,-2.67310175520026,-20.3335644593046,FXYD6-FXYD2,FXYD6-FXYD2 readthrough
54474,1.20667341449982e-08,-2.56422980761269,-20.3046236062217,KRT20,keratin 20
85455,1.31402666797284e-09,-2.28067470003919,-20.2555747494089,DISP2,dispatched RND transporter family member 2
286749,6.86920692516993e-08,-2.81968772627525,-20.1976865447311,STON1-GTF2A1L,STON1-GTF2A1L readthrough
6241,5.4894307948066e-10,2.17776843853173,20.1671651407893,RRM2,ribonucleotide reductase regulatory subunit M2
990,1.7484211929519e-10,2.06571975968945,20.155958831975,CDC6,cell division cycle 6
7518,1.29442490617278e-13,1.56270345355087,20.1400019989498,XRCC4,X-ray repair cross complementing 4
80336,6.11483604172264e-10,2.18549831537938,20.1363404616412,PABPC1L,poly(A) binding protein cytoplasmic 1 like
10335,5.75984558934787e-09,-2.4403216750019,-20.1072480179181,IRAG1,"inositol 1,4,5-triphosphate receptor associated 1"
84281,1.16133711686959e-07,-2.88281170747669,-19.9924193858254,C2orf88,chromosome 2 open reading frame 88
2247,5.62438448767757e-09,-2.42307563228522,-19.9901922314052,FGF2,fibroblast growth factor 2
402415,4.4109296509578e-08,2.71646490092566,19.9808757279847,XKRX,XK related X-linked
7516,1.56832862711127e-07,2.93545677447275,19.9745003507236,XRCC2,X-ray repair cross complementing 2
4135,3.24192834685754e-07,-3.07784360479326,-19.9727322191259,MAP6,microtubule associated protein 6
5983,1.23104794970839e-09,2.22389800734393,19.8143197420481,RFC3,replication factor C subunit 3
23331,4.61659259637531e-11,-1.91375267848708,-19.779932316218,TTC28,tetratricopeptide repeat domain 28
27250,3.13518999971601e-12,-1.70897533938588,-19.6596013651626,PDCD4,programmed cell death 4
124222,2.0333354336118e-10,2.02455106128343,19.6215256963101,PAQR4,progestin and adipoQ receptor family member 4
6364,4.21173395671439e-08,2.65064873868338,19.5499633323972,CCL20,C-C motif chemokine ligand 20
387849,1.65422165090527e-08,-2.50817316688061,-19.5171144805212,REP15,RAB15 effector protein
23345,9.90068215875898e-10,-2.16264998789769,-19.4732247222964,SYNE1,spectrin repeat containing nuclear envelope protein 1
729533,6.31391568418488e-09,2.36979265722609,19.4315917472458,FAM72A,family with sequence similarity 72 member A
54793,2.58498123177017e-13,-1.54174639711537,-19.4067984609501,KCTD9,potassium channel tetramerization domain containing 9
5630,3.75992641599659e-05,-4.34663612333392,-19.2330852956513,PRPH,peripherin
4239,2.98401219117741e-08,-2.53565650348161,-19.0813208160671,MFAP4,microfibril associated protein 4
5144,1.16354544571278e-10,-1.91817433407394,-19.055559405988,PDE4D,phosphodiesterase 4D
56256,1.02290667913686e-07,-2.72215871756702,-19.0283358306992,SERTAD4,SERTA domain containing 4
5729,2.74289726210642e-07,-2.89621116944696,-19.0043308189682,PTGDR,prostaglandin D2 receptor
5139,9.74093048792517e-09,-2.36119388721889,-18.9164676592329,PDE3A,phosphodiesterase 3A
7168,9.24656262833949e-09,-2.35174191122785,-18.8939408075476,TPM1,tropomyosin 1
60495,4.18808386557188e-07,-2.93820333727806,-18.7398157256877,HPSE2,heparanase 2 (inactive)
102724250,5.97678903949442e-11,-1.83186555602046,-18.7281362654487,LOC102724250,neuroblastoma breakpoint family member 1-like
10449,9.16645276963183e-12,-1.69594161849571,-18.7194621833119,ACAA2,acetyl-CoA acyltransferase 2
10112,1.40288591036861e-09,2.11146737634639,18.6927734841383,KIF20A,kinesin family member 20A
3784,3.6433060593416e-11,1.79044418807667,18.6895594347675,KCNQ1,potassium voltage-gated channel subfamily Q member 1
3833,2.01059272381409e-10,1.92438724697403,18.6601594274106,KIFC1,kinesin family member C1
114088,5.34277286659995e-07,-2.96513636991495,-18.5980270436368,TRIM9,tripartite motif containing 9
1087,1.09355376343207e-05,-3.74492255365929,-18.5791594537664,CEACAM7,CEA cell adhesion molecule 7
81532,1.35719316453705e-07,-2.70077772454902,-18.5472084212632,MOB2,MOB kinase activator 2
9912,5.93436560811491e-09,-2.24815204259219,-18.4947053731385,ARHGAP44,Rho GTPase activating protein 44
8507,1.52911826391721e-10,1.88132125664192,18.4662196503153,ENC1,ectodermal-neural cortex 1
79443,3.95350591374519e-13,-1.48802666399928,-18.4560209136231,FYCO1,FYVE and coiled-coil domain autophagy adaptor 1
11261,1.6617288569721e-11,-1.71019912647556,-18.4349885953051,CHP1,calcineurin like EF-hand protein 1
84955,1.44468785316929e-10,1.87225364607785,18.4233989668771,NUDCD1,NudC domain containing 1
3329,9.37353094684734e-13,1.53025458082262,18.4060501999144,HSPD1,heat shock protein family D (Hsp60) member 1
23024,6.56315444457055e-09,-2.23466514299689,-18.2860131877187,PDZRN3,PDZ domain containing ring finger 3
30815,1.19056974333272e-07,-2.63502210566494,-18.2455390580381,ST6GALNAC6,"ST6 N-acetylgalactosaminide alpha-2,6-sialyltransferase 6"
2255,1.79301053340722e-06,-3.17424889086091,-18.2405582936291,FGF10,fibroblast growth factor 10
7276,1.82535381169139e-06,-3.17794979156045,-18.2371509238816,TTR,transthyretin
163175,1.01537340303551e-07,-2.60617158872733,-18.2259331931861,LGI4,leucine rich repeat LGI family member 4
79861,1.10166319452075e-08,-2.28325639572638,-18.1700428822065,TUBAL3,tubulin alpha like 3
5023,3.66804242328575e-09,-2.15269081471829,-18.1591646918719,P2RX1,purinergic receptor P2X 1
64115,6.55686175528127e-12,-1.61919922879712,-18.1079971683098,VSIR,V-set immunoregulatory receptor
8438,5.26245320049387e-11,1.75564534468458,18.0459480036791,RAD54L,RAD54 like
114907,3.03764521560925e-08,-2.39509463056049,-18.005035150119,FBXO32,F-box protein 32
2786,6.59775552221102e-07,2.90327123988267,17.9439692028943,GNG4,G protein subunit gamma 4
9159,1.00980669758511e-08,-2.2418270761232,-17.9251151924525,PCSK7,proprotein convertase subtilisin/kexin type 7
1164,2.02983632016745e-09,2.06010352790537,17.9075302209291,CKS2,CDC28 protein kinase regulatory subunit 2
994,1.59005972944159e-09,2.03391343953983,17.8955634562177,CDC25B,cell division cycle 25B
84069,1.66246102420455e-06,3.09510753668556,17.8873956747171,PLEKHN1,pleckstrin homology domain containing N1
25994,5.16048169630081e-11,-1.73717508887755,-17.8708582431787,HIGD1A,HIG1 hypoxia inducible domain family member 1A
9881,8.29691715497314e-10,-1.95607450794426,-17.7632754426729,TRANK1,tetratricopeptide repeat and ankyrin repeat containing 1
92949,1.35740885885524e-07,-2.58449883655859,-17.7485012599187,ADAMTSL1,ADAMTS like 1
3872,2.26128882421607e-05,3.81454945380639,17.7210386440731,KRT17,keratin 17
782,8.34560247278609e-10,-1.95138579692602,-17.7157385126025,CACNB1,calcium voltage-gated channel auxiliary subunit beta 1
1434,1.21247142184012e-12,1.48417883084494,17.6859624847693,CSE1L,chromosome segregation 1 like
1736,4.53893528839729e-12,1.55839123882258,17.6769035219085,DKC1,dyskerin pseudouridine synthase 1
79101,1.39298257841297e-12,1.48251094584824,17.5767302967427,TAF1D,"TATA-box binding protein associated factor, RNA polymerase I subunit D"
79827,7.24764497982772e-08,-2.45918951565298,-17.5581288987778,CLMP,CXADR like membrane protein
80323,1.05041900424119e-08,-2.19914529577596,-17.5461829699336,CCDC68,coiled-coil domain containing 68
8654,1.50757922145479e-08,-2.23633325832282,-17.4919722533618,PDE5A,phosphodiesterase 5A
9863,1.04249422281524e-07,-2.50511339500469,-17.4905172049733,MAGI2,"membrane associated guanylate kinase, WW and PDZ domain containing 2"
9837,1.2747477461198e-08,2.21454484238615,17.4828920038671,GINS1,GINS complex subunit 1
2069,4.92010044979262e-08,2.39012077557952,17.4670648439639,EREG,epiregulin
84830,1.07641338456194e-07,-2.49616051994701,-17.3932986994057,ADTRP,androgen dependent TFPI regulating protein
4233,1.01517809426797e-09,1.93108688063538,17.3671482959635,MET,"MET proto-oncogene, receptor tyrosine kinase"
8836,3.13375762552974e-08,2.3093347734228,17.3290971005918,GGH,gamma-glutamyl hydrolase
5328,3.4356220246742e-08,2.31953004997287,17.3129598180982,PLAU,"plasminogen activator, urokinase"
23563,2.50999893768578e-06,-3.08110541931227,-17.2551962129926,CHST5,carbohydrate sulfotransferase 5
23089,1.11840439058887e-06,-2.89773693562328,-17.2455948924057,PEG10,paternally expressed 10
498,6.85934339069e-14,-1.31003501460028,-17.2449307884312,ATP5F1A,ATP synthase F1 subunit alpha
57482,4.7723074020912e-09,-2.07181780925248,-17.2401586749099,CRACD,capping protein inhibiting regulator of actin dynamics
85457,3.71672498997714e-12,-1.50628815578914,-17.2166319702939,CIPC,CLOCK interacting pacemaker
55640,2.86479292189785e-10,-1.80289657525277,-17.2048739246021,FLVCR2,FLVCR choline and putative heme transporter 2
6641,3.65157723426304e-09,2.03324663472171,17.1555581474637,SNTB1,syntrophin beta 1
8538,7.94525190700035e-07,-2.81054818398072,-17.1440413071287,BARX2,BARX homeobox 2
11252,1.32691555986576e-11,-1.57345445592268,-17.1147106981463,PACSIN2,protein kinase C and casein kinase substrate in neurons 2
10826,3.04005324414915e-09,-2.00747047654289,-17.0978645562776,FAXDC2,fatty acid hydroxylase domain containing 2
6581,1.36011088582547e-07,2.47756752032675,17.0120332540267,SLC22A3,solute carrier family 22 member 3
1510,3.8855764959098e-06,-3.13869303123588,-16.9820384322209,CTSE,cathepsin E
219348,8.11400581287515e-08,-2.3945284054919,-16.9790374560956,PLAC9,placenta associated 9
79801,3.55295087928959e-09,2.00593189767088,16.9489426336909,SHCBP1,SHC binding and spindle associated 1
5152,3.52212476477081e-08,-2.27074496162583,-16.9243055937769,PDE9A,phosphodiesterase 9A
112858,5.51174631818197e-13,1.37565682321514,16.8637791274132,TP53RK,TP53 regulating kinase
56603,1.05529590192208e-07,-2.41674558496084,-16.8607294753031,CYP26B1,cytochrome P450 family 26 subfamily B member 1
2294,5.22844386350608e-07,-2.68408750637995,-16.8604380281131,FOXF1,forkhead box F1
55127,2.72939589979626e-16,1.08151555254125,16.8326361013308,HEATR1,HEAT repeat containing 1
8363,4.7747391242561e-11,1.62021851376059,16.7223568614854,H4C11,H4 clustered histone 11
146691,1.06344858141662e-11,-1.51904279494847,-16.6688872432781,TOM1L2,target of myb1 like 2 membrane trafficking protein
23466,1.52877935682331e-08,-2.13211372389106,-16.6638656922502,CBX6,chromobox 6
57758,4.8918689711714e-07,-2.63766746993085,-16.645066996196,SCUBE2,"signal peptide, CUB domain and EGF like domain containing 2"
23048,3.9730331836339e-09,-1.97902860558522,-16.6255774932821,FNBP1,formin binding protein 1
29028,1.83060511796538e-10,1.70716304741899,16.6233385533291,ATAD2,ATPase family AAA domain containing 2
284346,2.83145552716905e-08,-2.20204287772451,-16.6209981828577,ZNF575,zinc finger protein 575
133522,3.10991845978982e-10,-1.74775074646355,-16.6163050281629,PPARGC1B,PPARG coactivator 1 beta
3576,2.39426173752208e-05,3.59272244225497,16.6013538040848,CXCL8,C-X-C motif chemokine ligand 8
51512,8.29629856372584e-10,1.82699913366315,16.5911903834604,GTSE1,G2 and S-phase expressed 1
2146,6.31393477353669e-10,1.80137187225944,16.5720806491644,EZH2,enhancer of zeste 2 polycomb repressive complex 2 subunit
4151,8.1026428834878e-06,-3.25428638022144,-16.5687867926703,MB,myoglobin
7739,1.33601544426506e-08,2.10293431412372,16.5589012375546,ZNF185,zinc finger protein 185 with LIM domain
8362,6.04461909751665e-11,1.61694419867123,16.5229562125523,H4C12,H4 clustered histone 12
400916,3.93261494497126e-11,-1.58700036064849,-16.5132443306856,CHCHD10,coiled-coil-helix-coiled-coil-helix domain containing 10
5067,6.13336497914004e-07,-2.65730356210893,-16.5079700835031,CNTN3,contactin 3
23657,2.6153981685161e-07,2.49971741612527,16.454295364135,SLC7A11,solute carrier family 7 member 11
2049,9.37976384334546e-08,2.33821282418769,16.4325110155853,EPHB3,EPH receptor B3
317649,1.71562719772472e-09,-1.87461723135714,-16.4321018323393,EIF4E3,eukaryotic translation initiation factor 4E family member 3
4493,6.26375978735988e-07,-2.64682245418784,-16.4186761592978,MT1E,metallothionein 1E
148534,1.34928457661701e-09,-1.84473253721763,-16.3625865718832,TLCD4,TLC domain containing 4
55273,2.54696469608482e-06,-2.92462958353833,-16.3603108426686,TMEM100,transmembrane protein 100
11037,8.1235323077483e-07,-2.68381231668771,-16.3451016168816,STON1,stonin 1
7851,1.41621331882623e-09,-1.84497957299661,-16.3259868397943,MALL,"mal, T cell differentiation protein like"
4593,4.11154228509654e-06,-3.0187183388073,-16.2588026003558,MUSK,muscle associated receptor tyrosine kinase
10293,1.04545203309545e-09,1.80674534760941,16.2258305147886,TRAIP,TRAF interacting protein
8318,1.81804261296086e-08,2.09424257020882,16.2102666911699,CDC45,cell division cycle 45
64762,3.13508116076939e-12,-1.40807431543569,-16.1981366123591,GAREM1,GRB2 associated regulator of MAPK1 subtype 1
10351,1.24707031646173e-05,-3.2995440996978,-16.1813241065876,ABCA8,ATP binding cassette subfamily A member 8
1902,6.71929199013903e-09,-1.97885977092252,-16.1725807189491,LPAR1,lysophosphatidic acid receptor 1
6472,4.61045303311632e-10,1.72982526786955,16.1500922242157,SHMT2,serine hydroxymethyltransferase 2
222643,1.15371520129813e-07,2.31744159926879,16.0781812814278,UNC5CL,unc-5 family C-terminal like
7008,1.41275787237912e-09,-1.81040513535906,-16.0219628182949,TEF,"TEF transcription factor, PAR bZIP family member"
5516,4.26026872457668e-13,-1.2907702018403,-15.9675541082365,PPP2CB,protein phosphatase 2 catalytic subunit beta
3248,4.91128004466995e-07,-2.52727615238241,-15.9440931882092,HPGD,15-hydroxyprostaglandin dehydrogenase
85458,2.42038630426681e-08,-2.07909246470841,-15.834607957991,DIXDC1,DIX domain containing 1
1058,1.20454620280475e-07,2.27762978637033,15.7593225780612,CENPA,centromere protein A
5570,1.95028944317562e-06,-2.74963267212798,-15.7001301518793,PKIB,cAMP-dependent protein kinase inhibitor beta
55670,1.12843503845702e-09,-1.75427283220564,-15.6963972814949,PEX26,peroxisomal biogenesis factor 26
1294,4.10035560009592e-08,2.12314484406235,15.6840498973128,COL7A1,collagen type VII alpha 1 chain
55771,1.13405946019999e-08,1.96899640658698,15.6443935080767,PRR11,proline rich 11
9588,3.29402932757802e-10,-1.64707917749313,-15.6180536535033,PRDX6,peroxiredoxin 6
29968,2.36840051360845e-07,2.3560042935138,15.6098121215009,PSAT1,phosphoserine aminotransferase 1
1825,7.46565632215879e-05,3.77907533241555,15.5959869442593,DSC3,desmocollin 3
1512,1.16652869601582e-09,1.7425014353705,15.5659475413149,CTSH,cathepsin H
51514,4.62032565540583e-09,1.86505626346285,15.5458545994311,DTL,denticleless E3 ubiquitin protein ligase homolog
8904,5.43715878457713e-10,1.67745107838192,15.5409602023222,CPNE1,copine 1
10749,3.5648921191354e-11,-1.48572331399936,-15.5227682593533,KIF1C,kinesin family member 1C
10090,4.98158723939445e-07,-2.44968984187548,-15.4394942237962,UST,uronyl 2-sulfotransferase
11343,2.97591605440694e-09,-1.80640561364867,-15.4020994743776,MGLL,monoglyceride lipase
4321,2.00912490981339e-06,2.69545679001597,15.3559986310493,MMP12,matrix metallopeptidase 12
55601,7.62161282729684e-10,-1.67945130480948,-15.313158259311,DDX60,DExD/H-box helicase 60
10444,2.19158073146494e-11,-1.43373001003732,-15.2824758946077,ZER1,zyg-11 related cell cycle regulator
3159,4.56027167340152e-10,1.63599081002885,15.2818053448982,HMGA1,high mobility group AT-hook 1
10586,1.12252684876819e-05,-3.07466082219758,-15.2189661693444,MAB21L2,mab-21 like 2
1780,2.99182267639187e-06,-2.75226645388317,-15.2036964503238,DYNC1I1,dynein cytoplasmic 1 intermediate chain 1
51602,4.56983739844284e-11,1.46980829901777,15.1979636939827,NOP58,NOP58 ribonucleoprotein
6855,3.1374680873184e-06,-2.75976946470519,-15.1881723521064,SYP,synaptophysin
65018,1.26207425884496e-10,-1.53191665576719,-15.1643129019355,PINK1,PTEN induced kinase 1
9088,6.70396138696223e-08,2.1026521328131,15.0837293627701,PKMYT1,"protein kinase, membrane associated tyrosine/threonine 1"
54658,8.89611945770072e-06,-2.97147150218293,-15.0083064624747,UGT1A1,UDP glucuronosyltransferase family 1 member A1
11335,1.01615747125911e-10,1.49523659548276,14.9419575909956,CBX3,chromobox 3
332,5.84179491362245e-08,2.06282032579843,14.9213153052067,BIRC5,baculoviral IAP repeat containing 5
23635,9.43956938876556e-09,-1.85247139233696,-14.8661715026763,SSBP2,single stranded DNA binding protein 2
25999,4.27689015843233e-07,-2.33404578133528,-14.8652385980005,CLIP3,CAP-Gly domain containing linker protein 3
5831,3.60527656283602e-09,1.75732776359973,14.837226233808,PYCR1,pyrroline-5-carboxylate reductase 1
5333,7.35254175123616e-09,-1.81367863097485,-14.7516685011868,PLCD1,phospholipase C delta 1
8110,5.31276528925306e-07,-2.34800333847632,-14.7329681091126,DPF3,double PHD fingers 3
1608,7.56161660940526e-06,-2.87120462457377,-14.7045452899489,DGKG,diacylglycerol kinase gamma
1908,3.91400789576643e-06,-2.71006288674768,-14.6543352524013,EDN3,endothelin 3
4499,0.000203878028457132,-3.95925114177637,-14.6121293578247,MT1M,metallothionein 1M
283316,4.38300974865807e-09,-1.74559818891386,-14.5901068971841,CD163L1,CD163 molecule like 1
2774,1.94310626967688e-07,-2.16554851964582,-14.5340863540719,GNAL,G protein subunit alpha L
10549,1.20638566753483e-09,1.6283748377309,14.5226835124846,PRDX4,peroxiredoxin 4
53841,1.82211265869601e-08,-1.87386406560124,-14.5026299737493,CDHR5,cadherin related family member 5
4288,3.24646553823373e-08,1.93197200999862,14.4677447343308,MKI67,marker of proliferation Ki-67
64699,2.2868359982884e-06,2.55409788650681,14.4070659135618,TMPRSS3,transmembrane serine protease 3
1951,7.05714903302853e-09,1.76403885565648,14.3793346611146,CELSR3,cadherin EGF LAG seven-pass G-type receptor 3
83700,2.04283009179534e-07,-2.14421353116412,-14.3442905372255,JAM3,junctional adhesion molecule 3
8140,4.36657654056465e-08,1.94224650089809,14.294660239923,SLC7A5,solute carrier family 7 member 5
285313,5.65319973335658e-06,-2.71561906338099,-14.2507695570033,IGSF10,immunoglobulin superfamily member 10
152007,1.0205215392516e-07,-2.0293585345597,-14.187606384934,GLIPR2,GLI pathogenesis related 2
650,3.14456889691188e-07,-2.18167939562233,-14.1862369378344,BMP2,bone morphogenetic protein 2
79819,3.52603007511996e-08,-1.88904753495939,-14.0785309872693,DNAI4,dynein axonemal intermediate chain 4
158584,2.03064231115934e-09,1.61107458184891,14.0040508353468,FAAH2,fatty acid amide hydrolase 2
5373,6.34657568364495e-14,1.0608950359252,14.0011203700663,PMM2,phosphomannomutase 2
9824,3.18849523592179e-08,1.86632277440242,13.9907285992789,ARHGAP11A,Rho GTPase activating protein 11A
3690,6.34176484147272e-07,-2.2569122169601,-13.9878676668463,ITGB3,integrin subunit beta 3
27284,3.67723813972269e-07,-2.17113999987704,-13.9701530941029,SULT1B1,sulfotransferase family 1B member 1
9133,4.72080966704768e-08,1.90672034769979,13.9686018236011,CCNB2,cyclin B2
6622,9.77791961699024e-08,-1.98869202163544,-13.9402409333312,SNCA,synuclein alpha
25894,7.65071142741748e-08,1.95497662666621,13.9121966075883,PLEKHG4,pleckstrin homology and RhoGEF domain containing G4
6525,1.56727458985087e-06,-2.39442733385486,-13.8993032596887,SMTN,smoothelin
6999,2.87631690822232e-05,3.0398505690034,13.8044577373197,TDO2,"tryptophan 2,3-dioxygenase"
166336,2.76453154690249e-07,-2.10338698087623,-13.7948078470354,PRICKLE2,prickle planar cell polarity protein 2
91851,6.62770423721195e-05,-3.300383066592,-13.7911024012084,CHRDL1,chordin like 1
58480,1.1101131390617e-08,-1.72606745667719,-13.730232731848,RHOU,ras homolog family member U
55635,1.06605911567542e-06,2.29588463589039,13.7115251828599,DEPDC1,DEP domain containing 1
221091,4.05571682800543e-06,-2.53843906121007,-13.6870917567493,LRRN4CL,LRRN4 C-terminal like
3371,3.00990183113528e-06,-2.4766593599344,-13.6747450493758,TNC,tenascin C
9867,8.5954505133832e-11,-1.35590335097937,-13.6481588752543,PJA2,praja ring finger ubiquitin ligase 2
51309,7.98423083992088e-07,-2.23772443397926,-13.6451220189112,ARMCX1,armadillo repeat containing X-linked 1
57556,3.91932542551475e-07,-2.12508450767845,-13.6149673574652,SEMA6A,semaphorin 6A
1944,1.36641086377608e-06,2.32109339386207,13.6118634888878,EFNA3,ephrin A3
113026,3.26785172852792e-08,-1.81653400213436,-13.5980969846975,PLCD3,phospholipase C delta 3
2918,5.27160633213054e-05,3.17356436463474,13.5766893371805,GRM8,glutamate metabotropic receptor 8
5187,8.88820059183073e-08,-1.91765876119456,-13.5217689024546,PER1,period circadian regulator 1
129807,2.47768774009551e-06,-2.41166377072216,-13.5196747829157,NEU4,neuraminidase 4
6282,1.21576083830184e-08,1.7037149630327,13.4851626416587,S100A11,S100 calcium binding protein A11
10891,1.24054847198605e-06,-2.27857433648335,-13.4581401576309,PPARGC1A,PPARG coactivator 1 alpha
54517,6.3136854140469e-09,1.63283603136968,13.3887934643676,PUS7,pseudouridine synthase 7
6550,2.46229942907258e-05,-2.90098506167602,-13.3696513067611,SLC9A3,solute carrier family 9 member A3
9934,9.55022612626618e-07,-2.2144517750359,-13.3309694479332,P2RY14,purinergic receptor P2Y14
171586,3.05879033043597e-08,-1.77006083924313,-13.301034189227,ABHD3,"abhydrolase domain containing 3, phospholipase"
10924,7.02497058736232e-07,-2.16032658854352,-13.2932574732748,SMPDL3A,sphingomyelin phosphodiesterase acid like 3A
2048,9.28763213988975e-10,1.4705159866891,13.2818400823507,EPHB2,EPH receptor B2
2263,8.48362500351857e-06,-2.61257767649775,-13.2494748568569,FGFR2,fibroblast growth factor receptor 2
9927,4.86222245849183e-12,-1.16809291586724,-13.2148280969655,MFN2,mitofusin 2
7850,9.97502198722405e-07,-2.20160520901358,-13.2120225019438,IL1R2,interleukin 1 receptor type 2
8970,2.84649003808496e-08,1.74573113314599,13.1727465332294,H2BC11,H2B clustered histone 11
890,3.00012134458503e-08,1.75056558231462,13.1692618608517,CCNA2,cyclin A2
8884,1.21868827181838e-08,1.65002150892611,13.058447381694,SLC5A6,solute carrier family 5 member 6
2187,2.16540277390123e-07,1.95464990565642,13.0266886732293,FANCB,FA complementation group B
9215,1.30055829241923e-08,-1.65108721385211,-13.0202594201461,LARGE1,LARGE xylosyl- and glucuronyltransferase 1
2921,3.4065885359047e-06,2.3671126078219,12.942615019672,CXCL3,C-X-C motif chemokine ligand 3
408,1.15931658601874e-10,-1.30060794924539,-12.9225777968558,ARRB1,arrestin beta 1
6609,2.3946186407436e-10,-1.34241872472311,-12.9150932579261,SMPD1,sphingomyelin phosphodiesterase 1
79465,2.85511148749475e-06,2.32753380533571,12.9047247308132,ULBP3,UL16 binding protein 3
2353,6.38815416840742e-07,-2.07773167501196,-12.8707677698495,FOS,"Fos proto-oncogene, AP-1 transcription factor subunit"
221150,5.8892758334593e-07,2.06447142318269,12.8615291846101,SKA3,spindle and kinetochore associated complex subunit 3
7076,8.5371993623281e-08,1.81923207275617,12.8595776941865,TIMP1,TIMP metallopeptidase inhibitor 1
9518,8.7645684252336e-07,2.12118102784371,12.8485650677256,GDF15,growth differentiation factor 15
84264,7.37702345616863e-06,2.49668541593568,12.8132862498057,HAGHL,hydroxyacylglutathione hydrolase like
80178,1.01484804564893e-06,2.13021429651365,12.7676502353817,TEDC2,tubulin epsilon and delta complex 2
10103,2.13404881682989e-06,-2.24351030757268,-12.722488493401,TSPAN1,tetraspanin 1
54972,3.07618889859044e-06,2.3030857582554,12.694578758153,TMEM132A,transmembrane protein 132A
3291,1.80420780191149e-07,-1.88193598622051,-12.6912370100779,HSD11B2,hydroxysteroid 11-beta dehydrogenase 2
9764,3.8159256727013e-08,-1.70785729543633,-12.6695687195568,KIAA0513,KIAA0513
1033,5.07663437856279e-07,2.00716806126087,12.6339670447446,CDKN3,cyclin dependent kinase inhibitor 3
23228,1.49441547574008e-07,-1.8472323586733,-12.6083373756221,PLCL2,phospholipase C like 2
55198,3.06424351623985e-09,-1.48087502276832,-12.6076912127488,APPL2,"adaptor protein, phosphotyrosine interacting with PH domain and leucine zipper 2"
27115,2.57229927299251e-06,-2.2425106680986,-12.5349136787346,PDE7B,phosphodiesterase 7B
23052,6.52441909908105e-09,-1.52884659933143,-12.5143098560295,ENDOD1,endonuclease domain containing 1
124975,3.456269358339e-08,-1.66944676931319,-12.4563974682928,GGT6,gamma-glutamyltransferase 6
55022,2.3297248507756e-07,-1.87728599372712,-12.4514661145341,PID1,phosphotyrosine interaction domain containing 1
91748,2.64456295920552e-09,-1.45087931053829,-12.4451292440235,MIDEAS,mitotic deacetylase associated SANT domain protein
100129792,5.10379274612536e-06,-2.3491341433878,-12.4318691729336,CCDC152,coiled-coil domain containing 152
2523,1.29833857218943e-06,2.11096438620949,12.4264283725248,FUT1,fucosyltransferase 1 (H blood group)
389125,4.02410320843742e-06,-2.29158648285716,-12.3638673362657,MUSTN1,"musculoskeletal, embryonic nuclear protein 1"
63922,5.4060213495849e-09,1.48606315071847,12.2854657285623,CHTF18,chromosome transmission fidelity factor 18
6844,8.22356315789615e-09,-1.51948095361532,-12.284912292193,VAMP2,vesicle associated membrane protein 2
10208,8.36374570784752e-08,1.73049064159755,12.2477191459444,USPL1,ubiquitin specific peptidase like 1
6943,7.33396516458826e-06,-2.38289224389275,-12.2353442465442,TCF21,transcription factor 21
5050,1.11303150587339e-08,1.53565838158844,12.2138474853217,PAFAH1B3,platelet activating factor acetylhydrolase 1b catalytic subunit 3
81618,1.0590580777788e-06,-2.03773004711494,-12.1756005041791,ITM2C,integral membrane protein 2C
6948,3.25366358315303e-08,-1.61748722419013,-12.1111415838311,TCN2,transcobalamin 2
6414,6.7605745687714e-06,-2.33431726442756,-12.068458522625,SELENOP,selenoprotein P
150726,3.14231424274456e-07,1.85545569049399,12.0655652077726,FBXO41,F-box protein 41
4496,0.000283379606606597,-3.39489164323966,-12.0438242167008,MT1H,metallothionein 1H
259307,9.40902587496522e-07,1.99837788402832,12.0431350648438,IL4I1,interleukin 4 induced 1
8813,1.21951669866705e-10,1.21283471672142,12.0238156701329,DPM1,"dolichyl-phosphate mannosyltransferase subunit 1, catalytic"
6242,4.37852476971318e-09,1.43810197163594,12.0206229554117,RTKN,rhotekin
89927,9.95430481299553e-07,-1.99265763308918,-11.9599093236115,BMERB1,bMERB domain containing 1
348249,1.15803584039266e-07,-1.72253068565478,-11.9479516980136,CCL15-CCL14,CCL15-CCL14 readthrough (NMD candidate)
23139,1.50142081750288e-09,-1.35350083556441,-11.9426113293282,MAST2,microtubule associated serine/threonine kinase 2
7263,6.51726947259879e-08,-1.648982346319,-11.8494788382176,TST,thiosulfate sulfurtransferase
79739,9.10932920875883e-07,-1.95338143109104,-11.7994271050893,TTLL7,tubulin tyrosine ligase like 7
9132,8.4164784895548e-06,-2.32181346865447,-11.7829005475916,KCNQ4,potassium voltage-gated channel subfamily Q member 4
4601,9.95151088074575e-08,-1.67916050951793,-11.7576682372028,MXI1,"MAX interactor 1, dimerization protein"
10004,1.06889505164943e-05,-2.36416852132593,-11.7524352331314,NAALADL1,N-acetylated alpha-linked acidic dipeptidase like 1
641,1.08979033021427e-06,1.96648308173633,11.725464210903,BLM,BLM RecQ like helicase
5984,2.96056682726743e-09,1.3746295164254,11.7236998401194,RFC4,replication factor C subunit 4
7098,2.15344622089917e-07,-1.75520498639708,-11.7017163935207,TLR3,toll like receptor 3
667,7.05380883020301e-08,-1.63465066508522,-11.6903289790724,DST,dystonin
4237,4.80093563029313e-06,2.1947552761248,11.6731880800552,MFAP2,microfibril associated protein 2
3707,3.34653140695011e-08,-1.56094755514129,-11.6687153064496,ITPKB,inositol-trisphosphate 3-kinase B
27076,3.20142708683553e-05,2.59609438892666,11.6685522209245,LYPD3,LY6/PLAUR domain containing 3
22822,4.14572135027723e-06,2.16614066278233,11.6590352690861,PHLDA1,pleckstrin homology like domain family A member 1
6920,2.07510392860289e-07,-1.74443568110991,-11.6579941365447,TCEA3,transcription elongation factor A3
29128,1.0162138064852e-06,1.94038985351926,11.6287853213617,UHRF1,ubiquitin like with PHD and ring finger domains 1
55356,1.8804581206534e-06,2.02724947991913,11.6074960057191,SLC22A15,solute carrier family 22 member 15
9153,0.000143992288164526,-3.00764332976221,-11.5543453808169,SLC28A2,solute carrier family 28 member 2
25879,7.46573914585045e-08,1.62062613120747,11.5500844368394,DCAF13,DDB1 and CUL4 associated factor 13
144402,1.97559175218105e-06,-2.02005652180898,-11.5230140646762,CPNE8,copine 8
64794,2.1329310380618e-09,1.32780006512646,11.5133851509978,DDX31,DEAD-box helicase 31
1773,1.81720065089737e-07,1.70572988316383,11.4976379316388,DNASE1,deoxyribonuclease 1
29785,9.20690700535044e-07,1.90373562684989,11.4907316812332,CYP2S1,cytochrome P450 family 2 subfamily S member 1
443,4.42522157584489e-05,-2.62880593341007,-11.4459918507389,ASPA,aspartoacylase
1368,4.74491534701408e-07,-1.8087488680623,-11.4381145991586,CPM,carboxypeptidase M
8969,9.46458598170286e-08,1.62643381286106,11.423905821766,H2AC11,H2A clustered histone 11
284076,1.56957878351834e-06,-1.96718760074046,-11.4179834791652,TTLL6,tubulin tyrosine ligase like 6
84888,2.61277886908082e-09,-1.32569564305252,-11.3783096149825,SPPL2A,signal peptide peptidase like 2A
1374,2.6285249722289e-09,-1.32335269839426,-11.3547471357025,CPT1A,carnitine palmitoyltransferase 1A
23483,1.58977873147509e-07,1.66874860957223,11.3452599579145,TGDS,"TDP-glucose 4,6-dehydratase"
788,5.86461864129034e-09,-1.37743364687877,-11.3387035048994,SLC25A20,solute carrier family 25 member 20
23743,5.61524016303248e-06,-2.15654164221144,-11.3232058319582,BHMT2,betaine--homocysteine S-methyltransferase 2
3336,3.45874858624344e-09,1.33650626029632,11.3082877325486,HSPE1,heat shock protein family E (Hsp10) member 1
206358,5.06778269666422e-08,-1.54428665933403,-11.265852264203,SLC36A1,solute carrier family 36 member 1
116447,2.83858178422295e-07,1.71790968761178,11.2469805090269,TOP1MT,DNA topoisomerase I mitochondrial
1215,0.000109393499210258,-2.83791627940027,-11.2410104638633,CMA1,chymase 1
817,2.78707043754671e-07,-1.70381344217505,-11.1682450431811,CAMK2D,calcium/calmodulin dependent protein kinase II delta
9700,1.01923711065076e-07,1.59603544339038,11.1590405464815,ESPL1,"extra spindle pole bodies like 1, separase"
4998,2.251055214228e-06,1.97314268939235,11.1435479854275,ORC1,origin recognition complex subunit 1
60436,3.5017457652283e-07,1.71936573457389,11.0997358300877,TGIF2,TGFB induced factor homeobox 2
64922,2.37823646629834e-06,-1.97199478514034,-11.0899957458921,LRRC19,leucine rich repeat containing 19
50,9.9054917723514e-09,-1.38275256186069,-11.0677229089523,ACO2,aconitase 2
57569,2.82931682035896e-05,-2.43160405465489,-11.0597095083531,ARHGAP20,Rho GTPase activating protein 20
8863,2.31734014170908e-06,-1.96122585960397,-11.0515277534069,PER3,period circadian regulator 3
5579,8.08655895046188e-06,-2.16212639191132,-11.0100583751124,PRKCB,protein kinase C beta
3627,3.0273458153163e-05,2.4363893490702,11.0098923307407,CXCL10,C-X-C motif chemokine ligand 10
1602,1.73696844020807e-05,2.30924023214009,10.9924639940997,DACH1,dachshund family transcription factor 1
55214,9.77022973617088e-06,-2.18208101173337,-10.9324336557152,P3H2,prolyl 3-hydroxylase 2
29841,8.04769897297551e-05,2.66765736733931,10.9222649922391,GRHL1,grainyhead like transcription factor 1
79442,1.83685861732499e-05,2.30430176230436,10.9129986414443,LRRC2,leucine rich repeat containing 2
5979,2.05833209566492e-05,-2.31811014609576,-10.8637873939809,RET,ret proto-oncogene
113115,6.26476116829456e-06,2.08519058428897,10.8494457060912,MTFR2,mitochondrial fission regulator 2
84365,2.72803960854963e-09,1.26673209057112,10.8484827827597,NIFK,nucleolar protein interacting with the FHA domain of MKI67
29953,7.65246526920049e-06,-2.12015486518458,-10.8471334225318,TRHDE,thyrotropin releasing hormone degrading enzyme
8522,1.04962332543014e-06,-1.81413961990424,-10.8466800621302,GAS7,growth arrest specific 7
54659,6.3251593595346e-05,-2.56945332044368,-10.7889508489887,UGT1A3,UDP glucuronosyltransferase family 1 member A3
80243,8.89601377069959e-07,-1.78291796709581,-10.788088153802,PREX2,"phosphatidylinositol-3,4,5-trisphosphate dependent Rac exchange factor 2"
474,1.12532828048633e-05,-2.17971784871971,-10.786814983705,ATOH1,atonal bHLH transcription factor 1
191,4.25663423574297e-08,1.46255941734092,10.7804284482354,AHCY,adenosylhomocysteinase
1376,6.71457320342387e-09,-1.31577452511785,-10.7538009665096,CPT2,carnitine palmitoyltransferase 2
8341,9.56411105952989e-08,1.53104950704168,10.746980608769,H2BC15,H2B clustered histone 15
2289,3.43878401161532e-08,-1.43814985228698,-10.7337681922498,FKBP5,FKBP prolyl isomerase 5
7112,5.89626102556869e-09,1.30135786641281,10.7094247457353,TMPO,thymopoietin
138151,2.70231765976516e-07,-1.62733301888614,-10.6887522340422,NACC2,NACC family member 2
54825,2.29724311727853e-05,-2.30007062606045,-10.6695516139324,CDHR2,cadherin related family member 2
54657,6.90384390370008e-05,-2.55991716103606,-10.651582448314,UGT1A4,UDP glucuronosyltransferase family 1 member A4
53832,3.93338971557325e-07,1.66147269053321,10.6421197426839,IL20RA,interleukin 20 receptor subunit alpha
8332,3.37787693110244e-06,1.94487299236441,10.6410928611787,H2AC16,H2A clustered histone 16
81620,6.4750994965957e-07,1.71925337275993,10.6400354205711,CDT1,chromatin licensing and DNA replication factor 1
79641,5.12320011211229e-08,-1.45778759656254,-10.6279402373303,ROGDI,rogdi atypical leucine zipper
6491,3.42462869608373e-08,1.42170782824991,10.6135984401115,STIL,STIL centriolar assembly protein
653,8.55924927109899e-05,-2.60738909506709,-10.6057228657319,BMP5,bone morphogenetic protein 5
8425,1.28028911034887e-06,-1.79721889187313,-10.5904572937195,LTBP4,latent transforming growth factor beta binding protein 4
489,1.33072441806433e-06,-1.79283255241271,-10.534526082782,ATP2A3,ATPase sarcoplasmic/endoplasmic reticulum Ca2+ transporting 3
8343,4.51508416247133e-07,1.65583801009238,10.5068454721426,H2BC7,H2B clustered histone 7
85463,3.60161814784712e-06,-1.92868681331289,-10.4988111698495,ZC3H12C,zinc finger CCCH-type containing 12C
83547,3.63181168638536e-07,-1.63008327573373,-10.4975352709797,RILP,Rab interacting lysosomal protein
4234,1.39539239608742e-07,1.53054850345785,10.4923747391215,METTL1,"methyltransferase 1, tRNA methylguanosine"
1511,0.000292472773484014,-2.96822444176037,-10.4894515617207,CTSG,cathepsin G
8787,0.000121213362650169,-2.67663334127294,-10.4828993126848,RGS9,regulator of G protein signaling 9
3039,4.39792106941511e-05,-2.40382105632486,-10.4728535632724,HBA1,hemoglobin subunit alpha 1
956,3.84680875789237e-05,-2.36755242136184,-10.4525057737299,ENTPD3,ectonucleoside triphosphate diphosphohydrolase 3
57462,5.3048324818984e-08,-1.43379742669059,-10.4313470319605,MYORG,myogenesis regulating glycosidase (putative)
56992,2.80321700074829e-07,1.59109190517973,10.4253803553542,KIF15,kinesin family member 15
225689,2.11079783969864e-05,2.2229287995999,10.3934222157304,MAPK15,mitogen-activated protein kinase 15
100631383,7.19759428104186e-07,-1.69149441717855,-10.3905332822811,FAM47E-STBD1,FAM47E-STBD1 readthrough
146556,8.0253700586063e-05,-2.53449248948428,-10.3801025272649,C16orf89,chromosome 16 open reading frame 89
80148,3.023405484947e-07,-1.59174072434708,-10.3773593880265,SLC66A2,solute carrier family 66 member 2
6717,7.42212737237669e-08,-1.45460837242576,-10.3705890758552,SRI,sorcin
9811,1.62832748808622e-07,-1.52623048468757,-10.3604466724575,CTIF,cap binding complex dependent translation initiation factor
629,1.3093242434789e-05,2.12049034153371,10.3542542307191,CFB,complement factor B
341,2.12665084905383e-05,2.20898343069366,10.3210416910271,APOC1,apolipoprotein C1
219654,2.86839494072201e-06,-1.85875216285789,-10.3018755930765,ZCCHC24,zinc finger CCHC-type containing 24
3040,4.66369671754002e-05,-2.35157688832661,-10.1853137229512,HBA2,hemoglobin subunit alpha 2
57519,2.13712550904547e-06,-1.79262521034437,-10.1644896384815,STARD9,StAR related lipid transfer domain containing 9
2707,5.54204352872089e-06,1.9329562200511,10.1602558985638,GJB3,gap junction protein beta 3
8174,0.000229989889793063,-2.79177869018717,-10.1573039940337,MADCAM1,mucosal vascular addressin cell adhesion molecule 1
27338,1.21002181327076e-07,1.46376403961048,10.1251585691383,UBE2S,ubiquitin conjugating enzyme E2 S
100127983,0.000275060509654341,-2.838145459176,-10.1054205632031,C8orf88,chromosome 8 open reading frame 88
5016,4.53217373679333e-06,1.8863898409118,10.0802890374083,OVGP1,oviductal glycoprotein 1
5326,9.03974381865544e-08,1.42465903927488,10.0350758506317,PLAGL2,PLAG1 like zinc finger 2
54209,5.21266494529228e-05,2.34255582006877,10.0330264675508,TREM2,triggering receptor expressed on myeloid cells 2
94240,2.00031983204408e-06,1.75634014198939,10.0092078174036,EPSTI1,epithelial stromal interaction 1
8356,4.2727025188499e-05,2.29079136769208,10.0091486369065,H3C12,H3 clustered histone 12
4299,1.50472778684119e-08,-1.27224994325182,-9.95222869079655,AFF1,ALF transcription elongation factor 1
3957,3.0324911373118e-05,-2.1983555743788,-9.93261116678301,LGALS2,galectin 2
27163,2.37095804959879e-06,-1.75989905584145,-9.89956617042862,NAAA,N-acylethanolamine acid amidase
11174,2.55324262595289e-05,2.15506866095404,9.89803190748192,ADAMTS6,ADAM metallopeptidase with thrombospondin type 1 motif 6
57405,2.69250694698472e-05,2.15507715092945,9.84836459360528,SPC25,SPC25 component of NDC80 kinetochore complex
389792,3.67151838005554e-06,1.8118130330228,9.84748338512908,IER5L,immediate early response 5 like
8600,3.39186039855322e-05,2.19615199249261,9.81583755916944,TNFSF11,TNF superfamily member 11
3590,1.59326367094464e-06,-1.69036399769534,-9.80024421931977,IL11RA,interleukin 11 receptor subunit alpha
4779,1.57338839080661e-08,-1.24944185974213,-9.74959981322799,NFE2L1,NFE2 like bZIP transcription factor 1
643382,3.33630105822658e-06,-1.77310494392477,-9.7108254915408,TMEM253,transmembrane protein 253
6330,2.73906702451602e-05,-2.12493543631817,-9.69479978339656,SCN4B,sodium voltage-gated channel beta subunit 4
10813,2.67965521011945e-07,1.47499486743439,9.69354986635482,UTP14A,UTP14A small subunit processome component
771,3.61268927483523e-05,-2.18026033905215,-9.68508574085869,CA12,carbonic anhydrase 12
220108,3.69507499606208e-05,-2.17606762731126,-9.64515154171173,FAM124A,family with sequence similarity 124 member A
79691,2.34229848123669e-09,1.11722244317407,9.64202938566224,QTRT2,queuine tRNA-ribosyltransferase accessory subunit 2
10462,6.60306006785097e-06,-1.85974142049582,-9.63393433091124,CLEC10A,C-type lectin domain containing 10A
56938,1.8824121547416e-06,1.6810340062807,9.62439925399778,BMAL2,basic helix-loop-helix ARNT like 2
90381,3.50905784268404e-05,2.14052572275016,9.53563426667803,TICRR,TOPBP1 interacting checkpoint and replication regulator
80714,4.05260057966391e-06,1.76759349375461,9.53133464780129,PBX4,PBX homeobox 4
899,9.90709193850753e-07,1.58283361183742,9.50341817253391,CCNF,cyclin F
27042,1.55919864975076e-08,1.21623638234547,9.49527729704785,UTP25,UTP25 small subunit processome component
129049,5.51355795516108e-05,-2.22374621268261,-9.46997458604062,SGSM1,small G protein signaling modulator 1
128272,2.76053395864463e-07,1.44123056551545,9.45304123239366,ARHGEF19,Rho guanine nucleotide exchange factor 19
91298,2.01528109009692e-07,1.41029653196936,9.44287224050389,RLIG1,RNA 5'-phosphate and 3'-OH ligase 1
23397,2.69008171596034e-05,2.06560156468318,9.44028359064049,NCAPH,non-SMC condensin I complex subunit H
56954,5.06640621133352e-08,1.29355781591816,9.43689232482076,NIT2,nitrilase family member 2
2949,5.22860095390033e-05,-2.20180606624163,-9.42728478425259,GSTM5,glutathione S-transferase mu 5
84899,1.61814274502076e-07,1.38746850060908,9.4222752359811,TMTC4,transmembrane O-mannosyltransferase targeting cadherins 4
3170,1.20770918932882e-05,1.91420092168666,9.41411216267965,FOXA2,forkhead box A2
65983,1.13100083728525e-06,-1.57845828127502,-9.38636068867629,GRAMD2B,GRAM domain containing 2B
4495,0.000520852328408668,-2.85801716365938,-9.38368599791518,MT1G,metallothionein 1G
55603,1.38019827159328e-06,-1.59911358243731,-9.37089917447562,TENT5A,terminal nucleotidyltransferase 5A
51474,9.66174059639671e-08,-1.33084285672139,-9.3357889469588,LIMA1,LIM domain and actin binding 1
220963,0.000201912270083181,-2.52168495349753,-9.31721559590252,SLC16A9,solute carrier family 16 member 9
6201,3.33774383301992e-07,1.43172851080516,9.27265698838712,RPS7,ribosomal protein S7
79817,1.97167621612648e-07,-1.38219859411322,-9.26786881018922,MOB3B,MOB kinase activator 3B
84319,5.91011588581297e-07,1.48670218727738,9.25978185505722,CMSS1,cms1 ribosomal small subunit homolog
9401,2.63936520888402e-06,1.6585655164738,9.25230858334496,RECQL4,RecQ like helicase 4
8480,1.6225378301529e-06,1.59174831101765,9.21591259832115,RAE1,ribonucleic acid export 1
11260,2.58933769928315e-07,1.39597845123552,9.19504664489368,XPOT,exportin for tRNA
54751,2.48034640545048e-07,-1.39018767005115,-9.18286750144633,FBLIM1,filamin binding LIM protein 1
6764,5.78686497063476e-07,-1.46935557857706,-9.16518866219718,DENND2B,DENN domain containing 2B
80863,2.96289841957764e-05,-2.02258989434029,-9.15885991523657,PRRT1,proline rich transmembrane protein 1
2776,9.49051055049896e-08,-1.2976941382428,-9.11333015139179,GNAQ,G protein subunit alpha q
54331,1.4207771988305e-06,-1.55465135517421,-9.09078341145358,GNG2,G protein subunit gamma 2
145483,4.79949151637262e-07,-1.43806741625692,-9.0868672518011,FAM161B,FAM161 centrosomal protein B
10733,1.16837733221207e-06,1.53101274843714,9.08260586834444,PLK4,polo like kinase 4
84971,3.12173786209015e-07,-1.39532865295867,-9.07745506353684,ATG4D,autophagy related 4D cysteine peptidase
57549,1.04369651383314e-05,-1.81607555705594,-9.04664557503817,IGSF9,immunoglobulin superfamily member 9
55654,4.14202956377407e-09,-1.07461503899367,-9.00826877002985,TMEM127,transmembrane protein 127
23384,7.31843195567574e-08,-1.26162776249097,-9.00244830319634,SPECC1L,sperm antigen with calponin homology and coiled-coil domains 1 like
374393,1.11709189731315e-05,1.81513286151915,8.98837656180413,FAM111B,FAM111 trypsin like peptidase B
471,4.02876458047372e-08,1.21453234861557,8.98125795171227,ATIC,5-aminoimidazole-4-carboxamide ribonucleotide formyltransferase/IMP cyclohydrolase
375775,2.40814761216562e-05,-1.94255820478858,-8.97134937797802,PNPLA7,patatin like phospholipase domain containing 7
7784,2.27830949691563e-06,1.58828122544572,8.96169778275962,ZP3,zona pellucida glycoprotein 3
25886,1.16423028966695e-07,1.2903664006776,8.94735043466715,POC1A,POC1 centriolar protein A
79981,4.9940532288331e-05,-2.07104975736572,-8.90871752489977,FRMD1,FERM domain containing 1
4128,7.30794250970154e-06,-1.73353650883028,-8.90379867254071,MAOA,monoamine oxidase A
27147,8.42364948857028e-06,-1.74914261859255,-8.87602371536875,DENND2A,DENN domain containing 2A
23322,2.00841903119375e-06,1.55702608261567,8.87060440781194,RPGRIP1L,RPGRIP1 like
79017,5.58610122131192e-07,1.41708737531552,8.86089317740621,GGCT,gamma-glutamylcyclotransferase
58516,2.07472069133391e-06,1.55724378992454,8.84987931127905,SINHCAF,SIN3-HDAC complex associated factor
55759,1.19545883274405e-07,1.26905436599357,8.78498490734664,WDR12,WD repeat domain 12
79007,1.00008264542232e-05,1.75628503148144,8.78136212263773,DBNDD1,dysbindin domain containing 1
26271,1.07575176024819e-05,1.76509990556119,8.76952456418188,FBXO5,F-box protein 5
9156,3.62833326044218e-05,1.97447113011352,8.7672300022179,EXO1,exonuclease 1
140838,1.28326998458964e-06,1.48793616634645,8.76644667435567,NANP,N-acetylneuraminic acid phosphatase
440145,2.19347429225499e-05,1.87727951749383,8.74599644086645,MZT1,mitotic spindle organizing protein 1
8842,8.13028067582789e-10,-0.960775293456955,-8.73334601855914,PROM1,prominin 1
5794,2.98131527959608e-06,-1.57752031857533,-8.71673380059454,PTPRH,protein tyrosine phosphatase receptor type H
3714,6.72163692599564e-06,1.68435524620445,8.71236953558626,JAG2,jagged canonical Notch ligand 2
56901,4.0714662780025e-05,1.97690704793591,8.67911450246422,NDUFA4L2,NDUFA4 mitochondrial complex associated like 2
5464,2.02632828379404e-07,1.29495457920262,8.66750678610912,PPA1,inorganic pyrophosphatase 1
26033,0.00227989203212908,-3.27869888204105,-8.66260349383187,ATRNL1,attractin like 1
50853,1.23982719156103e-06,-1.46656059782823,-8.66244379281686,VILL,villin like
4254,4.18167332626089e-06,-1.60845917429487,-8.6513387728342,KITLG,KIT ligand
6468,8.64697802476589e-08,-1.22333700755435,-8.6405952235734,FBXW4,F-box and WD repeat domain containing 4
8331,1.92617435798176e-05,1.82867979556408,8.62278189159531,H2AC14,H2A clustered histone 14
9933,1.95563314248373e-08,1.11754660474084,8.61484560565368,PUM3,pumilio RNA binding family member 3
1181,5.69392097833993e-07,-1.37649867970329,-8.59566791417958,CLCN2,chloride voltage-gated channel 2
55299,4.40344454807542e-08,1.16784170788509,8.59088589332758,BRIX1,biogenesis of ribosomes BRX1
38,1.3109118243179e-06,-1.45433066972437,-8.55499329929817,ACAT1,acetyl-CoA acetyltransferase 1
624,4.91792150938343e-06,-1.61103409648113,-8.55172084513933,BDKRB2,bradykinin receptor B2
26020,9.33491602168897e-09,-1.06450263390704,-8.54783861287023,LRP10,LDL receptor related protein 10
8339,4.43749295159875e-06,1.5952933902525,8.5393858840238,H2BC8,H2B clustered histone 8
80324,3.07483297908579e-07,1.30708763625968,8.51198796267485,PUS1,pseudouridine synthase 1
1111,1.0830255101717e-05,1.71163141942531,8.49886843323514,CHEK1,checkpoint kinase 1
11142,1.31547733516834e-06,-1.4440314490474,-8.49222856313281,PKIG,cAMP-dependent protein kinase inhibitor gamma
23474,2.73410400868095e-06,-1.52359230456113,-8.47602580663954,ETHE1,ETHE1 persulfide dioxygenase
783,7.44799703326036e-05,-2.05043015705694,-8.46409470662887,CACNB2,calcium voltage-gated channel auxiliary subunit beta 2
83903,6.63230702786249e-06,1.63211440725315,8.45163577487665,HASPIN,histone H3 associated protein kinase
54897,1.22582214351246e-06,-1.42712470101299,-8.43655119041732,CASZ1,castor zinc finger 1
221895,1.32231034643708e-05,-1.72912723602286,-8.43583530029065,JAZF1,JAZF zinc finger 1
1026,2.03738559124541e-06,-1.47965923985832,-8.42063237795854,CDKN1A,cyclin dependent kinase inhibitor 1A
8894,1.74983433245655e-08,1.08488912446203,8.41548826546888,EIF2S2,eukaryotic translation initiation factor 2 subunit beta
2549,4.57921804066447e-08,-1.14516660997812,-8.40461672048725,GAB1,GRB2 associated binding protein 1
2354,0.00124217228674185,-2.8731214214249,-8.34876841441529,FOSB,"FosB proto-oncogene, AP-1 transcription factor subunit"
200942,3.41287651713074e-05,-1.86613872151687,-8.33581665905458,KLHDC8B,kelch domain containing 8B
11130,8.32329798883458e-07,1.36829028090583,8.31880065554151,ZWINT,ZW10 interacting kinetochore protein
84722,1.01548740416849e-05,1.65422168929042,8.26006727612466,PSRC1,proline and serine rich coiled-coil 1
55257,4.85762666151511e-06,1.55136395051013,8.24329004751156,MRGBP,MRG domain binding protein
79153,1.24846679068754e-05,-1.67817887865677,-8.22915655660056,GDPD3,glycerophosphodiester phosphodiesterase domain containing 3
55661,8.87456943621123e-08,1.16541568091796,8.21833972571394,DDX27,DEAD-box helicase 27
56937,1.03104762919945e-05,1.64397547526583,8.19804747321814,PMEPA1,"prostate transmembrane protein, androgen induced 1"
29070,2.63700035210854e-05,1.78700860033088,8.18251547439902,CCDC113,coiled-coil domain containing 113 [Source:HGNC Symbol;Acc:HGNC:25002]
686,2.96662374113053e-08,-1.08389149722858,-8.15925070435684,BTD,biotinidase
4176,2.90586758673065e-07,1.24104753151433,8.11238540693892,MCM7,minichromosome maintenance complex component 7
5151,2.94772264666447e-07,-1.24139430115219,-8.10694209597519,PDE8A,phosphodiesterase 8A
79075,7.41407372012516e-05,1.96193116276451,8.10266406829184,DSCC1,DNA replication and sister chromatid cohesion 1
6578,0.000185441596119898,-2.16750874388898,-8.08869361831178,SLCO2A1,solute carrier organic anion transporter family member 2A1
151742,2.70243988828185e-06,-1.45136634159916,-8.08156186172254,PPM1L,"protein phosphatase, Mg2+/Mn2+ dependent 1L"
8516,3.61150271256985e-06,-1.48324979788953,-8.07230825504989,ITGA8,integrin subunit alpha 8
441631,7.42106484869057e-05,-1.95470424821565,-8.07201720987586,TSPAN11,tetraspanin 11
79629,9.18549801201786e-07,-1.33652085044824,-8.06843910342397,OCEL1,occludin/ELL domain containing 1
112476,9.70988717667375e-05,-2.01066480686869,-8.06836721836793,PRRT2,proline rich transmembrane protein 2
84172,2.62883207437954e-07,1.22595468309376,8.06707255610088,POLR1B,RNA polymerase I subunit B
2971,4.71172614397523e-05,1.86313231551471,8.06143809023916,GTF3A,general transcription factor IIIA
7094,3.45671237183426e-06,-1.46981440158686,-8.02715141586402,TLN1,talin 1
27074,0.000138078053273117,2.0736118682301,8.00388332443402,LAMP3,lysosomal associated membrane protein 3
6549,0.000201094588899045,-2.15986152547601,-7.98414328427327,SLC9A2,solute carrier family 9 member A2
374383,1.55218876228396e-06,1.37261905042889,7.97362019645463,NCR3LG1,natural killer cell cytotoxicity receptor 3 ligand 1
11148,0.000155933713774113,-2.09293660705425,-7.96793519251895,HHLA2,HHLA2 member of B7 family
4318,0.000400329056016297,2.3413153852225,7.95481308710218,MMP9,matrix metallopeptidase 9
153090,1.7720596463721e-07,-1.17793529904352,-7.95285569044037,DAB2IP,DAB2 interacting protein
54892,9.19926475458829e-07,1.31498832556739,7.93759418004485,NCAPG2,non-SMC condensin II complex subunit G2
5920,1.17226942747293e-05,-1.609273277827,-7.93528237638929,PLAAT4,phospholipase A and acyltransferase 4
10455,1.53078411583212e-05,-1.646862991299,-7.92978702040314,ECI2,enoyl-CoA delta isomerase 2
84128,1.87196403531662e-07,1.17777207243403,7.92370011532219,WDR75,WD repeat domain 75
2517,3.54096941237761e-06,-1.44930179559861,-7.89996701899993,FUCA1,alpha-L-fucosidase 1
84650,3.75866156130749e-06,1.44969155815497,7.8645285404945,EBPL,EBP like
56915,1.70831972439454e-06,1.3621956429451,7.85636916761825,EXOSC5,exosome component 5
6575,2.01362786349618e-07,-1.17285699746369,-7.85347483623362,SLC20A2,solute carrier family 20 member 2
56957,2.44743763458413e-07,-1.18425918845023,-7.82947899497945,OTUD7B,OTU deubiquitinase 7B
66008,7.48044797508424e-08,-1.09771000466204,-7.8223609598965,TRAK2,trafficking kinesin protein 2
54908,7.65005639079152e-07,1.2782342444959,7.81810931247711,SPDL1,spindle apparatus coiled-coil protein 1
127845,4.88686534671169e-05,1.80894232955281,7.79829544043937,GOLT1A,golgi transport 1A
79616,1.26670238866801e-05,-1.58969457039764,-7.78525161451835,CCNJL,cyclin J like
101730217,2.22799114905787e-07,-1.16946376602685,-7.7793741755757,SPECC1L-ADORA2A,SPECC1L-ADORA2A readthrough (NMD candidate)
1869,1.83930340926593e-05,1.64245048262779,7.77757234826129,E2F1,E2F transcription factor 1
6223,1.01305526293314e-07,1.10991018333594,7.76311900712022,RPS19,ribosomal protein S19
8914,1.89472496717205e-06,1.35043622900362,7.72780896010883,TIMELESS,timeless circadian regulator
80772,7.10023038575302e-07,-1.2550666878986,-7.71706313254011,CPTP,ceramide-1-phosphate transfer protein
5602,0.000135838947419138,-1.99343819603956,-7.70857704823252,MAPK10,mitogen-activated protein kinase 10
79071,8.13842428524385e-07,-1.26277506852882,-7.68961785532515,ELOVL6,ELOVL fatty acid elongase 6
161753,0.00115512875789212,-2.60179711252233,-7.64243975380761,CIMAP1C,ciliary microtubule associated protein 1C
57477,1.3488890559088e-05,1.5664774202221,7.62878226996684,SHROOM4,shroom family member 4
25928,0.000506111480242695,-2.31401509592377,-7.6264240719775,SOSTDC1,sclerostin domain containing 1
57332,1.05783650081838e-05,1.53264958380483,7.6258228410701,CBX8,chromobox 8
9245,0.000444942187609649,-2.27080537021491,-7.61105021683664,GCNT3,"glucosaminyl (N-acetyl) transferase 3, mucin type"
7832,2.57318473232554e-05,-1.65739073688768,-7.60664290778911,BTG2,BTG anti-proliferation factor 2
9060,3.43590275782613e-05,-1.69638680616087,-7.57260138150925,PAPSS2,3'-phosphoadenosine 5'-phosphosulfate synthase 2
51,3.73893377498073e-06,-1.39435010629342,-7.56748971976666,ACOX1,acyl-CoA oxidase 1
26579,0.00066030803360977,2.34886921618714,7.46999935525623,MYEOV,myeloma overexpressed
3838,5.26718765776427e-06,1.41500699180762,7.46900291566918,KPNA2,karyopherin subunit alpha 2
23710,4.12269956782266e-06,-1.3839369237197,-7.4522488898441,GABARAPL1,GABA type A receptor associated protein like 1
26504,3.25805614605071e-06,-1.35798618390441,-7.45132646028709,CNNM4,cyclin and CBS domain divalent metal cation transport mediator 4
203260,1.34114537730275e-06,-1.26418735143911,-7.42397074260108,CCDC107,coiled-coil domain containing 107
5865,0.000481409677293575,-2.22623566745771,-7.38550384241347,RAB3B,"RAB3B, member RAS oncogene family"
9620,0.000237824490011272,2.0324175069566,7.3649595794722,CELSR1,cadherin EGF LAG seven-pass G-type receptor 1
79866,2.8683669177942e-05,1.61905937721153,7.35435912568887,BORA,BORA aurora kinase A activator
9289,1.05266725469183e-05,1.47594233987066,7.34681130105945,ADGRG1,adhesion G protein-coupled receptor G1
9767,8.05920747299137e-06,1.43992827751775,7.33457370248815,JADE3,jade family PHD finger 3
4494,0.00031206497879253,-2.08563813499074,-7.31173625090396,MT1F,metallothionein 1F
11228,7.30853561753968e-05,-1.76751546827371,-7.31074380431442,RASSF8,Ras association domain family member 8
3002,0.000258601662590173,2.03659127210333,7.30600375837218,GZMB,granzyme B
54478,0.000146260387428841,1.89979671374073,7.28547965592215,PIMREG,PICALM interacting mitotic regulator
89839,7.03113050677505e-05,1.75268116795103,7.27884079467029,ARHGAP11B,Rho GTPase activating protein 11B
254102,2.62972330200111e-06,-1.30220265230802,-7.26640792692105,EHBP1L1,EH domain binding protein 1 like 1
23335,2.13506483547935e-07,-1.08924162923278,-7.26588315647916,WDR7,WD repeat domain 7
30,8.00020890232195e-07,-1.19127073709044,-7.26305697557313,ACAA1,acetyl-CoA acyltransferase 1
169981,2.85734116282895e-05,1.5978152230736,7.26053293455588,SPIN3,spindlin family member 3
25849,8.65789793204147e-05,-1.78514685480594,-7.25231536653129,PARM1,prostate androgen-regulated mucin-like protein 1
3671,2.55401010036768e-08,0.95475094414502,7.24921138136609,ISLR,immunoglobulin superfamily containing leucine rich repeat
135398,0.00020862900222197,1.96608440105521,7.23642002575695,C6orf141,chromosome 6 open reading frame 141
7023,5.47936301007063e-06,1.37351553575567,7.2264359817457,TFAP4,transcription factor AP-4
3727,5.99597902121929e-06,-1.38302067305523,-7.22232743283366,JUND,"JunD proto-oncogene, AP-1 transcription factor subunit"
960,1.85421636275539e-05,1.52488430745494,7.21550793734206,CD44,CD44 molecule (IN blood group)
3708,2.98044904248726e-05,-1.5888829242594,-7.19083652531606,ITPR1,"inositol 1,4,5-trisphosphate receptor type 1"
1594,0.000280441228330512,2.02278549174784,7.18525394866986,CYP27B1,cytochrome P450 family 27 subfamily B member 1
10196,1.55036188942875e-06,1.23426353069785,7.17053657340722,PRMT3,protein arginine methyltransferase 3
51001,1.95018926784108e-06,1.25238365122381,7.15101451285542,MTERF3,mitochondrial transcription termination factor 3
9818,2.35306719814245e-06,1.26789570400711,7.13618065383225,NUP58,nucleoporin 58
11226,5.25120231140534e-05,1.6635836797481,7.11970769615455,GALNT6,polypeptide N-acetylgalactosaminyltransferase 6
166968,3.09041099905142e-06,-1.29054106148977,-7.11086028934711,MIER3,MIER family member 3
3149,5.52975989117502e-06,1.34722347746003,7.08274953540161,HMGB3,high mobility group box 3
25777,1.16339750916195e-06,-1.18987694599904,-7.06105328983507,SUN2,Sad1 and UNC84 domain containing 2
118932,3.92717338224005e-05,1.59411480420694,7.02354217775992,ANKRD22,ankyrin repeat domain 22
1875,2.65133391324027e-05,1.53377405702154,7.01937153302571,E2F5,E2F transcription factor 5
79913,1.20561683945513e-06,1.18463303570203,7.01159498827891,ACTR5,actin related protein 5
84306,1.30492376408375e-05,1.43009178226225,6.98516155219347,PDCD2L,programmed cell death 2 like
79633,0.000215892768025742,-1.90218424129487,-6.97295452882001,FAT4,FAT atypical cadherin 4
79596,2.75532208605323e-06,1.25378502256609,6.97082860624155,OBI1,ORC ubiquitin ligase 1
57447,1.29975602492695e-05,-1.42268166807603,-6.95141918898348,NDRG2,NDRG family member 2
1612,6.79982506947598e-05,-1.66720240208818,-6.94806977807388,DAPK1,death associated protein kinase 1
130,0.000454803149557935,-2.07841470755949,-6.94642886859829,ADH6,alcohol dehydrogenase 6 (class V)
81572,1.4759451432791e-05,1.42973243135597,6.90693698538055,PDRG1,p53 and DNA damage regulated 1
200916,5.74440691414497e-05,1.62803725522705,6.90410681077164,RPL22L1,ribosomal protein L22 like 1
1019,4.0244924640844e-06,1.2796325949484,6.90398751192217,CDK4,cyclin dependent kinase 4
4485,3.60117495697064e-05,1.55038858577867,6.88923815949937,MST1,macrophage stimulating 1
387119,2.61365198311216e-05,-1.50151123440606,-6.88105397395947,CEP85L,centrosomal protein 85 like
4351,8.76626258802118e-06,-1.35709937141639,-6.86310329638383,MPI,mannose phosphate isomerase
57085,8.88230023197059e-07,1.13381044012132,6.86122502434811,AGTRAP,angiotensin II receptor associated protein
6635,5.40740645380656e-06,1.29592748862855,6.82566431832174,SNRPE,small nuclear ribonucleoprotein polypeptide E
376267,9.24830681981897e-07,1.12827440726935,6.80793756165219,RAB15,"RAB15, member RAS oncogene family"
80034,0.000568684896213322,-2.09287652721549,-6.79165285961068,CSRNP3,cysteine and serine rich nuclear protein 3
8346,0.000230304593546288,1.86503364236219,6.78442803120648,H2BC10,H2B clustered histone 10
10606,4.53459198363605e-06,1.26813072958612,6.776208090745,PAICS,phosphoribosylaminoimidazole carboxylase and phosphoribosylaminoimidazolesuccinocarboxamide synthase
80209,5.95175517742555e-06,1.29623047766355,6.77326433189686,PROSER1,proline and serine rich 1
2491,8.66854521439342e-05,1.66471462096351,6.76216032075204,CENPI,centromere protein I
92092,1.89243084520503e-05,1.43080286794403,6.75765330333201,ZC3HAV1L,"zinc finger CCCH-type containing, antiviral 1 like"
10535,1.42613778862055e-05,1.38917373553636,6.73171158806238,RNASEH2A,ribonuclease H2 subunit A
65249,3.61845977276959e-05,1.51021165011709,6.70756917822085,ZSWIM4,zinc finger SWIM-type containing 4
285195,9.25882295566299e-05,-1.66148932774145,-6.70152452601488,SLC9A9,solute carrier family 9 member A9
10576,7.6150210103494e-07,1.09513849364631,6.70041748869432,CCT2,chaperonin containing TCP1 subunit 2
10007,4.5482213263208e-06,1.25339456522011,6.69583231733563,GNPDA1,glucosamine-6-phosphate deaminase 1
23509,1.23608804176179e-06,1.13300389182387,6.69373101687475,POFUT1,protein O-fucosyltransferase 1
5463,4.94528753739922e-05,-1.55175721264929,-6.68156932142465,POU6F1,POU class 6 homeobox 1
55425,7.99407673681169e-06,1.30839262416856,6.66918034317476,GPALPP1,GPALPP motifs containing 1
642475,0.000361057421288181,1.93290224679919,6.65386855046108,MROH6,maestro heat like repeat family member 6
26994,1.14181623258965e-06,-1.11880061478836,-6.64836501038796,RNF11,ring finger protein 11
8399,0.000232115234363316,-1.8273326288995,-6.641068311967,PLA2G10,phospholipase A2 group X
389677,1.13604193136376e-05,1.34172783500882,6.63431501831484,RBM12B,RNA binding motif protein 12B
83660,1.75272104240251e-05,-1.39462160722794,-6.63322089840525,TLN2,talin 2
8208,3.08585283664375e-05,1.46880186818936,6.62521411700033,CHAF1B,chromatin assembly factor 1 subunit B
79908,0.00117004282769397,-2.25679910428883,-6.61647964481578,BTNL8,butyrophilin like 8
4891,2.10244006239653e-05,1.41391981836844,6.61329376468769,SLC11A2,solute carrier family 11 member 2
134637,1.40109623569767e-05,1.36206814045778,6.61084135184638,ADAT2,adenosine deaminase tRNA specific 2
10614,9.70059150584333e-06,-1.3177113023566,-6.60595265081004,HEXIM1,HEXIM P-TEFb complex subunit 1
22849,2.38541369916318e-05,-1.42229025343201,-6.57444608375783,CPEB3,cytoplasmic polyadenylation element binding protein 3
65982,2.64495600567722e-05,-1.43389610327574,-6.56377634312216,ZSCAN18,zinc finger and SCAN domain containing 18
162514,0.000316235351761051,-1.87297313581622,-6.55538646303966,TRPV3,transient receptor potential cation channel subfamily V member 3
387103,0.000670428558029854,2.06244707638929,6.54547999648309,CENPW,centromere protein W
8780,5.65134800602074e-06,-1.24638579279561,-6.54084312555139,RIOK3,RIO kinase 3
220992,9.82755379188006e-06,1.30547882949842,6.53725647915878,ZNF485,zinc finger protein 485
5028,0.000440955579269911,-1.93796482112159,-6.50304474984982,P2RY1,purinergic receptor P2Y1
84918,7.63442293484493e-06,1.26941869066195,6.49589951634336,LRP11,LDL receptor related protein 11
55795,1.5760773120771e-05,1.35038431374688,6.48511598858047,PCID2,PCI domain containing 2
5025,2.25504521376709e-05,-1.38814292861006,-6.45048467461014,P2RX4,purinergic receptor P2X 4
1889,1.13120237206814e-06,-1.08242858538915,-6.4366179534106,ECE1,endothelin converting enzyme 1
100533107,4.38710454343004e-05,1.47531035128293,6.42913992978468,RTEL1-TNFRSF6B,RTEL1-TNFRSF6B readthrough (NMD candidate)
162461,0.000191791526320563,1.72753151588722,6.42152933485739,TMEM92,transmembrane protein 92
4051,2.45285512838933e-05,1.38874373934832,6.40256428733899,CYP4F3,cytochrome P450 family 4 subfamily F member 3
57708,2.10233822842043e-06,-1.12021372374858,-6.3597864752997,MIER1,MIER1 transcriptional regulator
6489,0.00125036941550902,-2.18429207748423,-6.34091615050416,ST8SIA1,"ST8 alpha-N-acetyl-neuraminide alpha-2,8-sialyltransferase 1"
90529,1.56429403397639e-05,-1.31878139689039,-6.33764350801616,STPG1,sperm tail PG-rich repeat containing 1
51092,2.62691783740843e-06,-1.13524144346411,-6.33527562259979,SIDT2,SID1 transmembrane family member 2
4609,9.42551596979928e-05,1.56952106152487,6.31841288009622,MYC,"MYC proto-oncogene, bHLH transcription factor"
3978,7.95629776953103e-06,1.23619171967438,6.30369880278874,LIG1,DNA ligase 1
9675,3.46530093675211e-06,1.15247925430506,6.29283527137154,TTI1,TELO2 interacting protein 1
81693,0.000176875947086857,-1.67484503830971,-6.2845733287326,AMN,amnion associated transmembrane protein
22894,2.6111967333721e-06,1.12411381409316,6.27610773894306,DIS3,"DIS3 homolog, exosome endoribonuclease and 3'-5' exoribonuclease"
51659,0.000262630177111685,1.75086751768659,6.26925318539997,GINS2,GINS complex subunit 2
79750,0.00181929539385823,-2.2845850339128,-6.25998409515654,ZNF385D,zinc finger protein 385D
10799,3.7983825477489e-05,1.41267105575165,6.24457296870851,RPP40,ribonuclease P/MRP subunit p40
4173,2.59494144987734e-05,1.35878988995481,6.23123710370296,MCM4,minichromosome maintenance complex component 4
2177,4.93629142592605e-05,1.44681294167096,6.23084346957909,FANCD2,FA complementation group D2
9521,1.4057336974222e-05,1.27771232262393,6.1995840564133,EEF1E1,eukaryotic translation elongation factor 1 epsilon 1
54809,0.000123793472904378,-1.58483253256446,-6.19241972541187,SAMD9,sterile alpha motif domain containing 9
115795,0.000145703720536921,1.60373366550805,6.15277129077835,FANCD2OS,FANCD2 opposite strand
5734,0.000193591547214517,-1.65631177712543,-6.15007380073689,PTGER4,prostaglandin E receptor 4
219790,0.000320845963739396,1.75662537287065,6.13712807248436,RTKN2,rhotekin 2
10882,0.00386656524136133,-2.52179747888465,-6.08427686860897,C1QL1,complement C1q like 1
1831,7.07932531038611e-05,-1.45576480919513,-6.04143579416408,TSC22D3,TSC22 domain family member 3
92421,8.71314609530301e-05,1.48757408670525,6.03929047249429,CHMP4C,charged multivesicular body protein 4C
79723,4.45336688881762e-05,1.38464052664947,6.02500228051302,SUV39H2,SUV39H2 histone lysine methyltransferase
196996,0.00127946097054968,2.07639702045764,6.00696042933371,GRAMD2A,GRAM domain containing 2A
120892,8.3509768624677e-05,-1.47283147400034,-6.00659369264915,LRRK2,leucine rich repeat kinase 2
6541,8.46070748468497e-06,1.1825692985308,5.9986931238348,SLC7A1,solute carrier family 7 member 1
596,0.000228549994882883,-1.62952943180879,-5.9331472704568,BCL2,BCL2 apoptosis regulator
6484,0.00138003575769588,-2.07321081609584,-5.92961028353027,ST3GAL4,"ST3 beta-galactoside alpha-2,3-sialyltransferase 4"
7782,4.99678664337081e-05,-1.37486574299693,-5.91372266086896,SLC30A4,solute carrier family 30 member 4
4171,6.87836667747112e-05,1.41816813190548,5.90314566234641,MCM2,minichromosome maintenance complex component 2
26354,1.17059253279935e-05,1.19285156068706,5.88265989847265,GNL3,G protein nucleolar 3
65975,0.00387936036910894,-2.42873684607014,-5.85626712960215,STK33,serine/threonine kinase 33
1909,0.000200016744479564,1.57952267102573,5.84254955197555,EDNRA,endothelin receptor type A
599,5.51233035287558e-05,-1.37022125401965,-5.83531297219551,BCL2L2,BCL2 like 2
320,0.000413963044072737,-1.72111637362741,-5.82260283127274,APBA1,amyloid beta precursor protein binding family A member 1
2041,0.000107149829306848,1.4623877263114,5.80569172783275,EPHA1,EPH receptor A1
6173,2.38793197707145e-05,1.25433554801635,5.79751136867745,RPL36A,ribosomal protein L36a
55824,0.000101015081904347,-1.44936804139717,-5.79111491805486,PAG1,phosphoprotein membrane anchor with glycosphingolipid microdomains 1
79651,0.000196251510979715,1.55684217417964,5.77150505492472,RHBDF2,rhomboid 5 homolog 2
7293,0.00164420994584386,2.06063646379715,5.73689996429277,TNFRSF4,TNF receptor superfamily member 4
1384,7.86200717322866e-05,-1.39630240968178,-5.73107655414731,CRAT,carnitine O-acetyltransferase
10672,1.10122792751515e-05,-1.14901025300921,-5.69693391367086,GNA13,G protein subunit alpha 13
646962,0.00224610264849653,-2.14816748472428,-5.68957281439654,HRCT1,histidine rich carboxyl terminus 1
10797,3.09157569546281e-05,1.25947132829913,5.67998913136335,MTHFD2,"methylenetetrahydrofolate dehydrogenase (NADP+ dependent) 2, methenyltetrahydrofolate cyclohydrolase"
8556,7.74230337853182e-05,-1.38054574242486,-5.6756027627339,CDC14A,cell division cycle 14A
1871,1.74528446126354e-05,1.19012303814301,5.66276462768998,E2F3,E2F transcription factor 3
3706,0.000376205336108003,-1.65288881114631,-5.66044178091998,ITPKA,inositol-trisphosphate 3-kinase A
57326,9.78177441229361e-06,-1.12882419749984,-5.65493778408244,PBXIP1,PBX homeobox interacting protein 1
8355,0.00137337566358967,1.9725123092248,5.64574574391306,H3C8,H3 clustered histone 8
57655,3.99535454687909e-05,1.283144658692,5.64384079184774,GRAMD1A,GRAM domain containing 1A
51114,3.56964112799201e-05,1.26515857868238,5.62663519466466,ZDHHC9,zinc finger DHHC-type palmitoyltransferase 9
29923,0.0014963835714265,1.99082447758256,5.6239936800945,HILPDA,hypoxia inducible lipid droplet associated
203,9.41177003695735e-05,-1.39342503041272,-5.6103871811139,AK1,adenylate kinase 1
124930,0.000148075437666488,1.46108928748113,5.59526622845977,ANKRD13B,ankyrin repeat domain 13B
27085,0.000394889327980761,1.64331315591371,5.59305675668754,MTBP,MDM2 binding protein
863,0.000470459845176038,-1.67272150952889,-5.5659430841561,CBFA2T3,CBFA2/RUNX1 partner transcriptional co-repressor 3
81544,0.000557653561096357,1.70886385416126,5.56002013493433,GDPD5,glycerophosphodiester phosphodiesterase domain containing 5
8767,0.000258163402913337,1.5369125516167,5.51460410748342,RIPK2,receptor interacting serine/threonine kinase 2
79977,0.000139344227792608,1.42964531808906,5.51258513217961,GRHL2,grainyhead like transcription factor 2
6676,0.000251021969489484,1.52726354767767,5.49858903181201,SPAG4,sperm associated antigen 4
4092,8.49382344297704e-06,-1.07814265494653,-5.46715010734603,SMAD7,SMAD family member 7
94,0.000161815947441527,-1.44206490499505,-5.46683730944331,ACVRL1,activin A receptor like type 1
10110,5.20133389275919e-05,-1.27593714999363,-5.46596835767139,SGK2,serum/glucocorticoid regulated kinase 2
9218,1.55689388478996e-05,-1.13605433108224,-5.4618549712168,VAPA,VAMP associated protein A
54463,0.000511105852098003,-1.65837133302527,-5.45851124335169,RETREG1,reticulophagy regulator 1
139886,0.00073770228722007,1.73076440217528,5.42095984362024,SPIN4,spindlin family member 4
5864,0.000336181095770367,-1.55942713024021,-5.41655584893734,RAB3A,"RAB3A, member RAS oncogene family"
2822,0.00105768565356137,-1.81955262192175,-5.41433972557945,GPLD1,glycosylphosphatidylinositol specific phospholipase D1
6185,1.22007227905691e-05,1.09817369039234,5.39600210301989,RPN2,ribophorin II
5723,8.79144777929054e-05,1.32990220739681,5.39400302609744,PSPH,phosphoserine phosphatase
6628,0.000110027208889819,1.35754985739805,5.37386097997676,SNRPB,small nuclear ribonucleoprotein polypeptides B and B1
93081,0.000830157549801746,1.74332598966431,5.37090753213141,TEX30,testis expressed 30
6227,0.00011303097484437,1.35342505705054,5.34170143496995,RPS21,ribosomal protein S21
284403,0.000839152170054562,1.71841108029978,5.28610618808232,WDR62,WD repeat domain 62
79883,0.00138420657308213,1.84314207176976,5.26917288265371,PODNL1,podocan like 1
29107,0.000321741961409546,1.48598543174199,5.18979267077704,NXT1,nuclear transport factor 2 like export factor 1
26499,7.26978954663559e-05,1.25076827818131,5.17627720417957,PLEK2,pleckstrin 2
5688,2.21694572881946e-05,1.11192011261986,5.17514855601353,PSMA7,proteasome 20S subunit alpha 7
51228,0.000125864539008319,-1.325504263151,-5.16959468391578,GLTP,glycolipid transfer protein
63967,0.000276274900241996,1.43812669006334,5.11780186923679,CLSPN,claspin
10212,1.35647688104293e-05,1.05004905288931,5.11120575310742,DDX39A,DExD-box helicase 39A
6786,1.96789850007503e-05,-1.0855495662639,-5.10859333359873,STIM1,stromal interaction molecule 1
55630,6.94860409506011e-05,1.22837749289591,5.10771944069532,SLC39A4,solute carrier family 39 member 4
57026,0.000244001840413387,-1.4085736234985,-5.08862278849332,PDXP,pyridoxal phosphatase
11162,0.000169798790696111,-1.34646368089561,-5.07625614528586,NUDT6,nudix hydrolase 6
55346,0.000139814561343403,-1.31664595538952,-5.07494283691605,TCP11L1,t-complex 11 like 1
7433,0.000331771692494235,-1.45818754298759,-5.07326875154176,VIPR1,vasoactive intestinal peptide receptor 1
124460,0.00152568126880499,1.79883547132549,5.06648519708145,SNX20,sorting nexin 20
57568,0.000166444879352534,-1.33740364905997,-5.053686704087,SIPA1L2,signal induced proliferation associated 1 like 2
90417,4.84308645050698e-05,1.17014798766591,5.04904554965427,KNSTRN,kinetochore localized astrin (SPAG5) binding protein
8792,0.000266375388105908,-1.40569871825396,-5.02467836836818,TNFRSF11A,TNF receptor superfamily member 11a
100820829,0.000473426473224776,-1.50539596944979,-5.00506142677518,MYZAP,myocardial zonula adherens protein
3604,0.00367649785426926,2.05448234203128,5.00177220657036,TNFRSF9,TNF receptor superfamily member 9
54414,0.000273790939994259,-1.40365131170945,-5.00062139151667,SIAE,sialic acid acetylesterase
23246,5.90838814140043e-05,1.1806155802614,4.99226955919585,BOP1,BOP1 ribosomal biogenesis factor
3976,0.000445642591778313,1.48668814441928,4.98191175776851,LIF,LIF interleukin 6 family cytokine
183,0.000835092307488925,1.60213120968448,4.93178525621032,AGT,angiotensinogen
6348,0.0026102373262232,1.90553935676227,4.92261793918861,CCL3,C-C motif chemokine ligand 3
727910,0.00113831756933808,-1.67218470832215,-4.9224712626151,TLCD2,TLC domain containing 2
23359,0.00346236224090416,-2.00011468960508,-4.92153720263664,ENTREP2,endosomal transmembrane epsin interactor 2
57002,0.000147045250602471,1.2791392472022,4.90236384036884,YAE1,YAE1 maturation factor of ABCE1
79783,0.00178551875514354,-1.77933839103323,-4.89004108151152,SUGCT,succinyl-CoA:glutarate-CoA transferase
122060,0.00192888832936075,-1.79968611085312,-4.88559513359761,SLAIN1,SLAIN motif family member 1
57178,9.02749851699935e-05,-1.20716265401967,-4.88228796032951,ZMIZ1,zinc finger MIZ-type containing 1
399665,0.000103967850800469,-1.21486470621907,-4.83892874550353,EEIG1,estrogen-induced osteoclastogenesis regulator 1
8968,0.00112957672836363,1.63898437778403,4.83022506800794,H3C7,H3 clustered histone 7
100529097,7.29508267296931e-05,1.1623390199346,4.8085614019257,RPL36A-HNRNPH2,RPL36A-HNRNPH2 readthrough
634,0.00191964028709975,-1.76872245521284,-4.80523004691253,CEACAM1,CEA cell adhesion molecule 1
130340,0.00016952436735121,1.2732561048477,4.80115320750435,AP1S3,adaptor related protein complex 1 subunit sigma 3
55213,7.36457034241961e-05,1.15754232459299,4.78395178881881,RCBTB1,RCC1 and BTB domain containing protein 1
8344,0.00063831840844898,1.49507357896998,4.77670421507804,H2BC6,H2B clustered histone 6
1958,0.00127381629187405,-1.64519611769991,-4.7626670552255,EGR1,early growth response 1
23491,0.00208790414849306,-1.77298298238161,-4.75210756994839,CES3,carboxylesterase 3
55003,4.4708306141111e-05,1.09236099767686,4.75134626775665,PAK1IP1,PAK1 interacting protein 1
64093,0.00590607310498563,-2.12735138045633,-4.74123053544831,SMOC1,SPARC related modular calcium binding 1
152189,0.000236995127361011,1.30043062785853,4.71439989613758,CMTM8,CKLF like MARVEL transmembrane domain containing 8
2584,9.99180603446155e-05,1.17817724988832,4.71312843687089,GALK1,galactokinase 1
221393,0.00153952392011433,1.67044678476608,4.69832127629598,ADGRF4,adhesion G protein-coupled receptor F4
23321,9.02136275509933e-05,1.16060938085166,4.69434908982651,TRIM2,tripartite motif containing 2
8345,0.00153735036774368,1.66798031738701,4.69240750440901,H2BC9,H2B clustered histone 9
51649,5.76057629405836e-05,1.10167375008822,4.67058339436254,MRPS23,mitochondrial ribosomal protein S23
3656,0.00106227723283991,1.56826027319641,4.66363300476829,IRAK2,interleukin 1 receptor associated kinase 2
114898,0.00445327843558069,-1.98241797586722,-4.66129933299084,C1QTNF2,C1q and TNF related 2
27304,9.24645393648528e-05,1.15330676506637,4.65246808022242,MOCS3,molybdenum cofactor synthesis 3
23179,0.000178948399840959,-1.23101808526724,-4.61295982488981,RGL1,ral guanine nucleotide dissociation stimulator like 1
5592,0.000438954222790506,-1.36812283225305,-4.59358291073145,PRKG1,protein kinase cGMP-dependent 1
10732,0.000204398839139372,1.24310592563455,4.58646613271092,TCFL5,transcription factor like 5
29089,0.00246169057423901,1.75625447416236,4.5816579030866,UBE2T,ubiquitin conjugating enzyme E2 T
9223,0.000154488360638083,-1.20058417656949,-4.57555144020606,MAGI1,"membrane associated guanylate kinase, WW and PDZ domain containing 1"
8354,0.0027153116504955,1.78124583851837,4.57099801048895,H3C11,H3 clustered histone 11
81029,0.0035947847999461,-1.86424913596036,-4.55683469039134,WNT5B,Wnt family member 5B
51633,0.000136709415877756,1.17500120335118,4.5404414974633,OTUD6B,OTU deubiquitinase 6B
1017,8.77817470520553e-05,1.117794360234,4.53443988460919,CDK2,cyclin dependent kinase 2
1555,0.00323669522751715,1.81539374935406,4.52014561527681,CYP2B6,cytochrome P450 family 2 subfamily B member 6
1806,0.000431022981062167,-1.33811592328074,-4.50342856940475,DPYD,dihydropyrimidine dehydrogenase
92241,0.000229053416277492,-1.23224973086614,-4.48546693111667,RCSD1,RCSD domain containing 1
90407,0.000266048310131506,1.25335179624226,4.48078217301384,TMEM41A,transmembrane protein 41A
26747,0.000728930486317785,1.42768473097364,4.47909513094214,NUFIP1,nuclear FMR1 interacting protein 1
8317,0.00275795715699792,1.74760238884453,4.47283537208926,CDC7,cell division cycle 7
283349,0.000351398709152629,-1.29205622366969,-4.46302039874393,RASSF3,Ras association domain family member 3
85377,0.000154335153599793,-1.17036283753154,-4.46087908355293,MICALL1,MICAL like 1
2125,0.00110311549327281,1.50257717914394,4.44369021906466,EVPL,envoplakin
3014,9.63663395264871e-05,1.10629559737239,4.44296569004155,H2AX,H2A.X variant histone
118429,0.000467250426902988,-1.33237143826342,-4.43739684715727,ANTXR2,ANTXR cell adhesion molecule 2
63979,0.000456902885241298,1.32587173156618,4.42864506872889,FIGNL1,fidgetin like 1
7049,0.00131638337715858,-1.52704680146644,-4.39883790830999,TGFBR3,transforming growth factor beta receptor 3
9188,0.000140492838911557,1.13753888978638,4.38219317772034,DDX21,DExD-box helicase 21
128312,0.00128352733457624,1.51108965939244,4.36945911924225,H2BC26,H2B clustered histone 26
8482,0.00221100045321218,1.6392513403113,4.3528863168762,SEMA7A,semaphorin 7A (JohnMiltonHagen blood group)
54941,0.00205598807630302,-1.61691374870303,-4.3446139478577,RNF125,ring finger protein 125
253714,0.000438193812295205,1.29034626379584,4.33341341898849,MMS22L,"MMS22 like, DNA repair protein"
286077,0.000121711934765234,1.10350946987469,4.31987192256969,FAM83H,family with sequence similarity 83 member H
8342,0.00273467875840473,1.67412471245986,4.29093847460721,H2BC14,H2B clustered histone 14
7871,0.000287264642958696,-1.19444989852096,-4.23040449600795,SLMAP,sarcolemma associated protein
79789,0.000409323274641508,-1.24036733782996,-4.20228213070651,CLMN,calmin
790,0.000117736371120667,1.06500489662099,4.18449940145768,CAD,"carbamoyl-phosphate synthetase 2, aspartate transcarbamylase, and dihydroorotase"
2963,0.000388322510861051,1.22378409379508,4.17409188337014,GTF2F2,general transcription factor IIF subunit 2
10544,0.00100527117449845,1.3891032126116,4.16413799623488,PROCR,protein C receptor
5071,0.0010319543154587,-1.38872150731965,-4.14719393134215,PRKN,parkin RBR E3 ubiquitin protein ligase
2648,0.000437673588411784,1.23243293631265,4.13955694944034,KAT2A,lysine acetyltransferase 2A
147699,0.00504253301165736,1.79247293404482,4.11793993550339,PPM1N,"protein phosphatase, Mg2+/Mn2+ dependent 1N (putative)"
158135,0.00102421190720356,-1.36451592333719,-4.07937069447835,TTLL11,tubulin tyrosine ligase like 11
818,0.000403624708311324,-1.20054726859266,-4.07468414877649,CAMK2G,calcium/calmodulin dependent protein kinase II gamma
30001,0.000303684333605052,1.13940890319126,4.0079592485329,ERO1A,endoplasmic reticulum oxidoreductase 1 alpha
84033,0.00308782233688921,-1.58847824683635,-3.98763270628046,OBSCN,"obscurin, cytoskeletal calmodulin and titin-interacting RhoGEF"
79820,3.00658137782244e-05,-0.881096928707905,-3.98425602396634,CATSPERB,cation channel sperm associated auxiliary subunit beta
9768,0.00158397102985052,1.42163351152802,3.98093317251552,PCLAF,PCNA clamp associated factor
29899,0.00224193620084763,1.50203526290677,3.9794573037596,GPSM2,G protein signaling modulator 2
7538,0.00163052654784455,-1.42385202057132,-3.96923258889853,ZFP36,ZFP36 ring finger protein
8850,0.000414663774421471,-1.17170454897583,-3.96306086977548,KAT2B,lysine acetyltransferase 2B
79581,0.000307377586950572,1.12636141680234,3.95615052060728,SLC52A2,solute carrier family 52 member 2
339977,0.00514965988882129,-1.72380492669171,-3.94444741430201,LRRC66,leucine rich repeat containing 66
27346,0.00105840468910378,1.32298971082138,3.93635511390082,TMEM97,transmembrane protein 97
3557,0.00591755493711814,1.75788526456899,3.91631822501895,IL1RN,interleukin 1 receptor antagonist
284422,0.00430727964986934,1.64746998333758,3.89757943013091,SMIM24,small integral membrane protein 24
27314,0.00112202868777263,-1.31985192609347,-3.89355795403699,RAB30,"RAB30, member RAS oncogene family"
1678,0.000451599360258723,1.1583163624351,3.87485396811174,TIMM8A,translocase of inner mitochondrial membrane 8A
5954,0.000470442172582184,1.15815368146121,3.85374914013225,RCN1,reticulocalbin 1
257407,0.000550736385107262,-1.17871819757316,-3.84150888562497,C2orf72,chromosome 2 open reading frame 72
51126,0.000809824013601199,1.23963852256489,3.83247804611594,NAA20,"N-alpha-acetyltransferase 20, NatB catalytic subunit"
5154,0.000926943719366175,-1.25489777924956,-3.80603799537346,PDGFA,platelet derived growth factor subunit A
200765,0.00258543651341072,1.47075410134095,3.80552641110466,TIGD1,tigger transposable element derived 1
57184,0.000650187983831916,-1.18449057257321,-3.77492533190222,FAM219B,family with sequence similarity 219 member B
6505,0.00640807727054292,-1.68939106360091,-3.70529455615098,SLC1A1,solute carrier family 1 member 1
84960,0.00425916065202781,1.55914481376665,3.69622715682413,CCDC183,coiled-coil domain containing 183
7422,0.00301490270601557,1.45103111151005,3.65765286302642,VEGFA,vascular endothelial growth factor A
80727,0.00148114931368431,1.28526838753015,3.63653986444521,TTYH3,tweety family member 3
9882,0.000863666158815153,1.18458982890178,3.62917348270605,TBC1D4,TBC1 domain family member 4
284716,0.00146125971016838,-1.27458547150552,-3.61379725085031,RIMKLA,ribosomal modification protein rimK like family member A
140545,0.00559925115943916,1.59642122273191,3.5949331408879,RNF32,ring finger protein 32
51750,0.00175473484521081,1.26975406284027,3.49917364380887,RTEL1,regulator of telomere elongation helicase 1
51427,0.00166262575257866,1.25239299506756,3.48065749623445,ZNF107,zinc finger protein 107
55055,0.000901183901915701,1.13214934919083,3.44760599881893,ZWILCH,zwilch kinetochore protein
10223,0.00690817901400379,-1.5873003352361,-3.4295789089281,GPA33,glycoprotein A33
55646,0.000992119308966524,1.13978365130488,3.42326736212091,LYAR,Ly1 antibody reactive
4659,0.00104928540765565,-1.13557590873494,-3.38300141969782,PPP1R12A,protein phosphatase 1 regulatory subunit 12A
6633,0.000765984090156709,1.08399155656935,3.37747948396092,SNRPD2,small nuclear ribonucleoprotein D2 polypeptide
3875,0.00254993813835123,1.3003737966428,3.37248089259426,KRT18,keratin 18
4175,0.00193423916845756,1.22448258786509,3.32262104485967,MCM6,minichromosome maintenance complex component 6
2744,0.000956646132906916,1.09063747204129,3.29290574751582,GLS,glutaminase
79980,0.00210048585939288,1.19414544740191,3.19753966558459,DSN1,DSN1 component of MIS12 kinetochore complex
8447,0.00261911686505141,-1.22967513020495,-3.17483073768732,DOC2B,double C2 domain beta
1184,0.00197441303401386,1.16913985582166,3.16201121581932,CLCN5,chloride voltage-gated channel 5
7869,0.00674684152307999,-1.44881481347012,-3.1452313409578,SEMA3B,semaphorin 3B
390927,0.00905472318031515,-1.53327091785277,-3.13266387162925,ZNF793,zinc finger protein 793
92935,0.00137153579672039,1.07935332892691,3.08996499584978,MARS2,"methionyl-tRNA synthetase 2, mitochondrial"
84279,0.00308816729934466,-1.19735720310848,-3.00572480524212,PRADC1,protease associated domain containing 1
10793,0.00264361172952125,1.15775652799272,2.98446747527367,ZNF273,zinc finger protein 273
63939,0.00803274484397158,1.39148769052569,2.91535599288242,FAM217B,family with sequence similarity 217 member B
79682,0.00404074670199589,1.21023610152661,2.89674654922661,CENPU,centromere protein U
4750,0.00221537437394212,-1.08160828206261,-2.87118637178854,NEK1,NIMA related kinase 1
78995,0.00739783659091619,1.34135120969887,2.85827894271558,HROB,homologous recombination factor with OB-fold
3559,0.0104520326789903,1.39827155667819,2.76969523830782,IL2RA,interleukin 2 receptor subunit alpha
3918,0.0108482307474317,1.40462141294005,2.75957693773342,LAMC2,laminin subunit gamma 2
84296,0.0131018405241066,1.44812722145795,2.72634233246153,GINS4,GINS complex subunit 4
200879,0.0145225119355761,-1.46727993068559,-2.69679926528268,LIPH,lipase H
993,0.0100435927280461,1.30344128376034,2.60442024496992,CDC25A,cell division cycle 25A
150223,0.0043993766309086,1.10347577779697,2.60046079083858,YDJC,YdjC chitooligosaccharide deacetylase homolog
11164,0.00336789667707689,1.04901786158696,2.59384482667332,NUDT5,nudix hydrolase 5
3007,0.00487431048028475,1.12075327402002,2.5912788631303,H1-3,"H1.3 linker histone, cluster member"
9816,0.00442433343243081,1.0707820101738,2.5207837720728,URB2,URB2 ribosome biogenesis homolog
10602,0.0110068667413866,-1.24860443130014,-2.44518737146261,CDC42EP3,CDC42 effector protein 3
81558,0.00591478270390315,-1.09678441023545,-2.44370279553485,FAM117A,family with sequence similarity 117 member A
85439,0.00678579270354468,-1.11373709335748,-2.41502685788664,STON2,stonin 2
6359,0.014485869955743,-1.31251799605147,-2.41379333175248,CCL15,C-C motif chemokine ligand 15
11006,0.00906376680654536,1.14914475498092,2.34734796651645,LILRB4,leukocyte immunoglobulin like receptor B4
4837,0.000116780582851304,0.335681283227635,1.32011007053295,NNMT,nicotinamide N-methyltransferase
445815,2.99412885311195e-05,0.22393915962479,1.01304018564882,PALM2AKAP2,PALM2 and AKAP2 fusion
3764,0.00306295656418802,-0.300298790177695,-0.754908864990683,KCNJ8,potassium inwardly rectifying channel subfamily J member 8
3725,0.00140378811226741,0.20367201415269,0.581014836974694,JUN,"Jun proto-oncogene, AP-1 transcription factor subunit"
2819,0.00972360647855462,-0.275010905773405,-0.553369416362757,GPD1,glycerol-3-phosphate dehydrogenase 1
54829,0.00144594921990565,0.16304621290693,0.463026291851726,ASPN,asporin
1440,0.0102321264502658,0.217628038372615,0.433087217785583,CSF3,colony stimulating factor 3
1298,0.00150698438210806,0.06493383969908,0.183236233981429,COL9A2,collagen type IX alpha 2 chain
10272,0.000232218594945408,-0.00541302171161506,-0.0196714784791199,FSTL3,follistatin like 3
